cik,sic,industry,sector,updated
1750,3720,Aircraft & Parts,Industrials,2026-10-04
1800,2834,Pharmaceutical Preparations,Health Care,2026-10-04
2098,3420,"Cutlery, Handtools & General Hardware",Industrials,2026-10-04
2186,3663,Radio & Tv Broadcasting & Communications Equipment,Information Technology,2026-10-04
2230,,,,2026-10-04
2488,3674,Semiconductors & Related Devices,Information Technology,2026-10-04
2809,1040,Gold and Silver Ores,Materials,2026-10-04
2969,2810,Industrial Inorganic Chemicals,Materials,2026-10-04
3197,3564,Industrial & Commercial Fans & Blowers & Air Purifing Equip,Industrials,2026-10-04
3453,4400,Water Transportation,Industrials,2026-10-04
3499,6798,Real Estate Investment Trusts,Real Estate,2026-10-04
3545,6519,"Lessors of  Real Property, NEC",Real Estate,2026-10-04
3570,4924,Natural Gas Distribution,Utilities,2026-10-04
4127,3674,Semiconductors & Related Devices,Information Technology,2026-10-04
4281,3350,Rolling Drawing & Extruding of  Nonferrous Metals,Materials,2026-10-04
4457,7510,Services-Auto Rental & Leasing (No Drivers),Consumer Discretionary,2026-10-04
4904,4911,Electric Services,Utilities,2026-10-04
4962,6199,Finance Services,Financials,2026-10-04
4977,6321,Accident & Health Insurance,Financials,2026-10-04
5094,,,,2026-10-04
5272,6331,"Fire, Marine & Casualty Insurance",Financials,2026-10-04
5513,6321,Accident & Health Insurance,Financials,2026-10-04
5981,2870,Agricultural Chemicals,Materials,2026-10-04
6176,3561,Pumps & Pumping Equipment,Industrials,2026-10-04
6201,4512,"Air Transportation, Scheduled",Industrials,2026-10-04
6207,6552,Land Subdividers & Developers (No Cemeteries),Real Estate,2026-10-04
6281,3674,Semiconductors & Related Devices,Information Technology,2026-10-04
6845,3231,"Glass Products, Made of  Purchased Glass",Materials,2026-10-04
6951,3674,Semiconductors & Related Devices,Information Technology,2026-10-04
6955,3590,Misc Industrial & Commercial Machinery & Equipment,Industrials,2026-10-04
7084,2070,Fats & Oils,Consumer Staples,2026-10-04
7323,4911,Electric Services,Utilities,2026-10-04
7431,3089,"Plastics Products, NEC",Materials,2026-10-04
7536,5065,"Wholesale-Electronic Parts & Equipment, NEC",Industrials,2026-10-04
7623,3523,Farm Machinery & Equipment,Industrials,2026-10-04
7789,6022,State Commercial Banks,Financials,2026-10-04
8063,3728,"Aircraft Parts & Auxiliary Equipment, NEC",Industrials,2026-10-04
8177,6311,Life Insurance,Financials,2026-10-04
8504,3721,Aircraft,Industrials,2026-10-04
8670,7374,Services-Computer Processing & Data Preparation,Information Technology,2026-10-04
8818,2670,Converted Paper & Paperboard Prods (No Contaners/Boxes),Materials,2026-10-04
8858,5065,"Wholesale-Electronic Parts & Equipment, NEC",Industrials,2026-10-04
8947,3470,"Coating, Engraving & Allied Services",Industrials,2026-10-04
9092,3824,Totalizing Fluid Meters & Counting Devices,Information Technology,2026-10-04
9326,2800,Chemicals & Allied Products,Materials,2026-10-04
9389,3411,Metal Cans,Industrials,2026-10-04
9521,,,,2026-10-04
9631,6022,State Commercial Banks,Financials,2026-10-04
10048,1311,Crude Petroleum & Natural Gas,Energy,2026-10-04
10329,2511,"Wood Household Furniture, (No Upholstered)",Consumer Discretionary,2026-10-04
10456,3841,Surgical & Medical Instruments & Apparatus,Health Care,2026-10-04
10795,3841,Surgical & Medical Instruments & Apparatus,Health Care,2026-10-04
11544,6331,"Fire, Marine & Casualty Insurance",Financials,2026-10-04
12040,5812,Retail-Eating  Places,Consumer Discretionary,2026-10-04
12208,3826,Laboratory Analytical Instruments,Information Technology,2026-10-04
12239,6211,"Security Brokers, Dealers & Flotation Companies",Financials,2026-10-04
12659,7200,Services-Personal Services,Consumer Discretionary,2026-10-04
12927,3721,Aircraft,Industrials,2026-10-04
14177,2013,Sausages & Other Prepared Meat Products,Consumer Staples,2026-10-04
14272,2834,Pharmaceutical Preparations,Health Care,2026-10-04
14693,2080,Beverages,Consumer Staples,2026-10-04
14707,3140,"Footwear, (No Rubber)",Consumer Discretionary,2026-10-04
14846,6798,Real Estate Investment Trusts,Real Estate,2026-10-04
14930,3510,Engines & Turbines,Industrials,2026-10-04
15615,1623,"Water, Sewer, Pipeline, Comm & Power Line Construction",Industrials,2026-10-04
16040,2890,Miscellaneous Chemical Products,Materials,2026-10-04
16058,7373,Services-Computer Integrated Systems Design,Information Technology,2026-10-04
16160,0200,Agricultural Prod-Livestock & Animal Specialties,Consumer Staples,2026-10-04
16732,2000,Food and Kindred Products,Consumer Staples,2026-10-10
16859,6795,Mineral Royalty Traders,Financials,2026-10-10
16868,4011,"Railroads, Line-Haul Operating",Industrials,2026-10-10
16875,4011,"Railroads, Line-Haul Operating",Industrials,2026-10-10
16918,2080,Beverages,Consumer Staples,2026-10-10
17313,,,,2026-10-04
17843,3312,"Steel Works, Blast Furnaces & Rolling Mills (Coke Ovens)",Materials,2026-10-04
18230,3531,Construction Machinery & Equip,Industrials,2026-10-04
18255,5621,Retail-Women's Clothing Stores,Consumer Discretionary,2026-10-04
18498,5661,Retail-Shoe Stores,Consumer Discretionary,2026-10-04
18748,,,,2026-10-04
18926,4813,Telephone Communications (No Radiotelephone),Communication Services,2026-10-04
19584,8082,Services-Home Health Care Services,Health Care,2026-10-04
19617,6021,National Commercial Banks,Financials,2026-10-04
19745,4923,Natural Gas Transmisison & Distribution,Utilities,2026-10-04
19871,3540,Metalworkg Machinery & Equipment,Industrials,2026-10-04
20212,7948,"Services-Racing, Including Track Operation",Consumer Discretionary,2026-10-04
20286,6331,"Fire, Marine & Casualty Insurance",Financials,2026-10-04
21076,2842,"Specialty Cleaning, Polishing and Sanitation Preparations",Consumer Staples,2026-10-04
21175,6331,"Fire, Marine & Casualty Insurance",Financials,2026-10-04
21344,2080,Beverages,Consumer Staples,2026-10-04
21535,3825,Instruments For Meas & Testing of  Electricity & Elec Signals,Information Technology,2026-10-04
21665,2844,"Perfumes, Cosmetics & Other Toilet Preparations",Consumer Staples,2026-10-04
22356,6022,State Commercial Banks,Financials,2026-10-04
22444,3312,"Steel Works, Blast Furnaces & Rolling Mills (Coke Ovens)",Materials,2026-10-04
22701,1700,Construction - Special Trade Contractors,Industrials,2026-10-04
23194,1311,Crude Petroleum & Natural Gas,Energy,2026-10-04
23197,3663,Radio & Tv Broadcasting & Communications Equipment,Information Technology,2026-10-04
23217,2000,Food and Kindred Products,Consumer Staples,2026-10-04
23795,6798,Real Estate Investment Trusts,Real Estate,2026-10-04
24090,6311,Life Insurance,Financials,2026-10-04
24545,2082,Malt Beverages,Consumer Staples,2026-10-04
24741,3357,Drawing & Insulating of  Nonferrous Wire,Materials,2026-10-04
25232,6798,Real Estate Investment Trusts,Real Estate,2026-10-04
25445,3490,Miscellaneous Fabricated Metal Products,Industrials,2026-10-04
25475,6411,"Insurance Agents, Brokers & Service",Financials,2026-10-04
25743,2834,Pharmaceutical Preparations,Health Care,2026-10-04
25895,2211,"Broadwoven Fabric Mills, Cotton",Consumer Discretionary,2026-10-04
26058,3672,Printed Circuit Boards,Information Technology,2026-10-04
26172,3510,Engines & Turbines,Industrials,2026-10-04
26324,3590,Misc Industrial & Commercial Machinery & Equipment,Industrials,2026-10-04
26780,3714,Motor Vehicle Parts & Accessories,Consumer Discretionary,2026-10-04
27093,1000,Metal Mining,Materials,2026-10-04
27367,,,,2026-10-04
27419,5331,Retail-Variety Stores,Consumer Discretionary,2026-10-04
27904,4512,"Air Transportation, Scheduled",Industrials,2026-10-04
27996,2780,"Blankbooks, Looseleaf Binders & Bookbindg & Relatd Work",Communication Services,2026-10-04
28823,3578,Calculating & Accounting Machines (No Electronic Computers),Information Technology,2026-10-04
28917,5311,Retail-Department Stores,Consumer Discretionary,2026-10-04
29002,3674,Semiconductors & Related Devices,Information Technology,2026-10-04
29534,5331,Retail-Variety Stores,Consumer Discretionary,2026-10-04
29644,3564,Industrial & Commercial Fans & Blowers & Air Purifing Equip,Industrials,2026-10-04
29905,3530,"Construction, Mining & Materials Handling Machinery & Equip",Industrials,2026-10-04
29989,7311,Services-Advertising Agencies,Communication Services,2026-10-04
30305,3728,"Aircraft Parts & Auxiliary Equipment, NEC",Industrials,2026-10-04
30625,3561,Pumps & Pumping Equipment,Industrials,2026-10-04
30697,5810,Retail-Eating & Drinking Places,Consumer Discretionary,2026-10-04
31107,3420,"Cutlery, Handtools & General Hardware",Industrials,2026-10-04
31235,3861,Photographic Equipment & Supplies,Consumer Discretionary,2026-10-04
31462,2840,"Soap, Detergents, Cleang Preparations, Perfumes, Cosmetics",Consumer Staples,2026-10-04
31667,5190,Wholesale-Miscellaneous Nondurable Goods,Industrials,2026-10-04
31791,3826,Laboratory Analytical Instruments,Information Technology,2026-10-04
32604,3600,Electronic & Other Electrical Equipment (No Computer Equip),Information Technology,2026-10-04
32621,3651,Household Audio & Video Equipment,Information Technology,2026-10-04
33002,2761,Manifold Business Forms,Communication Services,2026-10-10
33185,7320,"Services-Consumer Credit Reporting, Collection Agencies",Industrials,2026-10-10
33213,1311,Crude Petroleum & Natural Gas,Energy,2026-10-10
33488,3949,"Sporting & Athletic Goods, NEC",Consumer Discretionary,2026-10-10
33533,3679,"Electronic Components, NEC",Information Technology,2026-10-10
33934,,,,2026-10-04
33992,6331,"Fire, Marine & Casualty Insurance",Financials,2026-10-04
34067,3390,Miscellaneous Primary Metal Products,Materials,2026-10-04
34782,6022,State Commercial Banks,Financials,2026-10-04
34903,6798,Real Estate Investment Trusts,Real Estate,2026-10-04
34956,2834,Pharmaceutical Preparations,Health Care,2026-10-04
35527,6022,State Commercial Banks,Financials,2026-10-04
36029,6022,State Commercial Banks,Financials,2026-10-04
36104,6021,National Commercial Banks,Financials,2026-10-04
36146,6021,National Commercial Banks,Financials,2026-10-04
36270,6022,State Commercial Banks,Financials,2026-10-04
36377,6022,State Commercial Banks,Financials,2026-10-04
36966,6021,National Commercial Banks,Financials,2026-10-04
37472,2510,Household Furniture,Consumer Discretionary,2026-10-04
37785,2800,Chemicals & Allied Products,Materials,2026-10-04
37808,6021,National Commercial Banks,Financials,2026-10-04
37996,3711,Motor Vehicles & Passenger Car Bodies,Consumer Discretionary,2026-10-04
38264,6199,Finance Services,Financials,2026-10-04
38725,3621,Motors & Generators,Information Technology,2026-10-04
38777,6282,Investment Advice,Financials,2026-10-04
39020,3825,Instruments For Meas & Testing of  Electricity & Elec Signals,Information Technology,2026-10-04
39092,3310,"Steel Works, Blast Furnaces & Rolling & Finishing Mills",Materials,2026-10-04
39263,6021,National Commercial Banks,Financials,2026-10-04
39311,6022,State Commercial Banks,Financials,2026-10-04
39368,2891,Adhesives & Sealants,Materials,2026-10-04
39911,5651,Retail-Family Clothing Stores,Consumer Discretionary,2026-10-04
40211,4700,Transportation Services,Industrials,2026-10-04
40417,0000,,Other,2026-10-04
40533,3730,Ship & Boat Building & Repairing,Industrials,2026-10-04
40545,3600,Electronic & Other Electrical Equipment (No Computer Equip),Information Technology,2026-10-04
40570,7361,Services-Employment Agencies,Industrials,2026-10-04
40704,2040,Grain Mill Products,Consumer Staples,2026-10-04
40729,6022,State Commercial Banks,Financials,2026-10-04
40987,5013,Wholesale-Motor Vehicle Supplies & New Parts,Industrials,2026-10-04
41091,4911,Electric Services,Utilities,2026-10-04
41719,2621,Paper Mills,Materials,2026-10-04
42582,3011,Tires & Inner Tubes,Materials,2026-10-04
42682,3561,Pumps & Pumping Equipment,Industrials,2026-10-04
42888,3561,Pumps & Pumping Equipment,Industrials,2026-10-04
43196,4833,Television Broadcasting Stations,Communication Services,2026-10-04
43920,3412,"Metal Shipping Barrels, Drums, Kegs & Pails",Industrials,2026-10-04
45012,1389,"Oil & Gas Field Services, NEC",Energy,2026-10-04
45919,7331,Services-Direct Mail Advertising Services,Industrials,2026-10-04
46080,3944,"Games, Toys & Children's Vehicles (No Dolls & Bicycles)",Consumer Discretionary,2026-10-04
46129,3825,Instruments For Meas & Testing of  Electricity & Elec Signals,Information Technology,2026-10-04
46195,6022,State Commercial Banks,Financials,2026-10-04
46250,5160,Wholesale-Chemicals & Allied Products,Industrials,2026-10-04
46619,3724,Aircraft Engines & Engine Parts,Industrials,2026-10-04
46765,1381,Drilling Oil & Gas Wells,Energy,2026-10-04
47111,2060,Sugar & Confectionery Products,Consumer Staples,2026-10-04
47217,3570,Computer & office Equipment,Information Technology,2026-10-04
48287,2522,Office Furniture (No Wood),Consumer Discretionary,2026-10-04
48465,2011,Meat Packing Plants,Consumer Staples,2026-10-04
48898,3670,Electronic Components & Accessories,Information Technology,2026-10-04
49071,6324,Hospital & Medical Service Plans,Financials,2026-10-04
49196,6021,National Commercial Banks,Financials,2026-10-10
49600,6798,Real Estate Investment Trusts,Real Estate,2026-10-10
49754,5812,Retail-Eating  Places,Consumer Discretionary,2026-10-10
49826,3560,General Industrial Machinery & Equipment,Industrials,2026-10-10
49938,2911,Petroleum Refining,Energy,2026-10-10
50471,7374,Services-Computer Processing & Data Preparation,Information Technology,2026-10-04
50493,5411,Retail-Grocery Stores,Consumer Staples,2026-10-04
50725,3442,"Metal Doors, Sash, Frames, Moldings & Trim",Industrials,2026-10-04
50863,3674,Semiconductors & Related Devices,Information Technology,2026-10-04
51143,3570,Computer & office Equipment,Information Technology,2026-10-04
51253,2860,Industrial Organic Chemicals,Materials,2026-10-04
51434,2621,Paper Mills,Materials,2026-10-04
52827,6798,Real Estate Investment Trusts,Real Estate,2026-10-04
52988,1600,Heavy Construction Other Than Bldg Const - Contractors,Industrials,2026-10-04
54187,6512,Opeators of  Nonresidential Buildings,Real Estate,2026-10-04
55135,7363,Services-Help Supply Services,Industrials,2026-10-04
55242,3541,"Machine Tools, Metal Cutting Types",Industrials,2026-10-04
55529,3821,Laboratory Apparatus & Furniture,Information Technology,2026-10-04
55785,2670,Converted Paper & Paperboard Prods (No Contaners/Boxes),Materials,2026-10-04
56047,4400,Water Transportation,Industrials,2026-10-04
56679,7361,Services-Employment Agencies,Industrials,2026-10-04
56701,3651,Household Audio & Video Equipment,Information Technology,2026-10-04
56868,1311,Crude Petroleum & Natural Gas,Energy,2026-10-04
56873,5411,Retail-Grocery Stores,Consumer Staples,2026-10-04
56978,3674,Semiconductors & Related Devices,Information Technology,2026-10-04
57131,2510,Household Furniture,Consumer Discretionary,2026-10-04
57515,2030,"Canned, Frozen & Preservd Fruit, Veg & Food Specialties",Consumer Staples,2026-10-04
58361,2711,Newspapers: Publishing or  Publishing & Printing,Communication Services,2026-10-04
59255,2810,Industrial Inorganic Chemicals,Materials,2026-10-04
59478,2834,Pharmaceutical Preparations,Health Care,2026-10-04
59527,3540,Metalworkg Machinery & Equipment,Industrials,2026-10-04
59558,6311,Life Insurance,Financials,2026-10-04
60086,6331,"Fire, Marine & Casualty Insurance",Financials,2026-10-04
60519,2400,Lumber & Wood Products (No Furniture),Materials,2026-10-04
60667,5211,Retail-Lumber & Other Building Materials Dealers,Consumer Discretionary,2026-10-04
60714,2810,Industrial Inorganic Chemicals,Materials,2026-10-04
61004,3679,"Electronic Components, NEC",Information Technology,2026-10-04
61986,3531,Construction Machinery & Equip,Industrials,2026-10-04
62234,7830,Services-Motion Picture Theaters,Communication Services,2026-10-04
62362,6792,Oil Royalty Traders,Financials,2026-10-04
62709,6411,"Insurance Agents, Brokers & Service",Financials,2026-10-04
62996,3430,"Heating Equip, Except Elec & Warm Air; & Plumbing Fixtures",Industrials,2026-10-04
63276,3942,Dolls & Stuffed Toys,Consumer Discretionary,2026-10-04
63296,3360,Nonferrous Foundries (Castings),Materials,2026-10-04
63330,6500,Real Estate,Real Estate,2026-10-04
63754,2090,Miscellaneous Food Preparations & Kindred Products,Consumer Staples,2026-10-04
63908,5812,Retail-Eating  Places,Consumer Discretionary,2026-10-04
64040,7320,"Services-Consumer Credit Reporting, Collection Agencies",Industrials,2026-10-04
64463,6199,Finance Services,Financials,2026-10-04
64472,3531,Construction Machinery & Equip,Industrials,2026-10-04
64803,5912,Retail-Drug Stores and Proprietary Stores,Consumer Staples,2026-10-04
64996,6331,"Fire, Marine & Casualty Insurance",Financials,2026-10-04
65172,6795,Mineral Royalty Traders,Financials,2026-10-04
65270,3678,Electronic Connectors,Information Technology,2026-10-04
65312,7200,Services-Personal Services,Consumer Discretionary,2026-10-04
65433,,,,2026-10-04
65596,6211,"Security Brokers, Dealers & Flotation Companies",Financials,2026-10-10
65770,3679,"Electronic Components, NEC",Information Technology,2026-10-10
65984,4911,Electric Services,Utilities,2026-10-10
66004,4941,Water Supply,Utilities,2026-10-10
66382,2520,Office Furniture,Consumer Discretionary,2026-10-10
66418,1311,Crude Petroleum & Natural Gas,Energy,2026-10-04
66570,3842,"Orthopedic, Prosthetic & Surgical Appliances & Supplies",Health Care,2026-10-04
66740,3841,Surgical & Medical Instruments & Apparatus,Health Care,2026-10-04
66901,4911,Electric Services,Utilities,2026-10-04
67088,6029,"Commercial Banks, NEC",Financials,2026-10-04
67215,1623,"Water, Sewer, Pipeline, Comm & Power Line Construction",Industrials,2026-10-04
67347,3714,Motor Vehicle Parts & Accessories,Consumer Discretionary,2026-10-04
67716,4924,Natural Gas Distribution,Utilities,2026-10-04
67887,3590,Misc Industrial & Commercial Machinery & Equipment,Industrials,2026-10-04
68505,3663,Radio & Tv Broadcasting & Communications Equipment,Information Technology,2026-10-04
68622,4813,Telephone Communications (No Radiotelephone),Communication Services,2026-10-04
69422,6513,Operators of  Apartment Buildings,Real Estate,2026-10-04
69488,3089,"Plastics Products, NEC",Materials,2026-10-04
69633,3669,"Communications Equipment, NEC",Information Technology,2026-10-04
69733,5812,Retail-Eating  Places,Consumer Discretionary,2026-10-04
69891,2086,Bottled & Canned Soft Drinks & Carbonated Waters,Consumer Staples,2026-10-04
70145,4924,Natural Gas Distribution,Utilities,2026-10-04
70318,8062,"Services-General Medical & Surgical Hospitals, NEC",Health Care,2026-10-04
70487,8731,Services-Commercial Physical & Biological Research,Health Care,2026-10-04
70502,6159,Miscellaneous Business Credit Institution,Financials,2026-10-04
70858,6021,National Commercial Banks,Financials,2026-10-04
70866,3578,Calculating & Accounting Machines (No Electronic Computers),Information Technology,2026-10-04
71508,4931,Electric & Other Services Combined,Utilities,2026-10-04
71691,2711,Newspapers: Publishing or  Publishing & Printing,Communication Services,2026-10-04
71829,7350,Services-Miscellaneous Equipment Rental & Leasing,Industrials,2026-10-04
72162,2810,Industrial Inorganic Chemicals,Materials,2026-10-04
72331,3569,"General Industrial Machinery & Equipment, NEC",Industrials,2026-10-04
72573,3873,"Watches, Clocks, Clockwork Operated Devices/Parts",Consumer Discretionary,2026-10-04
72633,6792,Oil Royalty Traders,Financials,2026-10-04
72741,4911,Electric Services,Utilities,2026-10-04
72903,4931,Electric & Other Services Combined,Utilities,2026-10-04
72971,6021,National Commercial Banks,Financials,2026-10-04
73124,6022,State Commercial Banks,Financials,2026-10-04
73290,2835,In Vitro & In Vivo Diagnostic Substances,Health Care,2026-10-04
73309,3312,"Steel Works, Blast Furnaces & Rolling Mills (Coke Ovens)",Materials,2026-10-04
73756,1389,"Oil & Gas Field Services, NEC",Energy,2026-10-04
74046,3990,Miscellaneous Manufacturing Industries,Consumer Discretionary,2026-10-04
74208,6798,Real Estate Investment Trusts,Real Estate,2026-10-04
74260,6351,Surety Insurance,Financials,2026-10-04
74303,2800,Chemicals & Allied Products,Materials,2026-10-04
75252,5047,"Wholesale-Medical, Dental & Hospital Equipment & Supplies",Industrials,2026-10-04
75288,2320,"Men's & Boys' Furnishgs, Work Clothg, & Allied Garments",Consumer Discretionary,2026-10-04
75362,3711,Motor Vehicles & Passenger Car Bodies,Consumer Discretionary,2026-10-04
75398,,,,2026-10-04
75677,2650,Paperboard Containers & Boxes,Materials,2026-10-04
76267,3728,"Aircraft Parts & Auxiliary Equipment, NEC",Industrials,2026-10-04
76282,3460,Metal Forgings & Stampings,Industrials,2026-10-04
76334,3490,Miscellaneous Fabricated Metal Products,Industrials,2026-10-04
76605,3714,Motor Vehicle Parts & Accessories,Consumer Discretionary,2026-10-04
77360,3550,Special Industry Machinery (No Metalworking Machinery),Industrials,2026-10-04
77476,2080,Beverages,Consumer Staples,2026-10-04
77543,1540,General Bldg Contractors - Nonresidential Bldgs,Industrials,2026-10-04
78003,2834,Pharmaceutical Preparations,Health Care,2026-10-04
78128,4941,Water Supply,Utilities,2026-10-04
78150,4813,Telephone Communications (No Radiotelephone),Communication Services,2026-10-04
78239,2320,"Men's & Boys' Furnishgs, Work Clothg, & Allied Garments",Consumer Discretionary,2026-10-04
78749,7373,Services-Computer Integrated Systems Design,Information Technology,2026-10-04
78814,3579,"Office Machines, NEC",Information Technology,2026-10-04
78890,4731,Arrangement of  Transportation of  Freight & Cargo,Industrials,2026-10-04
79282,6411,"Insurance Agents, Brokers & Service",Financials,2026-10-04
79879,2851,"Paints, Varnishes, Lacquers, Enamels & Allied Prods",Materials,2026-10-04
80035,1623,"Water, Sewer, Pipeline, Comm & Power Line Construction",Industrials,2026-10-04
80172,3480,"Ordnance & Accessories, (No Vehicles/Guided Missiles)",Industrials,2026-10-04
80420,3613,Switchgear & Switchboard Apparatus,Information Technology,2026-10-04
80424,2840,"Soap, Detergents, Cleang Preparations, Perfumes, Cosmetics",Consumer Staples,2026-10-04
80661,6331,"Fire, Marine & Casualty Insurance",Financials,2026-10-04
81362,2990,Miscellaneous Products of  Petroleum & Coal,Energy,2026-10-04
82020,1400,Mining & Quarrying of  Nonmetallic Minerals (No Fuels),Materials,2026-10-10
82473,6798,Real Estate Investment Trusts,Real Estate,2026-10-10
82811,3569,"General Industrial Machinery & Equipment, NEC",Industrials,2026-10-04
84246,6331,"Fire, Marine & Casualty Insurance",Financials,2026-10-04
84748,2821,"Plastic Materials, Synth Resins & Nonvulcan Elastomers",Materials,2026-10-04
84839,7340,Services-To Dwellings & Other Buildings,Industrials,2026-10-04
85535,6795,Mineral Royalty Traders,Financials,2026-10-04
85961,7510,Services-Auto Rental & Leasing (No Drivers),Consumer Discretionary,2026-10-04
86312,6331,"Fire, Marine & Casualty Insurance",Financials,2026-10-04
87050,3679,"Electronic Components, NEC",Information Technology,2026-10-04
87347,1389,"Oil & Gas Field Services, NEC",Energy,2026-10-04
88121,5150,Wholesale-Farm Product Raw Materials,Industrials,2026-10-04
88205,3540,Metalworkg Machinery & Equipment,Industrials,2026-10-04
88941,3674,Semiconductors & Related Devices,Information Technology,2026-10-04
88948,2033,"Canned, Fruits, Veg, Preserves, Jams & Jellies",Consumer Staples,2026-10-04
89089,7200,Services-Personal Services,Consumer Discretionary,2026-10-04
89439,3350,Rolling Drawing & Extruding of  Nonferrous Metals,Materials,2026-10-04
89800,5200,"Retail-Building Materials, Hardware, Garden Supply",Consumer Discretionary,2026-10-04
90168,3724,Aircraft Engines & Engine Parts,Industrials,2026-10-04
90498,6021,National Commercial Banks,Financials,2026-10-04
90896,2451,Mobile Homes,Materials,2026-10-04
91142,3630,Household Appliances,Consumer Discretionary,2026-10-04
91388,2011,Meat Packing Plants,Consumer Staples,2026-10-04
91419,2033,"Canned, Fruits, Veg, Preserves, Jams & Jellies",Consumer Staples,2026-10-04
91440,3420,"Cutlery, Handtools & General Hardware",Industrials,2026-10-04
91576,6021,National Commercial Banks,Financials,2026-10-04
91767,2650,Paperboard Containers & Boxes,Materials,2026-10-04
91847,,,,2026-10-04
92122,4911,Electric Services,Utilities,2026-10-04
92230,6021,National Commercial Banks,Financials,2026-10-04
92380,4512,"Air Transportation, Scheduled",Industrials,2026-10-04
93314,2835,In Vitro & In Vivo Diagnostic Substances,Health Care,2026-10-04
93389,3714,Motor Vehicle Parts & Accessories,Consumer Discretionary,2026-10-04
93410,2911,Petroleum Refining,Energy,2026-10-04
93556,3420,"Cutlery, Handtools & General Hardware",Industrials,2026-10-04
93751,6022,State Commercial Banks,Financials,2026-10-04
94049,2840,"Soap, Detergents, Cleang Preparations, Perfumes, Cosmetics",Consumer Staples,2026-10-04
94344,6361,Title Insurance,Financials,2026-10-04
94845,2300,Apparel & Other Finishd Prods of  Fabrics & Similar Matl,Consumer Discretionary,2026-10-04
95029,3480,"Ordnance & Accessories, (No Vehicles/Guided Missiles)",Industrials,2026-10-04
95574,2300,Apparel & Other Finishd Prods of  Fabrics & Similar Matl,Consumer Discretionary,2026-10-04
95953,2800,Chemicals & Allied Products,Materials,2026-10-04
96021,5140,Wholesale-Groceries & Related Products,Consumer Staples,2026-10-04
96223,6211,"Security Brokers, Dealers & Flotation Companies",Financials,2026-10-04
96536,3569,"General Industrial Machinery & Equipment, NEC",Industrials,2026-10-04
96869,6500,Real Estate,Real Estate,2026-10-04
96943,3841,Surgical & Medical Instruments & Apparatus,Health Care,2026-10-04
97134,3580,Refrigeration & Service Industry Machinery,Industrials,2026-10-04
97210,3825,Instruments For Meas & Testing of  Electricity & Elec Signals,Information Technology,2026-10-04
97216,3537,"Industrial Trucks, Tractors, Trailors & Stackers",Industrials,2026-10-04
97476,3674,Semiconductors & Related Devices,Information Technology,2026-10-04
97745,3829,"Measuring & Controlling Devices, NEC",Information Technology,2026-10-04
98222,4400,Water Transportation,Industrials,2026-10-04
98362,3562,Ball & Roller Bearings,Industrials,2026-10-10
98677,2060,Sugar & Confectionery Products,Consumer Staples,2026-10-10
99070,4922,Natural Gas Transmission,Utilities,2026-10-10
99302,3825,Instruments For Meas & Testing of  Electricity & Elec Signals,Information Technology,2026-10-04
99614,,,,2026-10-04
99780,3743,Railroad Equipment,Industrials,2026-10-04
100378,3560,General Industrial Machinery & Equipment,Industrials,2026-10-04
100493,2015,Poultry Slaughtering and Processing,Consumer Staples,2026-10-04
100517,4512,"Air Transportation, Scheduled",Industrials,2026-10-04
100591,1700,Construction - Special Trade Contractors,Industrials,2026-10-04
100726,2200,Textile Mill Products,Consumer Discretionary,2026-10-04
100885,4011,"Railroads, Line-Haul Operating",Industrials,2026-10-04
101199,6331,"Fire, Marine & Casualty Insurance",Financials,2026-10-04
101295,2844,"Perfumes, Cosmetics & Other Toilet Preparations",Consumer Staples,2026-10-04
101382,6021,National Commercial Banks,Financials,2026-10-04
101538,3330,Primary Smelting & Refining of  Nonferrous Metals,Materials,2026-10-04
101594,1311,Crude Petroleum & Natural Gas,Energy,2026-10-04
101829,3724,Aircraft Engines & Engine Parts,Industrials,2026-10-04
101984,3651,Household Audio & Video Equipment,Information Technology,2026-10-04
102037,5150,Wholesale-Farm Product Raw Materials,Industrials,2026-10-04
102109,5065,"Wholesale-Electronic Parts & Equipment, NEC",Industrials,2026-10-04
102212,6022,State Commercial Banks,Financials,2026-10-04
102426,,,,2026-10-04
102729,3440,Fabricated Structural Metal Products,Industrials,2026-10-04
102752,8711,Services-Engineering Services,Industrials,2026-10-04
103145,3559,"Special Industry Machinery, NEC",Industrials,2026-10-04
103379,2320,"Men's & Boys' Furnishgs, Work Clothg, & Allied Garments",Consumer Discretionary,2026-10-04
103595,5411,Retail-Grocery Stores,Consumer Staples,2026-10-04
103730,3670,Electronic Components & Accessories,Information Technology,2026-10-04
104169,5331,Retail-Variety Stores,Consumer Discretionary,2026-10-04
104889,8200,Services-Educational Services,Consumer Discretionary,2026-10-04
104894,6798,Real Estate Investment Trusts,Real Estate,2026-10-04
104918,4931,Electric & Other Services Combined,Utilities,2026-10-04
105016,5070,Wholesale-Hardware & Plumbing & Heating Equipment & Supplies,Industrials,2026-10-04
105132,2890,Miscellaneous Chemical Products,Materials,2026-10-04
105319,7200,Services-Personal Services,Consumer Discretionary,2026-10-04
105418,5411,Retail-Grocery Stores,Consumer Staples,2026-10-04
105634,1731,Electrical Work,Industrials,2026-10-04
105744,1311,Crude Petroleum & Natural Gas,Energy,2026-10-04
105770,3841,Surgical & Medical Instruments & Apparatus,Health Care,2026-10-04
106040,3572,Computer Storage Devices,Information Technology,2026-10-04
106532,5130,"Wholesale-Apparel, Piece Goods & Notions",Industrials,2026-10-04
106535,6798,Real Estate Investment Trusts,Real Estate,2026-10-04
106640,3630,Household Appliances,Consumer Discretionary,2026-10-04
107140,2731,Books: Publishing or  Publishing & Printing,Communication Services,2026-10-04
107263,4922,Natural Gas Transmission,Utilities,2026-10-04
107687,3716,Motor Homes,Consumer Discretionary,2026-10-04
108312,3620,Electrical Industrial Apparatus,Information Technology,2026-10-04
108385,6141,Personal Credit Institutions,Financials,2026-10-04
108516,3310,"Steel Works, Blast Furnaces & Rolling & Finishing Mills",Materials,2026-10-04
108985,4941,Water Supply,Utilities,2026-10-04
109177,3690,"Miscellaneous Electrical Machinery, Equipment & Supplies",Information Technology,2026-10-04
109198,5651,Retail-Family Clothing Stores,Consumer Discretionary,2026-10-04
109380,6021,National Commercial Banks,Financials,2026-10-04
109563,5080,"Wholesale-Machinery, Equipment & Supplies",Industrials,2026-10-04
109657,2834,Pharmaceutical Preparations,Health Care,2026-10-04
110471,3140,"Footwear, (No Rubber)",Consumer Discretionary,2026-10-04
110621,2851,"Paints, Varnishes, Lacquers, Enamels & Allied Prods",Materials,2026-10-04
200406,2834,Pharmaceutical Preparations,Health Care,2026-10-04
202058,3812,"Search, Detection, Navigation, Guidance, Aeronautical Sys",Industrials,2026-10-04
203596,6021,National Commercial Banks,Financials,2026-10-04
215466,1040,Gold and Silver Ores,Materials,2026-10-04
216085,5712,Retail-Furniture Stores,Consumer Discretionary,2026-10-04
216228,3561,Pumps & Pumping Equipment,Industrials,2026-10-04
216851,,,,2026-10-04
217346,3720,Aircraft & Parts,Industrials,2026-10-04
217410,2840,"Soap, Detergents, Cleang Preparations, Perfumes, Cosmetics",Consumer Staples,2026-10-04
230557,6331,"Fire, Marine & Casualty Insurance",Financials,2026-10-04
275053,2834,Pharmaceutical Preparations,Health Care,2026-10-04
275694,,,,2026-10-04
275880,7373,Services-Computer Integrated Systems Design,Information Technology,2026-10-04
276720,4941,Water Supply,Utilities,2026-10-04
277135,5000,Wholesale-Durable Goods,Industrials,2026-10-04
277509,3711,Motor Vehicles & Passenger Car Bodies,Consumer Discretionary,2026-10-04
277948,4011,"Railroads, Line-Haul Operating",Industrials,2026-10-04
278166,2451,Mobile Homes,Materials,2026-10-04
310142,2860,Industrial Organic Chemicals,Materials,2026-10-04
310158,2834,Pharmaceutical Preparations,Health Care,2026-10-04
310354,3580,Refrigeration & Service Industry Machinery,Industrials,2026-10-04
310764,3841,Surgical & Medical Instruments & Apparatus,Health Care,2026-10-04
311094,6021,National Commercial Banks,Financials,2026-10-04
311337,2911,Petroleum Refining,Energy,2026-10-10
312069,6029,"Commercial Banks, NEC",Financials,2026-10-10
312070,6029,"Commercial Banks, NEC",Financials,2026-10-10
313143,3841,Surgical & Medical Instruments & Apparatus,Health Care,2026-10-04
313216,3844,X-Ray Apparatus & Tubes & Related Irradiation Apparatus,Health Care,2026-10-04
313364,6792,Oil Royalty Traders,Financials,2026-10-04
313616,3823,"Industrial Instruments For Measurement, Display, and Control",Information Technology,2026-10-04
313807,2911,Petroleum Refining,Energy,2026-10-04
313838,3651,Household Audio & Video Equipment,Information Technology,2026-10-04
313927,2840,"Soap, Detergents, Cleang Preparations, Perfumes, Cosmetics",Consumer Staples,2026-10-04
314203,1040,Gold and Silver Ores,Materials,2026-10-04
314227,2860,Industrial Organic Chemicals,Materials,2026-10-04
314489,6022,State Commercial Banks,Financials,2026-10-04
314590,1311,Crude Petroleum & Natural Gas,Energy,2026-10-04
314808,1381,Drilling Oil & Gas Wells,Energy,2026-10-04
315189,3523,Farm Machinery & Equipment,Industrials,2026-10-04
315213,7363,Services-Help Supply Services,Industrials,2026-10-04
315293,6411,"Insurance Agents, Brokers & Service",Financials,2026-10-04
315374,3823,"Industrial Instruments For Measurement, Display, and Control",Information Technology,2026-10-04
315709,6022,State Commercial Banks,Financials,2026-10-04
315852,1311,Crude Petroleum & Natural Gas,Energy,2026-10-04
316709,6211,"Security Brokers, Dealers & Flotation Companies",Financials,2026-10-04
316888,1000,Metal Mining,Materials,2026-10-04
317540,2086,Bottled & Canned Soft Drinks & Carbonated Waters,Consumer Staples,2026-10-04
317788,6794,Patent Owners & Lessors,Financials,2026-10-04
318154,2836,"Biological Products, (No Diagnostic Substances)",Health Care,2026-10-04
318300,6022,State Commercial Banks,Financials,2026-10-04
318306,2834,Pharmaceutical Preparations,Health Care,2026-10-04
318673,6199,Finance Services,Financials,2026-10-04
318833,7600,Services-Miscellaneous Repair Services,Other,2026-10-04
319201,3827,Optical Instruments & Lenses,Information Technology,2026-10-04
319654,6792,Oil Royalty Traders,Financials,2026-10-04
319655,6792,Oil Royalty Traders,Financials,2026-10-04
320017,2834,Pharmaceutical Preparations,Health Care,2026-10-04
320121,7373,Services-Computer Integrated Systems Design,Information Technology,2026-10-04
320187,3021,Rubber & Plastics Footwear,Consumer Discretionary,2026-10-04
320193,3571,Electronic Computers,Information Technology,2026-10-04
320335,6311,Life Insurance,Financials,2026-10-04
350698,5500,Retail-Auto Dealers & Gasoline Stations,Consumer Discretionary,2026-10-04
350852,6022,State Commercial Banks,Financials,2026-10-04
350894,6211,"Security Brokers, Dealers & Flotation Companies",Financials,2026-10-04
351569,6022,State Commercial Banks,Financials,2026-10-04
351998,3825,Instruments For Meas & Testing of  Electricity & Elec Signals,Information Technology,2026-10-04
352541,4931,Electric & Other Services Combined,Utilities,2026-10-04
352825,5051,Wholesale-Metals Service Centers & of fices,Industrials,2026-10-04
352915,8062,"Services-General Medical & Surgical Hospitals, NEC",Health Care,2026-10-04
352955,1311,Crude Petroleum & Natural Gas,Energy,2026-10-04
353184,4513,Air Courier Services,Industrials,2026-10-04
353278,2834,Pharmaceutical Preparations,Health Care,2026-10-04
354190,6411,"Insurance Agents, Brokers & Service",Financials,2026-10-04
354647,6022,State Commercial Banks,Financials,2026-10-04
354707,4911,Electric Services,Utilities,2026-10-04
354950,5211,Retail-Lumber & Other Building Materials Dealers,Consumer Discretionary,2026-10-04
354963,4813,Telephone Communications (No Radiotelephone),Communication Services,2026-10-04
355811,3714,Motor Vehicle Parts & Accessories,Consumer Discretionary,2026-10-04
355948,5065,"Wholesale-Electronic Parts & Equipment, NEC",Industrials,2026-10-04
356037,7373,Services-Computer Integrated Systems Design,Information Technology,2026-10-04
356171,6022,State Commercial Banks,Financials,2026-10-04
356309,4924,Natural Gas Distribution,Utilities,2026-10-04
357173,6022,State Commercial Banks,Financials,2026-10-04
357294,1531,Operative Builders,Industrials,2026-10-04
357301,6022,State Commercial Banks,Financials,2026-10-04
700564,6021,National Commercial Banks,Financials,2026-10-04
700565,6022,State Commercial Banks,Financials,2026-10-04
700841,7363,Services-Help Supply Services,Industrials,2026-10-04
700923,1623,"Water, Sewer, Pipeline, Comm & Power Line Construction",Industrials,2026-10-04
701347,6022,State Commercial Banks,Financials,2026-10-04
701719,5944,Retail-Jewelry Stores,Consumer Discretionary,2026-10-04
701818,1040,Gold and Silver Ores,Materials,2026-10-04
701985,5990,"Retail-Retail Stores, NEC",Consumer Discretionary,2026-10-04
702165,4011,"Railroads, Line-Haul Operating",Industrials,2026-10-04
703351,5812,Retail-Eating  Places,Consumer Discretionary,2026-10-04
703604,5080,"Wholesale-Machinery, Equipment & Supplies",Industrials,2026-10-04
704440,3841,Surgical & Medical Instruments & Apparatus,Health Care,2026-10-04
704532,3829,"Measuring & Controlling Devices, NEC",Information Technology,2026-10-10
705432,6022,State Commercial Banks,Financials,2026-10-04
706129,6022,State Commercial Banks,Financials,2026-10-04
706698,3841,Surgical & Medical Instruments & Apparatus,Health Care,2026-10-04
706863,6022,State Commercial Banks,Financials,2026-10-04
707179,6021,National Commercial Banks,Financials,2026-10-04
707549,3559,"Special Industry Machinery, NEC",Industrials,2026-10-04
707605,6021,National Commercial Banks,Financials,2026-10-04
708781,7389,"Services-Business Services, NEC",Industrials,2026-10-04
708821,3578,Calculating & Accounting Machines (No Electronic Computers),Information Technology,2026-10-04
708955,6021,National Commercial Banks,Financials,2026-10-04
709283,3572,Computer Storage Devices,Information Technology,2026-10-04
709337,6022,State Commercial Banks,Financials,2026-10-04
710752,6792,Oil Royalty Traders,Financials,2026-10-04
711377,2835,In Vitro & In Vivo Diagnostic Substances,Health Care,2026-10-04
711404,3851,Ophthalmic Goods,Health Care,2026-10-04
711669,6022,State Commercial Banks,Financials,2026-10-04
712034,2780,"Blankbooks, Looseleaf Binders & Bookbindg & Relatd Work",Communication Services,2026-10-04
712534,6021,National Commercial Banks,Financials,2026-10-04
712537,6021,National Commercial Banks,Financials,2026-10-04
712770,6798,Real Estate Investment Trusts,Real Estate,2026-10-04
712771,6022,State Commercial Banks,Financials,2026-10-04
713676,6021,National Commercial Banks,Financials,2026-10-04
714256,3842,"Orthopedic, Prosthetic & Surgical Appliances & Supplies",Health Care,2026-10-04
714310,6021,National Commercial Banks,Financials,2026-10-04
714395,6022,State Commercial Banks,Financials,2026-10-04
714562,6022,State Commercial Banks,Financials,2026-10-04
715072,6022,State Commercial Banks,Financials,2026-10-04
715153,3711,Motor Vehicles & Passenger Car Bodies,Consumer Discretionary,2026-10-04
715446,2834,Pharmaceutical Preparations,Health Care,2026-10-04
715579,6022,State Commercial Banks,Financials,2026-10-04
715787,2273,Carpets & Rugs,Consumer Discretionary,2026-10-04
715957,4911,Electric Services,Utilities,2026-10-04
716314,3560,General Industrial Machinery & Equipment,Industrials,2026-10-04
716634,7830,Services-Motion Picture Theaters,Communication Services,2026-10-04
716643,7200,Services-Personal Services,Consumer Discretionary,2026-10-04
717423,1311,Crude Petroleum & Natural Gas,Energy,2026-10-04
717538,6021,National Commercial Banks,Financials,2026-10-04
717605,2821,"Plastic Materials, Synth Resins & Nonvulcan Elastomers",Materials,2026-10-04
717720,6282,Investment Advice,Financials,2026-10-04
717806,6022,State Commercial Banks,Financials,2026-10-04
717826,3663,Radio & Tv Broadcasting & Communications Equipment,Information Technology,2026-10-04
717954,7200,Services-Personal Services,Consumer Discretionary,2026-10-04
718332,5140,Wholesale-Groceries & Related Products,Consumer Staples,2026-10-04
718413,6021,National Commercial Banks,Financials,2026-10-04
718937,3851,Ophthalmic Goods,Health Care,2026-10-04
718940,4813,Telephone Communications (No Radiotelephone),Communication Services,2026-10-04
719135,3841,Surgical & Medical Instruments & Apparatus,Health Care,2026-10-04
719220,6022,State Commercial Banks,Financials,2026-10-04
719402,6022,State Commercial Banks,Financials,2026-10-04
719413,1400,Mining & Quarrying of  Nonmetallic Minerals (No Fuels),Materials,2026-10-04
719733,3672,Printed Circuit Boards,Information Technology,2026-10-04
719955,5700,"Retail-Home Furniture, Furnishings & Equipment Stores",Consumer Discretionary,2026-10-04
720005,6211,"Security Brokers, Dealers & Flotation Companies",Financials,2026-10-04
720500,3559,"Special Industry Machinery, NEC",Industrials,2026-10-04
720672,6211,"Security Brokers, Dealers & Flotation Companies",Financials,2026-10-04
720858,6361,Title Insurance,Financials,2026-10-04
721371,5122,"Wholesale-Drugs, Proprietaries & Druggists' Sundries",Health Care,2026-10-10
721994,6022,State Commercial Banks,Financials,2026-10-04
722313,3679,"Electronic Components, NEC",Information Technology,2026-10-04
722572,3661,Telephone & Telegraph Apparatus,Information Technology,2026-10-04
723125,3674,Semiconductors & Related Devices,Information Technology,2026-10-04
723188,6021,National Commercial Banks,Financials,2026-10-04
723254,2320,"Men's & Boys' Furnishgs, Work Clothg, & Allied Garments",Consumer Discretionary,2026-10-04
723531,8700,"Services-Engineering, Accounting, Research, Management",Industrials,2026-10-04
723603,2211,"Broadwoven Fabric Mills, Cotton",Consumer Discretionary,2026-10-04
723612,7510,Services-Auto Rental & Leasing (No Drivers),Consumer Discretionary,2026-10-04
723646,6022,State Commercial Banks,Financials,2026-10-04
724004,3823,"Industrial Instruments For Measurement, Display, and Control",Information Technology,2026-10-04
724910,3674,Semiconductors & Related Devices,Information Technology,2026-10-04
725363,2836,"Biological Products, (No Diagnostic Substances)",Health Care,2026-10-04
726601,6022,State Commercial Banks,Financials,2026-10-04
726728,6798,Real Estate Investment Trusts,Real Estate,2026-10-04
726854,6021,National Commercial Banks,Financials,2026-10-04
726958,5500,Retail-Auto Dealers & Gasoline Stations,Consumer Discretionary,2026-10-04
727273,4941,Water Supply,Utilities,2026-10-04
728385,3829,"Measuring & Controlling Devices, NEC",Information Technology,2026-10-04
728387,2834,Pharmaceutical Preparations,Health Care,2026-10-04
728535,4213,Trucking (No Local),Industrials,2026-10-04
729580,3677,"Electronic Coils, Transformers & Other Inductors",Information Technology,2026-10-04
729986,6022,State Commercial Banks,Financials,2026-10-04
730263,3716,Motor Homes,Consumer Discretionary,2026-10-04
730272,2836,"Biological Products, (No Diagnostic Substances)",Health Care,2026-10-04
730464,8200,Services-Educational Services,Consumer Discretionary,2026-10-04
730708,6022,State Commercial Banks,Financials,2026-10-04
731012,8050,Services-Nursing & Personal Care Facilities,Health Care,2026-10-04
731653,6022,State Commercial Banks,Financials,2026-10-04
731766,6324,Hospital & Medical Service Plans,Financials,2026-10-04
731802,4924,Natural Gas Distribution,Utilities,2026-10-04
732026,3559,"Special Industry Machinery, NEC",Industrials,2026-10-04
732712,4813,Telephone Communications (No Radiotelephone),Communication Services,2026-10-04
732717,4813,Telephone Communications (No Radiotelephone),Communication Services,2026-10-04
733099,4841,Cable & Other Pay Television Services,Communication Services,2026-10-04
733269,7374,Services-Computer Processing & Data Preparation,Information Technology,2026-10-04
733590,6798,Real Estate Investment Trusts,Real Estate,2026-10-04
736012,3576,Computer Communications Equipment,Information Technology,2026-10-04
736772,6022,State Commercial Banks,Financials,2026-10-04
737468,6022,State Commercial Banks,Financials,2026-10-10
737758,3524,Lawn & Garden Tractors & Home Lawn & Gardens Equip,Industrials,2026-10-10
738214,2860,Industrial Organic Chemicals,Materials,2026-10-04
739421,6022,State Commercial Banks,Financials,2026-10-04
740260,6798,Real Estate Investment Trusts,Real Estate,2026-10-04
740664,3678,Electronic Connectors,Information Technology,2026-10-04
742278,1389,"Oil & Gas Field Services, NEC",Energy,2026-10-04
743367,6022,State Commercial Banks,Financials,2026-10-04
744187,2860,Industrial Organic Chemicals,Materials,2026-10-04
744218,2835,In Vitro & In Vivo Diagnostic Substances,Health Care,2026-10-04
744825,8071,Services-Medical Laboratories,Health Care,2026-10-04
745308,6552,Land Subdividers & Developers (No Cemeteries),Real Estate,2026-10-04
745732,5651,Retail-Family Clothing Stores,Consumer Discretionary,2026-10-04
746210,7370,"Services-Computer Programming, Data Processing, Etc.",Information Technology,2026-10-04
746514,6513,Operators of  Apartment Buildings,Real Estate,2026-10-04
746515,4731,Arrangement of  Transportation of  Freight & Cargo,Industrials,2026-10-04
746598,3990,Miscellaneous Manufacturing Industries,Consumer Discretionary,2026-10-04
746838,7373,Services-Computer Integrated Systems Design,Information Technology,2026-10-04
748268,7372,Services-Prepackaged Software,Information Technology,2026-10-04
748592,2834,Pharmaceutical Preparations,Health Care,2026-10-04
748691,,,,2026-10-04
749098,3714,Motor Vehicle Parts & Accessories,Consumer Discretionary,2026-10-04
749251,8741,Services-Management Services,Industrials,2026-10-04
749647,2834,Pharmaceutical Preparations,Health Care,2026-10-04
750558,6022,State Commercial Banks,Financials,2026-10-04
750574,6022,State Commercial Banks,Financials,2026-10-04
750577,6022,State Commercial Banks,Financials,2026-10-04
750686,6021,National Commercial Banks,Financials,2026-10-04
751364,6798,Real Estate Investment Trusts,Real Estate,2026-10-04
751365,2531,Public Bldg & Related Furniture,Consumer Discretionary,2026-10-04
751978,3679,"Electronic Components, NEC",Information Technology,2026-10-04
752642,6798,Real Estate Investment Trusts,Real Estate,2026-10-04
752714,7359,"Services-Equipment Rental & Leasing, NEC",Industrials,2026-10-04
753308,4911,Electric Services,Utilities,2026-10-04
754811,6282,Investment Advice,Financials,2026-10-04
755001,4931,Electric & Other Services Combined,Utilities,2026-10-04
756894,1040,Gold and Silver Ores,Materials,2026-10-04
759828,0000,,Other,2026-10-04
759866,0000,,Other,2026-10-04
759944,6022,State Commercial Banks,Financials,2026-10-04
760498,6021,National Commercial Banks,Financials,2026-10-04
763532,3640,Electric Lighting & Wiring Equipment,Information Technology,2026-10-04
763563,6022,State Commercial Banks,Financials,2026-10-04
763744,3714,Motor Vehicle Parts & Accessories,Consumer Discretionary,2026-10-04
763901,6022,State Commercial Banks,Financials,2026-10-04
763907,6021,National Commercial Banks,Financials,2026-10-04
764038,6022,State Commercial Banks,Financials,2026-10-04
764065,1000,Metal Mining,Materials,2026-10-04
764180,2111,Cigarettes,Consumer Staples,2026-10-04
764401,3310,"Steel Works, Blast Furnaces & Rolling & Finishing Mills",Materials,2026-10-04
764478,5731,"Retail-Radio, Tv & Consumer Electronics Stores",Consumer Discretionary,2026-10-04
765207,6021,National Commercial Banks,Financials,2026-10-04
765880,6798,Real Estate Investment Trusts,Real Estate,2026-10-04
766011,1040,Gold and Silver Ores,Materials,2026-10-04
766421,4512,"Air Transportation, Scheduled",Industrials,2026-10-04
766704,6798,Real Estate Investment Trusts,Real Estate,2026-10-04
766792,3559,"Special Industry Machinery, NEC",Industrials,2026-10-04
766829,4941,Water Supply,Utilities,2026-10-04
767405,6022,State Commercial Banks,Financials,2026-10-04
768899,7363,Services-Help Supply Services,Industrials,2026-10-04
769218,6311,Life Insurance,Financials,2026-10-04
769397,7372,Services-Prepackaged Software,Information Technology,2026-10-04
769520,3580,Refrigeration & Service Industry Machinery,Industrials,2026-10-04
771266,3674,Semiconductors & Related Devices,Information Technology,2026-10-04
771497,7340,Services-To Dwellings & Other Buildings,Industrials,2026-10-04
771856,2836,"Biological Products, (No Diagnostic Substances)",Health Care,2026-10-04
771992,1040,Gold and Silver Ores,Materials,2026-10-04
771999,2650,Paperboard Containers & Boxes,Materials,2026-10-04
772406,3674,Semiconductors & Related Devices,Information Technology,2026-10-04
773840,3724,Aircraft Engines & Engine Parts,Industrials,2026-10-04
775158,3711,Motor Vehicles & Passenger Car Bodies,Consumer Discretionary,2026-10-04
775215,6022,State Commercial Banks,Financials,2026-10-04
776867,6331,"Fire, Marine & Casualty Insurance",Financials,2026-10-04
776901,6022,State Commercial Banks,Financials,2026-10-04
778164,2860,Industrial Organic Chemicals,Materials,2026-10-04
779152,7373,Services-Computer Integrated Systems Design,Information Technology,2026-10-04
779336,,,,2026-10-04
779544,5812,Retail-Eating  Places,Consumer Discretionary,2026-10-04
780571,3825,Instruments For Meas & Testing of  Electricity & Elec Signals,Information Technology,2026-10-04
783324,1040,Gold and Silver Ores,Materials,2026-10-04
783325,4931,Electric & Other Services Combined,Utilities,2026-10-04
783412,2711,Newspapers: Publishing or  Publishing & Printing,Communication Services,2026-10-04
784199,3841,Surgical & Medical Instruments & Apparatus,Health Care,2026-10-04
784977,4911,Electric Services,Utilities,2026-10-04
785161,8060,Services-Hospitals,Health Care,2026-10-04
785557,7363,Services-Help Supply Services,Industrials,2026-10-04
785786,3672,Printed Circuit Boards,Information Technology,2026-10-04
785956,2052,Cookies & Crackers,Consumer Staples,2026-10-04
786035,,,,2026-10-04
787253,2833,Medicinal Chemicals & Botanical Products,Health Care,2026-10-10
788329,3949,"Sporting & Athletic Goods, NEC",Consumer Discretionary,2026-10-04
788611,4700,Transportation Services,Industrials,2026-10-04
788784,4931,Electric & Other Services Combined,Utilities,2026-10-04
788920,3841,Surgical & Medical Instruments & Apparatus,Health Care,2026-10-04
788965,4911,Electric Services,Utilities,2026-10-04
789019,7372,Services-Prepackaged Software,Information Technology,2026-10-04
789460,5172,Wholesale-Petroleum & Petroleum Products (No Bulk Stations),Industrials,2026-10-04
789570,7011,Hotels & Motels,Consumer Discretionary,2026-10-04
789933,1221,Bituminous Coal & Lignite Surface Mining,Energy,2026-10-04
790051,3060,"Fabricated Rubber Products, NEC",Materials,2026-10-04
790359,6021,National Commercial Banks,Financials,2026-10-04
790500,,,,2026-10-04
790526,8071,Services-Medical Laboratories,Health Care,2026-10-04
790816,6798,Real Estate Investment Trusts,Real Estate,2026-10-04
791718,,,,2026-10-04
791963,6211,"Security Brokers, Dealers & Flotation Companies",Financials,2026-10-04
792966,6035,"Savings Institution, Federally Chartered",Financials,2026-10-04
792987,3531,Construction Machinery & Equip,Industrials,2026-10-04
793040,0000,,Other,2026-10-04
793074,4213,Trucking (No Local),Industrials,2026-10-04
793524,6794,Patent Owners & Lessors,Financials,2026-10-04
793628,1040,Gold and Silver Ores,Materials,2026-10-04
793733,4512,"Air Transportation, Scheduled",Industrials,2026-10-04
793952,3751,"Motorcycles, Bicycles & Parts",Consumer Discretionary,2026-10-04
794170,1531,Operative Builders,Industrials,2026-10-04
794367,5311,Retail-Department Stores,Consumer Discretionary,2026-10-04
794685,,,,2026-10-04
795266,1531,Operative Builders,Industrials,2026-10-04
795403,3490,Miscellaneous Fabricated Metal Products,Industrials,2026-10-04
795800,1000,Metal Mining,Materials,2026-10-04
796343,7372,Services-Prepackaged Software,Information Technology,2026-10-04
796505,3661,Telephone & Telegraph Apparatus,Information Technology,2026-10-04
796534,6021,National Commercial Banks,Financials,2026-10-04
797468,1311,Crude Petroleum & Natural Gas,Energy,2026-10-04
797542,7372,Services-Prepackaged Software,Information Technology,2026-10-04
797721,4899,"Communications Services, NEC",Communication Services,2026-10-04
798081,3842,"Orthopedic, Prosthetic & Surgical Appliances & Supplies",Health Care,2026-10-04
798287,4213,Trucking (No Local),Industrials,2026-10-04
798354,7389,"Services-Business Services, NEC",Industrials,2026-10-04
798359,6798,Real Estate Investment Trusts,Real Estate,2026-10-04
798528,4400,Water Transportation,Industrials,2026-10-04
798783,6798,Real Estate Investment Trusts,Real Estate,2026-10-04
798941,6022,State Commercial Banks,Financials,2026-10-04
799165,1382,Oil & Gas Field Exploration Services,Energy,2026-10-04
799167,4213,Trucking (No Local),Industrials,2026-10-04
799195,,,,2026-10-04
799233,4213,Trucking (No Local),Industrials,2026-10-04
799288,5651,Retail-Family Clothing Stores,Consumer Discretionary,2026-10-04
799292,1531,Operative Builders,Industrials,2026-10-04
799850,5500,Retail-Auto Dealers & Gasoline Stations,Consumer Discretionary,2026-10-04
800457,6331,"Fire, Marine & Casualty Insurance",Financials,2026-10-04
801961,,,,2026-10-04
802481,2015,Poultry Slaughtering and Processing,Consumer Staples,2026-10-04
803164,6022,State Commercial Banks,Financials,2026-10-10
803578,7372,Services-Prepackaged Software,Information Technology,2026-10-10
804116,,,,2026-10-04
804123,,,,2026-10-04
804328,3663,Radio & Tv Broadcasting & Communications Equipment,Information Technology,2026-10-04
805267,,,,2026-10-04
805676,6021,National Commercial Banks,Financials,2026-10-04
805928,3845,Electromedical & Electrotherapeutic Apparatus,Health Care,2026-10-04
806172,3559,"Special Industry Machinery, NEC",Industrials,2026-10-04
806628,,,,2026-10-04
806968,7311,Services-Advertising Agencies,Communication Services,2026-10-04
807863,3577,"Computer Peripheral Equipment, NEC",Information Technology,2026-10-04
807882,5812,Retail-Eating  Places,Consumer Discretionary,2026-10-04
808439,3724,Aircraft Engines & Engine Parts,Industrials,2026-10-04
809173,,,,2026-10-04
809559,,,,2026-10-04
809708,,,,2026-10-04
810136,3674,Semiconductors & Related Devices,Information Technology,2026-10-04
810332,4512,"Air Transportation, Scheduled",Industrials,2026-10-04
810766,,,,2026-10-04
810943,0000,,Other,2026-10-04
810958,6022,State Commercial Banks,Financials,2026-10-04
811156,4931,Electric & Other Services Combined,Utilities,2026-10-04
811589,6022,State Commercial Banks,Financials,2026-10-04
811596,3350,Rolling Drawing & Extruding of  Nonferrous Metals,Materials,2026-10-04
811641,2835,In Vitro & In Vivo Diagnostic Substances,Health Care,2026-10-04
811809,1000,Metal Mining,Materials,2026-10-04
811922,,,,2026-10-04
812011,7990,Services-Miscellaneous Amusement & Recreation,Consumer Discretionary,2026-10-04
812074,3221,Glass Containers,Materials,2026-10-04
812796,2834,Pharmaceutical Preparations,Health Care,2026-10-04
812801,,,,2026-10-04
813298,5651,Retail-Family Clothing Stores,Consumer Discretionary,2026-10-04
813623,,,,2026-10-04
813672,7372,Services-Prepackaged Software,Information Technology,2026-10-04
813762,2911,Petroleum Refining,Energy,2026-10-04
814083,0000,,Other,2026-10-04
814453,3089,"Plastics Products, NEC",Materials,2026-10-04
814547,7389,"Services-Business Services, NEC",Industrials,2026-10-04
814585,6351,Surety Insurance,Financials,2026-10-04
814586,2020,Dairy Products,Consumer Staples,2026-10-04
814676,3260,Pottery & Related Products,Materials,2026-10-04
815097,4400,Water Transportation,Industrials,2026-10-04
815556,5200,"Retail-Building Materials, Hardware, Garden Supply",Consumer Discretionary,2026-10-04
816761,7372,Services-Prepackaged Software,Information Technology,2026-10-04
816956,3845,Electromedical & Electrotherapeutic Apparatus,Health Care,2026-10-04
817720,3674,Semiconductors & Related Devices,Information Technology,2026-10-04
818033,2834,Pharmaceutical Preparations,Health Care,2026-10-04
818479,3843,Dental Equipment & Supplies,Health Care,2026-10-04
818686,2834,Pharmaceutical Preparations,Health Care,2026-10-04
818850,,,,2026-10-04
818851,,,,2026-10-04
818972,,,,2026-10-04
819793,2221,"Broadwoven Fabric Mills, Man Made Fiber & Silk",Consumer Discretionary,2026-10-10
820027,6282,Investment Advice,Financials,2026-10-10
820313,3678,Electronic Connectors,Information Technology,2026-10-04
820318,3827,Optical Instruments & Lenses,Information Technology,2026-10-04
821002,2300,Apparel & Other Finishd Prods of  Fabrics & Similar Matl,Consumer Discretionary,2026-10-04
821026,5150,Wholesale-Farm Product Raw Materials,Industrials,2026-10-04
821130,4812,Radiotelephone Communications,Communication Services,2026-10-04
821189,1311,Crude Petroleum & Natural Gas,Energy,2026-10-04
821483,1311,Crude Petroleum & Natural Gas,Energy,2026-10-04
822416,1531,Operative Builders,Industrials,2026-10-04
822663,2844,"Perfumes, Cosmetics & Other Toilet Preparations",Consumer Staples,2026-10-04
822818,4955,Hazardous Waste Management,Industrials,2026-10-04
823277,5150,Wholesale-Farm Product Raw Materials,Industrials,2026-10-04
823768,4953,Refuse Systems,Industrials,2026-10-04
824142,3585,Air-Cond & Warm Air Heatg Equip & Comm & Indl Refrig Equip,Industrials,2026-10-04
825202,0000,,Other,2026-10-04
825313,6282,Investment Advice,Financials,2026-10-04
825324,5812,Retail-Eating  Places,Consumer Discretionary,2026-10-04
825542,2870,Agricultural Chemicals,Materials,2026-10-04
826020,,,,2026-10-04
826154,6022,State Commercial Banks,Financials,2026-10-04
826675,6798,Real Estate Investment Trusts,Real Estate,2026-10-04
826735,,,,2026-10-04
827052,4911,Electric Services,Utilities,2026-10-04
827054,3674,Semiconductors & Related Devices,Information Technology,2026-10-04
827773,,,,2026-10-04
827876,6199,Finance Services,Financials,2026-10-04
828146,3577,"Computer Peripheral Equipment, NEC",Information Technology,2026-10-04
828803,,,,2026-10-04
828944,6021,National Commercial Banks,Financials,2026-10-04
829224,5810,Retail-Eating & Drinking Places,Consumer Discretionary,2026-10-04
829323,7310,Services-Advertising,Communication Services,2026-10-04
830271,,,,2026-10-04
830487,,,,2026-10-04
830622,,,,2026-10-04
831001,6021,National Commercial Banks,Financials,2026-10-04
831259,1000,Metal Mining,Materials,2026-10-04
831641,8711,Services-Engineering Services,Industrials,2026-10-04
831655,,,,2026-10-04
832101,3561,Pumps & Pumping Equipment,Industrials,2026-10-04
832327,0000,,Other,2026-10-04
832428,4833,Television Broadcasting Stations,Communication Services,2026-10-04
832489,2834,Pharmaceutical Preparations,Health Care,2026-10-04
832988,5944,Retail-Jewelry Stores,Consumer Discretionary,2026-10-04
833040,,,,2026-10-04
833079,1531,Operative Builders,Industrials,2026-10-04
833444,3585,Air-Cond & Warm Air Heatg Equip & Comm & Indl Refrig Equip,Industrials,2026-10-04
833640,3674,Semiconductors & Related Devices,Information Technology,2026-10-04
834365,3845,Electromedical & Electrotherapeutic Apparatus,Health Care,2026-10-04
835011,5180,"Wholesale-Beer, Wine & Distilled Alcoholic Beverages",Industrials,2026-10-04
835324,6022,State Commercial Banks,Financials,2026-10-04
835333,,,,2026-10-04
835403,2080,Beverages,Consumer Staples,2026-10-04
836157,3523,Farm Machinery & Equipment,Industrials,2026-10-10
836412,,,,2026-10-10
836690,7371,Services-Computer Programming Services,Information Technology,2026-10-04
837465,3949,"Sporting & Athletic Goods, NEC",Consumer Discretionary,2026-10-04
838131,,,,2026-10-04
838875,2080,Beverages,Consumer Staples,2026-10-04
839470,1000,Metal Mining,Materials,2026-10-04
839533,,,,2026-10-04
839923,4812,Radiotelephone Communications,Communication Services,2026-10-04
840489,5900,Retail-Miscellaneous Retail,Consumer Discretionary,2026-10-04
840715,3661,Telephone & Telegraph Apparatus,Information Technology,2026-10-04
842023,2836,"Biological Products, (No Diagnostic Substances)",Health Care,2026-10-04
842162,3714,Motor Vehicle Parts & Accessories,Consumer Discretionary,2026-10-04
842180,6029,"Commercial Banks, NEC",Financials,2026-10-04
842517,6022,State Commercial Banks,Financials,2026-10-04
842633,3460,Metal Forgings & Stampings,Industrials,2026-10-04
842717,6022,State Commercial Banks,Financials,2026-10-04
843006,8742,Services-Management Consulting Services,Industrials,2026-10-04
844059,6500,Real Estate,Real Estate,2026-10-04
844150,6029,"Commercial Banks, NEC",Financials,2026-10-04
844551,1311,Crude Petroleum & Natural Gas,Energy,2026-10-04
844790,,,,2026-10-04
844965,1311,Crude Petroleum & Natural Gas,Energy,2026-10-04
845611,,,,2026-10-04
845877,6111,Federal & Federally-Sponsored Credit Agencies,Financials,2026-10-04
845982,3842,"Orthopedic, Prosthetic & Surgical Appliances & Supplies",Health Care,2026-10-04
846617,6021,National Commercial Banks,Financials,2026-10-04
846671,,,,2026-10-04
846676,0000,,Other,2026-10-04
846913,3564,Industrial & Commercial Fans & Blowers & Air Purifing Equip,Industrials,2026-10-04
849145,7389,"Services-Business Services, NEC",Industrials,2026-10-04
849146,2834,Pharmaceutical Preparations,Health Care,2026-10-04
849395,3241,"Cement, Hydraulic",Materials,2026-10-04
849399,7372,Services-Prepackaged Software,Information Technology,2026-10-04
849869,3411,Metal Cans,Industrials,2026-10-04
850027,,,,2026-10-04
850141,6331,"Fire, Marine & Casualty Insurance",Financials,2026-10-04
850429,3350,Rolling Drawing & Extruding of  Nonferrous Metals,Materials,2026-10-04
851205,3823,"Industrial Instruments For Measurement, Display, and Control",Information Technology,2026-10-04
851310,3663,Radio & Tv Broadcasting & Communications Equipment,Information Technology,2026-10-04
851520,8742,Services-Management Consulting Services,Industrials,2026-10-04
851968,2273,Carpets & Rugs,Consumer Discretionary,2026-10-10
853816,4213,Trucking (No Local),Industrials,2026-10-04
854560,6022,State Commercial Banks,Financials,2026-10-04
854775,3576,Computer Communications Equipment,Information Technology,2026-10-04
855658,3674,Semiconductors & Related Devices,Information Technology,2026-10-04
855683,3842,"Orthopedic, Prosthetic & Surgical Appliances & Supplies",Health Care,2026-10-04
855886,0000,,Other,2026-10-04
855887,,,,2026-10-04
856982,3841,Surgical & Medical Instruments & Apparatus,Health Care,2026-10-04
857005,7372,Services-Prepackaged Software,Information Technology,2026-10-04
857855,6022,State Commercial Banks,Financials,2026-10-04
858446,7011,Hotels & Motels,Consumer Discretionary,2026-10-04
858706,0000,,Other,2026-10-04
858877,3576,Computer Communications Equipment,Information Technology,2026-10-04
859070,6022,State Commercial Banks,Financials,2026-10-04
859796,,,,2026-10-04
860413,6022,State Commercial Banks,Financials,2026-10-04
860489,,,,2026-10-04
860546,6798,Real Estate Investment Trusts,Real Estate,2026-10-04
860730,8062,"Services-General Medical & Surgical Hospitals, NEC",Health Care,2026-10-04
860731,7372,Services-Prepackaged Software,Information Technology,2026-10-04
860748,6331,"Fire, Marine & Casualty Insurance",Financials,2026-10-04
861459,1600,Heavy Construction Other Than Bldg Const - Contractors,Industrials,2026-10-04
861842,6022,State Commercial Banks,Financials,2026-10-04
861884,5051,Wholesale-Metals Service Centers & of fices,Industrials,2026-10-04
862692,8090,"Services-Misc Health & Allied Services, NEC",Health Care,2026-10-04
862831,6021,National Commercial Banks,Financials,2026-10-04
862861,6221,Commodity Contracts Brokers & Dealers,Financials,2026-10-04
863064,1000,Metal Mining,Materials,2026-10-04
863110,4941,Water Supply,Utilities,2026-10-04
863436,3672,Printed Circuit Boards,Information Technology,2026-10-04
863894,2834,Pharmaceutical Preparations,Health Care,2026-10-04
863900,,,,2026-10-04
864240,3823,"Industrial Instruments For Measurement, Display, and Control",Information Technology,2026-10-04
864749,3829,"Measuring & Controlling Devices, NEC",Information Technology,2026-10-04
865752,2086,Bottled & Canned Soft Drinks & Carbonated Waters,Consumer Staples,2026-10-04
866273,1700,Construction - Special Trade Contractors,Industrials,2026-10-04
866291,3674,Semiconductors & Related Devices,Information Technology,2026-10-04
866374,3672,Printed Circuit Boards,Information Technology,2026-10-04
866706,3669,"Communications Equipment, NEC",Information Technology,2026-10-04
866729,2731,Books: Publishing or  Publishing & Printing,Communication Services,2026-10-04
866787,5531,Retail-Auto & Home Supply Stores,Consumer Discretionary,2026-10-04
866829,1389,"Oil & Gas Field Services, NEC",Energy,2026-10-04
867840,3845,Electromedical & Electrotherapeutic Apparatus,Health Care,2026-10-04
868578,,,,2026-10-10
868671,6022,State Commercial Banks,Financials,2026-10-10
868675,4812,Radiotelephone Communications,Communication Services,2026-10-10
868780,3714,Motor Vehicle Parts & Accessories,Consumer Discretionary,2026-10-10
868857,8711,Services-Engineering Services,Industrials,2026-10-10
871763,7363,Services-Help Supply Services,Industrials,2026-10-04
872589,2834,Pharmaceutical Preparations,Health Care,2026-10-04
872912,3841,Surgical & Medical Instruments & Apparatus,Health Care,2026-10-04
873303,2834,Pharmaceutical Preparations,Health Care,2026-10-04
873860,6162,Mortgage Bankers & Loan Correspondents,Financials,2026-10-04
874015,2834,Pharmaceutical Preparations,Health Care,2026-10-04
874238,1600,Heavy Construction Other Than Bldg Const - Contractors,Industrials,2026-10-04
874396,3420,"Cutlery, Handtools & General Hardware",Industrials,2026-10-04
874499,1311,Crude Petroleum & Natural Gas,Energy,2026-10-04
874501,6351,Surety Insurance,Financials,2026-10-04
874716,2835,In Vitro & In Vivo Diagnostic Substances,Health Care,2026-10-04
874761,4991,Cogeneration Services & Small Power Producers,Utilities,2026-10-04
874766,6331,"Fire, Marine & Casualty Insurance",Financials,2026-10-04
874866,6411,"Insurance Agents, Brokers & Service",Financials,2026-10-04
875045,2836,"Biological Products, (No Diagnostic Substances)",Health Care,2026-10-04
875320,2834,Pharmaceutical Preparations,Health Care,2026-10-04
875355,0100,Agricultural Production-Crops,Consumer Staples,2026-10-04
875357,6021,National Commercial Banks,Financials,2026-10-04
875582,3470,"Coating, Engraving & Allied Services",Industrials,2026-10-04
875657,3690,"Miscellaneous Electrical Machinery, Equipment & Supplies",Information Technology,2026-10-04
876167,7372,Services-Prepackaged Software,Information Technology,2026-10-04
876343,2836,"Biological Products, (No Diagnostic Substances)",Health Care,2026-10-04
876427,7500,"Services-Automotive Repair, Services & Parking",Consumer Discretionary,2026-10-04
876437,6351,Surety Insurance,Financials,2026-10-04
876523,5900,Retail-Miscellaneous Retail,Consumer Discretionary,2026-10-04
876883,7311,Services-Advertising Agencies,Communication Services,2026-10-04
877212,3560,General Industrial Machinery & Equipment,Industrials,2026-10-04
877463,,,,2026-10-04
877860,6798,Real Estate Investment Trusts,Real Estate,2026-10-04
878518,1040,Gold and Silver Ores,Materials,2026-10-04
878927,4213,Trucking (No Local),Industrials,2026-10-04
878932,,,,2026-10-04
879101,6798,Real Estate Investment Trusts,Real Estate,2026-10-04
879169,8731,Services-Commercial Physical & Biological Research,Health Care,2026-10-04
879407,2834,Pharmaceutical Preparations,Health Care,2026-10-04
879526,3715,Truck Trailers,Consumer Discretionary,2026-10-04
879535,,,,2026-10-04
879585,4813,Telephone Communications (No Radiotelephone),Communication Services,2026-10-04
879635,6022,State Commercial Banks,Financials,2026-10-04
879764,1311,Crude Petroleum & Natural Gas,Energy,2026-10-04
880117,2060,Sugar & Confectionery Products,Consumer Staples,2026-10-04
880266,3523,Farm Machinery & Equipment,Industrials,2026-10-04
880406,,,,2026-10-04
880631,6211,"Security Brokers, Dealers & Flotation Companies",Financials,2026-10-04
880641,6022,State Commercial Banks,Financials,2026-10-04
880807,3621,Motors & Generators,Information Technology,2026-10-04
880892,,,,2026-10-04
880984,8711,Services-Engineering Services,Industrials,2026-10-04
881787,6792,Oil Royalty Traders,Financials,2026-10-04
882071,,,,2026-10-04
882095,2836,"Biological Products, (No Diagnostic Substances)",Health Care,2026-10-04
882150,,,,2026-10-04
882184,1531,Operative Builders,Industrials,2026-10-04
882291,3841,Surgical & Medical Instruments & Apparatus,Health Care,2026-10-04
882300,0000,,Other,2026-10-04
882508,3674,Semiconductors & Related Devices,Information Technology,2026-10-04
882796,2836,"Biological Products, (No Diagnostic Substances)",Health Care,2026-10-04
882835,3823,"Industrial Instruments For Measurement, Display, and Control",Information Technology,2026-10-04
883107,2844,"Perfumes, Cosmetics & Other Toilet Preparations",Consumer Staples,2026-10-04
883237,6282,Investment Advice,Financials,2026-10-04
883241,7372,Services-Prepackaged Software,Information Technology,2026-10-04
883265,,,,2026-10-04
883412,,,,2026-10-04
883569,3873,"Watches, Clocks, Clockwork Operated Devices/Parts",Consumer Discretionary,2026-10-04
883618,,,,2026-10-04
883948,6022,State Commercial Banks,Financials,2026-10-04
883975,3841,Surgical & Medical Instruments & Apparatus,Health Care,2026-10-04
883984,3841,Surgical & Medical Instruments & Apparatus,Health Care,2026-10-04
884121,,,,2026-10-04
884144,7373,Services-Computer Integrated Systems Design,Information Technology,2026-10-04
884152,,,,2026-10-04
884219,7990,Services-Miscellaneous Amusement & Recreation,Consumer Discretionary,2026-10-04
884269,3842,"Orthopedic, Prosthetic & Surgical Appliances & Supplies",Health Care,2026-10-04
884394,,,,2026-10-04
884614,4932,Gas & Other Services Combined,Utilities,2026-10-04
884624,3841,Surgical & Medical Instruments & Apparatus,Health Care,2026-10-04
884887,4400,Water Transportation,Industrials,2026-10-10
885125,0000,,Other,2026-10-10
885245,5651,Retail-Family Clothing Stores,Consumer Discretionary,2026-10-10
885307,5211,Retail-Lumber & Other Building Materials Dealers,Consumer Discretionary,2026-10-10
885462,2800,Chemicals & Allied Products,Materials,2026-10-10
885550,6141,Personal Credit Institutions,Financials,2026-10-10
885590,2834,Pharmaceutical Preparations,Health Care,2026-10-04
885601,,,,2026-10-04
885639,5311,Retail-Department Stores,Consumer Discretionary,2026-10-04
885725,3841,Surgical & Medical Instruments & Apparatus,Health Care,2026-10-04
885978,8000,Services-Health Services,Health Care,2026-10-04
886043,,,,2026-10-04
886128,3620,Electrical Industrial Apparatus,Information Technology,2026-10-04
886136,4832,Radio Broadcasting Stations,Communication Services,2026-10-04
886163,2834,Pharmaceutical Preparations,Health Care,2026-10-04
886206,8741,Services-Management Services,Industrials,2026-10-04
886346,3550,Special Industry Machinery (No Metalworking Machinery),Industrials,2026-10-04
886744,2834,Pharmaceutical Preparations,Health Care,2026-10-04
886977,2860,Industrial Organic Chemicals,Materials,2026-10-04
886982,6211,"Security Brokers, Dealers & Flotation Companies",Financials,2026-10-04
886986,1400,Mining & Quarrying of  Nonmetallic Minerals (No Fuels),Materials,2026-10-04
887151,5030,Wholesale-Lumber & Other Construction Materials,Industrials,2026-10-04
887153,3312,"Steel Works, Blast Furnaces & Rolling Mills (Coke Ovens)",Materials,2026-10-04
887225,4911,Electric Services,Utilities,2026-10-04
887343,6022,State Commercial Banks,Financials,2026-10-04
887359,2836,"Biological Products, (No Diagnostic Substances)",Health Care,2026-10-04
887396,1311,Crude Petroleum & Natural Gas,Energy,2026-10-04
887596,5812,Retail-Eating  Places,Consumer Discretionary,2026-10-04
887733,5190,Wholesale-Miscellaneous Nondurable Goods,Industrials,2026-10-04
887905,6798,Real Estate Investment Trusts,Real Estate,2026-10-04
887936,8742,Services-Management Consulting Services,Industrials,2026-10-04
888491,6798,Real Estate Investment Trusts,Real Estate,2026-10-04
888721,2835,In Vitro & In Vivo Diagnostic Substances,Health Care,2026-10-04
888746,2082,Malt Beverages,Consumer Staples,2026-10-04
889132,3312,"Steel Works, Blast Furnaces & Rolling Mills (Coke Ovens)",Materials,2026-10-04
889331,3613,Switchgear & Switchboard Apparatus,Information Technology,2026-10-04
889348,3728,"Aircraft Parts & Auxiliary Equipment, NEC",Industrials,2026-10-04
889609,6199,Finance Services,Financials,2026-10-04
889900,1381,Drilling Oil & Gas Wells,Energy,2026-10-04
889971,3674,Semiconductors & Related Devices,Information Technology,2026-10-04
890119,,,,2026-10-04
890196,,,,2026-10-04
890393,,,,2026-10-04
890394,3674,Semiconductors & Related Devices,Information Technology,2026-10-04
890541,6029,"Commercial Banks, NEC",Financials,2026-10-04
890564,7363,Services-Help Supply Services,Industrials,2026-10-04
890821,2834,Pharmaceutical Preparations,Health Care,2026-10-04
890926,6351,Surety Insurance,Financials,2026-10-04
891014,2810,Industrial Inorganic Chemicals,Materials,2026-10-04
891038,,,,2026-10-04
891103,7370,"Services-Computer Programming, Data Processing, Etc.",Information Technology,2026-10-04
891166,6331,"Fire, Marine & Casualty Insurance",Financials,2026-10-04
891290,,,,2026-10-04
891478,6029,"Commercial Banks, NEC",Financials,2026-10-04
891482,7011,Hotels & Motels,Consumer Discretionary,2026-10-04
891532,4955,Hazardous Waste Management,Industrials,2026-10-04
892450,4813,Telephone Communications (No Radiotelephone),Communication Services,2026-10-04
892992,,,,2026-10-04
893538,1311,Crude Petroleum & Natural Gas,Energy,2026-10-04
893847,6021,National Commercial Banks,Financials,2026-10-04
893949,8060,Services-Hospitals,Health Care,2026-10-04
894158,2834,Pharmaceutical Preparations,Health Care,2026-10-04
894315,6798,Real Estate Investment Trusts,Real Estate,2026-10-04
894405,4213,Trucking (No Local),Industrials,2026-10-04
894556,2800,Chemicals & Allied Products,Materials,2026-10-04
894627,1311,Crude Petroleum & Natural Gas,Energy,2026-10-04
894671,6022,State Commercial Banks,Financials,2026-10-04
894871,4841,Cable & Other Pay Television Services,Communication Services,2026-10-04
895126,1311,Crude Petroleum & Natural Gas,Energy,2026-10-04
895417,6798,Real Estate Investment Trusts,Real Estate,2026-10-04
895419,3674,Semiconductors & Related Devices,Information Technology,2026-10-04
895421,6211,"Security Brokers, Dealers & Flotation Companies",Financials,2026-10-04
895447,5661,Retail-Shoe Stores,Consumer Discretionary,2026-10-04
895456,3140,"Footwear, (No Rubber)",Consumer Discretionary,2026-10-04
895528,,,,2026-10-04
895531,,,,2026-10-04
895728,4610,Pipe Lines (No Natural Gas),Industrials,2026-10-04
896156,2511,"Wood Household Furniture, (No Upholstered)",Consumer Discretionary,2026-10-04
896159,6331,"Fire, Marine & Casualty Insurance",Financials,2026-10-04
896264,2833,Medicinal Chemicals & Botanical Products,Health Care,2026-10-04
896493,3533,Oil & Gas Field Machinery & Equipment,Industrials,2026-10-04
896622,3089,"Plastics Products, NEC",Materials,2026-10-04
896878,7372,Services-Prepackaged Software,Information Technology,2026-10-04
897077,3523,Farm Machinery & Equipment,Industrials,2026-10-04
897322,3663,Radio & Tv Broadcasting & Communications Equipment,Information Technology,2026-10-04
897419,,,,2026-10-04
897421,,,,2026-10-04
897448,2834,Pharmaceutical Preparations,Health Care,2026-10-04
897723,3672,Printed Circuit Boards,Information Technology,2026-10-04
897802,,,,2026-10-04
898173,5531,Retail-Auto & Home Supply Stores,Consumer Discretionary,2026-10-04
898174,6311,Life Insurance,Financials,2026-10-04
898293,3672,Printed Circuit Boards,Information Technology,2026-10-04
898437,3841,Surgical & Medical Instruments & Apparatus,Health Care,2026-10-04
899051,6331,"Fire, Marine & Casualty Insurance",Financials,2026-10-04
899460,2834,Pharmaceutical Preparations,Health Care,2026-10-04
899629,6798,Real Estate Investment Trusts,Real Estate,2026-10-04
899689,6798,Real Estate Investment Trusts,Real Estate,2026-10-04
899715,6798,Real Estate Investment Trusts,Real Estate,2026-10-04
899751,3312,"Steel Works, Blast Furnaces & Rolling Mills (Coke Ovens)",Materials,2026-10-04
899923,2835,In Vitro & In Vivo Diagnostic Substances,Health Care,2026-10-04
900075,5500,Retail-Auto Dealers & Gasoline Stations,Consumer Discretionary,2026-10-04
900422,,,,2026-10-04
901243,,,,2026-10-10
901491,5812,Retail-Eating  Places,Consumer Discretionary,2026-10-10
901832,2834,Pharmaceutical Preparations,Health Care,2026-10-10
902791,7363,Services-Help Supply Services,Industrials,2026-10-04
903129,3714,Motor Vehicle Parts & Accessories,Consumer Discretionary,2026-10-04
903419,6021,National Commercial Banks,Financials,2026-10-04
903651,7374,Services-Computer Processing & Data Preparation,Information Technology,2026-10-04
904112,,,,2026-10-04
904851,2911,Petroleum Refining,Energy,2026-10-04
906013,,,,2026-10-04
906107,6798,Real Estate Investment Trusts,Real Estate,2026-10-04
906163,1531,Operative Builders,Industrials,2026-10-04
906345,6798,Real Estate Investment Trusts,Real Estate,2026-10-04
906465,6022,State Commercial Banks,Financials,2026-10-04
906553,7011,Hotels & Motels,Consumer Discretionary,2026-10-04
906709,2834,Pharmaceutical Preparations,Health Care,2026-10-04
907242,7011,Hotels & Motels,Consumer Discretionary,2026-10-04
907254,6798,Real Estate Investment Trusts,Real Estate,2026-10-04
907471,6021,National Commercial Banks,Financials,2026-10-04
907654,2834,Pharmaceutical Preparations,Health Care,2026-10-04
908187,,,,2026-10-04
908255,3714,Motor Vehicle Parts & Accessories,Consumer Discretionary,2026-10-04
908311,6798,Real Estate Investment Trusts,Real Estate,2026-10-04
908315,5900,Retail-Miscellaneous Retail,Consumer Discretionary,2026-10-04
908937,4832,Radio Broadcasting Stations,Communication Services,2026-10-04
908993,,,,2026-10-04
909037,1400,Mining & Quarrying of  Nonmetallic Minerals (No Fuels),Materials,2026-10-04
909112,,,,2026-10-04
909327,2621,Paper Mills,Materials,2026-10-04
909494,7374,Services-Computer Processing & Data Preparation,Information Technology,2026-10-04
909724,3100,Leather & Leather Products,Consumer Discretionary,2026-10-04
909832,5331,Retail-Variety Stores,Consumer Discretionary,2026-10-04
910068,,,,2026-10-04
910073,6036,"Savings Institutions, Not Federally Chartered",Financials,2026-10-04
910108,6798,Real Estate Investment Trusts,Real Estate,2026-10-04
910329,2090,Miscellaneous Food Preparations & Kindred Products,Consumer Staples,2026-10-04
910406,2000,Food and Kindred Products,Consumer Staples,2026-10-04
910521,3021,Rubber & Plastics Footwear,Consumer Discretionary,2026-10-04
910606,6798,Real Estate Investment Trusts,Real Estate,2026-10-04
910612,6798,Real Estate Investment Trusts,Real Estate,2026-10-04
910631,2086,Bottled & Canned Soft Drinks & Carbonated Waters,Consumer Staples,2026-10-04
910638,7372,Services-Prepackaged Software,Information Technology,2026-10-04
911147,7011,Hotels & Motels,Consumer Discretionary,2026-10-04
911177,4953,Refuse Systems,Industrials,2026-10-04
911216,2834,Pharmaceutical Preparations,Health Care,2026-10-04
911971,4412,Deep Sea Foreign Transportation of  Freight,Industrials,2026-10-04
912061,5190,Wholesale-Miscellaneous Nondurable Goods,Industrials,2026-10-04
912093,3674,Semiconductors & Related Devices,Information Technology,2026-10-04
912147,,,,2026-10-04
912242,6798,Real Estate Investment Trusts,Real Estate,2026-10-04
912562,3310,"Steel Works, Blast Furnaces & Rolling & Finishing Mills",Materials,2026-10-04
912593,6798,Real Estate Investment Trusts,Real Estate,2026-10-04
912595,6798,Real Estate Investment Trusts,Real Estate,2026-10-04
912615,5651,Retail-Family Clothing Stores,Consumer Discretionary,2026-10-04
912728,4731,Arrangement of  Transportation of  Freight & Cargo,Industrials,2026-10-04
912766,8200,Services-Educational Services,Consumer Discretionary,2026-10-04
912767,2421,"Sawmills & Planting Mills, General",Materials,2026-10-04
912892,4833,Television Broadcasting Stations,Communication Services,2026-10-04
912958,4812,Radiotelephone Communications,Communication Services,2026-10-04
913059,6029,"Commercial Banks, NEC",Financials,2026-10-04
913142,3357,Drawing & Insulating of  Nonferrous Wire,Materials,2026-10-04
913144,6331,"Fire, Marine & Casualty Insurance",Financials,2026-10-04
913241,3140,"Footwear, (No Rubber)",Consumer Discretionary,2026-10-04
913277,3949,"Sporting & Athletic Goods, NEC",Consumer Discretionary,2026-10-04
913290,4412,Deep Sea Foreign Transportation of  Freight,Industrials,2026-10-04
913341,6022,State Commercial Banks,Financials,2026-10-04
913353,6500,Real Estate,Real Estate,2026-10-04
913760,6200,"Security & Commodity Brokers, Dealers, Exchanges & Services",Financials,2026-10-04
914122,3564,Industrial & Commercial Fans & Blowers & Air Purifing Equip,Industrials,2026-10-04
914156,3841,Surgical & Medical Instruments & Apparatus,Health Care,2026-10-04
914208,6282,Investment Advice,Financials,2026-10-04
914475,2836,"Biological Products, (No Diagnostic Substances)",Health Care,2026-10-04
915389,2821,"Plastic Materials, Synth Resins & Nonvulcan Elastomers",Materials,2026-10-04
915779,3990,Miscellaneous Manufacturing Industries,Consumer Discretionary,2026-10-04
915840,1531,Operative Builders,Industrials,2026-10-04
915913,2821,"Plastic Materials, Synth Resins & Nonvulcan Elastomers",Materials,2026-10-04
916076,1400,Mining & Quarrying of  Nonmetallic Minerals (No Fuels),Materials,2026-10-04
916183,,,,2026-10-04
916365,5200,"Retail-Building Materials, Hardware, Garden Supply",Consumer Discretionary,2026-10-04
916540,2070,Fats & Oils,Consumer Staples,2026-10-04
916618,,,,2026-10-04
916789,3634,Electric Housewares & Fans,Consumer Discretionary,2026-10-04
916793,3576,Computer Communications Equipment,Information Technology,2026-10-04
916907,6036,"Savings Institutions, Not Federally Chartered",Financials,2026-10-04
917100,,,,2026-10-04
917225,1040,Gold and Silver Ores,Materials,2026-10-04
917251,6798,Real Estate Investment Trusts,Real Estate,2026-10-04
917273,3674,Semiconductors & Related Devices,Information Technology,2026-10-04
917520,3841,Surgical & Medical Instruments & Apparatus,Health Care,2026-10-10
917851,1000,Metal Mining,Materials,2026-10-10
918251,3714,Motor Vehicle Parts & Accessories,Consumer Discretionary,2026-10-10
918541,3540,Metalworkg Machinery & Equipment,Industrials,2026-10-04
918608,1040,Gold and Silver Ores,Materials,2026-10-04
918646,3241,"Cement, Hydraulic",Materials,2026-10-04
918965,5045,Wholesale-Computers & Peripheral Equipment & Software,Information Technology,2026-10-04
919012,5651,Retail-Family Clothing Stores,Consumer Discretionary,2026-10-04
919567,,,,2026-10-04
919864,6035,"Savings Institution, Federally Chartered",Financials,2026-10-04
919893,,,,2026-10-04
920148,8071,Services-Medical Laboratories,Health Care,2026-10-04
920371,3420,"Cutlery, Handtools & General Hardware",Industrials,2026-10-04
920427,6022,State Commercial Banks,Financials,2026-10-04
920522,6798,Real Estate Investment Trusts,Real Estate,2026-10-04
920760,1520,General Bldg Contractors - Residential Bldgs,Industrials,2026-10-04
921082,6798,Real Estate Investment Trusts,Real Estate,2026-10-04
921114,2836,"Biological Products, (No Diagnostic Substances)",Health Care,2026-10-04
921299,2834,Pharmaceutical Preparations,Health Care,2026-10-04
921557,6022,State Commercial Banks,Financials,2026-10-04
921582,3861,Photographic Equipment & Supplies,Consumer Discretionary,2026-10-04
921638,6795,Mineral Royalty Traders,Financials,2026-10-04
921671,,,,2026-10-04
921738,7011,Hotels & Motels,Consumer Discretionary,2026-10-04
921825,6798,Real Estate Investment Trusts,Real Estate,2026-10-04
922224,4911,Electric Services,Utilities,2026-10-04
922621,6411,"Insurance Agents, Brokers & Service",Financials,2026-10-04
922864,6798,Real Estate Investment Trusts,Real Estate,2026-10-04
923120,3743,Railroad Equipment,Industrials,2026-10-04
923601,7373,Services-Computer Integrated Systems Design,Information Technology,2026-10-04
923796,1520,General Bldg Contractors - Residential Bldgs,Industrials,2026-10-04
924168,3640,Electric Lighting & Wiring Equipment,Information Technology,2026-10-04
924383,3651,Household Audio & Video Equipment,Information Technology,2026-10-04
924613,3663,Radio & Tv Broadcasting & Communications Equipment,Information Technology,2026-10-04
924719,3272,"Concrete Products, Except Block & Brick",Materials,2026-10-04
924805,6211,"Security Brokers, Dealers & Flotation Companies",Financials,2026-10-04
924822,3713,Truck & Bus Bodies,Consumer Discretionary,2026-10-04
925261,2086,Bottled & Canned Soft Drinks & Carbonated Waters,Consumer Staples,2026-10-04
925528,5080,"Wholesale-Machinery, Equipment & Supplies",Industrials,2026-10-04
925683,,,,2026-10-04
925741,2836,"Biological Products, (No Diagnostic Substances)",Health Care,2026-10-04
926282,3661,Telephone & Telegraph Apparatus,Information Technology,2026-10-04
926326,3571,Electronic Computers,Information Technology,2026-10-04
926423,3812,"Search, Detection, Navigation, Guidance, Aeronautical Sys",Industrials,2026-10-04
927003,3679,"Electronic Components, NEC",Information Technology,2026-10-04
927066,8090,"Services-Misc Health & Allied Services, NEC",Health Care,2026-10-04
927628,6021,National Commercial Banks,Financials,2026-10-04
927653,5122,"Wholesale-Drugs, Proprietaries & Druggists' Sundries",Health Care,2026-10-04
927971,6029,"Commercial Banks, NEC",Financials,2026-10-04
928054,2890,Miscellaneous Chemical Products,Materials,2026-10-04
928340,4941,Water Supply,Utilities,2026-10-04
928465,5141,"Wholesale-Groceries, General Line",Consumer Staples,2026-10-04
928658,4213,Trucking (No Local),Industrials,2026-10-04
928876,3674,Semiconductors & Related Devices,Information Technology,2026-10-04
929008,5063,"Wholesale-Electrical Apparatus & Equipment, Wiring Supplies",Industrials,2026-10-04
929351,7812,Services-Motion Picture & Video Tape Production,Communication Services,2026-10-04
929869,7389,"Services-Business Services, NEC",Industrials,2026-10-04
930157,8741,Services-Management Services,Industrials,2026-10-04
930236,6798,Real Estate Investment Trusts,Real Estate,2026-10-04
930420,7363,Services-Help Supply Services,Industrials,2026-10-04
931015,3790,Miscellaneous Transportation Equipment,Industrials,2026-10-04
931148,3620,Electrical Industrial Apparatus,Information Technology,2026-10-04
931427,4922,Natural Gas Transmission,Utilities,2026-10-04
932470,4813,Telephone Communications (No Radiotelephone),Communication Services,2026-10-04
932695,3510,Engines & Turbines,Industrials,2026-10-04
932696,5961,Retail-Catalog & Mail-Order Houses,Consumer Discretionary,2026-10-04
932781,6022,State Commercial Banks,Financials,2026-10-04
932787,3674,Semiconductors & Related Devices,Information Technology,2026-10-04
933034,3714,Motor Vehicle Parts & Accessories,Consumer Discretionary,2026-10-04
933036,7359,"Services-Equipment Rental & Leasing, NEC",Industrials,2026-10-04
933267,6552,Land Subdividers & Developers (No Cemeteries),Real Estate,2026-10-04
933972,3621,Motors & Generators,Information Technology,2026-10-10
933974,3559,"Special Industry Machinery, NEC",Industrials,2026-10-10
934549,6794,Patent Owners & Lessors,Financials,2026-10-10
935036,7372,Services-Prepackaged Software,Information Technology,2026-10-04
935419,5812,Retail-Eating  Places,Consumer Discretionary,2026-10-04
935703,5331,Retail-Variety Stores,Consumer Discretionary,2026-10-04
936340,4911,Electric Services,Utilities,2026-10-04
936395,3661,Telephone & Telegraph Apparatus,Information Technology,2026-10-04
936468,3760,Guided Missiles & Space Vehicles & Parts,Industrials,2026-10-04
936528,6021,National Commercial Banks,Financials,2026-10-04
936958,,,,2026-10-04
937098,7389,"Services-Business Services, NEC",Industrials,2026-10-04
937966,3559,"Special Industry Machinery, NEC",Industrials,2026-10-04
938323,2731,Books: Publishing or  Publishing & Printing,Communication Services,2026-10-04
939767,2836,"Biological Products, (No Diagnostic Substances)",Health Care,2026-10-04
940942,4731,Arrangement of  Transportation of  Freight & Cargo,Industrials,2026-10-04
940944,5812,Retail-Eating  Places,Consumer Discretionary,2026-10-04
941221,2870,Agricultural Chemicals,Materials,2026-10-04
943452,3743,Railroad Equipment,Industrials,2026-10-04
943819,3841,Surgical & Medical Instruments & Apparatus,Health Care,2026-10-04
944075,3571,Electronic Computers,Information Technology,2026-10-04
944148,7389,"Services-Business Services, NEC",Industrials,2026-10-04
944695,6331,"Fire, Marine & Casualty Insurance",Financials,2026-10-04
944745,6022,State Commercial Banks,Financials,2026-10-04
944809,2834,Pharmaceutical Preparations,Health Care,2026-10-04
945114,5084,Wholesale-Industrial Machinery & Equipment,Industrials,2026-10-04
945394,6798,Real Estate Investment Trusts,Real Estate,2026-10-04
945841,5090,Wholesale-Misc Durable Goods,Industrials,2026-10-04
945983,5045,Wholesale-Computers & Peripheral Equipment & Software,Information Technology,2026-10-04
946394,4911,Electric Services,Utilities,2026-10-04
946563,3841,Surgical & Medical Instruments & Apparatus,Health Care,2026-10-04
946581,7372,Services-Prepackaged Software,Information Technology,2026-10-04
946644,2836,"Biological Products, (No Diagnostic Substances)",Health Care,2026-10-04
946673,6022,State Commercial Banks,Financials,2026-10-04
946936,3089,"Plastics Products, NEC",Materials,2026-10-04
947263,6029,"Commercial Banks, NEC",Financials,2026-10-04
947484,6331,"Fire, Marine & Casualty Insurance",Financials,2026-10-04
948320,8011,Services-Offices & Clinics of  Doctors of  Medicine,Health Care,2026-10-04
948708,7372,Services-Prepackaged Software,Information Technology,2026-10-04
949157,3334,Primary Production of  Aluminum,Materials,2026-10-04
949858,2835,In Vitro & In Vivo Diagnostic Substances,Health Care,2026-10-04
949870,2082,Malt Beverages,Consumer Staples,2026-10-04
949961,6798,Real Estate Investment Trusts,Real Estate,2026-10-04
1000177,4400,Water Transportation,Industrials,2026-10-10
1000184,7372,Services-Prepackaged Software,Information Technology,2026-10-10
1000209,6199,Finance Services,Financials,2026-10-10
1000228,5047,"Wholesale-Medical, Dental & Hospital Equipment & Supplies",Industrials,2026-10-10
1000230,3357,Drawing & Insulating of  Nonferrous Wire,Materials,2026-10-10
1000275,6029,"Commercial Banks, NEC",Financials,2026-10-04
1000623,2621,Paper Mills,Materials,2026-10-04
1000694,2836,"Biological Products, (No Diagnostic Substances)",Health Care,2026-10-04
1000697,3826,Laboratory Analytical Instruments,Information Technology,2026-10-04
1000753,7363,Services-Help Supply Services,Industrials,2026-10-04
1001085,6512,Opeators of  Nonresidential Buildings,Real Estate,2026-10-04
1001115,3829,"Measuring & Controlling Devices, NEC",Information Technology,2026-10-04
1001171,6035,"Savings Institution, Federally Chartered",Financials,2026-10-04
1001250,2844,"Perfumes, Cosmetics & Other Toilet Preparations",Consumer Staples,2026-10-04
1001290,6029,"Commercial Banks, NEC",Financials,2026-10-04
1001316,2834,Pharmaceutical Preparations,Health Care,2026-10-04
1001385,3317,Steel Pipe & Tubes,Materials,2026-10-04
1001614,1311,Crude Petroleum & Natural Gas,Energy,2026-10-04
1001807,4813,Telephone Communications (No Radiotelephone),Communication Services,2026-10-04
1001838,1000,Metal Mining,Materials,2026-10-04
1001907,3826,Laboratory Analytical Instruments,Information Technology,2026-10-04
1002047,3572,Computer Storage Devices,Information Technology,2026-10-04
1002242,1311,Crude Petroleum & Natural Gas,Energy,2026-10-04
1002590,5990,"Retail-Retail Stores, NEC",Consumer Discretionary,2026-10-04
1002638,7373,Services-Computer Integrated Systems Design,Information Technology,2026-10-04
1002910,4931,Electric & Other Services Combined,Utilities,2026-10-04
1003078,5084,Wholesale-Industrial Machinery & Equipment,Industrials,2026-10-04
1003935,7372,Services-Prepackaged Software,Information Technology,2026-10-04
1004315,4922,Natural Gas Transmission,Utilities,2026-10-04
1004434,6282,Investment Advice,Financials,2026-10-04
1004702,6021,National Commercial Banks,Financials,2026-10-04
1004980,4931,Electric & Other Services Combined,Utilities,2026-10-04
1005101,6199,Finance Services,Financials,2026-10-04
1005210,5900,Retail-Miscellaneous Retail,Consumer Discretionary,2026-10-04
1005229,3531,Construction Machinery & Equip,Industrials,2026-10-04
1005284,3670,Electronic Components & Accessories,Information Technology,2026-10-04
1005286,2834,Pharmaceutical Preparations,Health Care,2026-10-04
1005516,3576,Computer Communications Equipment,Information Technology,2026-10-04
1005731,4813,Telephone Communications (No Radiotelephone),Communication Services,2026-10-04
1005817,6022,State Commercial Banks,Financials,2026-10-04
1006045,3845,Electromedical & Electrotherapeutic Apparatus,Health Care,2026-10-04
1006281,2836,"Biological Products, (No Diagnostic Substances)",Health Care,2026-10-04
1006655,1311,Crude Petroleum & Natural Gas,Energy,2026-10-04
1006837,3440,Fabricated Structural Metal Products,Industrials,2026-10-04
1007019,2090,Miscellaneous Food Preparations & Kindred Products,Consumer Staples,2026-10-04
1007587,4899,"Communications Services, NEC",Communication Services,2026-10-04
1009001,1090,Miscellaneous Metal Ores,Materials,2026-10-04
1009759,3510,Engines & Turbines,Industrials,2026-10-04
1009829,3944,"Games, Toys & Children's Vehicles (No Dolls & Bicycles)",Consumer Discretionary,2026-10-04
1009891,3728,"Aircraft Parts & Auxiliary Equipment, NEC",Industrials,2026-10-04
1010086,2834,Pharmaceutical Preparations,Health Care,2026-10-04
1010470,6035,"Savings Institution, Federally Chartered",Financials,2026-10-04
1012019,5500,Retail-Auto Dealers & Gasoline Stations,Consumer Discretionary,2026-10-04
1013131,1000,Metal Mining,Materials,2026-10-04
1013237,7370,"Services-Computer Programming, Data Processing, Etc.",Information Technology,2026-10-04
1013272,6022,State Commercial Banks,Financials,2026-10-04
1013488,5812,Retail-Eating  Places,Consumer Discretionary,2026-10-04
1013605,1381,Drilling Oil & Gas Wells,Energy,2026-10-04
1013857,7374,Services-Computer Processing & Data Preparation,Information Technology,2026-10-04
1013871,4911,Electric Services,Utilities,2026-10-04
1013880,7363,Services-Help Supply Services,Industrials,2026-10-04
1013934,8200,Services-Educational Services,Consumer Discretionary,2026-10-04
1014473,7371,Services-Computer Programming Services,Information Technology,2026-10-04
1014739,8082,Services-Home Health Care Services,Health Care,2026-10-04
1014763,3577,"Computer Peripheral Equipment, NEC",Information Technology,2026-10-04
1015328,6022,State Commercial Banks,Financials,2026-10-04
1015383,7389,"Services-Business Services, NEC",Industrials,2026-10-04
1015650,4812,Radiotelephone Communications,Communication Services,2026-10-04
1015739,7372,Services-Prepackaged Software,Information Technology,2026-10-04
1015820,2836,"Biological Products, (No Diagnostic Substances)",Health Care,2026-10-10
1015922,7372,Services-Prepackaged Software,Information Technology,2026-10-10
1016281,7200,Services-Personal Services,Consumer Discretionary,2026-10-10
1016838,3577,"Computer Peripheral Equipment, NEC",Information Technology,2026-10-04
1017303,3577,"Computer Peripheral Equipment, NEC",Information Technology,2026-10-04
1017413,1311,Crude Petroleum & Natural Gas,Energy,2026-10-04
1018164,5080,"Wholesale-Machinery, Equipment & Supplies",Industrials,2026-10-04
1018724,5961,Retail-Catalog & Mail-Order Houses,Consumer Discretionary,2026-10-04
1018840,5651,Retail-Family Clothing Stores,Consumer Discretionary,2026-10-04
1018963,3317,Steel Pipe & Tubes,Materials,2026-10-04
1018979,6331,"Fire, Marine & Casualty Insurance",Financials,2026-10-04
1019034,7372,Services-Prepackaged Software,Information Technology,2026-10-04
1019849,5500,Retail-Auto Dealers & Gasoline Stations,Consumer Discretionary,2026-10-04
1020214,3841,Surgical & Medical Instruments & Apparatus,Health Care,2026-10-04
1020569,6798,Real Estate Investment Trusts,Real Estate,2026-10-04
1020710,5084,Wholesale-Industrial Machinery & Equipment,Industrials,2026-10-04
1020859,5141,"Wholesale-Groceries, General Line",Consumer Staples,2026-10-04
1021561,5122,"Wholesale-Drugs, Proprietaries & Druggists' Sundries",Health Care,2026-10-04
1021635,4911,Electric Services,Utilities,2026-10-04
1021860,3533,Oil & Gas Field Machinery & Equipment,Industrials,2026-10-04
1022079,8071,Services-Medical Laboratories,Health Care,2026-10-04
1022321,4610,Pipe Lines (No Natural Gas),Industrials,2026-10-04
1022408,5045,Wholesale-Computers & Peripheral Equipment & Software,Information Technology,2026-10-04
1022652,3669,"Communications Equipment, NEC",Information Technology,2026-10-04
1022671,3312,"Steel Works, Blast Furnaces & Rolling Mills (Coke Ovens)",Materials,2026-10-04
1022837,6029,"Commercial Banks, NEC",Financials,2026-10-04
1023024,2834,Pharmaceutical Preparations,Health Care,2026-10-04
1023128,5500,Retail-Auto Dealers & Gasoline Stations,Consumer Discretionary,2026-10-04
1023313,8700,"Services-Engineering, Accounting, Research, Management",Industrials,2026-10-04
1023459,7373,Services-Computer Integrated Systems Design,Information Technology,2026-10-04
1023512,1040,Gold and Silver Ores,Materials,2026-10-04
1023514,1040,Gold and Silver Ores,Materials,2026-10-04
1023549,2834,Pharmaceutical Preparations,Health Care,2026-10-04
1023731,7374,Services-Computer Processing & Data Preparation,Information Technology,2026-10-04
1023994,5030,Wholesale-Lumber & Other Construction Materials,Industrials,2026-10-04
1024305,2844,"Perfumes, Cosmetics & Other Toilet Preparations",Consumer Staples,2026-10-04
1024478,3829,"Measuring & Controlling Devices, NEC",Information Technology,2026-10-04
1024672,3672,Printed Circuit Boards,Information Technology,2026-10-04
1024795,3490,Miscellaneous Fabricated Metal Products,Industrials,2026-10-04
1025378,6798,Real Estate Investment Trusts,Real Estate,2026-10-04
1025835,6022,State Commercial Banks,Financials,2026-10-04
1025996,6798,Real Estate Investment Trusts,Real Estate,2026-10-04
1026655,3089,"Plastics Products, NEC",Materials,2026-10-04
1026662,5040,Wholesale-Professional & Commercial Equipment & Supplies,Industrials,2026-10-04
1026785,3490,Miscellaneous Fabricated Metal Products,Industrials,2026-10-04
1026980,3357,Drawing & Insulating of  Nonferrous Wire,Materials,2026-10-04
1027552,6029,"Commercial Banks, NEC",Financials,2026-10-04
1027664,3728,"Aircraft Parts & Auxiliary Equipment, NEC",Industrials,2026-10-04
1027838,3841,Surgical & Medical Instruments & Apparatus,Health Care,2026-10-04
1029199,6099,"Functions Related To Depository Banking, NEC",Financials,2026-10-04
1030192,1040,Gold and Silver Ores,Materials,2026-10-04
1030469,6022,State Commercial Banks,Financials,2026-10-04
1030471,3669,"Communications Equipment, NEC",Information Technology,2026-10-04
1030894,3672,Printed Circuit Boards,Information Technology,2026-10-04
1031203,5500,Retail-Auto Dealers & Gasoline Stations,Consumer Discretionary,2026-10-04
1031235,6798,Real Estate Investment Trusts,Real Estate,2026-10-04
1031296,4911,Electric Services,Utilities,2026-10-04
1031308,7372,Services-Prepackaged Software,Information Technology,2026-10-04
1031316,6798,Real Estate Investment Trusts,Real Estate,2026-10-04
1032033,6141,Personal Credit Institutions,Financials,2026-10-04
1032208,4932,Gas & Other Services Combined,Utilities,2026-10-10
1032220,7389,"Services-Business Services, NEC",Industrials,2026-10-10
1032975,3577,"Computer Peripheral Equipment, NEC",Information Technology,2026-10-10
1033767,3674,Semiconductors & Related Devices,Information Technology,2026-10-04
1034054,6798,Real Estate Investment Trusts,Real Estate,2026-10-04
1034665,,,,2026-10-04
1034670,3714,Motor Vehicle Parts & Accessories,Consumer Discretionary,2026-10-04
1034760,7373,Services-Computer Integrated Systems Design,Information Technology,2026-10-04
1034842,2834,Pharmaceutical Preparations,Health Care,2026-10-04
1034957,6500,Real Estate,Real Estate,2026-10-04
1035002,2911,Petroleum Refining,Energy,2026-10-04
1035092,6021,National Commercial Banks,Financials,2026-10-04
1035201,4941,Water Supply,Utilities,2026-10-04
1035267,3842,"Orthopedic, Prosthetic & Surgical Appliances & Supplies",Health Care,2026-10-04
1035354,2836,"Biological Products, (No Diagnostic Substances)",Health Care,2026-10-04
1035443,6798,Real Estate Investment Trusts,Real Estate,2026-10-04
1035983,1731,Electrical Work,Industrials,2026-10-04
1036044,3577,"Computer Peripheral Equipment, NEC",Information Technology,2026-10-04
1036262,3825,Instruments For Meas & Testing of  Electricity & Elec Signals,Information Technology,2026-10-04
1037038,2320,"Men's & Boys' Furnishgs, Work Clothg, & Allied Garments",Consumer Discretionary,2026-10-04
1037540,6798,Real Estate Investment Trusts,Real Estate,2026-10-04
1037646,3826,Laboratory Analytical Instruments,Information Technology,2026-10-04
1037868,3823,"Industrial Instruments For Measurement, Display, and Control",Information Technology,2026-10-04
1037976,6531,Real Estate Agents & Managers (For Others),Real Estate,2026-10-04
1038074,3674,Semiconductors & Related Devices,Information Technology,2026-10-04
1038683,4512,"Air Transportation, Scheduled",Industrials,2026-10-04
1038773,6021,National Commercial Banks,Financials,2026-10-04
1039065,3674,Semiconductors & Related Devices,Information Technology,2026-10-04
1039280,7372,Services-Prepackaged Software,Information Technology,2026-10-04
1039399,3674,Semiconductors & Related Devices,Information Technology,2026-10-04
1039684,4923,Natural Gas Transmisison & Distribution,Utilities,2026-10-04
1039765,6029,"Commercial Banks, NEC",Financials,2026-10-04
1040130,5912,Retail-Drug Stores and Proprietary Stores,Consumer Staples,2026-10-04
1040161,7372,Services-Prepackaged Software,Information Technology,2026-10-04
1040470,3825,Instruments For Meas & Testing of  Electricity & Elec Signals,Information Technology,2026-10-04
1040829,6798,Real Estate Investment Trusts,Real Estate,2026-10-04
1040896,7372,Services-Prepackaged Software,Information Technology,2026-10-04
1040971,6798,Real Estate Investment Trusts,Real Estate,2026-10-04
1041024,2834,Pharmaceutical Preparations,Health Care,2026-10-04
1041061,5812,Retail-Eating  Places,Consumer Discretionary,2026-10-04
1041130,,,,2026-10-04
1041368,6035,"Savings Institution, Federally Chartered",Financials,2026-10-04
1041514,6099,"Functions Related To Depository Banking, NEC",Financials,2026-10-04
1041657,4832,Radio Broadcasting Stations,Communication Services,2026-10-04
1041792,4911,Electric Services,Utilities,2026-10-04
1041803,5331,Retail-Variety Stores,Consumer Discretionary,2026-10-04
1041859,5651,Retail-Family Clothing Stores,Consumer Discretionary,2026-10-04
1041934,3845,Electromedical & Electrotherapeutic Apparatus,Health Care,2026-10-04
1042046,6331,"Fire, Marine & Casualty Insurance",Financials,2026-10-04
1042187,3060,"Fabricated Rubber Products, NEC",Materials,2026-10-04
1042729,6022,State Commercial Banks,Financials,2026-10-04
1042776,6512,Opeators of  Nonresidential Buildings,Real Estate,2026-10-04
1042893,3533,Oil & Gas Field Machinery & Equipment,Industrials,2026-10-04
1043000,8050,Services-Nursing & Personal Care Facilities,Health Care,2026-10-04
1043186,4924,Natural Gas Distribution,Utilities,2026-10-04
1043219,6798,Real Estate Investment Trusts,Real Estate,2026-10-04
1043277,4731,Arrangement of  Transportation of  Freight & Cargo,Industrials,2026-10-04
1043337,3714,Motor Vehicle Parts & Accessories,Consumer Discretionary,2026-10-04
1043509,5500,Retail-Auto Dealers & Gasoline Stations,Consumer Discretionary,2026-10-04
1043961,3826,Laboratory Analytical Instruments,Information Technology,2026-10-04
1044777,7373,Services-Computer Integrated Systems Design,Information Technology,2026-10-04
1045450,6798,Real Estate Investment Trusts,Real Estate,2026-10-04
1045520,6029,"Commercial Banks, NEC",Financials,2026-10-04
1045609,6798,Real Estate Investment Trusts,Real Estate,2026-10-04
1045742,5900,Retail-Miscellaneous Retail,Consumer Discretionary,2026-10-04
1045810,3674,Semiconductors & Related Devices,Information Technology,2026-10-04
1045986,7371,Services-Computer Programming Services,Information Technology,2026-10-04
1046025,6036,"Savings Institutions, Not Federally Chartered",Financials,2026-10-04
1046050,6036,"Savings Institutions, Not Federally Chartered",Financials,2026-10-04
1046102,7389,"Services-Business Services, NEC",Industrials,2026-10-04
1046179,3674,Semiconductors & Related Devices,Information Technology,2026-10-04
1046257,2040,Grain Mill Products,Consumer Staples,2026-10-04
1046311,7011,Hotels & Motels,Consumer Discretionary,2026-10-04
1046568,8200,Services-Educational Services,Consumer Discretionary,2026-10-04
1047127,3674,Semiconductors & Related Devices,Information Technology,2026-10-04
1047335,8051,Services-Skilled Nursing Care Facilities,Health Care,2026-10-04
1047340,0100,Agricultural Production-Crops,Consumer Staples,2026-10-04
1047716,4512,"Air Transportation, Scheduled",Industrials,2026-10-04
1047862,4931,Electric & Other Services Combined,Utilities,2026-10-04
1048268,1731,Electrical Work,Industrials,2026-10-04
1048286,7011,Hotels & Motels,Consumer Discretionary,2026-10-04
1048477,2834,Pharmaceutical Preparations,Health Care,2026-10-04
1048695,3576,Computer Communications Equipment,Information Technology,2026-10-10
1048911,4513,Air Courier Services,Industrials,2026-10-10
1049502,3823,"Industrial Instruments For Measurement, Display, and Control",Information Technology,2026-10-04
1049521,3670,Electronic Components & Accessories,Information Technology,2026-10-04
1049606,3420,"Cutlery, Handtools & General Hardware",Industrials,2026-10-04
1049659,3310,"Steel Works, Blast Furnaces & Rolling & Finishing Mills",Materials,2026-10-04
1050140,7372,Services-Prepackaged Software,Information Technology,2026-10-04
1050377,5045,Wholesale-Computers & Peripheral Equipment & Software,Information Technology,2026-10-04
1050441,6022,State Commercial Banks,Financials,2026-10-04
1050446,6199,Finance Services,Financials,2026-10-04
1050743,6029,"Commercial Banks, NEC",Financials,2026-10-04
1050797,2300,Apparel & Other Finishd Prods of  Fabrics & Similar Matl,Consumer Discretionary,2026-10-04
1050915,1731,Electrical Work,Industrials,2026-10-04
1051003,,,,2026-10-04
1051004,,,,2026-10-04
1051470,6798,Real Estate Investment Trusts,Real Estate,2026-10-04
1051512,4813,Telephone Communications (No Radiotelephone),Communication Services,2026-10-04
1051627,3674,Semiconductors & Related Devices,Information Technology,2026-10-04
1052752,6500,Real Estate,Real Estate,2026-10-04
1053092,6211,"Security Brokers, Dealers & Flotation Companies",Financials,2026-10-04
1053507,6798,Real Estate Investment Trusts,Real Estate,2026-10-04
1053691,2834,Pharmaceutical Preparations,Health Care,2026-10-04
1053706,8111,Services-Legal Services,Industrials,2026-10-04
1053988,,,,2026-10-04
1054905,2800,Chemicals & Allied Products,Materials,2026-10-04
1055160,6798,Real Estate Investment Trusts,Real Estate,2026-10-04
1055726,2834,Pharmaceutical Preparations,Health Care,2026-10-04
1056288,6282,Investment Advice,Financials,2026-10-04
1056358,2833,Medicinal Chemicals & Botanical Products,Health Care,2026-10-04
1056696,7372,Services-Prepackaged Software,Information Technology,2026-10-04
1056903,4941,Water Supply,Utilities,2026-10-04
1056943,6021,National Commercial Banks,Financials,2026-10-04
1057060,5531,Retail-Auto & Home Supply Stores,Consumer Discretionary,2026-10-04
1057352,7389,"Services-Business Services, NEC",Industrials,2026-10-04
1057379,8742,Services-Management Consulting Services,Industrials,2026-10-04
1057706,6022,State Commercial Banks,Financials,2026-10-04
1057861,,,,2026-10-04
1057877,4911,Electric Services,Utilities,2026-10-04
1058090,5812,Retail-Eating  Places,Consumer Discretionary,2026-10-04
1058239,,,,2026-10-04
1058290,7371,Services-Computer Programming Services,Information Technology,2026-10-04
1058307,4813,Telephone Communications (No Radiotelephone),Communication Services,2026-10-04
1058811,3577,"Computer Peripheral Equipment, NEC",Information Technology,2026-10-04
1059142,6199,Finance Services,Financials,2026-10-04
1059386,,,,2026-10-04
1059556,7320,"Services-Consumer Credit Reporting, Collection Agencies",Industrials,2026-10-04
1060391,4953,Refuse Systems,Industrials,2026-10-04
1060822,2300,Apparel & Other Finishd Prods of  Fabrics & Similar Matl,Consumer Discretionary,2026-10-04
1060955,8731,Services-Commercial Physical & Biological Research,Health Care,2026-10-04
1061069,4953,Refuse Systems,Industrials,2026-10-04
1061219,4922,Natural Gas Transmission,Utilities,2026-10-04
1061353,,,,2026-10-04
1061574,8742,Services-Management Consulting Services,Industrials,2026-10-04
1061630,6798,Real Estate Investment Trusts,Real Estate,2026-10-04
1061736,2086,Bottled & Canned Soft Drinks & Carbonated Waters,Consumer Staples,2026-10-04
1061894,2300,Apparel & Other Finishd Prods of  Fabrics & Similar Matl,Consumer Discretionary,2026-10-04
1061983,2834,Pharmaceutical Preparations,Health Care,2026-10-04
1062231,3714,Motor Vehicle Parts & Accessories,Consumer Discretionary,2026-10-04
1062579,7371,Services-Computer Programming Services,Information Technology,2026-10-04
1062822,2834,Pharmaceutical Preparations,Health Care,2026-10-04
1063259,1090,Miscellaneous Metal Ores,Materials,2026-10-04
1063761,6798,Real Estate Investment Trusts,Real Estate,2026-10-04
1064728,1221,Bituminous Coal & Lignite Surface Mining,Energy,2026-10-04
1065059,1400,Mining & Quarrying of  Nonmetallic Minerals (No Fuels),Materials,2026-10-10
1065078,6794,Patent Owners & Lessors,Financials,2026-10-10
1065088,7389,"Services-Business Services, NEC",Industrials,2026-10-10
1065280,7841,Services-Video Tape Rental,Communication Services,2026-10-10
1065696,5010,Wholesale-Motor Vehicles & Motor Vehicle Parts & Supplies,Industrials,2026-10-10
1066119,4813,Telephone Communications (No Radiotelephone),Communication Services,2026-10-04
1066194,7372,Services-Prepackaged Software,Information Technology,2026-10-04
1066764,4911,Electric Services,Utilities,2026-10-04
1066923,7389,"Services-Business Services, NEC",Industrials,2026-10-04
1067294,5812,Retail-Eating  Places,Consumer Discretionary,2026-10-04
1067491,7371,Services-Computer Programming Services,Information Technology,2026-10-04
1067701,7359,"Services-Equipment Rental & Leasing, NEC",Industrials,2026-10-04
1067983,6331,"Fire, Marine & Casualty Insurance",Financials,2026-10-04
1068851,6022,State Commercial Banks,Financials,2026-10-04
1069157,6022,State Commercial Banks,Financials,2026-10-04
1069183,3480,"Ordnance & Accessories, (No Vehicles/Guided Missiles)",Industrials,2026-10-04
1069202,3585,Air-Cond & Warm Air Heatg Equip & Comm & Indl Refrig Equip,Industrials,2026-10-04
1069258,3760,Guided Missiles & Space Vehicles & Parts,Industrials,2026-10-04
1069394,2890,Miscellaneous Chemical Products,Materials,2026-10-04
1069530,2834,Pharmaceutical Preparations,Health Care,2026-10-04
1069533,4923,Natural Gas Transmisison & Distribution,Utilities,2026-10-04
1069878,2400,Lumber & Wood Products (No Furniture),Materials,2026-10-04
1069899,2834,Pharmaceutical Preparations,Health Care,2026-10-04
1070081,2834,Pharmaceutical Preparations,Health Care,2026-10-04
1070235,7372,Services-Prepackaged Software,Information Technology,2026-10-04
1070296,6035,"Savings Institution, Federally Chartered",Financials,2026-10-04
1070304,6159,Miscellaneous Business Credit Institution,Financials,2026-10-04
1070412,1311,Crude Petroleum & Natural Gas,Energy,2026-10-04
1070423,4610,Pipe Lines (No Natural Gas),Industrials,2026-10-04
1070494,2834,Pharmaceutical Preparations,Health Care,2026-10-04
1070524,6036,"Savings Institutions, Not Federally Chartered",Financials,2026-10-04
1070680,6021,National Commercial Banks,Financials,2026-10-04
1070732,,,,2026-10-04
1070750,6798,Real Estate Investment Trusts,Real Estate,2026-10-04
1070985,6798,Real Estate Investment Trusts,Real Estate,2026-10-04
1071236,6022,State Commercial Banks,Financials,2026-10-04
1071321,4813,Telephone Communications (No Radiotelephone),Communication Services,2026-10-04
1071438,2860,Industrial Organic Chemicals,Materials,2026-10-04
1071739,6324,Hospital & Medical Service Plans,Financials,2026-10-04
1072627,6331,"Fire, Marine & Casualty Insurance",Financials,2026-10-04
1073404,3310,"Steel Works, Blast Furnaces & Rolling & Finishing Mills",Materials,2026-10-04
1074540,,,,2026-10-04
1074692,,,,2026-10-04
1074769,,,,2026-10-04
1074828,6199,Finance Services,Financials,2026-10-04
1074871,3841,Surgical & Medical Instruments & Apparatus,Health Care,2026-10-04
1074902,6021,National Commercial Banks,Financials,2026-10-04
1074952,,,,2026-10-04
1075124,2741,Miscellaneous Publishing,Communication Services,2026-10-04
1075415,6798,Real Estate Investment Trusts,Real Estate,2026-10-04
1075531,4700,Transportation Services,Industrials,2026-10-04
1075736,4813,Telephone Communications (No Radiotelephone),Communication Services,2026-10-04
1075880,2834,Pharmaceutical Preparations,Health Care,2026-10-04
1076378,3241,"Cement, Hydraulic",Materials,2026-10-04
1076930,3690,"Miscellaneous Electrical Machinery, Equipment & Supplies",Information Technology,2026-10-04
1077183,8734,Services-Testing Laboratories,Industrials,2026-10-04
1077428,6022,State Commercial Banks,Financials,2026-10-04
1077688,2510,Household Furniture,Consumer Discretionary,2026-10-04
1078075,7373,Services-Computer Integrated Systems Design,Information Technology,2026-10-04
1078271,3576,Computer Communications Equipment,Information Technology,2026-10-04
1080014,2834,Pharmaceutical Preparations,Health Care,2026-10-04
1080340,6798,Real Estate Investment Trusts,Real Estate,2026-10-04
1080657,6798,Real Estate Investment Trusts,Real Estate,2026-10-04
1080720,,,,2026-10-04
1081745,7372,Services-Prepackaged Software,Information Technology,2026-10-10
1082324,6794,Patent Owners & Lessors,Financials,2026-10-04
1082554,2834,Pharmaceutical Preparations,Health Care,2026-10-04
1083220,6794,Patent Owners & Lessors,Financials,2026-10-04
1083301,6199,Finance Services,Financials,2026-10-04
1083446,8742,Services-Management Consulting Services,Industrials,2026-10-04
1083743,3690,"Miscellaneous Electrical Machinery, Equipment & Supplies",Information Technology,2026-10-04
1083839,,,,2026-10-04
1084048,4822,Telegraph & Other Message Communications,Communication Services,2026-10-04
1084201,2834,Pharmaceutical Preparations,Health Care,2026-10-04
1084554,2810,Industrial Inorganic Chemicals,Materials,2026-10-04
1084765,7389,"Services-Business Services, NEC",Industrials,2026-10-04
1084869,5990,"Retail-Retail Stores, NEC",Consumer Discretionary,2026-10-04
1084961,6153,Short-Term Business Credit Institutions,Financials,2026-10-04
1084991,1389,"Oil & Gas Field Services, NEC",Energy,2026-10-04
1085243,3990,Miscellaneous Manufacturing Industries,Consumer Discretionary,2026-10-04
1086222,7389,"Services-Business Services, NEC",Industrials,2026-10-04
1086434,3661,Telephone & Telegraph Apparatus,Information Technology,2026-10-04
1086600,1221,Bituminous Coal & Lignite Surface Mining,Energy,2026-10-04
1086745,4899,"Communications Services, NEC",Communication Services,2026-10-04
1086888,6311,Life Insurance,Financials,2026-10-04
1087294,2834,Pharmaceutical Preparations,Health Care,2026-10-04
1088034,6099,"Functions Related To Depository Banking, NEC",Financials,2026-10-04
1088856,2834,Pharmaceutical Preparations,Health Care,2026-10-04
1089063,5940,Retail-Miscellaneous Shopping Goods Stores,Consumer Discretionary,2026-10-04
1089113,6035,"Savings Institution, Federally Chartered",Financials,2026-10-04
1089872,7812,Services-Motion Picture & Video Tape Production,Communication Services,2026-10-04
1089907,6159,Miscellaneous Business Credit Institution,Financials,2026-10-04
1090009,6021,National Commercial Banks,Financials,2026-10-04
1090012,1311,Crude Petroleum & Natural Gas,Energy,2026-10-04
1090116,,,,2026-10-04
1090425,6798,Real Estate Investment Trusts,Real Estate,2026-10-04
1090727,4210,Trucking & Courier Services (No Air),Industrials,2026-10-04
1090872,3826,Laboratory Analytical Instruments,Information Technology,2026-10-04
1091223,7372,Services-Prepackaged Software,Information Technology,2026-10-04
1091667,4841,Cable & Other Pay Television Services,Communication Services,2026-10-04
1092699,7372,Services-Prepackaged Software,Information Technology,2026-10-04
1092796,3480,"Ordnance & Accessories, (No Vehicles/Guided Missiles)",Industrials,2026-10-04
1093557,3841,Surgical & Medical Instruments & Apparatus,Health Care,2026-10-04
1093672,6022,State Commercial Banks,Financials,2026-10-04
1093691,3620,Electrical Industrial Apparatus,Information Technology,2026-10-04
1094038,2834,Pharmaceutical Preparations,Health Care,2026-10-04
1094285,3812,"Search, Detection, Navigation, Guidance, Aeronautical Sys",Industrials,2026-10-04
1094324,7370,"Services-Computer Programming, Data Processing, Etc.",Information Technology,2026-10-04
1094366,7389,"Services-Business Services, NEC",Industrials,2026-10-04
1094517,3711,Motor Vehicles & Passenger Car Bodies,Consumer Discretionary,2026-10-04
1094831,6200,"Security & Commodity Brokers, Dealers, Exchanges & Services",Financials,2026-10-04
1094972,4924,Natural Gas Distribution,Utilities,2026-10-04
1095052,1040,Gold and Silver Ores,Materials,2026-10-04
1095073,6331,"Fire, Marine & Casualty Insurance",Financials,2026-10-04
1095435,6199,Finance Services,Financials,2026-10-04
1095565,7370,"Services-Computer Programming, Data Processing, Etc.",Information Technology,2026-10-04
1095651,6798,Real Estate Investment Trusts,Real Estate,2026-10-04
1095981,3841,Surgical & Medical Instruments & Apparatus,Health Care,2026-10-04
1096056,2810,Industrial Inorganic Chemicals,Materials,2026-10-04
1096275,3714,Motor Vehicle Parts & Accessories,Consumer Discretionary,2026-10-04
1096343,6331,"Fire, Marine & Casualty Insurance",Financials,2026-10-04
1096752,2844,"Perfumes, Cosmetics & Other Toilet Preparations",Consumer Staples,2026-10-04
1097149,3842,"Orthopedic, Prosthetic & Surgical Appliances & Supplies",Health Care,2026-10-04
1097362,6311,Life Insurance,Financials,2026-10-04
1097864,3674,Semiconductors & Related Devices,Information Technology,2026-10-10
1098146,6021,National Commercial Banks,Financials,2026-10-10
1098151,6021,National Commercial Banks,Financials,2026-10-10
1098972,2836,"Biological Products, (No Diagnostic Substances)",Health Care,2026-10-04
1099160,4832,Radio Broadcasting Stations,Communication Services,2026-10-04
1099219,6311,Life Insurance,Financials,2026-10-04
1099590,7389,"Services-Business Services, NEC",Industrials,2026-10-04
1099800,3842,"Orthopedic, Prosthetic & Surgical Appliances & Supplies",Health Care,2026-10-04
1100682,8731,Services-Commercial Physical & Biological Research,Health Care,2026-10-04
1101215,6141,Personal Credit Institutions,Financials,2026-10-04
1101239,6798,Real Estate Investment Trusts,Real Estate,2026-10-04
1101302,3089,"Plastics Products, NEC",Materials,2026-10-04
1102238,6510,Real Estate Operators (No Developers) & Lessors,Real Estate,2026-10-04
1103838,6029,"Commercial Banks, NEC",Financials,2026-10-04
1103982,2000,Food and Kindred Products,Consumer Staples,2026-10-04
1104038,6199,Finance Services,Financials,2026-10-04
1104485,1311,Crude Petroleum & Natural Gas,Energy,2026-10-04
1104506,2834,Pharmaceutical Preparations,Health Care,2026-10-04
1104657,3460,Metal Forgings & Stampings,Industrials,2026-10-04
1105101,7370,"Services-Computer Programming, Data Processing, Etc.",Information Technology,2026-10-04
1106644,2834,Pharmaceutical Preparations,Health Care,2026-10-04
1107421,2834,Pharmaceutical Preparations,Health Care,2026-10-04
1107843,7372,Services-Prepackaged Software,Information Technology,2026-10-04
1108109,8062,"Services-General Medical & Surgical Hospitals, NEC",Health Care,2026-10-04
1108134,6036,"Savings Institutions, Not Federally Chartered",Financials,2026-10-04
1108205,2836,"Biological Products, (No Diagnostic Substances)",Health Care,2026-10-04
1108426,4911,Electric Services,Utilities,2026-10-04
1108524,7372,Services-Prepackaged Software,Information Technology,2026-10-04
1109116,4833,Television Broadcasting Stations,Communication Services,2026-10-04
1109138,3827,Optical Instruments & Lenses,Information Technology,2026-10-04
1109242,6021,National Commercial Banks,Financials,2026-10-04
1109345,3827,Optical Instruments & Lenses,Information Technology,2026-10-04
1109354,3826,Laboratory Analytical Instruments,Information Technology,2026-10-04
1109357,4931,Electric & Other Services Combined,Utilities,2026-10-04
1110646,7372,Services-Prepackaged Software,Information Technology,2026-10-04
1110803,3826,Laboratory Analytical Instruments,Information Technology,2026-10-04
1111335,3714,Motor Vehicle Parts & Accessories,Consumer Discretionary,2026-10-04
1111485,3851,Ophthalmic Goods,Health Care,2026-10-04
1111711,4931,Electric & Other Services Combined,Utilities,2026-10-04
1111928,3674,Semiconductors & Related Devices,Information Technology,2026-10-04
1113169,6282,Investment Advice,Financials,2026-10-04
1113232,3559,"Special Industry Machinery, NEC",Industrials,2026-10-04
1113809,5945,"Retail-Hobby, Toy & Game Shops",Consumer Discretionary,2026-10-04
1114446,6021,National Commercial Banks,Financials,2026-10-10
1114448,2834,Pharmaceutical Preparations,Health Care,2026-10-10
1114483,3845,Electromedical & Electrotherapeutic Apparatus,Health Care,2026-10-10
1114700,6029,"Commercial Banks, NEC",Financials,2026-10-10
1114925,3576,Computer Communications Equipment,Information Technology,2026-10-10
1114927,6035,"Savings Institution, Federally Chartered",Financials,2026-10-10
1114995,3679,"Electronic Components, NEC",Information Technology,2026-10-04
1116132,3100,Leather & Leather Products,Consumer Discretionary,2026-10-04
1116463,3841,Surgical & Medical Instruments & Apparatus,Health Care,2026-10-04
1116578,6311,Life Insurance,Financials,2026-10-04
1116942,3672,Printed Circuit Boards,Information Technology,2026-10-04
1117057,2030,"Canned, Frozen & Preservd Fruit, Veg & Food Specialties",Consumer Staples,2026-10-04
1117297,7389,"Services-Business Services, NEC",Industrials,2026-10-04
1119083,7371,Services-Computer Programming Services,Information Technology,2026-10-04
1119639,1311,Crude Petroleum & Natural Gas,Energy,2026-10-04
1119769,3663,Radio & Tv Broadcasting & Communications Equipment,Information Technology,2026-10-04
1119774,2836,"Biological Products, (No Diagnostic Substances)",Health Care,2026-10-04
1120193,6200,"Security & Commodity Brokers, Dealers, Exchanges & Services",Financials,2026-10-04
1120370,3360,Nonferrous Foundries (Castings),Materials,2026-10-04
1120914,7372,Services-Prepackaged Software,Information Technology,2026-10-04
1120970,2860,Industrial Organic Chemicals,Materials,2026-10-04
1121404,2834,Pharmaceutical Preparations,Health Care,2026-10-04
1121484,3533,Oil & Gas Field Machinery & Equipment,Industrials,2026-10-04
1121788,3812,"Search, Detection, Navigation, Guidance, Aeronautical Sys",Industrials,2026-10-04
1122411,3674,Semiconductors & Related Devices,Information Technology,2026-10-04
1122904,3576,Computer Communications Equipment,Information Technology,2026-10-04
1122976,2821,"Plastic Materials, Synth Resins & Nonvulcan Elastomers",Materials,2026-10-04
1123134,3674,Semiconductors & Related Devices,Information Technology,2026-10-04
1123360,7389,"Services-Business Services, NEC",Industrials,2026-10-04
1123452,4581,"Airports, Flying Fields & Airport Terminal Services",Industrials,2026-10-04
1123494,3826,Laboratory Analytical Instruments,Information Technology,2026-10-04
1123799,7371,Services-Computer Programming Services,Information Technology,2026-10-04
1124105,2834,Pharmaceutical Preparations,Health Care,2026-10-04
1124198,1600,Heavy Construction Other Than Bldg Const - Contractors,Industrials,2026-10-04
1124524,2834,Pharmaceutical Preparations,Health Care,2026-10-04
1124796,3674,Semiconductors & Related Devices,Information Technology,2026-10-04
1125345,2834,Pharmaceutical Preparations,Health Care,2026-10-04
1125376,8051,Services-Skilled Nursing Care Facilities,Health Care,2026-10-04
1126328,6321,Accident & Health Insurance,Financials,2026-10-04
1126741,3674,Semiconductors & Related Devices,Information Technology,2026-10-04
1126956,4924,Natural Gas Distribution,Utilities,2026-10-04
1127248,4911,Electric Services,Utilities,2026-10-04
1127371,6022,State Commercial Banks,Financials,2026-10-04
1127537,3841,Surgical & Medical Instruments & Apparatus,Health Care,2026-10-04
1128361,6021,National Commercial Banks,Financials,2026-10-04
1128928,2000,Food and Kindred Products,Consumer Staples,2026-10-04
1129137,4813,Telephone Communications (No Radiotelephone),Communication Services,2026-10-04
1129928,2834,Pharmaceutical Preparations,Health Care,2026-10-04
1130144,6022,State Commercial Banks,Financials,2026-10-04
1130166,5099,"Wholesale-Durable Goods, NEC",Industrials,2026-10-04
1130310,4911,Electric Services,Utilities,2026-10-04
1130464,4911,Electric Services,Utilities,2026-10-04
1130598,2834,Pharmaceutical Preparations,Health Care,2026-10-10
1130713,5961,Retail-Catalog & Mail-Order Houses,Consumer Discretionary,2026-10-10
1131343,2834,Pharmaceutical Preparations,Health Care,2026-10-04
1131383,8711,Services-Engineering Services,Industrials,2026-10-04
1131399,2834,Pharmaceutical Preparations,Health Care,2026-10-04
1132105,5940,Retail-Miscellaneous Shopping Goods Stores,Consumer Discretionary,2026-10-04
1132597,6022,State Commercial Banks,Financials,2026-10-04
1132651,6021,National Commercial Banks,Financials,2026-10-04
1132924,4812,Radiotelephone Communications,Communication Services,2026-10-04
1133311,7310,Services-Advertising,Communication Services,2026-10-04
1133416,2834,Pharmaceutical Preparations,Health Care,2026-10-04
1133421,3812,"Search, Detection, Navigation, Guidance, Aeronautical Sys",Industrials,2026-10-04
1133869,2834,Pharmaceutical Preparations,Health Care,2026-10-04
1134115,1000,Metal Mining,Materials,2026-10-04
1135951,2834,Pharmaceutical Preparations,Health Care,2026-10-04
1136869,3842,"Orthopedic, Prosthetic & Surgical Appliances & Supplies",Health Care,2026-10-04
1136893,7389,"Services-Business Services, NEC",Industrials,2026-10-04
1137091,3510,Engines & Turbines,Industrials,2026-10-04
1137774,6311,Life Insurance,Financials,2026-10-04
1137789,3572,Computer Storage Devices,Information Technology,2026-10-04
1137887,,,,2026-10-04
1138118,6500,Real Estate,Real Estate,2026-10-04
1138723,3841,Surgical & Medical Instruments & Apparatus,Health Care,2026-10-04
1139685,8734,Services-Testing Laboratories,Industrials,2026-10-04
1140102,7363,Services-Help Supply Services,Industrials,2026-10-04
1140215,2086,Bottled & Canned Soft Drinks & Carbonated Waters,Consumer Staples,2026-10-04
1140411,,,,2026-10-04
1140536,6411,"Insurance Agents, Brokers & Service",Financials,2026-10-04
1140625,2911,Petroleum Refining,Energy,2026-10-04
1140859,5122,"Wholesale-Drugs, Proprietaries & Druggists' Sundries",Health Care,2026-10-04
1141197,1311,Crude Petroleum & Natural Gas,Energy,2026-10-04
1141391,7389,"Services-Business Services, NEC",Industrials,2026-10-04
1141688,6021,National Commercial Banks,Financials,2026-10-04
1142417,4833,Television Broadcasting Stations,Communication Services,2026-10-04
1142750,7363,Services-Help Supply Services,Industrials,2026-10-04
1144215,3640,Electric Lighting & Wiring Equipment,Information Technology,2026-10-04
1144800,4911,Electric Services,Utilities,2026-10-04
1144879,7374,Services-Computer Processing & Data Preparation,Information Technology,2026-10-04
1144967,6029,"Commercial Banks, NEC",Financials,2026-10-04
1144980,5500,Retail-Auto Dealers & Gasoline Stations,Consumer Discretionary,2026-10-04
1145197,3841,Surgical & Medical Instruments & Apparatus,Health Care,2026-10-04
1145255,6282,Investment Advice,Financials,2026-10-04
1145986,5030,Wholesale-Lumber & Other Construction Materials,Industrials,2026-10-04
1156039,6324,Hospital & Medical Service Plans,Financials,2026-10-04
1156041,1311,Crude Petroleum & Natural Gas,Energy,2026-10-04
1156375,6200,"Security & Commodity Brokers, Dealers, Exchanges & Services",Financials,2026-10-04
1157075,2836,"Biological Products, (No Diagnostic Substances)",Health Care,2026-10-04
1157408,8200,Services-Educational Services,Consumer Discretionary,2026-10-04
1157557,4911,Electric Services,Utilities,2026-10-04
1157601,2834,Pharmaceutical Preparations,Health Care,2026-10-04
1157647,6035,"Savings Institution, Federally Chartered",Financials,2026-10-04
1157842,,,,2026-10-04
1158114,3674,Semiconductors & Related Devices,Information Technology,2026-10-04
1158172,7389,"Services-Business Services, NEC",Industrials,2026-10-04
1158289,,,,2026-10-04
1158324,4899,"Communications Services, NEC",Communication Services,2026-10-04
1158449,5531,Retail-Auto & Home Supply Stores,Consumer Discretionary,2026-10-04
1158463,4512,"Air Transportation, Scheduled",Industrials,2026-10-04
1158780,2836,"Biological Products, (No Diagnostic Substances)",Health Care,2026-10-04
1158895,3841,Surgical & Medical Instruments & Apparatus,Health Care,2026-10-04
1159036,2836,"Biological Products, (No Diagnostic Substances)",Health Care,2026-10-04
1159152,3272,"Concrete Products, Except Block & Brick",Materials,2026-10-04
1159508,6022,State Commercial Banks,Financials,2026-10-04
1160106,6029,"Commercial Banks, NEC",Financials,2026-10-04
1160308,2834,Pharmaceutical Preparations,Health Care,2026-10-04
1160330,6022,State Commercial Banks,Financials,2026-10-04
1160864,,,,2026-10-04
1160990,,,,2026-10-04
1161125,6029,"Commercial Banks, NEC",Financials,2026-10-04
1161728,4900,"Electric, Gas & Sanitary Services",Utilities,2026-10-04
1162027,,,,2026-10-04
1162194,2834,Pharmaceutical Preparations,Health Care,2026-10-04
1162896,1311,Crude Petroleum & Natural Gas,Energy,2026-10-04
1163165,2911,Petroleum Refining,Energy,2026-10-04
1163370,6035,"Savings Institution, Federally Chartered",Financials,2026-10-10
1163653,6211,"Security Brokers, Dealers & Flotation Companies",Financials,2026-10-10
1163668,6022,State Commercial Banks,Financials,2026-10-10
1163739,1381,Drilling Oil & Gas Wells,Energy,2026-10-10
1163792,,,,2026-10-10
1164727,1040,Gold and Silver Ores,Materials,2026-10-04
1164771,1040,Gold and Silver Ores,Materials,2026-10-04
1164863,3050,"Gaskets, Packg & Sealg Devices & Rubber & Plastics Hose",Materials,2026-10-04
1165002,6282,Investment Advice,Financials,2026-10-04
1166003,4700,Transportation Services,Industrials,2026-10-04
1166663,4412,Deep Sea Foreign Transportation of  Freight,Industrials,2026-10-04
1166691,4841,Cable & Other Pay Television Services,Communication Services,2026-10-04
1166928,6022,State Commercial Banks,Financials,2026-10-04
1167379,3851,Ophthalmic Goods,Health Care,2026-10-04
1167419,6199,Finance Services,Financials,2026-10-04
1168455,6153,Short-Term Business Credit Institutions,Financials,2026-10-04
1169034,,,,2026-10-04
1169561,7372,Services-Prepackaged Software,Information Technology,2026-10-04
1169770,6021,National Commercial Banks,Financials,2026-10-04
1170010,5500,Retail-Auto Dealers & Gasoline Stations,Consumer Discretionary,2026-10-04
1170299,,,,2026-10-04
1170311,,,,2026-10-04
1170858,4941,Water Supply,Utilities,2026-10-04
1171155,4731,Arrangement of  Transportation of  Freight & Cargo,Industrials,2026-10-04
1171471,,,,2026-10-04
1171486,1221,Bituminous Coal & Lignite Surface Mining,Energy,2026-10-04
1171759,5812,Retail-Eating  Places,Consumer Discretionary,2026-10-04
1172052,6331,"Fire, Marine & Casualty Insurance",Financials,2026-10-04
1172358,1311,Crude Petroleum & Natural Gas,Energy,2026-10-04
1172724,1040,Gold and Silver Ores,Materials,2026-10-04
1173204,7841,Services-Video Tape Rental,Communication Services,2026-10-04
1173313,2834,Pharmaceutical Preparations,Health Care,2026-10-04
1173382,3690,"Miscellaneous Electrical Machinery, Equipment & Supplies",Information Technology,2026-10-04
1173420,1040,Gold and Silver Ores,Materials,2026-10-04
1173489,7370,"Services-Computer Programming, Data Processing, Etc.",Information Technology,2026-10-04
1173514,3537,"Industrial Trucks, Tractors, Trailors & Stackers",Industrials,2026-10-04
1173643,1040,Gold and Silver Ores,Materials,2026-10-04
1174164,,,,2026-10-04
1174169,4911,Electric Services,Utilities,2026-10-04
1174850,6021,National Commercial Banks,Financials,2026-10-04
1174922,7011,Hotels & Motels,Consumer Discretionary,2026-10-04
1174940,2834,Pharmaceutical Preparations,Health Care,2026-10-04
1175151,3841,Surgical & Medical Instruments & Apparatus,Health Care,2026-10-04
1175454,7389,"Services-Business Services, NEC",Industrials,2026-10-04
1176199,,,,2026-10-04
1176309,2834,Pharmaceutical Preparations,Health Care,2026-10-04
1176334,5171,Wholesale-Petroleum Bulk Stations & Terminals,Industrials,2026-10-04
1176948,6282,Investment Advice,Financials,2026-10-04
1176984,,,,2026-10-04
1177394,5045,Wholesale-Computers & Peripheral Equipment & Software,Information Technology,2026-10-04
1177609,5331,Retail-Variety Stores,Consumer Discretionary,2026-10-04
1177648,2834,Pharmaceutical Preparations,Health Care,2026-10-04
1177702,4213,Trucking (No Local),Industrials,2026-10-04
1178253,2834,Pharmaceutical Preparations,Health Care,2026-10-04
1178670,2834,Pharmaceutical Preparations,Health Care,2026-10-04
1178697,3661,Telephone & Telegraph Apparatus,Information Technology,2026-10-04
1178819,1040,Gold and Silver Ores,Materials,2026-10-04
1178839,,,,2026-10-04
1178970,6035,"Savings Institution, Federally Chartered",Financials,2026-10-04
1179929,6324,Hospital & Medical Service Plans,Financials,2026-10-10
1180262,5122,"Wholesale-Drugs, Proprietaries & Druggists' Sundries",Health Care,2026-10-10
1181412,7370,"Services-Computer Programming, Data Processing, Etc.",Information Technology,2026-10-04
1185348,6153,Short-Term Business Credit Institutions,Financials,2026-10-04
1187953,2836,"Biological Products, (No Diagnostic Substances)",Health Care,2026-10-04
1189740,,,,2026-10-04
1190723,3312,"Steel Works, Blast Furnaces & Rolling Mills (Coke Ovens)",Materials,2026-10-04
1190935,,,,2026-10-04
1191070,2834,Pharmaceutical Preparations,Health Care,2026-10-04
1192448,3841,Surgical & Medical Instruments & Apparatus,Health Care,2026-10-04
1195737,,,,2026-10-04
1195738,,,,2026-10-04
1195739,,,,2026-10-04
1196298,3841,Surgical & Medical Instruments & Apparatus,Health Care,2026-10-10
1199004,,,,2026-10-04
1200375,2860,Industrial Organic Chemicals,Materials,2026-10-04
1201792,8200,Services-Educational Services,Consumer Discretionary,2026-10-04
1203464,1040,Gold and Silver Ores,Materials,2026-10-04
1206264,2510,Household Furniture,Consumer Discretionary,2026-10-04
1207179,4400,Water Transportation,Industrials,2026-10-04
1210123,,,,2026-10-04
1210677,7374,Services-Computer Processing & Data Preparation,Information Technology,2026-10-04
1210708,7363,Services-Help Supply Services,Industrials,2026-10-04
1211583,2836,"Biological Products, (No Diagnostic Substances)",Health Care,2026-10-04
1211805,7372,Services-Prepackaged Software,Information Technology,2026-10-04
1212545,6022,State Commercial Banks,Financials,2026-10-10
1213037,2836,"Biological Products, (No Diagnostic Substances)",Health Care,2026-10-10
1213809,2836,"Biological Products, (No Diagnostic Substances)",Health Care,2026-10-04
1214816,6331,"Fire, Marine & Casualty Insurance",Financials,2026-10-04
1214935,,,,2026-10-04
1215913,,,,2026-10-04
1216583,,,,2026-10-04
1217234,8071,Services-Medical Laboratories,Health Care,2026-10-04
1218683,6199,Finance Services,Financials,2026-10-04
1219120,,,,2026-10-04
1219360,,,,2026-10-04
1219601,3411,Metal Cans,Industrials,2026-10-04
1221029,3241,"Cement, Hydraulic",Materials,2026-10-04
1222333,6221,Commodity Contracts Brokers & Dealers,Financials,2026-10-04
1222401,,,,2026-10-04
1222719,,,,2026-10-04
1222922,,,,2026-10-04
1224133,7372,Services-Prepackaged Software,Information Technology,2026-10-04
1224450,,,,2026-10-04
1224608,6321,Accident & Health Insurance,Financials,2026-10-04
1226616,2834,Pharmaceutical Preparations,Health Care,2026-10-04
1227073,,,,2026-10-04
1227476,,,,2026-10-04
1227500,6022,State Commercial Banks,Financials,2026-10-04
1227636,3841,Surgical & Medical Instruments & Apparatus,Health Care,2026-10-04
1227654,1400,Mining & Quarrying of  Nonmetallic Minerals (No Fuels),Materials,2026-10-04
1227857,,,,2026-10-04
1227862,,,,2026-10-04
1228454,6035,"Savings Institution, Federally Chartered",Financials,2026-10-04
1228509,,,,2026-10-04
1228627,2834,Pharmaceutical Preparations,Health Care,2026-10-04
1230245,6211,"Security Brokers, Dealers & Flotation Companies",Financials,2026-10-04
1230869,,,,2026-10-04
1231346,1040,Gold and Silver Ores,Materials,2026-10-04
1231457,2834,Pharmaceutical Preparations,Health Care,2026-10-04
1232384,4922,Natural Gas Transmission,Utilities,2026-10-04
1232524,2834,Pharmaceutical Preparations,Health Care,2026-10-04
1232582,6798,Real Estate Investment Trusts,Real Estate,2026-10-04
1233087,,,,2026-10-04
1233681,,,,2026-10-04
1234006,6519,"Lessors of  Real Property, NEC",Real Estate,2026-10-04
1235468,7389,"Services-Business Services, NEC",Industrials,2026-10-04
1235912,3841,Surgical & Medical Instruments & Apparatus,Health Care,2026-10-04
1236275,5030,Wholesale-Lumber & Other Construction Materials,Industrials,2026-10-04
1237831,3841,Surgical & Medical Instruments & Apparatus,Health Care,2026-10-04
1243429,3312,"Steel Works, Blast Furnaces & Rolling Mills (Coke Ovens)",Materials,2026-10-04
1244183,,,,2026-10-04
1245648,,,,2026-10-10
1253327,,,,2026-10-04
1253689,2834,Pharmaceutical Preparations,Health Care,2026-10-04
1253986,6798,Real Estate Investment Trusts,Real Estate,2026-10-04
1254370,,,,2026-10-04
1254699,5961,Retail-Catalog & Mail-Order Houses,Consumer Discretionary,2026-10-04
1257640,2810,Industrial Inorganic Chemicals,Materials,2026-10-04
1258602,6141,Personal Credit Institutions,Financials,2026-10-04
1258623,,,,2026-10-04
1259708,,,,2026-10-04
1260041,,,,2026-10-04
1260221,3728,"Aircraft Parts & Auxiliary Equipment, NEC",Industrials,2026-10-04
1260563,6163,Loan Brokers,Financials,2026-10-04
1260729,,,,2026-10-04
1261166,,,,2026-10-04
1261333,7372,Services-Prepackaged Software,Information Technology,2026-10-04
1261654,8200,Services-Educational Services,Consumer Discretionary,2026-10-10
1262039,3577,"Computer Peripheral Equipment, NEC",Information Technology,2026-10-10
1262104,2834,Pharmaceutical Preparations,Health Care,2026-10-10
1262823,2860,Industrial Organic Chemicals,Materials,2026-10-04
1262976,2750,Commercial Printing,Communication Services,2026-10-04
1263043,6021,National Commercial Banks,Financials,2026-10-04
1263364,1000,Metal Mining,Materials,2026-10-04
1263994,,,,2026-10-04
1264136,6029,"Commercial Banks, NEC",Financials,2026-10-04
1265131,6022,State Commercial Banks,Financials,2026-10-04
1266585,,,,2026-10-04
1266806,3845,Electromedical & Electrotherapeutic Apparatus,Health Care,2026-10-04
1267238,6399,"Insurance Carriers, NEC",Financials,2026-10-04
1267332,6189,Asset-Backed Securities,Financials,2026-10-04
1267565,2834,Pharmaceutical Preparations,Health Care,2026-10-04
1267902,,,,2026-10-04
1268533,,,,2026-10-04
1268884,,,,2026-10-04
1269026,3841,Surgical & Medical Instruments & Apparatus,Health Care,2026-10-04
1269238,7389,"Services-Business Services, NEC",Industrials,2026-10-04
1270131,,,,2026-10-04
1270436,6211,"Security Brokers, Dealers & Flotation Companies",Financials,2026-10-04
1270523,,,,2026-10-04
1272842,3663,Radio & Tv Broadcasting & Communications Equipment,Information Technology,2026-10-04
1273441,1311,Crude Petroleum & Natural Gas,Energy,2026-10-04
1273685,6798,Real Estate Investment Trusts,Real Estate,2026-10-04
1273813,6351,Surety Insurance,Financials,2026-10-04
1274494,3674,Semiconductors & Related Devices,Information Technology,2026-10-04
1274737,8071,Services-Medical Laboratories,Health Care,2026-10-04
1275014,3674,Semiconductors & Related Devices,Information Technology,2026-10-04
1275101,6022,State Commercial Banks,Financials,2026-10-04
1275158,5812,Retail-Eating  Places,Consumer Discretionary,2026-10-04
1275168,6022,State Commercial Banks,Financials,2026-10-04
1275187,3841,Surgical & Medical Instruments & Apparatus,Health Care,2026-10-04
1275214,,,,2026-10-04
1275617,,,,2026-10-04
1276187,4922,Natural Gas Transmission,Utilities,2026-10-04
1276520,6311,Life Insurance,Financials,2026-10-04
1276533,,,,2026-10-04
1277866,1040,Gold and Silver Ores,Materials,2026-10-04
1277902,6022,State Commercial Banks,Financials,2026-10-04
1278021,6211,"Security Brokers, Dealers & Flotation Companies",Financials,2026-10-10
1278027,2000,Food and Kindred Products,Consumer Staples,2026-10-10
1278211,,,,2026-10-10
1278680,6221,Commodity Contracts Brokers & Dealers,Financials,2026-10-10
1278752,,,,2026-10-10
1278895,,,,2026-10-04
1279014,,,,2026-10-04
1279495,1381,Drilling Oil & Gas Wells,Energy,2026-10-04
1279704,2834,Pharmaceutical Preparations,Health Care,2026-10-04
1280058,7372,Services-Prepackaged Software,Information Technology,2026-10-04
1280263,3674,Semiconductors & Related Devices,Information Technology,2026-10-04
1280452,3674,Semiconductors & Related Devices,Information Technology,2026-10-04
1280776,2834,Pharmaceutical Preparations,Health Care,2026-10-04
1280784,,,,2026-10-04
1281761,6021,National Commercial Banks,Financials,2026-10-04
1281895,2834,Pharmaceutical Preparations,Health Care,2026-10-04
1281926,,,,2026-10-04
1282224,7200,Services-Personal Services,Consumer Discretionary,2026-10-04
1282637,2860,Industrial Organic Chemicals,Materials,2026-10-04
1282648,1311,Crude Petroleum & Natural Gas,Energy,2026-10-04
1282957,,,,2026-10-04
1283337,6189,Asset-Backed Securities,Financials,2026-10-04
1283464,6189,Asset-Backed Securities,Financials,2026-10-04
1283699,4812,Radiotelephone Communications,Communication Services,2026-10-04
1284143,6189,Asset-Backed Securities,Financials,2026-10-04
1284812,6282,Investment Advice,Financials,2026-10-04
1285550,3841,Surgical & Medical Instruments & Apparatus,Health Care,2026-10-04
1285650,,,,2026-10-04
1285785,2870,Agricultural Chemicals,Materials,2026-10-04
1285819,2834,Pharmaceutical Preparations,Health Care,2026-10-04
1285890,,,,2026-10-04
1286043,6798,Real Estate Investment Trusts,Real Estate,2026-10-04
1286139,7374,Services-Computer Processing & Data Preparation,Information Technology,2026-10-04
1286405,6189,Asset-Backed Securities,Financials,2026-10-04
1286613,8200,Services-Educational Services,Consumer Discretionary,2026-10-04
1286681,5140,Wholesale-Groceries & Related Products,Consumer Staples,2026-10-04
1286973,1000,Metal Mining,Materials,2026-10-04
1287098,8731,Services-Commercial Physical & Biological Research,Health Care,2026-10-04
1287213,3531,Construction Machinery & Equip,Industrials,2026-10-04
1287480,,,,2026-10-04
1287498,,,,2026-10-04
1287865,6798,Real Estate Investment Trusts,Real Estate,2026-10-04
1288403,1311,Crude Petroleum & Natural Gas,Energy,2026-10-04
1288469,3674,Semiconductors & Related Devices,Information Technology,2026-10-04
1288795,,,,2026-10-04
1288847,7374,Services-Computer Processing & Data Preparation,Information Technology,2026-10-04
1288855,6021,National Commercial Banks,Financials,2026-10-04
1288992,,,,2026-10-04
1289308,3690,"Miscellaneous Electrical Machinery, Equipment & Supplies",Information Technology,2026-10-04
1289340,3845,Electromedical & Electrotherapeutic Apparatus,Health Care,2026-10-04
1289419,6282,Investment Advice,Financials,2026-10-04
1289460,5812,Retail-Eating  Places,Consumer Discretionary,2026-10-04
1289490,6798,Real Estate Investment Trusts,Real Estate,2026-10-04
1289848,8742,Services-Management Consulting Services,Industrials,2026-10-04
1289868,,,,2026-10-04
1289877,4412,Deep Sea Foreign Transportation of  Freight,Industrials,2026-10-04
1289945,4812,Radiotelephone Communications,Communication Services,2026-10-04
1290109,3679,"Electronic Components, NEC",Information Technology,2026-10-04
1290677,2100,Tobacco Products,Consumer Staples,2026-10-04
1290877,8880,American Depositary Receipts,Industrials,2026-10-04
1290900,3714,Motor Vehicle Parts & Accessories,Consumer Discretionary,2026-10-04
1291334,,,,2026-10-04
1291855,3674,Semiconductors & Related Devices,Information Technology,2026-10-04
1293135,1311,Crude Petroleum & Natural Gas,Energy,2026-10-04
1293613,,,,2026-10-04
1294133,3842,"Orthopedic, Prosthetic & Surgical Appliances & Supplies",Health Care,2026-10-04
1294808,6189,Asset-Backed Securities,Financials,2026-10-10
1295401,6021,National Commercial Banks,Financials,2026-10-04
1295810,7011,Hotels & Motels,Consumer Discretionary,2026-10-04
1295947,2834,Pharmaceutical Preparations,Health Care,2026-10-04
1296250,,,,2026-10-04
1296445,4911,Electric Services,Utilities,2026-10-04
1296484,4412,Deep Sea Foreign Transportation of  Freight,Industrials,2026-10-04
1296774,6199,Finance Services,Financials,2026-10-04
1297107,6022,State Commercial Banks,Financials,2026-10-04
1297184,2834,Pharmaceutical Preparations,Health Care,2026-10-04
1297341,6035,"Savings Institution, Federally Chartered",Financials,2026-10-04
1297989,7389,"Services-Business Services, NEC",Industrials,2026-10-04
1297996,6798,Real Estate Investment Trusts,Real Estate,2026-10-04
1298675,6798,Real Estate Investment Trusts,Real Estate,2026-10-04
1298946,6798,Real Estate Investment Trusts,Real Estate,2026-10-04
1299130,3826,Laboratory Analytical Instruments,Information Technology,2026-10-04
1299709,6035,"Savings Institution, Federally Chartered",Financials,2026-10-04
1299969,6500,Real Estate,Real Estate,2026-10-04
1300391,,,,2026-10-04
1300514,7011,Hotels & Motels,Consumer Discretionary,2026-10-04
1301787,5031,"Wholesale-Lumber, Plywood, Millwork & Wood Panels",Industrials,2026-10-04
1302215,6282,Investment Advice,Financials,2026-10-04
1302387,6035,"Savings Institution, Federally Chartered",Financials,2026-10-04
1303523,2111,Cigarettes,Consumer Staples,2026-10-04
1304492,4813,Telephone Communications (No Radiotelephone),Communication Services,2026-10-04
1306550,,,,2026-10-04
1306830,2820,"Plastic Material, Synth Resin/Rubber, Cellulos (No Glass)",Materials,2026-10-04
1306965,1311,Crude Petroleum & Natural Gas,Energy,2026-10-04
1307579,3590,Misc Industrial & Commercial Machinery & Equipment,Industrials,2026-10-04
1307748,6798,Real Estate Investment Trusts,Real Estate,2026-10-04
1307954,2800,Chemicals & Allied Products,Materials,2026-10-04
1308208,4213,Trucking (No Local),Industrials,2026-10-04
1308335,,,,2026-10-04
1308547,6794,Patent Owners & Lessors,Financials,2026-10-04
1308648,1040,Gold and Silver Ores,Materials,2026-10-04
1308927,,,,2026-10-04
1309108,7389,"Services-Business Services, NEC",Industrials,2026-10-04
1309402,2860,Industrial Organic Chemicals,Materials,2026-10-04
1311370,6282,Investment Advice,Financials,2026-10-10
1313310,7374,Services-Computer Processing & Data Preparation,Information Technology,2026-10-04
1313510,,,,2026-10-04
1314052,2836,"Biological Products, (No Diagnostic Substances)",Health Care,2026-10-04
1314102,3826,Laboratory Analytical Instruments,Information Technology,2026-10-04
1314196,7389,"Services-Business Services, NEC",Industrials,2026-10-04
1314727,3651,Household Audio & Video Equipment,Information Technology,2026-10-04
1314966,,,,2026-10-04
1315098,7372,Services-Prepackaged Software,Information Technology,2026-10-04
1315257,2400,Lumber & Wood Products (No Furniture),Materials,2026-10-04
1315399,6022,State Commercial Banks,Financials,2026-10-04
1316463,,,,2026-10-04
1316835,5211,Retail-Lumber & Other Building Materials Dealers,Consumer Discretionary,2026-10-04
1317685,3580,Refrigeration & Service Industry Machinery,Industrials,2026-10-04
1317945,3430,"Heating Equip, Except Elec & Warm Air; & Plumbing Fixtures",Industrials,2026-10-04
1318008,5600,Retail-Apparel & Accessory Stores,Consumer Discretionary,2026-10-04
1318025,,,,2026-10-04
1318220,4953,Refuse Systems,Industrials,2026-10-04
1318484,5600,Retail-Apparel & Accessory Stores,Consumer Discretionary,2026-10-04
1318605,3711,Motor Vehicles & Passenger Car Bodies,Consumer Discretionary,2026-10-04
1318885,4412,Deep Sea Foreign Transportation of  Freight,Industrials,2026-10-04
1319161,7900,Services-Amusement & Recreation Services,Consumer Discretionary,2026-10-04
1319183,,,,2026-10-04
1319947,5661,Retail-Shoe Stores,Consumer Discretionary,2026-10-04
1320350,3841,Surgical & Medical Instruments & Apparatus,Health Care,2026-10-04
1320375,,,,2026-10-04
1320461,3714,Motor Vehicle Parts & Accessories,Consumer Discretionary,2026-10-04
1320760,8742,Services-Management Consulting Services,Industrials,2026-10-04
1320854,3743,Railroad Equipment,Industrials,2026-10-04
1321655,7372,Services-Prepackaged Software,Information Technology,2026-10-04
1321732,3841,Surgical & Medical Instruments & Apparatus,Health Care,2026-10-04
1321741,,,,2026-10-04
1321834,2835,In Vitro & In Vivo Diagnostic Substances,Health Care,2026-10-04
1321851,0100,Agricultural Production-Crops,Consumer Staples,2026-10-04
1322422,1000,Metal Mining,Materials,2026-10-04
1322435,,,,2026-10-04
1322436,,,,2026-10-04
1323404,1040,Gold and Silver Ores,Materials,2026-10-04
1323468,5171,Wholesale-Petroleum Bulk Stations & Terminals,Industrials,2026-10-04
1323885,3841,Surgical & Medical Instruments & Apparatus,Health Care,2026-10-04
1324404,2870,Agricultural Chemicals,Materials,2026-10-04
1324424,4700,Transportation Services,Industrials,2026-10-04
1324948,3562,Ball & Roller Bearings,Industrials,2026-10-04
1325618,3841,Surgical & Medical Instruments & Apparatus,Health Care,2026-10-04
1325670,6022,State Commercial Banks,Financials,2026-10-04
1325702,3674,Semiconductors & Related Devices,Information Technology,2026-10-04
1325964,3080,Miscellaneous Plastics Products,Materials,2026-10-04
1326110,2836,"Biological Products, (No Diagnostic Substances)",Health Care,2026-10-04
1326160,4931,Electric & Other Services Combined,Utilities,2026-10-04
1326190,2834,Pharmaceutical Preparations,Health Care,2026-10-04
1326200,4412,Deep Sea Foreign Transportation of  Freight,Industrials,2026-10-04
1326205,2834,Pharmaceutical Preparations,Health Care,2026-10-04
1326380,5734,Retail-Computer & Computer Software Stores,Consumer Discretionary,2026-10-04
1326732,2834,Pharmaceutical Preparations,Health Care,2026-10-04
1326801,7370,"Services-Computer Programming, Data Processing, Etc.",Information Technology,2026-10-04
1327068,6221,Commodity Contracts Brokers & Dealers,Financials,2026-10-04
1327567,3577,"Computer Peripheral Equipment, NEC",Information Technology,2026-10-10
1327607,6022,State Commercial Banks,Financials,2026-10-10
1327688,7374,Services-Computer Processing & Data Preparation,Information Technology,2026-10-10
1327811,7374,Services-Computer Processing & Data Preparation,Information Technology,2026-10-10
1328237,6221,Commodity Contracts Brokers & Dealers,Financials,2026-10-04
1328581,5030,Wholesale-Lumber & Other Construction Materials,Industrials,2026-10-04
1328598,6221,Commodity Contracts Brokers & Dealers,Financials,2026-10-04
1328792,3440,Fabricated Structural Metal Products,Industrials,2026-10-04
1328919,4412,Deep Sea Foreign Transportation of  Freight,Industrials,2026-10-04
1329099,7370,"Services-Computer Programming, Data Processing, Etc.",Information Technology,2026-10-04
1329394,3674,Semiconductors & Related Devices,Information Technology,2026-10-04
1329606,4924,Natural Gas Distribution,Utilities,2026-10-04
1330568,6221,Commodity Contracts Brokers & Dealers,Financials,2026-10-04
1331284,4412,Deep Sea Foreign Transportation of  Freight,Industrials,2026-10-04
1331520,6022,State Commercial Banks,Financials,2026-10-04
1331875,6361,Title Insurance,Financials,2026-10-04
1332174,6221,Commodity Contracts Brokers & Dealers,Financials,2026-10-04
1332283,,,,2026-10-04
1332349,8050,Services-Nursing & Personal Care Facilities,Health Care,2026-10-04
1332551,6798,Real Estate Investment Trusts,Real Estate,2026-10-04
1332943,,,,2026-10-04
1333141,8090,"Services-Misc Health & Allied Services, NEC",Health Care,2026-10-04
1333274,2611,Pulp Mills,Materials,2026-10-04
1333493,6411,"Insurance Agents, Brokers & Service",Financials,2026-10-04
1333822,3674,Semiconductors & Related Devices,Information Technology,2026-10-04
1333986,6411,"Insurance Agents, Brokers & Service",Financials,2026-10-04
1334036,3021,Rubber & Plastics Footwear,Consumer Discretionary,2026-10-04
1334325,3812,"Search, Detection, Navigation, Guidance, Aeronautical Sys",Industrials,2026-10-04
1334388,1311,Crude Petroleum & Natural Gas,Energy,2026-10-04
1334933,1090,Miscellaneous Metal Ores,Materials,2026-10-04
1334978,7310,Services-Advertising,Communication Services,2026-10-04
1335105,2834,Pharmaceutical Preparations,Health Care,2026-10-04
1335258,7900,Services-Amusement & Recreation Services,Consumer Discretionary,2026-10-04
1335730,6021,National Commercial Banks,Financials,2026-10-04
1336706,6022,State Commercial Banks,Financials,2026-10-04
1336917,2300,Apparel & Other Finishd Prods of  Fabrics & Similar Matl,Consumer Discretionary,2026-10-04
1336920,7373,Services-Computer Integrated Systems Design,Information Technology,2026-10-04
1337013,3841,Surgical & Medical Instruments & Apparatus,Health Care,2026-10-04
1337068,6035,"Savings Institution, Federally Chartered",Financials,2026-10-04
1337117,5065,"Wholesale-Electronic Parts & Equipment, NEC",Industrials,2026-10-04
1337298,2860,Industrial Organic Chemicals,Materials,2026-10-04
1337634,7990,Services-Miscellaneous Amusement & Recreation,Consumer Discretionary,2026-10-04
1338561,,,,2026-10-04
1338940,7371,Services-Computer Programming Services,Information Technology,2026-10-04
1339005,3841,Surgical & Medical Instruments & Apparatus,Health Care,2026-10-04
1339970,2836,"Biological Products, (No Diagnostic Substances)",Health Care,2026-10-04
1340677,1040,Gold and Silver Ores,Materials,2026-10-04
1340736,,,,2026-10-04
1340909,6189,Asset-Backed Securities,Financials,2026-10-04
1341170,4412,Deep Sea Foreign Transportation of  Freight,Industrials,2026-10-04
1341235,2834,Pharmaceutical Preparations,Health Care,2026-10-04
1341317,6022,State Commercial Banks,Financials,2026-10-04
1341335,1040,Gold and Silver Ores,Materials,2026-10-04
1341439,7372,Services-Prepackaged Software,Information Technology,2026-10-04
1341766,2086,Bottled & Canned Soft Drinks & Carbonated Waters,Consumer Staples,2026-10-04
1342338,3674,Semiconductors & Related Devices,Information Technology,2026-10-04
1342423,0100,Agricultural Production-Crops,Consumer Staples,2026-10-04
1342874,3312,"Steel Works, Blast Furnaces & Rolling Mills (Coke Ovens)",Materials,2026-10-04
1342958,3663,Radio & Tv Broadcasting & Communications Equipment,Information Technology,2026-10-04
1343491,6189,Asset-Backed Securities,Financials,2026-10-10
1343793,,,,2026-10-10
1345016,7200,Services-Personal Services,Consumer Discretionary,2026-10-04
1345099,2836,"Biological Products, (No Diagnostic Substances)",Health Care,2026-10-04
1345105,4512,"Air Transportation, Scheduled",Industrials,2026-10-04
1345126,2510,Household Furniture,Consumer Discretionary,2026-10-04
1346610,6200,"Security & Commodity Brokers, Dealers, Exchanges & Services",Financials,2026-10-04
1346830,2834,Pharmaceutical Preparations,Health Care,2026-10-04
1347178,2834,Pharmaceutical Preparations,Health Care,2026-10-04
1347426,6029,"Commercial Banks, NEC",Financials,2026-10-04
1347557,4581,"Airports, Flying Fields & Airport Terminal Services",Industrials,2026-10-04
1347858,2111,Cigarettes,Consumer Staples,2026-10-04
1348362,2834,Pharmaceutical Preparations,Health Care,2026-10-04
1348952,4911,Electric Services,Utilities,2026-10-04
1349436,1311,Crude Petroleum & Natural Gas,Energy,2026-10-04
1350102,3674,Semiconductors & Related Devices,Information Technology,2026-10-04
1350593,3490,Miscellaneous Fabricated Metal Products,Industrials,2026-10-04
1350653,3841,Surgical & Medical Instruments & Apparatus,Health Care,2026-10-04
1350869,,,,2026-10-04
1351636,7372,Services-Prepackaged Software,Information Technology,2026-10-04
1352010,7371,Services-Computer Programming Services,Information Technology,2026-10-04
1353226,6189,Asset-Backed Securities,Financials,2026-10-04
1353611,6221,Commodity Contracts Brokers & Dealers,Financials,2026-10-04
1353612,6221,Commodity Contracts Brokers & Dealers,Financials,2026-10-04
1353613,6221,Commodity Contracts Brokers & Dealers,Financials,2026-10-04
1353614,6221,Commodity Contracts Brokers & Dealers,Financials,2026-10-04
1353615,6221,Commodity Contracts Brokers & Dealers,Financials,2026-10-04
1354866,3690,"Miscellaneous Electrical Machinery, Equipment & Supplies",Information Technology,2026-10-04
1355444,3721,Aircraft,Industrials,2026-10-04
1355839,7370,"Services-Computer Programming, Data Processing, Etc.",Information Technology,2026-10-04
1355848,7812,Services-Motion Picture & Video Tape Production,Communication Services,2026-10-04
1356090,2834,Pharmaceutical Preparations,Health Care,2026-10-04
1356093,7373,Services-Computer Integrated Systems Design,Information Technology,2026-10-04
1356115,6798,Real Estate Investment Trusts,Real Estate,2026-10-04
1356284,6189,Asset-Backed Securities,Financials,2026-10-04
1356576,2834,Pharmaceutical Preparations,Health Care,2026-10-04
1357459,2836,"Biological Products, (No Diagnostic Substances)",Health Care,2026-10-04
1357615,1600,Heavy Construction Other Than Bldg Const - Contractors,Industrials,2026-10-04
1357660,6189,Asset-Backed Securities,Financials,2026-10-04
1357874,2836,"Biological Products, (No Diagnostic Substances)",Health Care,2026-10-04
1357971,1623,"Water, Sewer, Pipeline, Comm & Power Line Construction",Industrials,2026-10-04
1358190,2670,Converted Paper & Paperboard Prods (No Contaners/Boxes),Materials,2026-10-04
1359931,2836,"Biological Products, (No Diagnostic Substances)",Health Care,2026-10-10
1360214,2834,Pharmaceutical Preparations,Health Care,2026-10-10
1360565,7372,Services-Prepackaged Software,Information Technology,2026-10-10
1360604,6798,Real Estate Investment Trusts,Real Estate,2026-10-10
1360901,6282,Investment Advice,Financials,2026-10-04
1361113,7372,Services-Prepackaged Software,Information Technology,2026-10-04
1361538,1623,"Water, Sewer, Pipeline, Comm & Power Line Construction",Industrials,2026-10-04
1361658,7011,Hotels & Motels,Consumer Discretionary,2026-10-04
1362004,8742,Services-Management Consulting Services,Industrials,2026-10-04
1362190,7372,Services-Prepackaged Software,Information Technology,2026-10-04
1362468,4512,"Air Transportation, Scheduled",Industrials,2026-10-04
1362481,,,,2026-10-04
1364125,1000,Metal Mining,Materials,2026-10-04
1364250,6798,Real Estate Investment Trusts,Real Estate,2026-10-04
1364479,7350,Services-Miscellaneous Equipment Rental & Leasing,Industrials,2026-10-04
1364954,8200,Services-Educational Services,Consumer Discretionary,2026-10-04
1365135,7389,"Services-Business Services, NEC",Industrials,2026-10-04
1365767,3576,Computer Communications Equipment,Information Technology,2026-10-04
1366868,4899,"Communications Services, NEC",Communication Services,2026-10-04
1367083,3841,Surgical & Medical Instruments & Apparatus,Health Care,2026-10-04
1367644,2834,Pharmaceutical Preparations,Health Care,2026-10-04
1367859,6035,"Savings Institution, Federally Chartered",Financials,2026-10-04
1368265,4932,Gas & Other Services Combined,Utilities,2026-10-04
1368458,5990,"Retail-Retail Stores, NEC",Consumer Discretionary,2026-10-04
1368493,,,,2026-10-04
1368514,2836,"Biological Products, (No Diagnostic Substances)",Health Care,2026-10-04
1368519,1389,"Oil & Gas Field Services, NEC",Energy,2026-10-04
1368622,3721,Aircraft,Industrials,2026-10-04
1369085,1040,Gold and Silver Ores,Materials,2026-10-04
1369241,4412,Deep Sea Foreign Transportation of  Freight,Industrials,2026-10-04
1369290,3842,"Orthopedic, Prosthetic & Surgical Appliances & Supplies",Health Care,2026-10-04
1370053,2834,Pharmaceutical Preparations,Health Care,2026-10-04
1370416,3510,Engines & Turbines,Industrials,2026-10-04
1370450,8711,Services-Engineering Services,Industrials,2026-10-04
1370637,7389,"Services-Business Services, NEC",Industrials,2026-10-04
1370946,3290,"Abrasive, Asbestos & Misc Nonmetallic Mineral Prods",Materials,2026-10-04
1371285,6324,Hospital & Medical Service Plans,Financials,2026-10-04
1371489,8742,Services-Management Consulting Services,Industrials,2026-10-04
1372299,2836,"Biological Products, (No Diagnostic Substances)",Health Care,2026-10-04
1372514,2834,Pharmaceutical Preparations,Health Care,2026-10-04
1372612,7372,Services-Prepackaged Software,Information Technology,2026-10-04
1372807,,,,2026-10-04
1372920,8200,Services-Educational Services,Consumer Discretionary,2026-10-04
1373670,1531,Operative Builders,Industrials,2026-10-04
1373715,7372,Services-Prepackaged Software,Information Technology,2026-10-04
1374328,2833,Medicinal Chemicals & Botanical Products,Health Care,2026-10-04
1374339,2834,Pharmaceutical Preparations,Health Care,2026-10-04
1374690,2834,Pharmaceutical Preparations,Health Care,2026-10-04
1375205,1040,Gold and Silver Ores,Materials,2026-10-04
1375340,,,,2026-10-04
1375365,3571,Electronic Computers,Information Technology,2026-10-04
1375877,3674,Semiconductors & Related Devices,Information Technology,2026-10-04
1376139,2911,Petroleum Refining,Energy,2026-10-04
1376227,6221,Commodity Contracts Brokers & Dealers,Financials,2026-10-04
1376321,7370,"Services-Computer Programming, Data Processing, Etc.",Information Technology,2026-10-10
1376339,3841,Surgical & Medical Instruments & Apparatus,Health Care,2026-10-10
1376986,4911,Electric Services,Utilities,2026-10-10
1377121,2834,Pharmaceutical Preparations,Health Care,2026-10-04
1377630,7310,Services-Advertising,Communication Services,2026-10-04
1377757,1400,Mining & Quarrying of  Nonmetallic Minerals (No Fuels),Materials,2026-10-04
1377789,3663,Radio & Tv Broadcasting & Communications Equipment,Information Technology,2026-10-04
1377936,,,,2026-10-04
1378140,4911,Electric Services,Utilities,2026-10-04
1378239,4581,"Airports, Flying Fields & Airport Terminal Services",Industrials,2026-10-04
1378325,3845,Electromedical & Electrotherapeutic Apparatus,Health Care,2026-10-04
1378590,7372,Services-Prepackaged Software,Information Technology,2026-10-04
1378701,,,,2026-10-04
1378789,7359,"Services-Equipment Rental & Leasing, NEC",Industrials,2026-10-04
1378950,5531,Retail-Auto & Home Supply Stores,Consumer Discretionary,2026-10-04
1379006,2834,Pharmaceutical Preparations,Health Care,2026-10-04
1379041,6331,"Fire, Marine & Casualty Insurance",Financials,2026-10-04
1379384,,,,2026-10-04
1379400,,,,2026-10-04
1379438,,,,2026-10-04
1379785,,,,2026-10-04
1380106,3826,Laboratory Analytical Instruments,Information Technology,2026-10-04
1380936,,,,2026-10-04
1381197,6211,"Security Brokers, Dealers & Flotation Companies",Financials,2026-10-04
1381640,7011,Hotels & Motels,Consumer Discretionary,2026-10-04
1381668,6035,"Savings Institution, Federally Chartered",Financials,2026-10-04
1382101,2836,"Biological Products, (No Diagnostic Substances)",Health Care,2026-10-04
1382574,2834,Pharmaceutical Preparations,Health Care,2026-10-04
1383057,6221,Commodity Contracts Brokers & Dealers,Financials,2026-10-04
1383058,6221,Commodity Contracts Brokers & Dealers,Financials,2026-10-04
1383062,6221,Commodity Contracts Brokers & Dealers,Financials,2026-10-04
1383082,6221,Commodity Contracts Brokers & Dealers,Financials,2026-10-04
1383084,6221,Commodity Contracts Brokers & Dealers,Financials,2026-10-04
1383149,6221,Commodity Contracts Brokers & Dealers,Financials,2026-10-04
1383151,6221,Commodity Contracts Brokers & Dealers,Financials,2026-10-04
1383312,7389,"Services-Business Services, NEC",Industrials,2026-10-04
1383395,3674,Semiconductors & Related Devices,Information Technology,2026-10-04
1383414,,,,2026-10-04
1383441,,,,2026-10-04
1383650,4924,Natural Gas Distribution,Utilities,2026-10-04
1384101,8071,Services-Medical Laboratories,Health Care,2026-10-04
1384195,1311,Crude Petroleum & Natural Gas,Energy,2026-10-04
1384905,7374,Services-Computer Processing & Data Preparation,Information Technology,2026-10-04
1385157,5065,"Wholesale-Electronic Parts & Equipment, NEC",Industrials,2026-10-04
1385280,7830,Services-Motion Picture Theaters,Communication Services,2026-10-04
1385613,6331,"Fire, Marine & Casualty Insurance",Financials,2026-10-04
1385632,,,,2026-10-04
1385763,,,,2026-10-04
1385818,2834,Pharmaceutical Preparations,Health Care,2026-10-04
1385849,1400,Mining & Quarrying of  Nonmetallic Minerals (No Fuels),Materials,2026-10-04
1386067,,,,2026-10-04
1386278,6199,Finance Services,Financials,2026-10-04
1386301,7389,"Services-Business Services, NEC",Industrials,2026-10-04
1386570,2833,Medicinal Chemicals & Botanical Products,Health Care,2026-10-04
1386716,4412,Deep Sea Foreign Transportation of  Freight,Industrials,2026-10-04
1387467,3674,Semiconductors & Related Devices,Information Technology,2026-10-04
1388141,,,,2026-10-04
1388320,2834,Pharmaceutical Preparations,Health Care,2026-10-04
1388658,3841,Surgical & Medical Instruments & Apparatus,Health Care,2026-10-04
1389050,4922,Natural Gas Transmission,Utilities,2026-10-04
1389170,4922,Natural Gas Transmission,Utilities,2026-10-04
1389545,6199,Finance Services,Financials,2026-10-04
1390195,,,,2026-10-04
1390478,2834,Pharmaceutical Preparations,Health Care,2026-10-04
1390777,6022,State Commercial Banks,Financials,2026-10-04
1391437,,,,2026-10-04
1392272,6021,National Commercial Banks,Financials,2026-10-04
1392326,4412,Deep Sea Foreign Transportation of  Freight,Industrials,2026-10-04
1392380,2860,Industrial Organic Chemicals,Materials,2026-10-04
1392694,4813,Telephone Communications (No Radiotelephone),Communication Services,2026-10-10
1393052,7372,Services-Prepackaged Software,Information Technology,2026-10-10
1393299,,,,2026-10-10
1393311,6798,Real Estate Investment Trusts,Real Estate,2026-10-10
1393434,2834,Pharmaceutical Preparations,Health Care,2026-10-10
1393584,7389,"Services-Business Services, NEC",Industrials,2026-10-04
1393726,6331,"Fire, Marine & Casualty Insurance",Financials,2026-10-04
1393818,6282,Investment Advice,Financials,2026-10-04
1393883,7389,"Services-Business Services, NEC",Industrials,2026-10-04
1394056,3571,Electronic Computers,Information Technology,2026-10-04
1394832,3569,"General Industrial Machinery & Equipment, NEC",Industrials,2026-10-04
1395064,2834,Pharmaceutical Preparations,Health Care,2026-10-04
1395213,4911,Electric Services,Utilities,2026-10-04
1395325,,,,2026-10-04
1395937,2834,Pharmaceutical Preparations,Health Care,2026-10-04
1395942,5500,Retail-Auto Dealers & Gasoline Stations,Consumer Discretionary,2026-10-04
1396009,1400,Mining & Quarrying of  Nonmetallic Minerals (No Fuels),Materials,2026-10-04
1396277,,,,2026-10-04
1396536,7372,Services-Prepackaged Software,Information Technology,2026-10-04
1396814,2834,Pharmaceutical Preparations,Health Care,2026-10-04
1396878,6221,Commodity Contracts Brokers & Dealers,Financials,2026-10-04
1397016,3827,Optical Instruments & Lenses,Information Technology,2026-10-04
1397183,7372,Services-Prepackaged Software,Information Technology,2026-10-04
1397187,2300,Apparel & Other Finishd Prods of  Fabrics & Similar Matl,Consumer Discretionary,2026-10-04
1397911,6200,"Security & Commodity Brokers, Dealers, Exchanges & Services",Financials,2026-10-04
1398659,8742,Services-Management Consulting Services,Industrials,2026-10-04
1398733,2834,Pharmaceutical Preparations,Health Care,2026-10-04
1398805,3690,"Miscellaneous Electrical Machinery, Equipment & Supplies",Information Technology,2026-10-04
1399520,5812,Retail-Eating  Places,Consumer Discretionary,2026-10-04
1400118,2834,Pharmaceutical Preparations,Health Care,2026-10-04
1400438,1400,Mining & Quarrying of  Nonmetallic Minerals (No Fuels),Materials,2026-10-04
1400810,6331,"Fire, Marine & Casualty Insurance",Financials,2026-10-04
1400891,4832,Radio Broadcasting Stations,Communication Services,2026-10-04
1400897,,,,2026-10-04
1401040,2834,Pharmaceutical Preparations,Health Care,2026-10-04
1401257,3533,Oil & Gas Field Machinery & Equipment,Industrials,2026-10-04
1401521,6331,"Fire, Marine & Casualty Insurance",Financials,2026-10-04
1401667,2834,Pharmaceutical Preparations,Health Care,2026-10-04
1401914,2834,Pharmaceutical Preparations,Health Care,2026-10-04
1402057,5961,Retail-Catalog & Mail-Order Houses,Consumer Discretionary,2026-10-04
1402328,2834,Pharmaceutical Preparations,Health Care,2026-10-04
1402388,2421,"Sawmills & Planting Mills, General",Materials,2026-10-04
1402436,7372,Services-Prepackaged Software,Information Technology,2026-10-04
1402829,1600,Heavy Construction Other Than Bldg Const - Contractors,Industrials,2026-10-04
1403161,7389,"Services-Business Services, NEC",Industrials,2026-10-04
1403475,6022,State Commercial Banks,Financials,2026-10-04
1403568,5990,"Retail-Retail Stores, NEC",Consumer Discretionary,2026-10-04
1404281,2834,Pharmaceutical Preparations,Health Care,2026-10-04
1404644,2834,Pharmaceutical Preparations,Health Care,2026-10-04
1404655,7372,Services-Prepackaged Software,Information Technology,2026-10-04
1404912,6282,Investment Advice,Financials,2026-10-04
1405495,6794,Patent Owners & Lessors,Financials,2026-10-04
1405513,6221,Commodity Contracts Brokers & Dealers,Financials,2026-10-04
1405528,6221,Commodity Contracts Brokers & Dealers,Financials,2026-10-04
1406234,4400,Water Transportation,Industrials,2026-10-04
1406587,6500,Real Estate,Real Estate,2026-10-04
1406666,4899,"Communications Services, NEC",Communication Services,2026-10-04
1408075,2650,Paperboard Containers & Boxes,Materials,2026-10-04
1408198,7389,"Services-Business Services, NEC",Industrials,2026-10-04
1408443,2834,Pharmaceutical Preparations,Health Care,2026-10-04
1408534,6035,"Savings Institution, Federally Chartered",Financials,2026-10-04
1408710,3661,Telephone & Telegraph Apparatus,Information Technology,2026-10-04
1409171,5990,"Retail-Retail Stores, NEC",Consumer Discretionary,2026-10-10
1409375,3640,Electric Lighting & Wiring Equipment,Information Technology,2026-10-10
1409493,6798,Real Estate Investment Trusts,Real Estate,2026-10-10
1409970,6141,Personal Credit Institutions,Financials,2026-10-04
1410098,2834,Pharmaceutical Preparations,Health Care,2026-10-04
1410384,7372,Services-Prepackaged Software,Information Technology,2026-10-04
1410428,7200,Services-Personal Services,Consumer Discretionary,2026-10-04
1410636,4941,Water Supply,Utilities,2026-10-04
1411207,3714,Motor Vehicle Parts & Accessories,Consumer Discretionary,2026-10-04
1411342,6500,Real Estate,Real Estate,2026-10-04
1411579,7830,Services-Motion Picture Theaters,Communication Services,2026-10-04
1411685,2834,Pharmaceutical Preparations,Health Care,2026-10-04
1411690,3826,Laboratory Analytical Instruments,Information Technology,2026-10-04
1412095,6159,Miscellaneous Business Credit Institution,Financials,2026-10-04
1412100,6331,"Fire, Marine & Casualty Insurance",Financials,2026-10-04
1412408,7389,"Services-Business Services, NEC",Industrials,2026-10-04
1412486,2834,Pharmaceutical Preparations,Health Care,2026-10-04
1412558,2834,Pharmaceutical Preparations,Health Care,2026-10-04
1413329,2111,Cigarettes,Consumer Staples,2026-10-04
1413447,3674,Semiconductors & Related Devices,Information Technology,2026-10-04
1413745,6199,Finance Services,Financials,2026-10-04
1413855,6411,"Insurance Agents, Brokers & Service",Financials,2026-10-04
1414767,6199,Finance Services,Financials,2026-10-04
1414932,,,,2026-10-04
1415311,6221,Commodity Contracts Brokers & Dealers,Financials,2026-10-04
1415404,4899,"Communications Services, NEC",Communication Services,2026-10-04
1415921,4412,Deep Sea Foreign Transportation of  Freight,Industrials,2026-10-04
1417663,3841,Surgical & Medical Instruments & Apparatus,Health Care,2026-10-04
1417802,,,,2026-10-04
1417926,3841,Surgical & Medical Instruments & Apparatus,Health Care,2026-10-04
1418076,,,,2026-10-04
1418121,6798,Real Estate Investment Trusts,Real Estate,2026-10-04
1418135,2080,Beverages,Consumer Staples,2026-10-04
1418819,4899,"Communications Services, NEC",Communication Services,2026-10-04
1419275,8742,Services-Management Consulting Services,Industrials,2026-10-04
1419536,6021,National Commercial Banks,Financials,2026-10-04
1419554,3842,"Orthopedic, Prosthetic & Surgical Appliances & Supplies",Health Care,2026-10-04
1419612,3674,Semiconductors & Related Devices,Information Technology,2026-10-04
1419945,4400,Water Transportation,Industrials,2026-10-04
1419951,7374,Services-Computer Processing & Data Preparation,Information Technology,2026-10-04
1420520,3674,Semiconductors & Related Devices,Information Technology,2026-10-04
1420529,8200,Services-Educational Services,Consumer Discretionary,2026-10-04
1420565,2834,Pharmaceutical Preparations,Health Care,2026-10-04
1420720,2834,Pharmaceutical Preparations,Health Care,2026-10-04
1420800,3842,"Orthopedic, Prosthetic & Surgical Appliances & Supplies",Health Care,2026-10-04
1421461,1400,Mining & Quarrying of  Nonmetallic Minerals (No Fuels),Materials,2026-10-04
1421517,3559,"Special Industry Machinery, NEC",Industrials,2026-10-04
1421642,2834,Pharmaceutical Preparations,Health Care,2026-10-04
1421876,2834,Pharmaceutical Preparations,Health Care,2026-10-04
1422142,2834,Pharmaceutical Preparations,Health Care,2026-10-04
1422143,2834,Pharmaceutical Preparations,Health Care,2026-10-04
1422892,4731,Arrangement of  Transportation of  Freight & Cargo,Industrials,2026-10-04
1422930,7370,"Services-Computer Programming, Data Processing, Etc.",Information Technology,2026-10-04
1423221,3350,Rolling Drawing & Extruding of  Nonferrous Metals,Materials,2026-10-04
1423689,6798,Real Estate Investment Trusts,Real Estate,2026-10-04
1423869,6022,State Commercial Banks,Financials,2026-10-04
1423902,4922,Natural Gas Transmission,Utilities,2026-10-04
1424182,6798,Real Estate Investment Trusts,Real Estate,2026-10-04
1424929,3751,"Motorcycles, Bicycles & Parts",Consumer Discretionary,2026-10-04
1425205,2836,"Biological Products, (No Diagnostic Substances)",Health Care,2026-10-04
1425287,3711,Motor Vehicles & Passenger Car Bodies,Consumer Discretionary,2026-10-04
1425292,2870,Agricultural Chemicals,Materials,2026-10-04
1425355,6199,Finance Services,Financials,2026-10-04
1425450,3841,Surgical & Medical Instruments & Apparatus,Health Care,2026-10-10
1426800,2834,Pharmaceutical Preparations,Health Care,2026-10-04
1427570,2834,Pharmaceutical Preparations,Health Care,2026-10-04
1427925,2834,Pharmaceutical Preparations,Health Care,2026-10-04
1428205,6798,Real Estate Investment Trusts,Real Estate,2026-10-04
1428336,7389,"Services-Business Services, NEC",Industrials,2026-10-04
1428439,4841,Cable & Other Pay Television Services,Communication Services,2026-10-04
1429260,2834,Pharmaceutical Preparations,Health Care,2026-10-04
1429764,3690,"Miscellaneous Electrical Machinery, Equipment & Supplies",Information Technology,2026-10-04
1429937,1040,Gold and Silver Ores,Materials,2026-10-04
1430162,5500,Retail-Auto Dealers & Gasoline Stations,Consumer Discretionary,2026-10-04
1430306,2834,Pharmaceutical Preparations,Health Care,2026-10-04
1430723,6022,State Commercial Banks,Financials,2026-10-04
1430725,4412,Deep Sea Foreign Transportation of  Freight,Industrials,2026-10-04
1431567,6022,State Commercial Banks,Financials,2026-10-04
1431852,1040,Gold and Silver Ores,Materials,2026-10-04
1432133,7372,Services-Prepackaged Software,Information Technology,2026-10-04
1432364,4512,"Air Transportation, Scheduled",Industrials,2026-10-04
1433195,7372,Services-Prepackaged Software,Information Technology,2026-10-04
1433270,1311,Crude Petroleum & Natural Gas,Energy,2026-10-04
1433607,3841,Surgical & Medical Instruments & Apparatus,Health Care,2026-10-04
1433642,6282,Investment Advice,Financials,2026-10-04
1433660,3550,Special Industry Machinery (No Metalworking Machinery),Industrials,2026-10-04
1434265,2834,Pharmaceutical Preparations,Health Care,2026-10-04
1434316,2836,"Biological Products, (No Diagnostic Substances)",Health Care,2026-10-04
1434524,3823,"Industrial Instruments For Measurement, Display, and Control",Information Technology,2026-10-04
1434588,8200,Services-Educational Services,Consumer Discretionary,2026-10-04
1434621,6163,Loan Brokers,Financials,2026-10-04
1434647,2834,Pharmaceutical Preparations,Health Care,2026-10-04
1434728,4941,Water Supply,Utilities,2026-10-04
1434754,4412,Deep Sea Foreign Transportation of  Freight,Industrials,2026-10-04
1435064,1700,Construction - Special Trade Contractors,Industrials,2026-10-04
1436126,8711,Services-Engineering Services,Industrials,2026-10-04
1436208,2451,Mobile Homes,Materials,2026-10-04
1436229,6199,Finance Services,Financials,2026-10-04
1436425,6036,"Savings Institutions, Not Federally Chartered",Financials,2026-10-04
1437071,6798,Real Estate Investment Trusts,Real Estate,2026-10-04
1437107,4841,Cable & Other Pay Television Services,Communication Services,2026-10-04
1437226,8742,Services-Management Consulting Services,Industrials,2026-10-04
1437402,2834,Pharmaceutical Preparations,Health Care,2026-10-04
1437424,3674,Semiconductors & Related Devices,Information Technology,2026-10-04
1437578,8351,Services-Child Day Care Services,Industrials,2026-10-04
1437925,7372,Services-Prepackaged Software,Information Technology,2026-10-04
1437958,6022,State Commercial Banks,Financials,2026-10-04
1438133,3841,Surgical & Medical Instruments & Apparatus,Health Care,2026-10-04
1438423,3674,Semiconductors & Related Devices,Information Technology,2026-10-04
1438472,6211,"Security Brokers, Dealers & Flotation Companies",Financials,2026-10-04
1438533,2834,Pharmaceutical Preparations,Health Care,2026-10-04
1438569,2834,Pharmaceutical Preparations,Health Care,2026-10-04
1438893,,,,2026-10-04
1439222,2834,Pharmaceutical Preparations,Health Care,2026-10-04
1439288,3560,General Industrial Machinery & Equipment,Industrials,2026-10-04
1439725,8071,Services-Medical Laboratories,Health Care,2026-10-04
1440972,1000,Metal Mining,Materials,2026-10-04
1441236,2631,Paperboard Mills,Materials,2026-10-04
1441683,7372,Services-Prepackaged Software,Information Technology,2026-10-04
1441816,7372,Services-Prepackaged Software,Information Technology,2026-10-10
1442145,7374,Services-Computer Processing & Data Preparation,Information Technology,2026-10-10
1442236,4953,Refuse Systems,Industrials,2026-10-10
1442620,1389,"Oil & Gas Field Services, NEC",Energy,2026-10-10
1443575,6022,State Commercial Banks,Financials,2026-10-04
1443646,8742,Services-Management Consulting Services,Industrials,2026-10-04
1443669,3440,Fabricated Structural Metal Products,Industrials,2026-10-04
1444192,2834,Pharmaceutical Preparations,Health Care,2026-10-04
1444406,1311,Crude Petroleum & Natural Gas,Energy,2026-10-04
1445305,7372,Services-Prepackaged Software,Information Technology,2026-10-04
1445930,6029,"Commercial Banks, NEC",Financials,2026-10-04
1446159,6199,Finance Services,Financials,2026-10-04
1446847,2834,Pharmaceutical Preparations,Health Care,2026-10-04
1447028,2834,Pharmaceutical Preparations,Health Care,2026-10-04
1447362,8071,Services-Medical Laboratories,Health Care,2026-10-04
1447669,7372,Services-Prepackaged Software,Information Technology,2026-10-04
1448397,4412,Deep Sea Foreign Transportation of  Freight,Industrials,2026-10-04
1448431,7389,"Services-Business Services, NEC",Industrials,2026-10-04
1448893,6351,Surety Insurance,Financials,2026-10-04
1449792,3690,"Miscellaneous Electrical Machinery, Equipment & Supplies",Information Technology,2026-10-04
1450445,,,,2026-10-04
1450704,4953,Refuse Systems,Industrials,2026-10-04
1450922,6221,Commodity Contracts Brokers & Dealers,Financials,2026-10-04
1450923,6221,Commodity Contracts Brokers & Dealers,Financials,2026-10-04
1451505,1381,Drilling Oil & Gas Wells,Energy,2026-10-04
1451809,3674,Semiconductors & Related Devices,Information Technology,2026-10-04
1452477,6798,Real Estate Investment Trusts,Real Estate,2026-10-04
1453015,3620,Electrical Industrial Apparatus,Information Technology,2026-10-04
1453593,3841,Surgical & Medical Instruments & Apparatus,Health Care,2026-10-04
1453687,2834,Pharmaceutical Preparations,Health Care,2026-10-04
1454741,,,,2026-10-04
1454938,7370,"Services-Computer Programming, Data Processing, Etc.",Information Technology,2026-10-04
1455365,2836,"Biological Products, (No Diagnostic Substances)",Health Care,2026-10-04
1455863,6798,Real Estate Investment Trusts,Real Estate,2026-10-04
1456346,1040,Gold and Silver Ores,Materials,2026-10-04
1456772,6500,Real Estate,Real Estate,2026-10-04
1459200,7372,Services-Prepackaged Software,Information Technology,2026-10-04
1459839,3841,Surgical & Medical Instruments & Apparatus,Health Care,2026-10-04
1459862,6221,Commodity Contracts Brokers & Dealers,Financials,2026-10-04
1460235,6221,Commodity Contracts Brokers & Dealers,Financials,2026-10-04
1460329,7310,Services-Advertising,Communication Services,2026-10-04
1460702,6199,Finance Services,Financials,2026-10-04
1462056,7372,Services-Prepackaged Software,Information Technology,2026-10-04
1462120,6022,State Commercial Banks,Financials,2026-10-04
1462223,7371,Services-Computer Programming Services,Information Technology,2026-10-04
1462418,7380,Services-Miscellaneous Business Services,Industrials,2026-10-04
1462586,,,,2026-10-04
1463101,3674,Semiconductors & Related Devices,Information Technology,2026-10-04
1463972,3663,Radio & Tv Broadcasting & Communications Equipment,Information Technology,2026-10-04
1464343,6141,Personal Credit Institutions,Financials,2026-10-04
1464423,6798,Real Estate Investment Trusts,Real Estate,2026-10-04
1464521,3841,Surgical & Medical Instruments & Apparatus,Health Care,2026-10-04
1464591,1311,Crude Petroleum & Natural Gas,Energy,2026-10-04
1464790,6282,Investment Advice,Financials,2026-10-04
1465128,6798,Real Estate Investment Trusts,Real Estate,2026-10-04
1465740,6798,Real Estate Investment Trusts,Real Estate,2026-10-04
1466026,6022,State Commercial Banks,Financials,2026-10-04
1466085,6798,Real Estate Investment Trusts,Real Estate,2026-10-04
1466258,3822,Auto Controls For Regulating Residential & Comml Environments,Information Technology,2026-10-04
1466593,4911,Electric Services,Utilities,2026-10-04
1467093,1040,Gold and Silver Ores,Materials,2026-10-04
1467373,7389,"Services-Business Services, NEC",Industrials,2026-10-04
1467623,7372,Services-Prepackaged Software,Information Technology,2026-10-04
1467760,6798,Real Estate Investment Trusts,Real Estate,2026-10-04
1467761,3661,Telephone & Telegraph Apparatus,Information Technology,2026-10-04
1467858,3711,Motor Vehicles & Passenger Car Bodies,Consumer Discretionary,2026-10-04
1468091,4812,Radiotelephone Communications,Communication Services,2026-10-04
1468174,7011,Hotels & Motels,Consumer Discretionary,2026-10-04
1468327,5990,"Retail-Retail Stores, NEC",Consumer Discretionary,2026-10-04
1468328,8082,Services-Home Health Care Services,Health Care,2026-10-04
1468492,6199,Finance Services,Financials,2026-10-04
1468522,1600,Heavy Construction Other Than Bldg Const - Contractors,Industrials,2026-10-04
1468642,1000,Metal Mining,Materials,2026-10-04
1468748,2836,"Biological Products, (No Diagnostic Substances)",Health Care,2026-10-04
1468929,3841,Surgical & Medical Instruments & Apparatus,Health Care,2026-10-04
1469367,1700,Construction - Special Trade Contractors,Industrials,2026-10-04
1469395,4911,Electric Services,Utilities,2026-10-04
1469443,1311,Crude Petroleum & Natural Gas,Energy,2026-10-04
1470683,4899,"Communications Services, NEC",Communication Services,2026-10-04
1471055,6029,"Commercial Banks, NEC",Financials,2026-10-04
1471265,6021,National Commercial Banks,Financials,2026-10-04
1471420,,,,2026-10-04
1471727,2080,Beverages,Consumer Staples,2026-10-04
1471824,6221,Commodity Contracts Brokers & Dealers,Financials,2026-10-04
1472012,2834,Pharmaceutical Preparations,Health Care,2026-10-04
1472072,8011,Services-Offices & Clinics of  Doctors of  Medicine,Health Care,2026-10-04
1472091,2834,Pharmaceutical Preparations,Health Care,2026-10-04
1472215,,,,2026-10-04
1472326,1400,Mining & Quarrying of  Nonmetallic Minerals (No Fuels),Materials,2026-10-04
1472341,,,,2026-10-04
1472494,6221,Commodity Contracts Brokers & Dealers,Financials,2026-10-04
1472787,6361,Title Insurance,Financials,2026-10-04
1473334,2510,Household Furniture,Consumer Discretionary,2026-10-04
1474098,6798,Real Estate Investment Trusts,Real Estate,2026-10-04
1474167,5122,"Wholesale-Drugs, Proprietaries & Druggists' Sundries",Health Care,2026-10-04
1474432,3572,Computer Storage Devices,Information Technology,2026-10-04
1474627,5990,"Retail-Retail Stores, NEC",Consumer Discretionary,2026-10-10
1474735,3621,Motors & Generators,Information Technology,2026-10-10
1474903,7363,Services-Help Supply Services,Industrials,2026-10-10
1475260,1311,Crude Petroleum & Natural Gas,Energy,2026-10-10
1475841,6021,National Commercial Banks,Financials,2026-10-04
1475922,6311,Life Insurance,Financials,2026-10-04
1476034,6022,State Commercial Banks,Financials,2026-10-04
1476045,6798,Real Estate Investment Trusts,Real Estate,2026-10-04
1476150,6500,Real Estate,Real Estate,2026-10-04
1476204,6798,Real Estate Investment Trusts,Real Estate,2026-10-04
1476765,,,,2026-10-04
1476840,7372,Services-Prepackaged Software,Information Technology,2026-10-04
1477049,6221,Commodity Contracts Brokers & Dealers,Financials,2026-10-04
1477081,1311,Crude Petroleum & Natural Gas,Energy,2026-10-04
1477294,3823,"Industrial Instruments For Measurement, Display, and Control",Information Technology,2026-10-04
1477333,7372,Services-Prepackaged Software,Information Technology,2026-10-04
1477449,8011,Services-Offices & Clinics of  Doctors of  Medicine,Health Care,2026-10-04
1477641,3674,Semiconductors & Related Devices,Information Technology,2026-10-04
1477720,7372,Services-Prepackaged Software,Information Technology,2026-10-04
1477815,5812,Retail-Eating  Places,Consumer Discretionary,2026-10-04
1477845,2834,Pharmaceutical Preparations,Health Care,2026-10-04
1478102,,,,2026-10-04
1478242,8731,Services-Commercial Physical & Biological Research,Health Care,2026-10-04
1478320,2836,"Biological Products, (No Diagnostic Substances)",Health Care,2026-10-04
1478454,6022,State Commercial Banks,Financials,2026-10-04
1478888,,,,2026-10-04
1479094,6798,Real Estate Investment Trusts,Real Estate,2026-10-04
1479247,6221,Commodity Contracts Brokers & Dealers,Financials,2026-10-04
1479419,2834,Pharmaceutical Preparations,Health Care,2026-10-04
1479615,2834,Pharmaceutical Preparations,Health Care,2026-10-04
1479681,7389,"Services-Business Services, NEC",Industrials,2026-10-04
1481241,4412,Deep Sea Foreign Transportation of  Freight,Industrials,2026-10-04
1481513,3674,Semiconductors & Related Devices,Information Technology,2026-10-04
1481582,5051,Wholesale-Metals Service Centers & of fices,Industrials,2026-10-04
1481792,2750,Commercial Printing,Communication Services,2026-10-04
1482512,6500,Real Estate,Real Estate,2026-10-04
1482541,0700,Agricultural Services,Consumer Staples,2026-10-04
1482981,2080,Beverages,Consumer Staples,2026-10-04
1483386,6221,Commodity Contracts Brokers & Dealers,Financials,2026-10-04
1483934,4412,Deep Sea Foreign Transportation of  Freight,Industrials,2026-10-04
1483994,7011,Hotels & Motels,Consumer Discretionary,2026-10-04
1484612,3845,Electromedical & Electrotherapeutic Apparatus,Health Care,2026-10-04
1484769,7812,Services-Motion Picture & Video Tape Production,Communication Services,2026-10-04
1484778,5961,Retail-Catalog & Mail-Order Houses,Consumer Discretionary,2026-10-04
1486159,1311,Crude Petroleum & Natural Gas,Energy,2026-10-04
1486298,,,,2026-10-04
1486957,3510,Engines & Turbines,Industrials,2026-10-04
1487197,2030,"Canned, Frozen & Preservd Fruit, Veg & Food Specialties",Consumer Staples,2026-10-04
1487326,1000,Metal Mining,Materials,2026-10-04
1487428,,,,2026-10-04
1487610,,,,2026-10-04
1487952,3670,Electronic Components & Accessories,Information Technology,2026-10-04
1488039,2834,Pharmaceutical Preparations,Health Care,2026-10-04
1488139,1700,Construction - Special Trade Contractors,Industrials,2026-10-04
1488813,6022,State Commercial Banks,Financials,2026-10-04
1488917,3845,Electromedical & Electrotherapeutic Apparatus,Health Care,2026-10-04
1489393,2860,Industrial Organic Chemicals,Materials,2026-10-04
1489993,3841,Surgical & Medical Instruments & Apparatus,Health Care,2026-10-04
1490078,1400,Mining & Quarrying of  Nonmetallic Minerals (No Fuels),Materials,2026-10-04
1490161,2000,Food and Kindred Products,Consumer Staples,2026-10-04
1490281,7311,Services-Advertising Agencies,Communication Services,2026-10-04
1490349,,,,2026-10-04
1490906,6035,"Savings Institution, Federally Chartered",Financials,2026-10-04
1490978,2834,Pharmaceutical Preparations,Health Care,2026-10-10
1491419,5812,Retail-Eating  Places,Consumer Discretionary,2026-10-10
1492165,,,,2026-10-04
1492298,6798,Real Estate Investment Trusts,Real Estate,2026-10-04
1492691,4213,Trucking (No Local),Industrials,2026-10-04
1493318,6211,"Security Brokers, Dealers & Flotation Companies",Financials,2026-10-04
1493594,3674,Semiconductors & Related Devices,Information Technology,2026-10-04
1493683,,,,2026-10-04
1493761,3669,"Communications Equipment, NEC",Information Technology,2026-10-04
1494259,7374,Services-Computer Processing & Data Preparation,Information Technology,2026-10-04
1494558,8200,Services-Educational Services,Consumer Discretionary,2026-10-04
1494582,6510,Real Estate Operators (No Developers) & Lessors,Real Estate,2026-10-04
1494728,6221,Commodity Contracts Brokers & Dealers,Financials,2026-10-04
1494891,3841,Surgical & Medical Instruments & Apparatus,Health Care,2026-10-04
1494904,6331,"Fire, Marine & Casualty Insurance",Financials,2026-10-04
1495153,4700,Transportation Services,Industrials,2026-10-04
1495231,7310,Services-Advertising,Communication Services,2026-10-04
1495240,6798,Real Estate Investment Trusts,Real Estate,2026-10-04
1495320,3100,Leather & Leather Products,Consumer Discretionary,2026-10-04
1495825,,,,2026-10-04
1495932,6531,Real Estate Agents & Managers (For Others),Real Estate,2026-10-04
1496099,,,,2026-10-04
1496292,,,,2026-10-04
1496443,7389,"Services-Business Services, NEC",Industrials,2026-10-04
1496749,,,,2026-10-04
1497186,,,,2026-10-04
1497253,2836,"Biological Products, (No Diagnostic Substances)",Health Care,2026-10-04
1497645,6798,Real Estate Investment Trusts,Real Estate,2026-10-04
1497770,6199,Finance Services,Financials,2026-10-04
1498382,2834,Pharmaceutical Preparations,Health Care,2026-10-04
1498403,2834,Pharmaceutical Preparations,Health Care,2026-10-04
1498612,,,,2026-10-04
1499422,6022,State Commercial Banks,Financials,2026-10-04
1499494,6199,Finance Services,Financials,2026-10-04
1499505,0100,Agricultural Production-Crops,Consumer Staples,2026-10-04
1499543,6282,Investment Advice,Financials,2026-10-04
1499620,8200,Services-Educational Services,Consumer Discretionary,2026-10-04
1499780,4412,Deep Sea Foreign Transportation of  Freight,Industrials,2026-10-04
1499832,4832,Radio Broadcasting Stations,Communication Services,2026-10-04
1499849,0100,Agricultural Production-Crops,Consumer Staples,2026-10-04
1500198,3841,Surgical & Medical Instruments & Apparatus,Health Care,2026-10-04
1500217,6798,Real Estate Investment Trusts,Real Estate,2026-10-04
1500375,6035,"Savings Institution, Federally Chartered",Financials,2026-10-04
1500412,3674,Semiconductors & Related Devices,Information Technology,2026-10-04
1500435,3861,Photographic Equipment & Supplies,Consumer Discretionary,2026-10-04
1500881,1090,Miscellaneous Metal Ores,Materials,2026-10-04
1501072,,,,2026-10-04
1501103,,,,2026-10-04
1501585,3730,Ship & Boat Building & Repairing,Industrials,2026-10-04
1501697,2836,"Biological Products, (No Diagnostic Substances)",Health Care,2026-10-04
1501796,2836,"Biological Products, (No Diagnostic Substances)",Health Care,2026-10-04
1501989,2834,Pharmaceutical Preparations,Health Care,2026-10-04
1502292,6331,"Fire, Marine & Casualty Insurance",Financials,2026-10-04
1502377,1040,Gold and Silver Ores,Materials,2026-10-04
1503274,3826,Laboratory Analytical Instruments,Information Technology,2026-10-04
1503290,,,,2026-10-04
1503584,4412,Deep Sea Foreign Transportation of  Freight,Industrials,2026-10-04
1503802,2834,Pharmaceutical Preparations,Health Care,2026-10-04
1504008,6035,"Savings Institution, Federally Chartered",Financials,2026-10-04
1504234,,,,2026-10-04
1504379,3281,Cut Stone & Stone Products,Materials,2026-10-04
1504461,4922,Natural Gas Transmission,Utilities,2026-10-04
1504545,,,,2026-10-04
1504619,,,,2026-10-04
1504678,2800,Chemicals & Allied Products,Materials,2026-10-04
1504764,6029,"Commercial Banks, NEC",Financials,2026-10-04
1504776,3851,Ophthalmic Goods,Health Care,2026-10-04
1505065,3841,Surgical & Medical Instruments & Apparatus,Health Care,2026-10-04
1505155,7372,Services-Prepackaged Software,Information Technology,2026-10-04
1505413,1311,Crude Petroleum & Natural Gas,Energy,2026-10-04
1505497,8090,"Services-Misc Health & Allied Services, NEC",Health Care,2026-10-04
1505732,6022,State Commercial Banks,Financials,2026-10-04
1505952,7372,Services-Prepackaged Software,Information Technology,2026-10-04
1506184,2834,Pharmaceutical Preparations,Health Care,2026-10-04
1506251,2834,Pharmaceutical Preparations,Health Care,2026-10-04
1506289,,,,2026-10-04
1506293,7370,"Services-Computer Programming, Data Processing, Etc.",Information Technology,2026-10-04
1506307,4922,Natural Gas Transmission,Utilities,2026-10-04
1506488,,,,2026-10-04
1506492,3845,Electromedical & Electrotherapeutic Apparatus,Health Care,2026-10-04
1506983,3841,Surgical & Medical Instruments & Apparatus,Health Care,2026-10-04
1507079,5211,Retail-Lumber & Other Building Materials Dealers,Consumer Discretionary,2026-10-04
1507605,6199,Finance Services,Financials,2026-10-10
1507957,3674,Semiconductors & Related Devices,Information Technology,2026-10-10
1508475,7370,"Services-Computer Programming, Data Processing, Etc.",Information Technology,2026-10-04
1508478,5812,Retail-Eating  Places,Consumer Discretionary,2026-10-04
1508655,,,,2026-10-04
1509261,2834,Pharmaceutical Preparations,Health Care,2026-10-04
1509646,4833,Television Broadcasting Stations,Communication Services,2026-10-04
1509745,2834,Pharmaceutical Preparations,Health Care,2026-10-04
1509991,1311,Crude Petroleum & Natural Gas,Energy,2026-10-04
1510295,2911,Petroleum Refining,Energy,2026-10-04
1510593,7372,Services-Prepackaged Software,Information Technology,2026-10-04
1510599,,,,2026-10-04
1511337,6798,Real Estate Investment Trusts,Real Estate,2026-10-04
1511737,3663,Radio & Tv Broadcasting & Communications Equipment,Information Technology,2026-10-04
1512228,1000,Metal Mining,Materials,2026-10-04
1512499,4700,Transportation Services,Industrials,2026-10-04
1512673,7372,Services-Prepackaged Software,Information Technology,2026-10-04
1512762,2836,"Biological Products, (No Diagnostic Substances)",Health Care,2026-10-04
1512920,6199,Finance Services,Financials,2026-10-04
1513363,,,,2026-10-04
1513525,2834,Pharmaceutical Preparations,Health Care,2026-10-04
1513761,4400,Water Transportation,Industrials,2026-10-04
1513845,7370,"Services-Computer Programming, Data Processing, Etc.",Information Technology,2026-10-04
1514183,2834,Pharmaceutical Preparations,Health Care,2026-10-04
1514281,6798,Real Estate Investment Trusts,Real Estate,2026-10-04
1514416,7372,Services-Prepackaged Software,Information Technology,2026-10-04
1514490,,,,2026-10-04
1514597,1040,Gold and Silver Ores,Materials,2026-10-04
1514705,3312,"Steel Works, Blast Furnaces & Rolling Mills (Coke Ovens)",Materials,2026-10-04
1514991,4841,Cable & Other Pay Television Services,Communication Services,2026-10-04
1515156,2890,Miscellaneous Chemical Products,Materials,2026-10-04
1515324,,,,2026-10-04
1515671,,,,2026-10-04
1515673,2834,Pharmaceutical Preparations,Health Care,2026-10-04
1515940,,,,2026-10-04
1515964,1040,Gold and Silver Ores,Materials,2026-10-04
1516513,7371,Services-Computer Programming Services,Information Technology,2026-10-04
1516551,2834,Pharmaceutical Preparations,Health Care,2026-10-04
1516899,4700,Transportation Services,Industrials,2026-10-04
1516912,6022,State Commercial Banks,Financials,2026-10-04
1517022,2834,Pharmaceutical Preparations,Health Care,2026-10-04
1517175,5141,"Wholesale-Groceries, General Line",Consumer Staples,2026-10-04
1517228,3663,Radio & Tv Broadcasting & Communications Equipment,Information Technology,2026-10-04
1517302,6282,Investment Advice,Financials,2026-10-04
1517375,7372,Services-Prepackaged Software,Information Technology,2026-10-04
1517396,3577,"Computer Peripheral Equipment, NEC",Information Technology,2026-10-04
1517399,6029,"Commercial Banks, NEC",Financials,2026-10-04
1517413,7372,Services-Prepackaged Software,Information Technology,2026-10-04
1517518,,,,2026-10-04
1517681,2834,Pharmaceutical Preparations,Health Care,2026-10-04
1517767,,,,2026-10-04
1518461,3669,"Communications Equipment, NEC",Information Technology,2026-10-04
1518557,,,,2026-10-04
1518621,6798,Real Estate Investment Trusts,Real Estate,2026-10-04
1518715,6022,State Commercial Banks,Financials,2026-10-04
1519401,6141,Personal Credit Institutions,Financials,2026-10-04
1519449,6331,"Fire, Marine & Casualty Insurance",Financials,2026-10-04
1519469,1000,Metal Mining,Materials,2026-10-04
1519472,1700,Construction - Special Trade Contractors,Industrials,2026-10-04
1519751,2430,"Millwood, Veneer, Plywood, & Structural Wood Members",Materials,2026-10-04
1520006,1311,Crude Petroleum & Natural Gas,Energy,2026-10-04
1520048,1311,Crude Petroleum & Natural Gas,Energy,2026-10-04
1520262,2834,Pharmaceutical Preparations,Health Care,2026-10-04
1520358,2013,Sausages & Other Prepared Meat Products,Consumer Staples,2026-10-04
1520504,4512,"Air Transportation, Scheduled",Industrials,2026-10-04
1520697,8093,"Services-Specialty Outpatient Facilities, NEC",Health Care,2026-10-04
1521036,2835,In Vitro & In Vivo Diagnostic Substances,Health Care,2026-10-04
1521332,3714,Motor Vehicle Parts & Accessories,Consumer Discretionary,2026-10-04
1521404,,,,2026-10-04
1521951,6022,State Commercial Banks,Financials,2026-10-04
1522540,7372,Services-Prepackaged Software,Information Technology,2026-10-04
1522727,4922,Natural Gas Transmission,Utilities,2026-10-04
1523289,,,,2026-10-04
1523836,5961,Retail-Catalog & Mail-Order Houses,Consumer Discretionary,2026-10-10
1524025,5600,Retail-Apparel & Accessory Stores,Consumer Discretionary,2026-10-10
1524358,6531,Real Estate Agents & Managers (For Others),Real Estate,2026-10-10
1524472,3561,Pumps & Pumping Equipment,Industrials,2026-10-10
1524566,6199,Finance Services,Financials,2026-10-04
1525201,,,,2026-10-04
1525221,4522,"Air Transportation, Nonscheduled",Industrials,2026-10-04
1525769,5812,Retail-Eating  Places,Consumer Discretionary,2026-10-04
1526113,6798,Real Estate Investment Trusts,Real Estate,2026-10-04
1526119,2834,Pharmaceutical Preparations,Health Care,2026-10-04
1526125,7370,"Services-Computer Programming, Data Processing, Etc.",Information Technology,2026-10-04
1526243,1040,Gold and Silver Ores,Materials,2026-10-04
1526475,1000,Metal Mining,Materials,2026-10-04
1526520,7370,"Services-Computer Programming, Data Processing, Etc.",Information Technology,2026-10-04
1527166,6282,Investment Advice,Financials,2026-10-04
1527352,3845,Electromedical & Electrotherapeutic Apparatus,Health Care,2026-10-04
1527469,6311,Life Insurance,Financials,2026-10-04
1527541,6798,Real Estate Investment Trusts,Real Estate,2026-10-04
1527636,7374,Services-Computer Processing & Data Preparation,Information Technology,2026-10-04
1527702,4813,Telephone Communications (No Radiotelephone),Communication Services,2026-10-04
1527728,2834,Pharmaceutical Preparations,Health Care,2026-10-04
1527753,8071,Services-Medical Laboratories,Health Care,2026-10-04
1527762,6199,Finance Services,Financials,2026-10-04
1528115,2834,Pharmaceutical Preparations,Health Care,2026-10-04
1528287,3841,Surgical & Medical Instruments & Apparatus,Health Care,2026-10-04
1528356,4931,Electric & Other Services Combined,Utilities,2026-10-04
1528396,7372,Services-Prepackaged Software,Information Technology,2026-10-04
1528437,,,,2026-10-04
1528811,,,,2026-10-04
1528849,5712,Retail-Furniture Stores,Consumer Discretionary,2026-10-04
1528988,,,,2026-10-04
1529113,7371,Services-Computer Programming Services,Information Technology,2026-10-04
1529192,5961,Retail-Catalog & Mail-Order Houses,Consumer Discretionary,2026-10-04
1529274,7372,Services-Prepackaged Software,Information Technology,2026-10-04
1529377,6798,Real Estate Investment Trusts,Real Estate,2026-10-04
1529628,1400,Mining & Quarrying of  Nonmetallic Minerals (No Fuels),Materials,2026-10-04
1529864,6141,Personal Credit Institutions,Financials,2026-10-04
1530238,7374,Services-Computer Processing & Data Preparation,Information Technology,2026-10-04
1530249,6036,"Savings Institutions, Not Federally Chartered",Financials,2026-10-04
1530721,3100,Leather & Leather Products,Consumer Discretionary,2026-10-04
1530766,6200,"Security & Commodity Brokers, Dealers, Exchanges & Services",Financials,2026-10-04
1530804,2810,Industrial Inorganic Chemicals,Materials,2026-10-04
1530950,2040,Grain Mill Products,Consumer Staples,2026-10-04
1530979,5961,Retail-Catalog & Mail-Order Houses,Consumer Discretionary,2026-10-04
1531031,6029,"Commercial Banks, NEC",Financials,2026-10-04
1531152,5331,Retail-Variety Stores,Consumer Discretionary,2026-10-04
1531177,3841,Surgical & Medical Instruments & Apparatus,Health Care,2026-10-04
1531193,6022,State Commercial Banks,Financials,2026-10-04
1532286,1389,"Oil & Gas Field Services, NEC",Energy,2026-10-04
1532619,6798,Real Estate Investment Trusts,Real Estate,2026-10-04
1533040,2834,Pharmaceutical Preparations,Health Care,2026-10-04
1533232,4911,Electric Services,Utilities,2026-10-04
1533615,6798,Real Estate Investment Trusts,Real Estate,2026-10-04
1533743,2834,Pharmaceutical Preparations,Health Care,2026-10-04
1533924,1311,Crude Petroleum & Natural Gas,Energy,2026-10-04
1533998,3841,Surgical & Medical Instruments & Apparatus,Health Care,2026-10-04
1534120,2834,Pharmaceutical Preparations,Health Care,2026-10-04
1534133,2834,Pharmaceutical Preparations,Health Care,2026-10-04
1534154,7372,Services-Prepackaged Software,Information Technology,2026-10-04
1534248,2834,Pharmaceutical Preparations,Health Care,2026-10-04
1534254,,,,2026-10-04
1534504,2911,Petroleum Refining,Energy,2026-10-04
1534525,2834,Pharmaceutical Preparations,Health Care,2026-10-04
1534675,3211,Flat Glass,Materials,2026-10-04
1534701,2911,Petroleum Refining,Energy,2026-10-04
1534708,6162,Mortgage Bankers & Loan Correspondents,Financials,2026-10-04
1534880,,,,2026-10-04
1534969,8071,Services-Medical Laboratories,Health Care,2026-10-04
1535527,7372,Services-Prepackaged Software,Information Technology,2026-10-04
1535778,,,,2026-10-04
1535929,6311,Life Insurance,Financials,2026-10-04
1535955,2834,Pharmaceutical Preparations,Health Care,2026-10-04
1536196,2834,Pharmaceutical Preparations,Health Care,2026-10-04
1537054,4899,"Communications Services, NEC",Communication Services,2026-10-04
1537137,2800,Chemicals & Allied Products,Materials,2026-10-04
1537435,3585,Air-Cond & Warm Air Heatg Equip & Comm & Indl Refrig Equip,Industrials,2026-10-04
1538263,6035,"Savings Institution, Federally Chartered",Financials,2026-10-04
1538379,7310,Services-Advertising,Communication Services,2026-10-04
1538716,6199,Finance Services,Financials,2026-10-04
1538847,1040,Gold and Silver Ores,Materials,2026-10-04
1538849,5172,Wholesale-Petroleum & Petroleum Products (No Bulk Stations),Industrials,2026-10-04
1539190,6221,Commodity Contracts Brokers & Dealers,Financials,2026-10-04
1539337,,,,2026-10-04
1539638,6022,State Commercial Banks,Financials,2026-10-04
1539838,1311,Crude Petroleum & Natural Gas,Energy,2026-10-04
1540159,2834,Pharmaceutical Preparations,Health Care,2026-10-10
1540171,2834,Pharmaceutical Preparations,Health Care,2026-10-10
1540684,1400,Mining & Quarrying of  Nonmetallic Minerals (No Fuels),Materials,2026-10-10
1541119,6035,"Savings Institution, Federally Chartered",Financials,2026-10-04
1541157,2834,Pharmaceutical Preparations,Health Care,2026-10-04
1541401,6798,Real Estate Investment Trusts,Real Estate,2026-10-04
1543151,7389,"Services-Business Services, NEC",Industrials,2026-10-04
1543418,1040,Gold and Silver Ores,Materials,2026-10-04
1544206,,,,2026-10-04
1544227,2834,Pharmaceutical Preparations,Health Care,2026-10-04
1544522,7372,Services-Prepackaged Software,Information Technology,2026-10-04
1545772,6500,Real Estate,Real Estate,2026-10-04
1546066,1382,Oil & Gas Field Exploration Services,Energy,2026-10-04
1546296,7370,"Services-Computer Programming, Data Processing, Etc.",Information Technology,2026-10-04
1546383,5000,Wholesale-Durable Goods,Industrials,2026-10-04
1546417,5812,Retail-Eating  Places,Consumer Discretionary,2026-10-04
1546429,,,,2026-10-04
1546652,6221,Commodity Contracts Brokers & Dealers,Financials,2026-10-04
1547459,5411,Retail-Grocery Stores,Consumer Staples,2026-10-04
1547546,6798,Real Estate Investment Trusts,Real Estate,2026-10-04
1547903,6351,Surety Insurance,Financials,2026-10-04
1548536,1040,Gold and Silver Ores,Materials,2026-10-04
1548717,,,,2026-10-04
1549084,3569,"General Industrial Machinery & Equipment, NEC",Industrials,2026-10-04
1549107,7900,Services-Amusement & Recreation Services,Consumer Discretionary,2026-10-04
1549346,7374,Services-Computer Processing & Data Preparation,Information Technology,2026-10-04
1549595,2834,Pharmaceutical Preparations,Health Care,2026-10-04
1549802,5990,"Retail-Retail Stores, NEC",Consumer Discretionary,2026-10-04
1549966,6282,Investment Advice,Financials,2026-10-04
1550913,6798,Real Estate Investment Trusts,Real Estate,2026-10-04
1551047,,,,2026-10-04
1551152,2834,Pharmaceutical Preparations,Health Care,2026-10-04
1551182,3590,Misc Industrial & Commercial Machinery & Equipment,Industrials,2026-10-04
1551306,8090,"Services-Misc Health & Allied Services, NEC",Health Care,2026-10-04
1551901,,,,2026-10-04
1552000,4610,Pipe Lines (No Natural Gas),Industrials,2026-10-04
1552033,7320,"Services-Consumer Credit Reporting, Collection Agencies",Industrials,2026-10-04
1552198,,,,2026-10-04
1552275,2911,Petroleum Refining,Energy,2026-10-04
1552670,7372,Services-Prepackaged Software,Information Technology,2026-10-04
1552797,4610,Pipe Lines (No Natural Gas),Industrials,2026-10-04
1553079,6798,Real Estate Investment Trusts,Real Estate,2026-10-04
1553643,2834,Pharmaceutical Preparations,Health Care,2026-10-04
1553788,2080,Beverages,Consumer Staples,2026-10-04
1553846,2834,Pharmaceutical Preparations,Health Care,2026-10-04
1554697,,,,2026-10-04
1554818,7374,Services-Computer Processing & Data Preparation,Information Technology,2026-10-04
1555279,3826,Laboratory Analytical Instruments,Information Technology,2026-10-04
1555280,2834,Pharmaceutical Preparations,Health Care,2026-10-04
1556727,6036,"Savings Institutions, Not Federally Chartered",Financials,2026-10-10
1556739,7310,Services-Advertising,Communication Services,2026-10-10
1557523,,,,2026-10-04
1557746,2834,Pharmaceutical Preparations,Health Care,2026-10-04
1557798,3576,Computer Communications Equipment,Information Technology,2026-10-04
1557860,7374,Services-Computer Processing & Data Preparation,Information Technology,2026-10-04
1558569,8731,Services-Commercial Physical & Biological Research,Health Care,2026-10-04
1559053,2834,Pharmaceutical Preparations,Health Care,2026-10-04
1559432,1311,Crude Petroleum & Natural Gas,Energy,2026-10-04
1559720,7340,Services-To Dwellings & Other Buildings,Industrials,2026-10-04
1559865,7374,Services-Computer Processing & Data Preparation,Information Technology,2026-10-04
1559991,,,,2026-10-04
1560258,3845,Electromedical & Electrotherapeutic Apparatus,Health Care,2026-10-04
1560293,3841,Surgical & Medical Instruments & Apparatus,Health Care,2026-10-04
1560327,7372,Services-Prepackaged Software,Information Technology,2026-10-04
1560385,4833,Television Broadcasting Stations,Communication Services,2026-10-04
1560672,6798,Real Estate Investment Trusts,Real Estate,2026-10-04
1561032,6798,Real Estate Investment Trusts,Real Estate,2026-10-04
1561550,7372,Services-Prepackaged Software,Information Technology,2026-10-04
1561861,4512,"Air Transportation, Scheduled",Industrials,2026-10-04
1561894,6799,"Investors, NEC",Financials,2026-10-04
1561921,3841,Surgical & Medical Instruments & Apparatus,Health Care,2026-10-04
1562051,,,,2026-10-04
1562088,7372,Services-Prepackaged Software,Information Technology,2026-10-04
1562401,6798,Real Estate Investment Trusts,Real Estate,2026-10-04
1562463,6022,State Commercial Banks,Financials,2026-10-04
1562528,6798,Real Estate Investment Trusts,Real Estate,2026-10-04
1562818,,,,2026-10-04
1563190,6531,Real Estate Agents & Managers (For Others),Real Estate,2026-10-04
1563411,3341,Secondary Smelting & Refining of  Nonferrous Metals,Materials,2026-10-04
1563568,3714,Motor Vehicle Parts & Accessories,Consumer Discretionary,2026-10-04
1563696,,,,2026-10-04
1563880,2834,Pharmaceutical Preparations,Health Care,2026-10-04
1564180,4400,Water Transportation,Industrials,2026-10-04
1564408,7370,"Services-Computer Programming, Data Processing, Etc.",Information Technology,2026-10-04
1564708,2711,Newspapers: Publishing or  Publishing & Printing,Communication Services,2026-10-04
1564902,7990,Services-Miscellaneous Amusement & Recreation,Consumer Discretionary,2026-10-04
1565025,2080,Beverages,Consumer Staples,2026-10-04
1565381,,,,2026-10-04
1565687,7372,Services-Prepackaged Software,Information Technology,2026-10-04
1566044,2834,Pharmaceutical Preparations,Health Care,2026-10-04
1566388,,,,2026-10-04
1566610,6199,Finance Services,Financials,2026-10-04
1567094,3531,Construction Machinery & Equip,Industrials,2026-10-04
1567264,2836,"Biological Products, (No Diagnostic Substances)",Health Care,2026-10-04
1567529,2834,Pharmaceutical Preparations,Health Care,2026-10-04
1567569,,,,2026-10-04
1567683,4911,Electric Services,Utilities,2026-10-04
1567900,1000,Metal Mining,Materials,2026-10-04
1568100,7372,Services-Prepackaged Software,Information Technology,2026-10-04
1568194,,,,2026-10-04
1568651,6324,Hospital & Medical Service Plans,Financials,2026-10-04
1569187,6500,Real Estate,Real Estate,2026-10-04
1569345,7372,Services-Prepackaged Software,Information Technology,2026-10-04
1569650,,,,2026-10-04
1569994,6035,"Savings Institution, Federally Chartered",Financials,2026-10-04
1570562,2834,Pharmaceutical Preparations,Health Care,2026-10-04
1570585,4841,Cable & Other Pay Television Services,Communication Services,2026-10-04
1570827,6282,Investment Advice,Financials,2026-10-04
1571123,7373,Services-Computer Integrated Systems Design,Information Technology,2026-10-04
1571283,6798,Real Estate Investment Trusts,Real Estate,2026-10-04
1571776,6798,Real Estate Investment Trusts,Real Estate,2026-10-04
1571934,6199,Finance Services,Financials,2026-10-04
1571949,6200,"Security & Commodity Brokers, Dealers, Exchanges & Services",Financials,2026-10-04
1571996,3571,Electronic Computers,Information Technology,2026-10-04
1572334,6021,National Commercial Banks,Financials,2026-10-04
1572616,3841,Surgical & Medical Instruments & Apparatus,Health Care,2026-10-04
1572694,,,,2026-10-04
1573221,5900,Retail-Miscellaneous Retail,Consumer Discretionary,2026-10-10
1573516,5500,Retail-Auto Dealers & Gasoline Stations,Consumer Discretionary,2026-10-10
1574085,6798,Real Estate Investment Trusts,Real Estate,2026-10-04
1574094,3841,Surgical & Medical Instruments & Apparatus,Health Care,2026-10-04
1574197,6500,Real Estate,Real Estate,2026-10-04
1574232,2834,Pharmaceutical Preparations,Health Care,2026-10-04
1574235,2834,Pharmaceutical Preparations,Health Care,2026-10-04
1574565,2870,Agricultural Chemicals,Materials,2026-10-04
1575515,5411,Retail-Grocery Stores,Consumer Staples,2026-10-04
1575793,3663,Radio & Tv Broadcasting & Communications Equipment,Information Technology,2026-10-04
1575965,6798,Real Estate Investment Trusts,Real Estate,2026-10-04
1576018,6331,"Fire, Marine & Casualty Insurance",Financials,2026-10-04
1576280,8071,Services-Medical Laboratories,Health Care,2026-10-04
1576427,7311,Services-Advertising Agencies,Communication Services,2026-10-04
1576789,7370,"Services-Computer Programming, Data Processing, Etc.",Information Technology,2026-10-04
1576873,1400,Mining & Quarrying of  Nonmetallic Minerals (No Fuels),Materials,2026-10-04
1576885,2836,"Biological Products, (No Diagnostic Substances)",Health Care,2026-10-04
1576940,1531,Operative Builders,Industrials,2026-10-04
1576942,5961,Retail-Catalog & Mail-Order Houses,Consumer Discretionary,2026-10-04
1577437,4412,Deep Sea Foreign Transportation of  Freight,Industrials,2026-10-04
1577445,7373,Services-Computer Integrated Systems Design,Information Technology,2026-10-04
1577526,7372,Services-Prepackaged Software,Information Technology,2026-10-04
1577552,7389,"Services-Business Services, NEC",Industrials,2026-10-04
1578348,,,,2026-10-04
1578453,4400,Water Transportation,Industrials,2026-10-04
1578732,6531,Real Estate Agents & Managers (For Others),Real Estate,2026-10-04
1578987,,,,2026-10-04
1579091,7389,"Services-Business Services, NEC",Industrials,2026-10-04
1579157,5600,Retail-Apparel & Accessory Stores,Consumer Discretionary,2026-10-04
1579241,7381,"Services-Detective, Guard & Armored Car Services",Industrials,2026-10-04
1579298,5311,Retail-Department Stores,Consumer Discretionary,2026-10-04
1579428,2834,Pharmaceutical Preparations,Health Care,2026-10-04
1579684,2711,Newspapers: Publishing or  Publishing & Printing,Communication Services,2026-10-04
1579733,2000,Food and Kindred Products,Consumer Staples,2026-10-04
1579877,6798,Real Estate Investment Trusts,Real Estate,2026-10-04
1579878,7372,Services-Prepackaged Software,Information Technology,2026-10-04
1580149,2834,Pharmaceutical Preparations,Health Care,2026-10-04
1580345,,,,2026-10-04
1580560,7389,"Services-Business Services, NEC",Industrials,2026-10-04
1580670,1531,Operative Builders,Industrials,2026-10-04
1580808,3576,Computer Communications Equipment,Information Technology,2026-10-04
1580864,5500,Retail-Auto Dealers & Gasoline Stations,Consumer Discretionary,2026-10-04
1580905,1520,General Bldg Contractors - Residential Bldgs,Industrials,2026-10-04
1581068,6798,Real Estate Investment Trusts,Real Estate,2026-10-04
1581178,2834,Pharmaceutical Preparations,Health Care,2026-10-04
1581280,2836,"Biological Products, (No Diagnostic Substances)",Health Care,2026-10-04
1581760,7374,Services-Computer Processing & Data Preparation,Information Technology,2026-10-04
1581804,4412,Deep Sea Foreign Transportation of  Freight,Industrials,2026-10-04
1581990,4610,Pipe Lines (No Natural Gas),Industrials,2026-10-04
1582313,2834,Pharmaceutical Preparations,Health Care,2026-10-04
1582554,2834,Pharmaceutical Preparations,Health Care,2026-10-04
1582961,7370,"Services-Computer Programming, Data Processing, Etc.",Information Technology,2026-10-04
1582982,7372,Services-Prepackaged Software,Information Technology,2026-10-04
1583107,2834,Pharmaceutical Preparations,Health Care,2026-10-04
1583648,2834,Pharmaceutical Preparations,Health Care,2026-10-04
1583708,7372,Services-Prepackaged Software,Information Technology,2026-10-04
1584207,6141,Personal Credit Institutions,Financials,2026-10-04
1584371,3841,Surgical & Medical Instruments & Apparatus,Health Care,2026-10-04
1584509,5812,Retail-Eating  Places,Consumer Discretionary,2026-10-04
1584547,3713,Truck & Bus Bodies,Consumer Discretionary,2026-10-04
1584549,0100,Agricultural Production-Crops,Consumer Staples,2026-10-04
1584831,6331,"Fire, Marine & Casualty Insurance",Financials,2026-10-04
1585364,2834,Pharmaceutical Preparations,Health Care,2026-10-04
1585389,6798,Real Estate Investment Trusts,Real Estate,2026-10-04
1585521,7370,"Services-Computer Programming, Data Processing, Etc.",Information Technology,2026-10-04
1585608,2834,Pharmaceutical Preparations,Health Care,2026-10-04
1585689,7011,Hotels & Motels,Consumer Discretionary,2026-10-04
1585855,,,,2026-10-04
1587523,3651,Household Audio & Video Equipment,Information Technology,2026-10-04
1587732,4924,Natural Gas Distribution,Utilities,2026-10-04
1587987,6021,National Commercial Banks,Financials,2026-10-04
1588084,2860,Industrial Organic Chemicals,Materials,2026-10-04
1588489,6221,Commodity Contracts Brokers & Dealers,Financials,2026-10-04
1588823,4210,Trucking & Courier Services (No Air),Industrials,2026-10-04
1588978,3841,Surgical & Medical Instruments & Apparatus,Health Care,2026-10-04
1589061,6512,Opeators of  Nonresidential Buildings,Real Estate,2026-10-04
1589149,5051,Wholesale-Metals Service Centers & of fices,Industrials,2026-10-04
1589526,3713,Truck & Bus Bodies,Consumer Discretionary,2026-10-10
1590364,7350,Services-Miscellaneous Equipment Rental & Leasing,Industrials,2026-10-04
1590418,3823,"Industrial Instruments For Measurement, Display, and Control",Information Technology,2026-10-04
1590560,2834,Pharmaceutical Preparations,Health Care,2026-10-04
1590584,7000,"Hotels, Rooming Houses, Camps & Other Lodging Places",Consumer Discretionary,2026-10-04
1590714,2890,Miscellaneous Chemical Products,Materials,2026-10-04
1590715,1220,Silver Ores,Energy,2026-10-04
1590717,6798,Real Estate Investment Trusts,Real Estate,2026-10-04
1590750,2834,Pharmaceutical Preparations,Health Care,2026-10-04
1590877,2836,"Biological Products, (No Diagnostic Substances)",Health Care,2026-10-04
1590895,7011,Hotels & Motels,Consumer Discretionary,2026-10-04
1590955,7372,Services-Prepackaged Software,Information Technology,2026-10-04
1590976,3730,Ship & Boat Building & Repairing,Industrials,2026-10-04
1591588,5094,"Wholesale-Jewelry, Watches, Precious Stones & Metals",Industrials,2026-10-04
1591670,6798,Real Estate Investment Trusts,Real Estate,2026-10-04
1591698,7372,Services-Prepackaged Software,Information Technology,2026-10-04
1591890,6199,Finance Services,Financials,2026-10-04
1591956,6199,Finance Services,Financials,2026-10-04
1592386,6211,"Security Brokers, Dealers & Flotation Companies",Financials,2026-10-04
1592560,8200,Services-Educational Services,Consumer Discretionary,2026-10-04
1593275,6331,"Fire, Marine & Casualty Insurance",Financials,2026-10-04
1593538,6211,"Security Brokers, Dealers & Flotation Companies",Financials,2026-10-04
1593899,2834,Pharmaceutical Preparations,Health Care,2026-10-04
1593984,2833,Medicinal Chemicals & Botanical Products,Health Care,2026-10-04
1594805,7372,Services-Prepackaged Software,Information Technology,2026-10-04
1595097,2834,Pharmaceutical Preparations,Health Care,2026-10-04
1595248,2834,Pharmaceutical Preparations,Health Care,2026-10-04
1595353,2834,Pharmaceutical Preparations,Health Care,2026-10-04
1595527,6798,Real Estate Investment Trusts,Real Estate,2026-10-04
1595761,7370,"Services-Computer Programming, Data Processing, Etc.",Information Technology,2026-10-04
1595974,7370,"Services-Computer Programming, Data Processing, Etc.",Information Technology,2026-10-04
1596532,3576,Computer Communications Equipment,Information Technology,2026-10-04
1596812,2834,Pharmaceutical Preparations,Health Care,2026-10-04
1596961,7371,Services-Computer Programming Services,Information Technology,2026-10-04
1596967,6282,Investment Advice,Financials,2026-10-04
1596993,4412,Deep Sea Foreign Transportation of  Freight,Industrials,2026-10-04
1597033,7370,"Services-Computer Programming, Data Processing, Etc.",Information Technology,2026-10-04
1597095,4700,Transportation Services,Industrials,2026-10-04
1597672,2611,Pulp Mills,Materials,2026-10-04
1597835,7372,Services-Prepackaged Software,Information Technology,2026-10-04
1598428,3312,"Steel Works, Blast Furnaces & Rolling Mills (Coke Ovens)",Materials,2026-10-04
1598599,2836,"Biological Products, (No Diagnostic Substances)",Health Care,2026-10-04
1598646,2834,Pharmaceutical Preparations,Health Care,2026-10-04
1598665,6331,"Fire, Marine & Casualty Insurance",Financials,2026-10-04
1598981,3640,Electric Lighting & Wiring Equipment,Information Technology,2026-10-04
1599298,2834,Pharmaceutical Preparations,Health Care,2026-10-04
1599617,3533,Oil & Gas Field Machinery & Equipment,Industrials,2026-10-04
1600033,2844,"Perfumes, Cosmetics & Other Toilet Preparations",Consumer Staples,2026-10-04
1600222,8200,Services-Educational Services,Consumer Discretionary,2026-10-04
1600620,2834,Pharmaceutical Preparations,Health Care,2026-10-04
1600641,5961,Retail-Catalog & Mail-Order Houses,Consumer Discretionary,2026-10-04
1600983,3669,"Communications Equipment, NEC",Information Technology,2026-10-04
1601046,3823,"Industrial Instruments For Measurement, Display, and Control",Information Technology,2026-10-04
1601485,2834,Pharmaceutical Preparations,Health Care,2026-10-04
1601548,8744,Services-Facilities Support Management Services,Industrials,2026-10-04
1601712,6199,Finance Services,Financials,2026-10-04
1601830,2836,"Biological Products, (No Diagnostic Substances)",Health Care,2026-10-04
1602409,7372,Services-Prepackaged Software,Information Technology,2026-10-04
1602584,,,,2026-10-04
1602658,6022,State Commercial Banks,Financials,2026-10-04
1602842,6199,Finance Services,Financials,2026-10-04
1603015,7372,Services-Prepackaged Software,Information Technology,2026-10-04
1603145,4911,Electric Services,Utilities,2026-10-04
1603454,8071,Services-Medical Laboratories,Health Care,2026-10-04
1603923,3533,Oil & Gas Field Machinery & Equipment,Industrials,2026-10-04
1603978,0900,"Fishing, Hunting and Trapping",Consumer Staples,2026-10-04
1603993,3490,Miscellaneous Fabricated Metal Products,Industrials,2026-10-04
1604028,3086,Plastics Foam Products,Materials,2026-10-04
1604174,,,,2026-10-04
1604191,4931,Electric & Other Services Combined,Utilities,2026-10-04
1604464,2836,"Biological Products, (No Diagnostic Substances)",Health Care,2026-10-04
1604481,4412,Deep Sea Foreign Transportation of  Freight,Industrials,2026-10-04
1604522,,,,2026-10-04
1604665,2860,Industrial Organic Chemicals,Materials,2026-10-04
1604778,3674,Semiconductors & Related Devices,Information Technology,2026-10-04
1604821,8071,Services-Medical Laboratories,Health Care,2026-10-04
1604868,5200,"Retail-Building Materials, Hardware, Garden Supply",Consumer Discretionary,2026-10-04
1605301,6022,State Commercial Banks,Financials,2026-10-04
1605484,3711,Motor Vehicles & Passenger Car Bodies,Consumer Discretionary,2026-10-04
1605888,7363,Services-Help Supply Services,Industrials,2026-10-10
1606163,1700,Construction - Special Trade Contractors,Industrials,2026-10-10
1606242,3577,"Computer Peripheral Equipment, NEC",Information Technology,2026-10-10
1606366,5812,Retail-Eating  Places,Consumer Discretionary,2026-10-10
1606757,3672,Printed Circuit Boards,Information Technology,2026-10-04
1606909,4412,Deep Sea Foreign Transportation of  Freight,Industrials,2026-10-04
1607678,2834,Pharmaceutical Preparations,Health Care,2026-10-04
1607962,3842,"Orthopedic, Prosthetic & Surgical Appliances & Supplies",Health Care,2026-10-04
1607997,,,,2026-10-04
1608741,,,,2026-10-04
1609065,6022,State Commercial Banks,Financials,2026-10-04
1609151,7372,Services-Prepackaged Software,Information Technology,2026-10-04
1609253,1311,Crude Petroleum & Natural Gas,Energy,2026-10-04
1609550,3841,Surgical & Medical Instruments & Apparatus,Health Care,2026-10-04
1609711,7373,Services-Computer Integrated Systems Design,Information Technology,2026-10-04
1609804,2890,Miscellaneous Chemical Products,Materials,2026-10-04
1609809,2834,Pharmaceutical Preparations,Health Care,2026-10-04
1610250,5661,Retail-Shoe Stores,Consumer Discretionary,2026-10-04
1610520,6021,National Commercial Banks,Financials,2026-10-04
1610590,7373,Services-Computer Integrated Systems Design,Information Technology,2026-10-04
1610601,7372,Services-Prepackaged Software,Information Technology,2026-10-04
1610820,2834,Pharmaceutical Preparations,Health Care,2026-10-04
1610853,6199,Finance Services,Financials,2026-10-04
1610940,6221,Commodity Contracts Brokers & Dealers,Financials,2026-10-04
1611005,4911,Electric Services,Utilities,2026-10-04
1611052,7372,Services-Prepackaged Software,Information Technology,2026-10-04
1611115,8000,Services-Health Services,Health Care,2026-10-04
1611547,6500,Real Estate,Real Estate,2026-10-04
1611647,2040,Grain Mill Products,Consumer Staples,2026-10-04
1611746,2834,Pharmaceutical Preparations,Health Care,2026-10-04
1611747,2836,"Biological Products, (No Diagnostic Substances)",Health Care,2026-10-04
1611842,3841,Surgical & Medical Instruments & Apparatus,Health Care,2026-10-04
1612042,2834,Pharmaceutical Preparations,Health Care,2026-10-04
1612630,6794,Patent Owners & Lessors,Financials,2026-10-04
1612720,4923,Natural Gas Transmisison & Distribution,Utilities,2026-10-04
1612940,2834,Pharmaceutical Preparations,Health Care,2026-10-04
1613103,3845,Electromedical & Electrotherapeutic Apparatus,Health Care,2026-10-04
1613780,2836,"Biological Products, (No Diagnostic Substances)",Health Care,2026-10-04
1614178,7374,Services-Computer Processing & Data Preparation,Information Technology,2026-10-04
1614744,2834,Pharmaceutical Preparations,Health Care,2026-10-04
1614806,6798,Real Estate Investment Trusts,Real Estate,2026-10-04
1615063,7372,Services-Prepackaged Software,Information Technology,2026-10-04
1615165,7374,Services-Computer Processing & Data Preparation,Information Technology,2026-10-04
1615219,2834,Pharmaceutical Preparations,Health Care,2026-10-04
1615903,6029,"Commercial Banks, NEC",Financials,2026-10-04
1615905,,,,2026-10-04
1616000,7011,Hotels & Motels,Consumer Discretionary,2026-10-04
1616262,2060,Sugar & Confectionery Products,Consumer Staples,2026-10-04
1616533,3674,Semiconductors & Related Devices,Information Technology,2026-10-04
1616543,3823,"Industrial Instruments For Measurement, Display, and Control",Information Technology,2026-10-04
1616678,,,,2026-10-04
1616707,5961,Retail-Catalog & Mail-Order Houses,Consumer Discretionary,2026-10-04
1616862,2851,"Paints, Varnishes, Lacquers, Enamels & Allied Prods",Materials,2026-10-04
1617242,6035,"Savings Institution, Federally Chartered",Financials,2026-10-04
1617406,7011,Hotels & Motels,Consumer Discretionary,2026-10-04
1617553,7370,"Services-Computer Programming, Data Processing, Etc.",Information Technology,2026-10-04
1617640,7389,"Services-Business Services, NEC",Industrials,2026-10-04
1617867,3841,Surgical & Medical Instruments & Apparatus,Health Care,2026-10-04
1618181,6221,Commodity Contracts Brokers & Dealers,Financials,2026-10-04
1618673,5141,"Wholesale-Groceries, General Line",Consumer Staples,2026-10-04
1618732,7372,Services-Prepackaged Software,Information Technology,2026-10-04
1618756,5812,Retail-Eating  Places,Consumer Discretionary,2026-10-04
1619544,6199,Finance Services,Financials,2026-10-04
1619762,7990,Services-Miscellaneous Amusement & Recreation,Consumer Discretionary,2026-10-04
1619856,2836,"Biological Products, (No Diagnostic Substances)",Health Care,2026-10-04
1620393,6798,Real Estate Investment Trusts,Real Estate,2026-10-04
1620459,6331,"Fire, Marine & Casualty Insurance",Financials,2026-10-04
1620463,2836,"Biological Products, (No Diagnostic Substances)",Health Care,2026-10-04
1620533,5810,Retail-Eating & Drinking Places,Consumer Discretionary,2026-10-04
1620737,2834,Pharmaceutical Preparations,Health Care,2026-10-04
1621221,2834,Pharmaceutical Preparations,Health Care,2026-10-04
1621434,1311,Crude Petroleum & Natural Gas,Energy,2026-10-04
1621672,7373,Services-Computer Integrated Systems Design,Information Technology,2026-10-04
1621832,3341,Secondary Smelting & Refining of  Nonferrous Metals,Materials,2026-10-04
1622148,,,,2026-10-10
1622194,6798,Real Estate Investment Trusts,Real Estate,2026-10-10
1622229,2834,Pharmaceutical Preparations,Health Care,2026-10-10
1622345,3690,"Miscellaneous Electrical Machinery, Equipment & Supplies",Information Technology,2026-10-10
1622536,4911,Electric Services,Utilities,2026-10-10
1623526,2834,Pharmaceutical Preparations,Health Care,2026-10-04
1623925,4922,Natural Gas Transmission,Utilities,2026-10-04
1624322,6022,State Commercial Banks,Financials,2026-10-04
1624326,3841,Surgical & Medical Instruments & Apparatus,Health Care,2026-10-04
1624512,8200,Services-Educational Services,Consumer Discretionary,2026-10-04
1624794,2891,Adhesives & Sealants,Materials,2026-10-04
1625101,3841,Surgical & Medical Instruments & Apparatus,Health Care,2026-10-04
1625278,7374,Services-Computer Processing & Data Preparation,Information Technology,2026-10-04
1625297,2834,Pharmaceutical Preparations,Health Care,2026-10-04
1625414,5961,Retail-Catalog & Mail-Order Houses,Consumer Discretionary,2026-10-04
1625641,7372,Services-Prepackaged Software,Information Technology,2026-10-04
1625791,3555,Printing Trades Machinery & Equipment,Industrials,2026-10-04
1626115,6282,Investment Advice,Financials,2026-10-04
1626450,7372,Services-Prepackaged Software,Information Technology,2026-10-04
1626878,2834,Pharmaceutical Preparations,Health Care,2026-10-04
1626971,2834,Pharmaceutical Preparations,Health Care,2026-10-04
1627223,2800,Chemicals & Allied Products,Materials,2026-10-04
1627272,1040,Gold and Silver Ores,Materials,2026-10-04
1627281,2836,"Biological Products, (No Diagnostic Substances)",Health Care,2026-10-04
1627282,6500,Real Estate,Real Estate,2026-10-04
1627475,7374,Services-Computer Processing & Data Preparation,Information Technology,2026-10-04
1628063,6500,Real Estate,Real Estate,2026-10-04
1628171,2836,"Biological Products, (No Diagnostic Substances)",Health Care,2026-10-04
1628369,6500,Real Estate,Real Estate,2026-10-04
1628808,3841,Surgical & Medical Instruments & Apparatus,Health Care,2026-10-04
1628908,8741,Services-Management Services,Industrials,2026-10-04
1629019,6022,State Commercial Banks,Financials,2026-10-04
1629210,1000,Metal Mining,Materials,2026-10-04
1630212,7371,Services-Computer Programming Services,Information Technology,2026-10-04
1630472,6798,Real Estate Investment Trusts,Real Estate,2026-10-04
1630627,3841,Surgical & Medical Instruments & Apparatus,Health Care,2026-10-04
1630805,3433,"Heating Equipment, Except Electric & Warm Air Furnaces",Industrials,2026-10-04
1631487,3842,"Orthopedic, Prosthetic & Surgical Appliances & Supplies",Health Care,2026-10-04
1631569,6798,Real Estate Investment Trusts,Real Estate,2026-10-04
1631574,2834,Pharmaceutical Preparations,Health Care,2026-10-04
1631596,6798,Real Estate Investment Trusts,Real Estate,2026-10-04
1631761,6199,Finance Services,Financials,2026-10-04
1632127,4841,Cable & Other Pay Television Services,Communication Services,2026-10-04
1632790,3690,"Miscellaneous Electrical Machinery, Equipment & Supplies",Information Technology,2026-10-04
1632970,6798,Real Estate Investment Trusts,Real Estate,2026-10-04
1633336,,,,2026-10-04
1633369,7374,Services-Computer Processing & Data Preparation,Information Technology,2026-10-04
1633917,7389,"Services-Business Services, NEC",Industrials,2026-10-04
1633978,3669,"Communications Equipment, NEC",Information Technology,2026-10-04
1634117,5940,Retail-Miscellaneous Shopping Goods Stores,Consumer Discretionary,2026-10-04
1635077,8071,Services-Medical Laboratories,Health Care,2026-10-04
1635088,2834,Pharmaceutical Preparations,Health Care,2026-10-04
1635282,7389,"Services-Business Services, NEC",Industrials,2026-10-04
1635327,7370,"Services-Computer Programming, Data Processing, Etc.",Information Technology,2026-10-04
1635977,,,,2026-10-04
1636222,5812,Retail-Eating  Places,Consumer Discretionary,2026-10-04
1636282,2834,Pharmaceutical Preparations,Health Care,2026-10-04
1636289,,,,2026-10-04
1636422,7370,"Services-Computer Programming, Data Processing, Etc.",Information Technology,2026-10-04
1636519,7990,Services-Miscellaneous Amusement & Recreation,Consumer Discretionary,2026-10-04
1636639,6331,"Fire, Marine & Casualty Insurance",Financials,2026-10-04
1636651,2834,Pharmaceutical Preparations,Health Care,2026-10-04
1637207,7997,Services-Membership Sports & Recreation Clubs,Consumer Discretionary,2026-10-04
1637459,2030,"Canned, Frozen & Preservd Fruit, Veg & Food Specialties",Consumer Staples,2026-10-04
1637715,2834,Pharmaceutical Preparations,Health Care,2026-10-04
1637810,6500,Real Estate,Real Estate,2026-10-04
1637873,7389,"Services-Business Services, NEC",Industrials,2026-10-04
1638097,2836,"Biological Products, (No Diagnostic Substances)",Health Care,2026-10-04
1638287,2834,Pharmaceutical Preparations,Health Care,2026-10-04
1638290,3730,Ship & Boat Building & Repairing,Industrials,2026-10-04
1638826,7372,Services-Prepackaged Software,Information Technology,2026-10-10
1638833,8062,"Services-General Medical & Surgical Hospitals, NEC",Health Care,2026-10-10
1638911,3721,Aircraft,Industrials,2026-10-10
1639300,5331,Retail-Variety Stores,Consumer Discretionary,2026-10-04
1639438,5812,Retail-Eating  Places,Consumer Discretionary,2026-10-04
1639691,3845,Electromedical & Electrotherapeutic Apparatus,Health Care,2026-10-04
1639723,7372,Services-Prepackaged Software,Information Technology,2026-10-04
1639825,3949,"Sporting & Athletic Goods, NEC",Consumer Discretionary,2026-10-04
1639877,1000,Metal Mining,Materials,2026-10-04
1639920,4832,Radio Broadcasting Stations,Communication Services,2026-10-04
1640043,4412,Deep Sea Foreign Transportation of  Freight,Industrials,2026-10-04
1640147,7372,Services-Prepackaged Software,Information Technology,2026-10-04
1640266,2836,"Biological Products, (No Diagnostic Substances)",Health Care,2026-10-04
1640384,6199,Finance Services,Financials,2026-10-04
1640428,7370,"Services-Computer Programming, Data Processing, Etc.",Information Technology,2026-10-04
1641281,2834,Pharmaceutical Preparations,Health Care,2026-10-04
1641398,5050,Wholesale-Metals & Minerals (No Petroleum),Industrials,2026-10-04
1641489,2834,Pharmaceutical Preparations,Health Care,2026-10-04
1641614,2750,Commercial Printing,Communication Services,2026-10-04
1641631,3841,Surgical & Medical Instruments & Apparatus,Health Care,2026-10-04
1642380,2835,In Vitro & In Vivo Diagnostic Substances,Health Care,2026-10-04
1642896,7373,Services-Computer Integrated Systems Design,Information Technology,2026-10-04
1643303,3672,Printed Circuit Boards,Information Technology,2026-10-04
1643615,8742,Services-Management Consulting Services,Industrials,2026-10-04
1643918,2834,Pharmaceutical Preparations,Health Care,2026-10-04
1643953,2510,Household Furniture,Consumer Discretionary,2026-10-04
1644378,8742,Services-Management Consulting Services,Industrials,2026-10-04
1644771,,,,2026-10-04
1644903,2844,"Perfumes, Cosmetics & Other Toilet Preparations",Consumer Staples,2026-10-04
1645113,3841,Surgical & Medical Instruments & Apparatus,Health Care,2026-10-04
1645460,2834,Pharmaceutical Preparations,Health Care,2026-10-04
1645469,2834,Pharmaceutical Preparations,Health Care,2026-10-04
1645590,3570,Computer & office Equipment,Information Technology,2026-10-04
1646188,3663,Radio & Tv Broadcasting & Communications Equipment,Information Technology,2026-10-04
1646972,5411,Retail-Grocery Stores,Consumer Staples,2026-10-04
1647088,7350,Services-Miscellaneous Equipment Rental & Leasing,Industrials,2026-10-04
1647639,6199,Finance Services,Financials,2026-10-04
1648257,2834,Pharmaceutical Preparations,Health Care,2026-10-04
1648416,3711,Motor Vehicles & Passenger Car Bodies,Consumer Discretionary,2026-10-04
1648960,4822,Telegraph & Other Message Communications,Communication Services,2026-10-04
1649009,4812,Radiotelephone Communications,Communication Services,2026-10-04
1649094,2836,"Biological Products, (No Diagnostic Substances)",Health Care,2026-10-04
1649096,6798,Real Estate Investment Trusts,Real Estate,2026-10-04
1649313,4700,Transportation Services,Industrials,2026-10-04
1649739,6022,State Commercial Banks,Financials,2026-10-04
1649744,5600,Retail-Apparel & Accessory Stores,Consumer Discretionary,2026-10-04
1649749,6022,State Commercial Banks,Financials,2026-10-04
1649752,1090,Miscellaneous Metal Ores,Materials,2026-10-04
1649904,2834,Pharmaceutical Preparations,Health Care,2026-10-04
1649989,2836,"Biological Products, (No Diagnostic Substances)",Health Care,2026-10-04
1650101,7330,"Services-Mailing, Reproduction, Commercial Art & Photography",Industrials,2026-10-04
1650107,2086,Bottled & Canned Soft Drinks & Carbonated Waters,Consumer Staples,2026-10-04
1650132,6798,Real Estate Investment Trusts,Real Estate,2026-10-04
1650164,7374,Services-Computer Processing & Data Preparation,Information Technology,2026-10-04
1650372,7372,Services-Prepackaged Software,Information Technology,2026-10-04
1650648,2836,"Biological Products, (No Diagnostic Substances)",Health Care,2026-10-04
1650664,2836,"Biological Products, (No Diagnostic Substances)",Health Care,2026-10-04
1650696,2000,Food and Kindred Products,Consumer Staples,2026-10-04
1650729,5040,Wholesale-Professional & Commercial Equipment & Supplies,Industrials,2026-10-04
1651308,2834,Pharmaceutical Preparations,Health Care,2026-10-04
1651562,7372,Services-Prepackaged Software,Information Technology,2026-10-04
1651625,2834,Pharmaceutical Preparations,Health Care,2026-10-04
1651717,2000,Food and Kindred Products,Consumer Staples,2026-10-04
1651721,6798,Real Estate Investment Trusts,Real Estate,2026-10-04
1652044,7370,"Services-Computer Programming, Data Processing, Etc.",Information Technology,2026-10-04
1652130,2835,In Vitro & In Vivo Diagnostic Substances,Health Care,2026-10-04
1652535,3674,Semiconductors & Related Devices,Information Technology,2026-10-04
1652935,2834,Pharmaceutical Preparations,Health Care,2026-10-04
1653087,2836,"Biological Products, (No Diagnostic Substances)",Health Care,2026-10-04
1653242,6029,"Commercial Banks, NEC",Financials,2026-10-04
1653384,,,,2026-10-04
1653477,2800,Chemicals & Allied Products,Materials,2026-10-04
1653482,7372,Services-Prepackaged Software,Information Technology,2026-10-04
1653558,7389,"Services-Business Services, NEC",Industrials,2026-10-04
1653653,7011,Hotels & Motels,Consumer Discretionary,2026-10-04
1653909,7374,Services-Computer Processing & Data Preparation,Information Technology,2026-10-04
1654126,4412,Deep Sea Foreign Transportation of  Freight,Industrials,2026-10-04
1654595,6798,Real Estate Investment Trusts,Real Estate,2026-10-04
1654795,1700,Construction - Special Trade Contractors,Industrials,2026-10-10
1655050,,,,2026-10-10
1655099,,,,2026-10-10
1655210,2000,Food and Kindred Products,Consumer Staples,2026-10-10
1655759,2834,Pharmaceutical Preparations,Health Care,2026-10-04
1655891,4412,Deep Sea Foreign Transportation of  Freight,Industrials,2026-10-04
1655923,2836,"Biological Products, (No Diagnostic Substances)",Health Care,2026-10-04
1656081,7371,Services-Computer Programming Services,Information Technology,2026-10-04
1656472,2833,Medicinal Chemicals & Botanical Products,Health Care,2026-10-04
1657573,7389,"Services-Business Services, NEC",Industrials,2026-10-04
1657677,2834,Pharmaceutical Preparations,Health Care,2026-10-04
1657788,1311,Crude Petroleum & Natural Gas,Energy,2026-10-04
1657853,7510,Services-Auto Rental & Leasing (No Drivers),Consumer Discretionary,2026-10-04
1658551,2834,Pharmaceutical Preparations,Health Care,2026-10-04
1658566,1311,Crude Petroleum & Natural Gas,Energy,2026-10-04
1658678,2836,"Biological Products, (No Diagnostic Substances)",Health Care,2026-10-04
1659166,3823,"Industrial Instruments For Measurement, Display, and Control",Information Technology,2026-10-04
1659494,8200,Services-Educational Services,Consumer Discretionary,2026-10-04
1659617,2834,Pharmaceutical Preparations,Health Care,2026-10-04
1659939,4911,Electric Services,Utilities,2026-10-04
1660046,2834,Pharmaceutical Preparations,Health Care,2026-10-04
1660134,7372,Services-Prepackaged Software,Information Technology,2026-10-04
1660280,7372,Services-Prepackaged Software,Information Technology,2026-10-04
1660334,2834,Pharmaceutical Preparations,Health Care,2026-10-04
1661053,3841,Surgical & Medical Instruments & Apparatus,Health Care,2026-10-04
1661059,2834,Pharmaceutical Preparations,Health Care,2026-10-04
1661181,2834,Pharmaceutical Preparations,Health Care,2026-10-04
1661998,2834,Pharmaceutical Preparations,Health Care,2026-10-04
1662579,2836,"Biological Products, (No Diagnostic Substances)",Health Care,2026-10-04
1662684,3670,Electronic Components & Accessories,Information Technology,2026-10-04
1662774,2836,"Biological Products, (No Diagnostic Substances)",Health Care,2026-10-04
1662991,7389,"Services-Business Services, NEC",Industrials,2026-10-04
1664703,3620,Electrical Industrial Apparatus,Information Technology,2026-10-04
1664710,2834,Pharmaceutical Preparations,Health Care,2026-10-04
1665300,7374,Services-Computer Processing & Data Preparation,Information Technology,2026-10-04
1665918,5140,Wholesale-Groceries & Related Products,Consumer Staples,2026-10-04
1665988,3841,Surgical & Medical Instruments & Apparatus,Health Care,2026-10-04
1666071,7370,"Services-Computer Programming, Data Processing, Etc.",Information Technology,2026-10-04
1666134,7372,Services-Prepackaged Software,Information Technology,2026-10-04
1666138,3690,"Miscellaneous Electrical Machinery, Equipment & Supplies",Information Technology,2026-10-04
1666175,4911,Electric Services,Utilities,2026-10-04
1666291,6500,Real Estate,Real Estate,2026-10-04
1666700,2821,"Plastic Materials, Synth Resins & Nonvulcan Elastomers",Materials,2026-10-04
1667011,3674,Semiconductors & Related Devices,Information Technology,2026-10-04
1667313,7372,Services-Prepackaged Software,Information Technology,2026-10-04
1668010,5600,Retail-Apparel & Accessory Stores,Consumer Discretionary,2026-10-04
1668243,2834,Pharmaceutical Preparations,Health Care,2026-10-04
1668397,8731,Services-Commercial Physical & Biological Research,Health Care,2026-10-04
1668438,3651,Household Audio & Video Equipment,Information Technology,2026-10-04
1668717,2082,Malt Beverages,Consumer Staples,2026-10-04
1669162,6331,"Fire, Marine & Casualty Insurance",Financials,2026-10-04
1669779,5500,Retail-Auto Dealers & Gasoline Stations,Consumer Discretionary,2026-10-04
1669811,7380,Services-Miscellaneous Business Services,Industrials,2026-10-04
1670061,1000,Metal Mining,Materials,2026-10-04
1670076,4512,"Air Transportation, Scheduled",Industrials,2026-10-04
1670541,3714,Motor Vehicle Parts & Accessories,Consumer Discretionary,2026-10-04
1670592,3949,"Sporting & Athletic Goods, NEC",Consumer Discretionary,2026-10-04
1671502,2834,Pharmaceutical Preparations,Health Care,2026-10-10
1671584,2834,Pharmaceutical Preparations,Health Care,2026-10-10
1671858,2834,Pharmaceutical Preparations,Health Care,2026-10-10
1671927,2836,"Biological Products, (No Diagnostic Substances)",Health Care,2026-10-10
1671933,7370,"Services-Computer Programming, Data Processing, Etc.",Information Technology,2026-10-10
1672013,3949,"Sporting & Athletic Goods, NEC",Consumer Discretionary,2026-10-10
1672619,2834,Pharmaceutical Preparations,Health Care,2026-10-04
1672688,8731,Services-Commercial Physical & Biological Research,Health Care,2026-10-04
1672909,7948,"Services-Racing, Including Track Operation",Consumer Discretionary,2026-10-04
1673358,5812,Retail-Eating  Places,Consumer Discretionary,2026-10-04
1673481,7372,Services-Prepackaged Software,Information Technology,2026-10-04
1673743,7374,Services-Computer Processing & Data Preparation,Information Technology,2026-10-04
1673985,2821,"Plastic Materials, Synth Resins & Nonvulcan Elastomers",Materials,2026-10-04
1674101,3679,"Electronic Components, NEC",Information Technology,2026-10-04
1674168,7000,"Hotels, Rooming Houses, Camps & Other Lodging Places",Consumer Discretionary,2026-10-04
1674227,7374,Services-Computer Processing & Data Preparation,Information Technology,2026-10-10
1674335,2430,"Millwood, Veneer, Plywood, & Structural Wood Members",Materials,2026-10-04
1674356,6798,Real Estate Investment Trusts,Real Estate,2026-10-04
1674416,2836,"Biological Products, (No Diagnostic Substances)",Health Care,2026-10-04
1674440,7370,"Services-Computer Programming, Data Processing, Etc.",Information Technology,2026-10-04
1674632,3841,Surgical & Medical Instruments & Apparatus,Health Care,2026-10-04
1674862,5160,Wholesale-Chemicals & Allied Products,Industrials,2026-10-04
1674910,2990,Miscellaneous Products of  Petroleum & Coal,Energy,2026-10-04
1674930,8071,Services-Medical Laboratories,Health Care,2026-10-04
1675149,3334,Primary Production of  Aluminum,Materials,2026-10-04
1675644,6022,State Commercial Banks,Financials,2026-10-04
1676047,3842,"Orthopedic, Prosthetic & Surgical Appliances & Supplies",Health Care,2026-10-04
1676163,3841,Surgical & Medical Instruments & Apparatus,Health Care,2026-10-04
1676238,7372,Services-Prepackaged Software,Information Technology,2026-10-04
1676725,2834,Pharmaceutical Preparations,Health Care,2026-10-04
1677077,2834,Pharmaceutical Preparations,Health Care,2026-10-04
1677250,4210,Trucking & Courier Services (No Air),Industrials,2026-10-04
1677576,6500,Real Estate,Real Estate,2026-10-04
1677703,7389,"Services-Business Services, NEC",Industrials,2026-10-04
1677940,2834,Pharmaceutical Preparations,Health Care,2026-10-04
1678130,,,,2026-10-04
1678660,2834,Pharmaceutical Preparations,Health Care,2026-10-04
1679049,4400,Water Transportation,Industrials,2026-10-04
1679268,1389,"Oil & Gas Field Services, NEC",Energy,2026-10-04
1679273,2030,"Canned, Frozen & Preservd Fruit, Veg & Food Specialties",Consumer Staples,2026-10-04
1679628,2834,Pharmaceutical Preparations,Health Care,2026-10-04
1679688,6282,Investment Advice,Financials,2026-10-04
1679788,6199,Finance Services,Financials,2026-10-04
1680048,2834,Pharmaceutical Preparations,Health Care,2026-10-04
1680062,3559,"Special Industry Machinery, NEC",Industrials,2026-10-04
1680247,1389,"Oil & Gas Field Services, NEC",Energy,2026-10-04
1680367,2834,Pharmaceutical Preparations,Health Care,2026-10-04
1680378,2870,Agricultural Chemicals,Materials,2026-10-04
1680581,2834,Pharmaceutical Preparations,Health Care,2026-10-04
1680637,3576,Computer Communications Equipment,Information Technology,2026-10-04
1680873,5140,Wholesale-Groceries & Related Products,Consumer Staples,2026-10-04
1681087,2836,"Biological Products, (No Diagnostic Substances)",Health Care,2026-10-04
1681206,6331,"Fire, Marine & Casualty Insurance",Financials,2026-10-04
1681348,4931,Electric & Other Services Combined,Utilities,2026-10-04
1681459,3533,Oil & Gas Field Machinery & Equipment,Industrials,2026-10-04
1681622,3679,"Electronic Components, NEC",Information Technology,2026-10-04
1681682,3845,Electromedical & Electrotherapeutic Apparatus,Health Care,2026-10-04
1682149,7389,"Services-Business Services, NEC",Industrials,2026-10-04
1682241,6199,Finance Services,Financials,2026-10-04
1682639,6199,Finance Services,Financials,2026-10-04
1682745,4700,Transportation Services,Industrials,2026-10-04
1682852,2836,"Biological Products, (No Diagnostic Substances)",Health Care,2026-10-04
1683541,2833,Medicinal Chemicals & Botanical Products,Health Care,2026-10-04
1683553,2834,Pharmaceutical Preparations,Health Care,2026-10-04
1683606,7374,Services-Computer Processing & Data Preparation,Information Technology,2026-10-04
1683695,7389,"Services-Business Services, NEC",Industrials,2026-10-04
1683825,7374,Services-Computer Processing & Data Preparation,Information Technology,2026-10-04
1684425,6531,Real Estate Agents & Managers (For Others),Real Estate,2026-10-04
1684688,1040,Gold and Silver Ores,Materials,2026-10-04
1684693,2834,Pharmaceutical Preparations,Health Care,2026-10-04
1685040,6311,Life Insurance,Financials,2026-10-04
1687187,1220,Silver Ores,Energy,2026-10-04
1687229,6510,Real Estate Operators (No Developers) & Lessors,Real Estate,2026-10-04
1687277,3290,"Abrasive, Asbestos & Misc Nonmetallic Mineral Prods",Materials,2026-10-04
1687451,3490,Miscellaneous Fabricated Metal Products,Industrials,2026-10-04
1687542,4731,Arrangement of  Transportation of  Freight & Cargo,Industrials,2026-10-04
1687932,2330,"Women's, Misses':  and Juniors Outerwear",Consumer Discretionary,2026-10-10
1688568,7374,Services-Computer Processing & Data Preparation,Information Technology,2026-10-04
1688757,3842,"Orthopedic, Prosthetic & Surgical Appliances & Supplies",Health Care,2026-10-04
1689375,2834,Pharmaceutical Preparations,Health Care,2026-10-04
1689548,2834,Pharmaceutical Preparations,Health Care,2026-10-04
1689796,6798,Real Estate Investment Trusts,Real Estate,2026-10-04
1690080,6199,Finance Services,Financials,2026-10-04
1690334,4412,Deep Sea Foreign Transportation of  Freight,Industrials,2026-10-04
1690437,6221,Commodity Contracts Brokers & Dealers,Financials,2026-10-04
1690511,2300,Apparel & Other Finishd Prods of  Fabrics & Similar Matl,Consumer Discretionary,2026-10-04
1690585,2834,Pharmaceutical Preparations,Health Care,2026-10-04
1690639,6029,"Commercial Banks, NEC",Financials,2026-10-04
1690680,6531,Real Estate Agents & Managers (For Others),Real Estate,2026-10-04
1690820,5500,Retail-Auto Dealers & Gasoline Stations,Consumer Discretionary,2026-10-04
1690842,6221,Commodity Contracts Brokers & Dealers,Financials,2026-10-04
1691082,2834,Pharmaceutical Preparations,Health Care,2026-10-04
1691221,7372,Services-Prepackaged Software,Information Technology,2026-10-04
1691303,1220,Silver Ores,Energy,2026-10-04
1691421,6331,"Fire, Marine & Casualty Insurance",Financials,2026-10-04
1691445,6163,Loan Brokers,Financials,2026-10-04
1691493,6199,Finance Services,Financials,2026-10-04
1692063,4213,Trucking (No Local),Industrials,2026-10-04
1692115,4923,Natural Gas Transmisison & Distribution,Utilities,2026-10-04
1692376,6199,Finance Services,Financials,2026-10-04
1692415,3841,Surgical & Medical Instruments & Apparatus,Health Care,2026-10-04
1692705,6199,Finance Services,Financials,2026-10-04
1692787,4922,Natural Gas Transmission,Utilities,2026-10-04
1692819,4911,Electric Services,Utilities,2026-10-04
1693256,1389,"Oil & Gas Field Services, NEC",Energy,2026-10-04
1693577,6022,State Commercial Banks,Financials,2026-10-04
1693736,7359,"Services-Equipment Rental & Leasing, NEC",Industrials,2026-10-04
1694028,1389,"Oil & Gas Field Services, NEC",Energy,2026-10-04
1694426,2911,Petroleum Refining,Energy,2026-10-04
1695295,5190,Wholesale-Miscellaneous Nondurable Goods,Industrials,2026-10-04
1696556,2000,Food and Kindred Products,Consumer Staples,2026-10-04
1696558,2300,Apparel & Other Finishd Prods of  Fabrics & Similar Matl,Consumer Discretionary,2026-10-04
1697500,3533,Oil & Gas Field Machinery & Equipment,Industrials,2026-10-04
1697818,6199,Finance Services,Financials,2026-10-04
1697851,3669,"Communications Equipment, NEC",Information Technology,2026-10-04
1697862,2836,"Biological Products, (No Diagnostic Substances)",Health Care,2026-10-04
1698514,1389,"Oil & Gas Field Services, NEC",Energy,2026-10-04
1698530,2834,Pharmaceutical Preparations,Health Care,2026-10-04
1698535,1090,Miscellaneous Metal Ores,Materials,2026-10-04
1698990,1311,Crude Petroleum & Natural Gas,Energy,2026-10-04
1698991,7900,Services-Amusement & Recreation Services,Consumer Discretionary,2026-10-04
1699031,8071,Services-Medical Laboratories,Health Care,2026-10-04
1699039,1389,"Oil & Gas Field Services, NEC",Energy,2026-10-04
1699136,3533,Oil & Gas Field Machinery & Equipment,Industrials,2026-10-04
1699150,3560,General Industrial Machinery & Equipment,Industrials,2026-10-04
1699350,3841,Surgical & Medical Instruments & Apparatus,Health Care,2026-10-04
1699382,2834,Pharmaceutical Preparations,Health Care,2026-10-04
1699963,7372,Services-Prepackaged Software,Information Technology,2026-10-04
1701108,2834,Pharmaceutical Preparations,Health Care,2026-10-04
1701261,2033,"Canned, Fruits, Veg, Preserves, Jams & Jellies",Consumer Staples,2026-10-04
1701478,2834,Pharmaceutical Preparations,Health Care,2026-10-04
1701541,2836,"Biological Products, (No Diagnostic Substances)",Health Care,2026-10-04
1701605,3533,Oil & Gas Field Machinery & Equipment,Industrials,2026-10-04
1701756,5810,Retail-Eating & Drinking Places,Consumer Discretionary,2026-10-04
1701758,5712,Retail-Furniture Stores,Consumer Discretionary,2026-10-04
1701963,7374,Services-Computer Processing & Data Preparation,Information Technology,2026-10-04
1702123,2836,"Biological Products, (No Diagnostic Substances)",Health Care,2026-10-04
1702318,7389,"Services-Business Services, NEC",Industrials,2026-10-04
1702744,2000,Food and Kindred Products,Consumer Staples,2026-10-04
1702750,6022,State Commercial Banks,Financials,2026-10-04
1702780,4841,Cable & Other Pay Television Services,Communication Services,2026-10-04
1702924,3480,"Ordnance & Accessories, (No Vehicles/Guided Missiles)",Industrials,2026-10-04
1703056,7381,"Services-Detective, Guard & Armored Car Services",Industrials,2026-10-04
1703057,2834,Pharmaceutical Preparations,Health Care,2026-10-04
1703079,,,,2026-10-04
1703399,7380,Services-Miscellaneous Business Services,Industrials,2026-10-04
1703644,6798,Real Estate Investment Trusts,Real Estate,2026-10-04
1703647,2834,Pharmaceutical Preparations,Health Care,2026-10-04
1703956,1700,Construction - Special Trade Contractors,Industrials,2026-10-10
1704287,3841,Surgical & Medical Instruments & Apparatus,Health Care,2026-10-10
1704292,2834,Pharmaceutical Preparations,Health Care,2026-10-10
1704711,3944,"Games, Toys & Children's Vehicles (No Dolls & Bicycles)",Consumer Discretionary,2026-10-10
1704715,1221,Bituminous Coal & Lignite Surface Mining,Energy,2026-10-10
1704720,5810,Retail-Eating & Drinking Places,Consumer Discretionary,2026-10-10
1705110,7310,Services-Advertising,Communication Services,2026-10-04
1705284,6021,National Commercial Banks,Financials,2026-10-04
1705402,7371,Services-Computer Programming Services,Information Technology,2026-10-04
1705696,6798,Real Estate Investment Trusts,Real Estate,2026-10-04
1705843,2870,Agricultural Chemicals,Materials,2026-10-04
1706431,2836,"Biological Products, (No Diagnostic Substances)",Health Care,2026-10-04
1706946,4700,Transportation Services,Industrials,2026-10-04
1707303,3990,Miscellaneous Manufacturing Industries,Consumer Discretionary,2026-10-04
1707502,2836,"Biological Products, (No Diagnostic Substances)",Health Care,2026-10-04
1707753,7372,Services-Prepackaged Software,Information Technology,2026-10-04
1707910,5812,Retail-Eating  Places,Consumer Discretionary,2026-10-04
1707919,3711,Motor Vehicles & Passenger Car Bodies,Consumer Discretionary,2026-10-04
1707925,2810,Industrial Inorganic Chemicals,Materials,2026-10-04
1708035,2800,Chemicals & Allied Products,Materials,2026-10-04
1708055,7373,Services-Computer Integrated Systems Design,Information Technology,2026-10-04
1708259,6199,Finance Services,Financials,2026-10-04
1708341,7900,Services-Amusement & Recreation Services,Consumer Discretionary,2026-10-04
1708441,3577,"Computer Peripheral Equipment, NEC",Information Technology,2026-10-04
1708527,2836,"Biological Products, (No Diagnostic Substances)",Health Care,2026-10-04
1708599,2834,Pharmaceutical Preparations,Health Care,2026-10-04
1708688,2834,Pharmaceutical Preparations,Health Care,2026-10-04
1709048,3674,Semiconductors & Related Devices,Information Technology,2026-10-04
1709164,3634,Electric Housewares & Fans,Consumer Discretionary,2026-10-04
1709442,6021,National Commercial Banks,Financials,2026-10-04
1709626,2834,Pharmaceutical Preparations,Health Care,2026-10-04
1709628,7370,"Services-Computer Programming, Data Processing, Etc.",Information Technology,2026-10-04
1709682,7359,"Services-Equipment Rental & Leasing, NEC",Industrials,2026-10-04
1709819,8200,Services-Educational Services,Consumer Discretionary,2026-10-04
1709941,2834,Pharmaceutical Preparations,Health Care,2026-10-04
1710072,2834,Pharmaceutical Preparations,Health Care,2026-10-04
1710155,3851,Ophthalmic Goods,Health Care,2026-10-04
1710340,2834,Pharmaceutical Preparations,Health Care,2026-10-04
1710350,6199,Finance Services,Financials,2026-10-04
1710366,1220,Silver Ores,Energy,2026-10-04
1710482,6022,State Commercial Banks,Financials,2026-10-04
1710680,,,,2026-10-04
1711012,7510,Services-Auto Rental & Leasing (No Drivers),Consumer Discretionary,2026-10-04
1711269,4931,Electric & Other Services Combined,Utilities,2026-10-04
1711279,2836,"Biological Products, (No Diagnostic Substances)",Health Care,2026-10-04
1711375,3241,"Cement, Hydraulic",Materials,2026-10-04
1711754,2836,"Biological Products, (No Diagnostic Substances)",Health Care,2026-10-04
1711786,2834,Pharmaceutical Preparations,Health Care,2026-10-04
1712178,5990,"Retail-Retail Stores, NEC",Consumer Discretionary,2026-10-04
1712184,4841,Cable & Other Pay Television Services,Communication Services,2026-10-04
1712189,7000,"Hotels, Rooming Houses, Camps & Other Lodging Places",Consumer Discretionary,2026-10-04
1712463,2670,Converted Paper & Paperboard Prods (No Contaners/Boxes),Materials,2026-10-04
1712762,8731,Services-Commercial Physical & Biological Research,Health Care,2026-10-04
1712807,7374,Services-Computer Processing & Data Preparation,Information Technology,2026-10-04
1713210,8000,Services-Health Services,Health Care,2026-10-04
1713334,7011,Hotels & Motels,Consumer Discretionary,2026-10-04
1713445,7374,Services-Computer Processing & Data Preparation,Information Technology,2026-10-04
1713539,5500,Retail-Auto Dealers & Gasoline Stations,Consumer Discretionary,2026-10-04
1713683,7371,Services-Computer Programming Services,Information Technology,2026-10-04
1713748,1040,Gold and Silver Ores,Materials,2026-10-04
1713863,2834,Pharmaceutical Preparations,Health Care,2026-10-04
1713930,1000,Metal Mining,Materials,2026-10-04
1714174,6199,Finance Services,Financials,2026-10-04
1714562,7900,Services-Amusement & Recreation Services,Consumer Discretionary,2026-10-04
1714899,2836,"Biological Products, (No Diagnostic Substances)",Health Care,2026-10-04
1715497,1381,Drilling Oil & Gas Wells,Energy,2026-10-04
1715925,2834,Pharmaceutical Preparations,Health Care,2026-10-04
1716166,3841,Surgical & Medical Instruments & Apparatus,Health Care,2026-10-04
1716338,7370,"Services-Computer Programming, Data Processing, Etc.",Information Technology,2026-10-04
1716621,3841,Surgical & Medical Instruments & Apparatus,Health Care,2026-10-04
1716770,8200,Services-Educational Services,Consumer Discretionary,2026-10-04
1716947,2834,Pharmaceutical Preparations,Health Care,2026-10-04
1716951,,,,2026-10-04
1717115,7370,"Services-Computer Programming, Data Processing, Etc.",Information Technology,2026-10-04
1717161,4911,Electric Services,Utilities,2026-10-04
1717307,6798,Real Estate Investment Trusts,Real Estate,2026-10-04
1717393,4581,"Airports, Flying Fields & Airport Terminal Services",Industrials,2026-10-04
1717457,,,,2026-10-04
1717547,6798,Real Estate Investment Trusts,Real Estate,2026-10-04
1718224,5812,Retail-Eating  Places,Consumer Discretionary,2026-10-04
1718227,1600,Heavy Construction Other Than Bldg Const - Contractors,Industrials,2026-10-04
1718405,1040,Gold and Silver Ores,Materials,2026-10-04
1718500,2844,"Perfumes, Cosmetics & Other Toilet Preparations",Consumer Staples,2026-10-04
1718512,3560,General Industrial Machinery & Equipment,Industrials,2026-10-04
1718939,7372,Services-Prepackaged Software,Information Technology,2026-10-04
1719406,2834,Pharmaceutical Preparations,Health Care,2026-10-04
1719714,2834,Pharmaceutical Preparations,Health Care,2026-10-04
1720116,7372,Services-Prepackaged Software,Information Technology,2026-10-04
1720161,4412,Deep Sea Foreign Transportation of  Freight,Industrials,2026-10-04
1720250,3714,Motor Vehicle Parts & Accessories,Consumer Discretionary,2026-10-04
1720265,6221,Commodity Contracts Brokers & Dealers,Financials,2026-10-04
1720420,7374,Services-Computer Processing & Data Preparation,Information Technology,2026-10-10
1720424,6199,Finance Services,Financials,2026-10-10
1720446,3571,Electronic Computers,Information Technology,2026-10-10
1720580,2834,Pharmaceutical Preparations,Health Care,2026-10-10
1720592,7389,"Services-Business Services, NEC",Industrials,2026-10-10
1720635,3550,Special Industry Machinery (No Metalworking Machinery),Industrials,2026-10-10
1721484,2834,Pharmaceutical Preparations,Health Care,2026-10-04
1722010,6022,State Commercial Banks,Financials,2026-10-04
1722387,1040,Gold and Silver Ores,Materials,2026-10-04
1722482,3826,Laboratory Analytical Instruments,Information Technology,2026-10-04
1722606,1040,Gold and Silver Ores,Materials,2026-10-04
1722608,7841,Services-Video Tape Rental,Communication Services,2026-10-04
1722684,7011,Hotels & Motels,Consumer Discretionary,2026-10-04
1723069,2834,Pharmaceutical Preparations,Health Care,2026-10-04
1723128,2834,Pharmaceutical Preparations,Health Care,2026-10-04
1723464,2834,Pharmaceutical Preparations,Health Care,2026-10-04
1723690,7374,Services-Computer Processing & Data Preparation,Information Technology,2026-10-04
1723788,6221,Commodity Contracts Brokers & Dealers,Financials,2026-10-04
1723935,8200,Services-Educational Services,Consumer Discretionary,2026-10-04
1723980,2834,Pharmaceutical Preparations,Health Care,2026-10-04
1724009,1311,Crude Petroleum & Natural Gas,Energy,2026-10-04
1724521,2834,Pharmaceutical Preparations,Health Care,2026-10-04
1724542,7372,Services-Prepackaged Software,Information Technology,2026-10-04
1724755,7011,Hotels & Motels,Consumer Discretionary,2026-10-04
1724965,1311,Crude Petroleum & Natural Gas,Energy,2026-10-04
1725033,6199,Finance Services,Financials,2026-10-04
1725123,6199,Finance Services,Financials,2026-10-04
1725160,2834,Pharmaceutical Preparations,Health Care,2026-10-04
1725210,6221,Commodity Contracts Brokers & Dealers,Financials,2026-10-04
1725255,8082,Services-Home Health Care Services,Health Care,2026-10-04
1725332,7372,Services-Prepackaged Software,Information Technology,2026-10-04
1725430,3841,Surgical & Medical Instruments & Apparatus,Health Care,2026-10-04
1725964,2870,Agricultural Chemicals,Materials,2026-10-04
1726122,6221,Commodity Contracts Brokers & Dealers,Financials,2026-10-04
1726126,1311,Crude Petroleum & Natural Gas,Energy,2026-10-04
1726173,5812,Retail-Eating  Places,Consumer Discretionary,2026-10-04
1726445,3826,Laboratory Analytical Instruments,Information Technology,2026-10-04
1726978,6411,"Insurance Agents, Brokers & Service",Financials,2026-10-04
1727196,2836,"Biological Products, (No Diagnostic Substances)",Health Care,2026-10-04
1727263,7340,Services-To Dwellings & Other Buildings,Industrials,2026-10-04
1728117,2834,Pharmaceutical Preparations,Health Care,2026-10-04
1728190,7370,"Services-Computer Programming, Data Processing, Etc.",Information Technology,2026-10-04
1728328,2834,Pharmaceutical Preparations,Health Care,2026-10-04
1728688,7372,Services-Prepackaged Software,Information Technology,2026-10-04
1728951,6798,Real Estate Investment Trusts,Real Estate,2026-10-04
1729149,8090,"Services-Misc Health & Allied Services, NEC",Health Care,2026-10-04
1729173,7389,"Services-Business Services, NEC",Industrials,2026-10-04
1729214,2834,Pharmaceutical Preparations,Health Care,2026-10-04
1729427,2834,Pharmaceutical Preparations,Health Care,2026-10-04
1729997,6221,Commodity Contracts Brokers & Dealers,Financials,2026-10-04
1730168,3674,Semiconductors & Related Devices,Information Technology,2026-10-04
1730430,2834,Pharmaceutical Preparations,Health Care,2026-10-04
1730463,2836,"Biological Products, (No Diagnostic Substances)",Health Care,2026-10-04
1730984,6022,State Commercial Banks,Financials,2026-10-04
1731348,2833,Medicinal Chemicals & Botanical Products,Health Care,2026-10-04
1731388,4400,Water Transportation,Industrials,2026-10-04
1732379,1000,Metal Mining,Materials,2026-10-04
1733868,6199,Finance Services,Financials,2026-10-04
1733998,4924,Natural Gas Distribution,Utilities,2026-10-04
1734005,3829,"Measuring & Controlling Devices, NEC",Information Technology,2026-10-04
1734107,7374,Services-Computer Processing & Data Preparation,Information Technology,2026-10-04
1734342,6021,National Commercial Banks,Financials,2026-10-04
1734713,0700,Agricultural Services,Consumer Staples,2026-10-04
1734722,7372,Services-Prepackaged Software,Information Technology,2026-10-04
1734750,7374,Services-Computer Processing & Data Preparation,Information Technology,2026-10-04
1735041,3560,General Industrial Machinery & Equipment,Industrials,2026-10-04
1735438,2836,"Biological Products, (No Diagnostic Substances)",Health Care,2026-10-04
1735556,6199,Finance Services,Financials,2026-10-04
1735707,3714,Motor Vehicle Parts & Accessories,Consumer Discretionary,2026-10-04
1736035,,,,2026-10-04
1736243,2834,Pharmaceutical Preparations,Health Care,2026-10-04
1736297,3674,Semiconductors & Related Devices,Information Technology,2026-10-04
1736541,3711,Motor Vehicles & Passenger Car Bodies,Consumer Discretionary,2026-10-04
1736730,2834,Pharmaceutical Preparations,Health Care,2026-10-10
1736946,7381,"Services-Detective, Guard & Armored Car Services",Industrials,2026-10-10
1737287,2836,"Biological Products, (No Diagnostic Substances)",Health Care,2026-10-10
1737339,7370,"Services-Computer Programming, Data Processing, Etc.",Information Technology,2026-10-10
1737450,7372,Services-Prepackaged Software,Information Technology,2026-10-10
1737523,8071,Services-Medical Laboratories,Health Care,2026-10-10
1737706,1381,Drilling Oil & Gas Wells,Energy,2026-10-04
1737806,7389,"Services-Business Services, NEC",Industrials,2026-10-04
1737924,,,,2026-10-04
1737927,2833,Medicinal Chemicals & Botanical Products,Health Care,2026-10-04
1737953,2836,"Biological Products, (No Diagnostic Substances)",Health Care,2026-10-04
1737995,6199,Finance Services,Financials,2026-10-04
1738021,2836,"Biological Products, (No Diagnostic Substances)",Health Care,2026-10-04
1738699,7374,Services-Computer Processing & Data Preparation,Information Technology,2026-10-04
1738758,7374,Services-Computer Processing & Data Preparation,Information Technology,2026-10-04
1738827,1389,"Oil & Gas Field Services, NEC",Energy,2026-10-04
1738906,5912,Retail-Drug Stores and Proprietary Stores,Consumer Staples,2026-10-04
1739016,1400,Mining & Quarrying of  Nonmetallic Minerals (No Fuels),Materials,2026-10-04
1739104,2834,Pharmaceutical Preparations,Health Care,2026-10-04
1739174,7372,Services-Prepackaged Software,Information Technology,2026-10-04
1739410,2834,Pharmaceutical Preparations,Health Care,2026-10-04
1739445,3440,Fabricated Structural Metal Products,Industrials,2026-10-04
1739566,2090,Miscellaneous Food Preparations & Kindred Products,Consumer Staples,2026-10-04
1739940,6324,Hospital & Medical Service Plans,Financials,2026-10-04
1740279,2836,"Biological Products, (No Diagnostic Substances)",Health Care,2026-10-04
1740332,5072,Wholesale-Hardware,Industrials,2026-10-04
1740604,6199,Finance Services,Financials,2026-10-04
1741530,6199,Finance Services,Financials,2026-10-04
1742341,7372,Services-Prepackaged Software,Information Technology,2026-10-04
1742518,6211,"Security Brokers, Dealers & Flotation Companies",Financials,2026-10-04
1742692,3845,Electromedical & Electrotherapeutic Apparatus,Health Care,2026-10-04
1742770,3630,Household Appliances,Consumer Discretionary,2026-10-04
1743102,6199,Finance Services,Financials,2026-10-04
1743340,7389,"Services-Business Services, NEC",Industrials,2026-10-04
1743725,7372,Services-Prepackaged Software,Information Technology,2026-10-04
1743745,5099,"Wholesale-Durable Goods, NEC",Industrials,2026-10-04
1743759,3577,"Computer Peripheral Equipment, NEC",Information Technology,2026-10-04
1743881,2834,Pharmaceutical Preparations,Health Care,2026-10-04
1743905,3743,Railroad Equipment,Industrials,2026-10-04
1743971,7389,"Services-Business Services, NEC",Industrials,2026-10-04
1744489,7990,Services-Miscellaneous Amusement & Recreation,Consumer Discretionary,2026-10-04
1744676,4832,Radio Broadcasting Stations,Communication Services,2026-10-04
1744781,3711,Motor Vehicles & Passenger Car Bodies,Consumer Discretionary,2026-10-04
1745059,,,,2026-10-04
1745114,2836,"Biological Products, (No Diagnostic Substances)",Health Care,2026-10-04
1745201,4400,Water Transportation,Industrials,2026-10-04
1745431,7374,Services-Computer Processing & Data Preparation,Information Technology,2026-10-04
1745648,2834,Pharmaceutical Preparations,Health Care,2026-10-04
1745916,6162,Mortgage Bankers & Loan Correspondents,Financials,2026-10-04
1745999,2836,"Biological Products, (No Diagnostic Substances)",Health Care,2026-10-04
1746109,6021,National Commercial Banks,Financials,2026-10-04
1746129,6022,State Commercial Banks,Financials,2026-10-04
1746466,2834,Pharmaceutical Preparations,Health Care,2026-10-04
1746473,2834,Pharmaceutical Preparations,Health Care,2026-10-04
1746618,5961,Retail-Catalog & Mail-Order Houses,Consumer Discretionary,2026-10-04
1746967,,,,2026-10-04
1747068,6022,State Commercial Banks,Financials,2026-10-04
1747079,7011,Hotels & Motels,Consumer Discretionary,2026-10-04
1747172,,,,2026-10-04
1747661,8200,Services-Educational Services,Consumer Discretionary,2026-10-04
1747777,,,,2026-10-04
1748137,3690,"Miscellaneous Electrical Machinery, Equipment & Supplies",Information Technology,2026-10-04
1748790,3990,Miscellaneous Manufacturing Industries,Consumer Discretionary,2026-10-04
1748797,3790,Miscellaneous Transportation Equipment,Industrials,2026-10-04
1748824,6282,Investment Advice,Financials,2026-10-04
1749723,4924,Natural Gas Distribution,Utilities,2026-10-04
1750106,6500,Real Estate,Real Estate,2026-10-04
1750149,2836,"Biological Products, (No Diagnostic Substances)",Health Care,2026-10-04
1750264,6282,Investment Advice,Financials,2026-10-04
1750284,2834,Pharmaceutical Preparations,Health Care,2026-10-04
1750593,6500,Real Estate,Real Estate,2026-10-04
1750704,7374,Services-Computer Processing & Data Preparation,Information Technology,2026-10-04
1750735,6021,National Commercial Banks,Financials,2026-10-04
1751008,7370,"Services-Computer Programming, Data Processing, Etc.",Information Technology,2026-10-04
1751783,6036,"Savings Institutions, Not Federally Chartered",Financials,2026-10-04
1751788,2821,"Plastic Materials, Synth Resins & Nonvulcan Elastomers",Materials,2026-10-04
1751876,7374,Services-Computer Processing & Data Preparation,Information Technology,2026-10-04
1751912,2834,Pharmaceutical Preparations,Health Care,2026-10-04
1752828,2834,Pharmaceutical Preparations,Health Care,2026-10-04
1753162,6531,Real Estate Agents & Managers (For Others),Real Estate,2026-10-10
1753368,7370,"Services-Computer Programming, Data Processing, Etc.",Information Technology,2026-10-10
1753539,3663,Radio & Tv Broadcasting & Communications Equipment,Information Technology,2026-10-10
1753673,7374,Services-Computer Processing & Data Preparation,Information Technology,2026-10-10
1754068,2836,"Biological Products, (No Diagnostic Substances)",Health Care,2026-10-04
1754170,5080,"Wholesale-Machinery, Equipment & Supplies",Industrials,2026-10-04
1754195,2833,Medicinal Chemicals & Botanical Products,Health Care,2026-10-04
1754226,6022,State Commercial Banks,Financials,2026-10-04
1754301,4833,Television Broadcasting Stations,Communication Services,2026-10-04
1754581,6211,"Security Brokers, Dealers & Flotation Companies",Financials,2026-10-04
1754836,,,,2026-10-04
1755058,8742,Services-Management Consulting Services,Industrials,2026-10-04
1755237,2834,Pharmaceutical Preparations,Health Care,2026-10-04
1755672,0100,Agricultural Production-Crops,Consumer Staples,2026-10-04
1755953,6199,Finance Services,Financials,2026-10-04
1756064,4899,"Communications Services, NEC",Communication Services,2026-10-04
1756180,0200,Agricultural Prod-Livestock & Animal Specialties,Consumer Staples,2026-10-04
1756262,3845,Electromedical & Electrotherapeutic Apparatus,Health Care,2026-10-04
1756594,2834,Pharmaceutical Preparations,Health Care,2026-10-04
1756607,1040,Gold and Silver Ores,Materials,2026-10-04
1756655,8062,"Services-General Medical & Surgical Hospitals, NEC",Health Care,2026-10-04
1756699,6211,"Security Brokers, Dealers & Flotation Companies",Financials,2026-10-04
1756708,5961,Retail-Catalog & Mail-Order Houses,Consumer Discretionary,2026-10-04
1756908,,,,2026-10-04
1757073,3843,Dental Equipment & Supplies,Health Care,2026-10-04
1757499,2834,Pharmaceutical Preparations,Health Care,2026-10-04
1757715,3634,Electric Housewares & Fans,Consumer Discretionary,2026-10-04
1757840,1311,Crude Petroleum & Natural Gas,Energy,2026-10-04
1757898,3842,"Orthopedic, Prosthetic & Surgical Appliances & Supplies",Health Care,2026-10-04
1758009,7372,Services-Prepackaged Software,Information Technology,2026-10-04
1758021,3089,"Plastics Products, NEC",Materials,2026-10-04
1758488,7997,Services-Membership Sports & Recreation Clubs,Consumer Discretionary,2026-10-04
1758530,7374,Services-Computer Processing & Data Preparation,Information Technology,2026-10-04
1758730,6200,"Security & Commodity Brokers, Dealers, Exchanges & Services",Financials,2026-10-04
1758766,7373,Services-Computer Integrated Systems Design,Information Technology,2026-10-04
1759124,6221,Commodity Contracts Brokers & Dealers,Financials,2026-10-04
1759138,2836,"Biological Products, (No Diagnostic Substances)",Health Care,2026-10-04
1759186,6199,Finance Services,Financials,2026-10-04
1759425,2834,Pharmaceutical Preparations,Health Care,2026-10-04
1759509,7389,"Services-Business Services, NEC",Industrials,2026-10-04
1759614,5990,"Retail-Retail Stores, NEC",Consumer Discretionary,2026-10-04
1759631,3713,Truck & Bus Bodies,Consumer Discretionary,2026-10-04
1759655,8000,Services-Health Services,Health Care,2026-10-04
1759774,6798,Real Estate Investment Trusts,Real Estate,2026-10-04
1759783,3728,"Aircraft Parts & Auxiliary Equipment, NEC",Industrials,2026-10-04
1759824,5084,Wholesale-Industrial Machinery & Equipment,Industrials,2026-10-04
1760233,5961,Retail-Catalog & Mail-Order Houses,Consumer Discretionary,2026-10-04
1760689,3690,"Miscellaneous Electrical Machinery, Equipment & Supplies",Information Technology,2026-10-04
1760854,2834,Pharmaceutical Preparations,Health Care,2026-10-04
1760903,2844,"Perfumes, Cosmetics & Other Toilet Preparations",Consumer Staples,2026-10-04
1760965,2320,"Men's & Boys' Furnishgs, Work Clothg, & Allied Garments",Consumer Discretionary,2026-10-04
1761312,6331,"Fire, Marine & Casualty Insurance",Financials,2026-10-04
1761612,2834,Pharmaceutical Preparations,Health Care,2026-10-04
1761918,2834,Pharmaceutical Preparations,Health Care,2026-10-04
1762301,7389,"Services-Business Services, NEC",Industrials,2026-10-04
1762303,3841,Surgical & Medical Instruments & Apparatus,Health Care,2026-10-04
1762417,7370,"Services-Computer Programming, Data Processing, Etc.",Information Technology,2026-10-04
1762506,1311,Crude Petroleum & Natural Gas,Energy,2026-10-04
1763415,6221,Commodity Contracts Brokers & Dealers,Financials,2026-10-04
1763950,2834,Pharmaceutical Preparations,Health Care,2026-10-04
1764013,2836,"Biological Products, (No Diagnostic Substances)",Health Care,2026-10-04
1764046,7374,Services-Computer Processing & Data Preparation,Information Technology,2026-10-04
1765850,6199,Finance Services,Financials,2026-10-04
1766140,2834,Pharmaceutical Preparations,Health Care,2026-10-04
1766368,3460,Metal Forgings & Stampings,Industrials,2026-10-04
1766400,8000,Services-Health Services,Health Care,2026-10-04
1766478,6500,Real Estate,Real Estate,2026-10-04
1766502,5961,Retail-Catalog & Mail-Order Houses,Consumer Discretionary,2026-10-04
1766600,2833,Medicinal Chemicals & Botanical Products,Health Care,2026-10-04
1767042,4922,Natural Gas Transmission,Utilities,2026-10-04
1767057,6221,Commodity Contracts Brokers & Dealers,Financials,2026-10-04
1767258,3470,"Coating, Engraving & Allied Services",Industrials,2026-10-04
1767837,6022,State Commercial Banks,Financials,2026-10-04
1768224,2834,Pharmaceutical Preparations,Health Care,2026-10-04
1768259,8200,Services-Educational Services,Consumer Discretionary,2026-10-04
1768267,7372,Services-Prepackaged Software,Information Technology,2026-10-04
1768446,2834,Pharmaceutical Preparations,Health Care,2026-10-04
1768666,,,,2026-10-04
1769256,6411,"Insurance Agents, Brokers & Service",Financials,2026-10-04
1769484,2870,Agricultural Chemicals,Materials,2026-10-10
1769624,6282,Investment Advice,Financials,2026-10-10
1769628,7372,Services-Prepackaged Software,Information Technology,2026-10-10
1769663,6036,"Savings Institutions, Not Federally Chartered",Financials,2026-10-10
1769697,1090,Miscellaneous Metal Ores,Materials,2026-10-10
1769731,6199,Finance Services,Financials,2026-10-10
1769768,7600,Services-Miscellaneous Repair Services,Other,2026-10-10
1770069,2834,Pharmaceutical Preparations,Health Care,2026-10-10
1770088,7372,Services-Prepackaged Software,Information Technology,2026-10-10
1770121,2836,"Biological Products, (No Diagnostic Substances)",Health Care,2026-10-10
1770236,3861,Photographic Equipment & Supplies,Consumer Discretionary,2026-10-10
1770450,3577,"Computer Peripheral Equipment, NEC",Information Technology,2026-10-04
1770501,7900,Services-Amusement & Recreation Services,Consumer Discretionary,2026-10-04
1770787,3826,Laboratory Analytical Instruments,Information Technology,2026-10-04
1771007,8200,Services-Educational Services,Consumer Discretionary,2026-10-04
1771226,,,,2026-10-04
1771515,5411,Retail-Grocery Stores,Consumer Staples,2026-10-04
1771885,2834,Pharmaceutical Preparations,Health Care,2026-10-04
1771910,2834,Pharmaceutical Preparations,Health Care,2026-10-04
1772016,2000,Food and Kindred Products,Consumer Staples,2026-10-04
1772177,5812,Retail-Eating  Places,Consumer Discretionary,2026-10-04
1772253,4400,Water Transportation,Industrials,2026-10-04
1772720,4911,Electric Services,Utilities,2026-10-04
1772921,5531,Retail-Auto & Home Supply Stores,Consumer Discretionary,2026-10-04
1773383,7372,Services-Prepackaged Software,Information Technology,2026-10-04
1773751,8011,Services-Offices & Clinics of  Doctors of  Medicine,Health Care,2026-10-04
1774170,3669,"Communications Equipment, NEC",Information Technology,2026-10-04
1774342,,,,2026-10-04
1774675,7372,Services-Prepackaged Software,Information Technology,2026-10-04
1774857,2834,Pharmaceutical Preparations,Health Care,2026-10-04
1775194,6199,Finance Services,Financials,2026-10-04
1775734,6199,Finance Services,Financials,2026-10-04
1775898,4899,"Communications Services, NEC",Communication Services,2026-10-04
1776067,7380,Services-Miscellaneous Business Services,Industrials,2026-10-04
1776111,2834,Pharmaceutical Preparations,Health Care,2026-10-04
1776661,7389,"Services-Business Services, NEC",Industrials,2026-10-04
1776909,7812,Services-Motion Picture & Video Tape Production,Communication Services,2026-10-04
1776985,2836,"Biological Products, (No Diagnostic Substances)",Health Care,2026-10-04
1777319,8742,Services-Management Consulting Services,Industrials,2026-10-04
1777393,3690,"Miscellaneous Electrical Machinery, Equipment & Supplies",Information Technology,2026-10-04
1777835,6199,Finance Services,Financials,2026-10-04
1777921,7372,Services-Prepackaged Software,Information Technology,2026-10-04
1778016,2834,Pharmaceutical Preparations,Health Care,2026-10-04
1778114,,,,2026-10-04
1778922,3841,Surgical & Medical Instruments & Apparatus,Health Care,2026-10-04
1778982,6411,"Insurance Agents, Brokers & Service",Financials,2026-10-04
1779128,8000,Services-Health Services,Health Care,2026-10-04
1779372,3841,Surgical & Medical Instruments & Apparatus,Health Care,2026-10-04
1779476,7389,"Services-Business Services, NEC",Industrials,2026-10-04
1779578,2834,Pharmaceutical Preparations,Health Care,2026-10-04
1780201,5961,Retail-Catalog & Mail-Order Houses,Consumer Discretionary,2026-10-04
1780232,4953,Refuse Systems,Industrials,2026-10-04
1780312,4899,"Communications Services, NEC",Communication Services,2026-10-04
1780652,6199,Finance Services,Financials,2026-10-04
1780731,3690,"Miscellaneous Electrical Machinery, Equipment & Supplies",Information Technology,2026-10-04
1780785,2860,Industrial Organic Chemicals,Materials,2026-10-04
1781162,3760,Guided Missiles & Space Vehicles & Parts,Industrials,2026-10-04
1781174,2834,Pharmaceutical Preparations,Health Care,2026-10-04
1781193,7389,"Services-Business Services, NEC",Industrials,2026-10-04
1781335,3600,Electronic & Other Electrical Equipment (No Computer Equip),Information Technology,2026-10-04
1781397,8200,Services-Educational Services,Consumer Discretionary,2026-10-04
1781446,3690,"Miscellaneous Electrical Machinery, Equipment & Supplies",Information Technology,2026-10-04
1781730,6036,"Savings Institutions, Not Federally Chartered",Financials,2026-10-04
1781753,8200,Services-Educational Services,Consumer Discretionary,2026-10-04
1781755,6411,"Insurance Agents, Brokers & Service",Financials,2026-10-04
1781983,2834,Pharmaceutical Preparations,Health Care,2026-10-04
1782107,2834,Pharmaceutical Preparations,Health Care,2026-10-04
1782170,7389,"Services-Business Services, NEC",Industrials,2026-10-04
1782223,2834,Pharmaceutical Preparations,Health Care,2026-10-04
1782265,7372,Services-Prepackaged Software,Information Technology,2026-10-04
1782303,2834,Pharmaceutical Preparations,Health Care,2026-10-04
1782309,8200,Services-Educational Services,Consumer Discretionary,2026-10-04
1782430,6798,Real Estate Investment Trusts,Real Estate,2026-10-04
1782524,,,,2026-10-04
1783036,2834,Pharmaceutical Preparations,Health Care,2026-10-04
1783180,3585,Air-Cond & Warm Air Heatg Equip & Comm & Indl Refrig Equip,Industrials,2026-10-04
1783183,2834,Pharmaceutical Preparations,Health Care,2026-10-04
1783328,2836,"Biological Products, (No Diagnostic Substances)",Health Care,2026-10-04
1783398,6162,Mortgage Bankers & Loan Correspondents,Financials,2026-10-04
1783407,7370,"Services-Computer Programming, Data Processing, Etc.",Information Technology,2026-10-04
1783879,6211,"Security Brokers, Dealers & Flotation Companies",Financials,2026-10-04
1784254,4832,Radio Broadcasting Stations,Communication Services,2026-10-04
1784535,6321,Accident & Health Insurance,Financials,2026-10-04
1784570,3721,Aircraft,Industrials,2026-10-04
1784930,1040,Gold and Silver Ores,Materials,2026-10-04
1784970,7374,Services-Computer Processing & Data Preparation,Information Technology,2026-10-04
1785056,3600,Electronic & Other Electrical Equipment (No Computer Equip),Information Technology,2026-10-04
1785279,2836,"Biological Products, (No Diagnostic Substances)",Health Care,2026-10-04
1785424,7359,"Services-Equipment Rental & Leasing, NEC",Industrials,2026-10-04
1785530,2834,Pharmaceutical Preparations,Health Care,2026-10-04
1785566,8200,Services-Educational Services,Consumer Discretionary,2026-10-04
1785680,6282,Investment Advice,Financials,2026-10-04
1785971,,,,2026-10-10
1786108,,,,2026-10-10
1786117,6798,Real Estate Investment Trusts,Real Estate,2026-10-10
1786248,6798,Real Estate Investment Trusts,Real Estate,2026-10-10
1786286,3721,Aircraft,Industrials,2026-10-10
1786352,7372,Services-Prepackaged Software,Information Technology,2026-10-10
1786431,2673,"Plastics, Foil & Coated Paper Bags",Materials,2026-10-10
1786471,3711,Motor Vehicles & Passenger Car Bodies,Consumer Discretionary,2026-10-10
1786842,3824,Totalizing Fluid Meters & Counting Devices,Information Technology,2026-10-04
1786909,1040,Gold and Silver Ores,Materials,2026-10-04
1787117,2330,"Women's, Misses':  and Juniors Outerwear",Consumer Discretionary,2026-10-04
1787297,2836,"Biological Products, (No Diagnostic Substances)",Health Care,2026-10-04
1787306,2834,Pharmaceutical Preparations,Health Care,2026-10-04
1787400,2834,Pharmaceutical Preparations,Health Care,2026-10-04
1787414,6036,"Savings Institutions, Not Federally Chartered",Financials,2026-10-04
1787425,6211,"Security Brokers, Dealers & Flotation Companies",Financials,2026-10-04
1787518,8742,Services-Management Consulting Services,Industrials,2026-10-04
1787740,2834,Pharmaceutical Preparations,Health Care,2026-10-04
1787803,2840,"Soap, Detergents, Cleang Preparations, Perfumes, Cosmetics",Consumer Staples,2026-10-04
1788028,2836,"Biological Products, (No Diagnostic Substances)",Health Care,2026-10-04
1788060,3760,Guided Missiles & Space Vehicles & Parts,Industrials,2026-10-04
1788230,2080,Beverages,Consumer Staples,2026-10-04
1788257,5961,Retail-Catalog & Mail-Order Houses,Consumer Discretionary,2026-10-04
1788348,4923,Natural Gas Transmisison & Distribution,Utilities,2026-10-04
1788399,,,,2026-10-04
1788451,6411,"Insurance Agents, Brokers & Service",Financials,2026-10-04
1788882,6331,"Fire, Marine & Casualty Insurance",Financials,2026-10-04
1788999,7372,Services-Prepackaged Software,Information Technology,2026-10-04
1789029,3714,Motor Vehicle Parts & Accessories,Consumer Discretionary,2026-10-04
1789192,2834,Pharmaceutical Preparations,Health Care,2026-10-04
1789299,3600,Electronic & Other Electrical Equipment (No Computer Equip),Information Technology,2026-10-04
1789769,2836,"Biological Products, (No Diagnostic Substances)",Health Care,2026-10-04
1789832,1311,Crude Petroleum & Natural Gas,Energy,2026-10-04
1789940,5812,Retail-Eating  Places,Consumer Discretionary,2026-10-04
1789972,2836,"Biological Products, (No Diagnostic Substances)",Health Care,2026-10-04
1790169,6199,Finance Services,Financials,2026-10-04
1790177,,,,2026-10-04
1790340,2834,Pharmaceutical Preparations,Health Care,2026-10-04
1791145,6022,State Commercial Banks,Financials,2026-10-04
1791703,1040,Gold and Silver Ores,Materials,2026-10-04
1791706,3711,Motor Vehicles & Passenger Car Bodies,Consumer Discretionary,2026-10-04
1791725,3317,Steel Pipe & Tubes,Materials,2026-10-04
1791863,4911,Electric Services,Utilities,2026-10-04
1791942,2011,Meat Packing Plants,Consumer Staples,2026-10-04
1792030,2833,Medicinal Chemicals & Botanical Products,Health Care,2026-10-04
1792044,2834,Pharmaceutical Preparations,Health Care,2026-10-04
1792267,8071,Services-Medical Laboratories,Health Care,2026-10-04
1792580,1311,Crude Petroleum & Natural Gas,Energy,2026-10-04
1792781,5600,Retail-Apparel & Accessory Stores,Consumer Discretionary,2026-10-04
1792789,7389,"Services-Business Services, NEC",Industrials,2026-10-04
1792849,1381,Drilling Oil & Gas Wells,Energy,2026-10-04
1793129,,,,2026-10-04
1793229,7389,"Services-Business Services, NEC",Industrials,2026-10-04
1793659,7990,Services-Miscellaneous Amusement & Recreation,Consumer Discretionary,2026-10-04
1793663,7372,Services-Prepackaged Software,Information Technology,2026-10-04
1793855,,,,2026-10-04
1793882,,,,2026-10-04
1793895,4950,Sanitary Services,Industrials,2026-10-04
1794338,6399,"Insurance Carriers, NEC",Financials,2026-10-04
1794350,7370,"Services-Computer Programming, Data Processing, Etc.",Information Technology,2026-10-04
1794515,7372,Services-Prepackaged Software,Information Technology,2026-10-04
1794546,3841,Surgical & Medical Instruments & Apparatus,Health Care,2026-10-04
1794669,7389,"Services-Business Services, NEC",Industrials,2026-10-04
1794776,,,,2026-10-04
1794783,6411,"Insurance Agents, Brokers & Service",Financials,2026-10-04
1795091,2834,Pharmaceutical Preparations,Health Care,2026-10-04
1795250,7900,Services-Amusement & Recreation Services,Consumer Discretionary,2026-10-04
1795251,3844,X-Ray Apparatus & Tubes & Related Irradiation Apparatus,Health Care,2026-10-04
1795586,6199,Finance Services,Financials,2026-10-04
1795589,7372,Services-Prepackaged Software,Information Technology,2026-10-04
1795815,6021,National Commercial Banks,Financials,2026-10-04
1795851,6153,Short-Term Business Credit Institutions,Financials,2026-10-04
1796022,6282,Investment Advice,Financials,2026-10-04
1796073,1040,Gold and Silver Ores,Materials,2026-10-04
1796209,7340,Services-To Dwellings & Other Buildings,Industrials,2026-10-04
1796280,2834,Pharmaceutical Preparations,Health Care,2026-10-04
1796514,6199,Finance Services,Financials,2026-10-04
1798100,6798,Real Estate Investment Trusts,Real Estate,2026-10-04
1798562,1000,Metal Mining,Materials,2026-10-04
1798618,,,,2026-10-04
1798749,2834,Pharmaceutical Preparations,Health Care,2026-10-04
1799011,3841,Surgical & Medical Instruments & Apparatus,Health Care,2026-10-04
1799191,8011,Services-Offices & Clinics of  Doctors of  Medicine,Health Care,2026-10-04
1799207,8011,Services-Offices & Clinics of  Doctors of  Medicine,Health Care,2026-10-04
1799290,6200,"Security & Commodity Brokers, Dealers, Exchanges & Services",Financials,2026-10-04
1799448,2836,"Biological Products, (No Diagnostic Substances)",Health Care,2026-10-04
1799567,7374,Services-Computer Processing & Data Preparation,Information Technology,2026-10-04
1799788,2834,Pharmaceutical Preparations,Health Care,2026-10-04
1800227,7370,"Services-Computer Programming, Data Processing, Etc.",Information Technology,2026-10-04
1800315,2834,Pharmaceutical Preparations,Health Care,2026-10-04
1800392,7371,Services-Computer Programming Services,Information Technology,2026-10-04
1800637,0700,Agricultural Services,Consumer Staples,2026-10-04
1800667,7372,Services-Prepackaged Software,Information Technology,2026-10-04
1801169,6531,Real Estate Agents & Managers (For Others),Real Estate,2026-10-04
1801170,6324,Hospital & Medical Service Plans,Financials,2026-10-04
1801198,2834,Pharmaceutical Preparations,Health Care,2026-10-04
1801368,1000,Metal Mining,Materials,2026-10-04
1801661,7374,Services-Computer Processing & Data Preparation,Information Technology,2026-10-04
1801834,2834,Pharmaceutical Preparations,Health Care,2026-10-04
1802156,7990,Services-Miscellaneous Amusement & Recreation,Consumer Discretionary,2026-10-04
1802255,5912,Retail-Drug Stores and Proprietary Stores,Consumer Staples,2026-10-10
1802369,2834,Pharmaceutical Preparations,Health Care,2026-10-10
1802665,2834,Pharmaceutical Preparations,Health Care,2026-10-10
1802768,2834,Pharmaceutical Preparations,Health Care,2026-10-10
1802883,7372,Services-Prepackaged Software,Information Technology,2026-10-10
1802974,0700,Agricultural Services,Consumer Staples,2026-10-10
1803407,3679,"Electronic Components, NEC",Information Technology,2026-10-04
1803599,7389,"Services-Business Services, NEC",Industrials,2026-10-04
1803696,4841,Cable & Other Pay Television Services,Communication Services,2026-10-04
1803914,5900,Retail-Miscellaneous Retail,Consumer Discretionary,2026-10-04
1804176,3844,X-Ray Apparatus & Tubes & Related Irradiation Apparatus,Health Care,2026-10-04
1804469,7381,"Services-Detective, Guard & Armored Car Services",Industrials,2026-10-04
1804745,7500,"Services-Automotive Repair, Services & Parking",Consumer Discretionary,2026-10-04
1805077,3690,"Miscellaneous Electrical Machinery, Equipment & Supplies",Information Technology,2026-10-04
1805284,6162,Mortgage Bankers & Loan Correspondents,Financials,2026-10-04
1805385,3577,"Computer Peripheral Equipment, NEC",Information Technology,2026-10-04
1805521,3711,Motor Vehicles & Passenger Car Bodies,Consumer Discretionary,2026-10-04
1805526,6199,Finance Services,Financials,2026-10-04
1805594,5960,Retail-Nonstore Retailers,Consumer Discretionary,2026-10-04
1805651,7372,Services-Prepackaged Software,Information Technology,2026-10-04
1805833,7370,"Services-Computer Programming, Data Processing, Etc.",Information Technology,2026-10-04
1806310,2836,"Biological Products, (No Diagnostic Substances)",Health Care,2026-10-04
1806347,2080,Beverages,Consumer Staples,2026-10-04
1806524,6211,"Security Brokers, Dealers & Flotation Companies",Financials,2026-10-04
1806837,7372,Services-Prepackaged Software,Information Technology,2026-10-04
1806904,3751,"Motorcycles, Bicycles & Parts",Consumer Discretionary,2026-10-04
1806952,2834,Pharmaceutical Preparations,Health Care,2026-10-04
1807046,6500,Real Estate,Real Estate,2026-10-04
1807120,2834,Pharmaceutical Preparations,Health Care,2026-10-04
1807166,7372,Services-Prepackaged Software,Information Technology,2026-10-04
1807389,7900,Services-Amusement & Recreation Services,Consumer Discretionary,2026-10-04
1807794,3674,Semiconductors & Related Devices,Information Technology,2026-10-04
1807887,3690,"Miscellaneous Electrical Machinery, Equipment & Supplies",Information Technology,2026-10-04
1808110,2000,Food and Kindred Products,Consumer Staples,2026-10-04
1808377,3851,Ophthalmic Goods,Health Care,2026-10-04
1808805,3826,Laboratory Analytical Instruments,Information Technology,2026-10-04
1808834,7359,"Services-Equipment Rental & Leasing, NEC",Industrials,2026-10-04
1808898,2834,Pharmaceutical Preparations,Health Care,2026-10-04
1808997,3949,"Sporting & Athletic Goods, NEC",Consumer Discretionary,2026-10-04
1809104,7389,"Services-Business Services, NEC",Industrials,2026-10-04
1809196,2836,"Biological Products, (No Diagnostic Substances)",Health Care,2026-10-04
1809519,7374,Services-Computer Processing & Data Preparation,Information Technology,2026-10-04
1809541,,,,2026-10-04
1809587,6531,Real Estate Agents & Managers (For Others),Real Estate,2026-10-04
1809616,2834,Pharmaceutical Preparations,Health Care,2026-10-04
1809691,6199,Finance Services,Financials,2026-10-04
1809750,0100,Agricultural Production-Crops,Consumer Staples,2026-10-04
1809987,3829,"Measuring & Controlling Devices, NEC",Information Technology,2026-10-04
1810019,7370,"Services-Computer Programming, Data Processing, Etc.",Information Technology,2026-10-04
1810182,2834,Pharmaceutical Preparations,Health Care,2026-10-04
1810467,6199,Finance Services,Financials,2026-10-04
1810523,,,,2026-10-04
1810546,6035,"Savings Institution, Federally Chartered",Financials,2026-10-04
1810560,2834,Pharmaceutical Preparations,Health Care,2026-10-04
1810806,7372,Services-Prepackaged Software,Information Technology,2026-10-04
1810997,3711,Motor Vehicles & Passenger Car Bodies,Consumer Discretionary,2026-10-04
1811063,2834,Pharmaceutical Preparations,Health Care,2026-10-04
1811074,6792,Oil Royalty Traders,Financials,2026-10-04
1811210,3711,Motor Vehicles & Passenger Car Bodies,Consumer Discretionary,2026-10-04
1811216,7389,"Services-Business Services, NEC",Industrials,2026-10-04
1811414,3690,"Miscellaneous Electrical Machinery, Equipment & Supplies",Information Technology,2026-10-04
1811935,5961,Retail-Catalog & Mail-Order Houses,Consumer Discretionary,2026-10-04
1812364,2836,"Biological Products, (No Diagnostic Substances)",Health Care,2026-10-04
1812447,4955,Hazardous Waste Management,Industrials,2026-10-04
1812477,6199,Finance Services,Financials,2026-10-04
1812727,6411,"Insurance Agents, Brokers & Service",Financials,2026-10-04
1812923,,,,2026-10-04
1813783,3730,Ship & Boat Building & Repairing,Industrials,2026-10-04
1813814,2833,Medicinal Chemicals & Botanical Products,Health Care,2026-10-04
1814067,8200,Services-Educational Services,Consumer Discretionary,2026-10-04
1814114,3841,Surgical & Medical Instruments & Apparatus,Health Care,2026-10-04
1814215,3690,"Miscellaneous Electrical Machinery, Equipment & Supplies",Information Technology,2026-10-04
1814287,6282,Investment Advice,Financials,2026-10-04
1814423,8200,Services-Educational Services,Consumer Discretionary,2026-10-04
1814963,2540,"Partitions, Shelvg, Lockers, & of fice & Store Fixtures",Consumer Discretionary,2026-10-04
1815021,5990,"Retail-Retail Stores, NEC",Consumer Discretionary,2026-10-04
1815442,2836,"Biological Products, (No Diagnostic Substances)",Health Care,2026-10-04
1815566,7372,Services-Prepackaged Software,Information Technology,2026-10-04
1815776,2836,"Biological Products, (No Diagnostic Substances)",Health Care,2026-10-04
1815779,4700,Transportation Services,Industrials,2026-10-04
1815846,5331,Retail-Variety Stores,Consumer Discretionary,2026-10-04
1816007,6199,Finance Services,Financials,2026-10-04
1816017,4899,"Communications Services, NEC",Communication Services,2026-10-04
1816172,5500,Retail-Auto Dealers & Gasoline Stations,Consumer Discretionary,2026-10-04
1816431,3829,"Measuring & Controlling Devices, NEC",Information Technology,2026-10-04
1816581,3569,"General Industrial Machinery & Equipment, NEC",Industrials,2026-10-04
1816590,2834,Pharmaceutical Preparations,Health Care,2026-10-04
1816708,3829,"Measuring & Controlling Devices, NEC",Information Technology,2026-10-04
1816736,2834,Pharmaceutical Preparations,Health Care,2026-10-04
1816815,2833,Medicinal Chemicals & Botanical Products,Health Care,2026-10-04
1817004,5500,Retail-Auto Dealers & Gasoline Stations,Consumer Discretionary,2026-10-04
1817159,,,,2026-10-04
1817229,2836,"Biological Products, (No Diagnostic Substances)",Health Care,2026-10-04
1817241,2836,"Biological Products, (No Diagnostic Substances)",Health Care,2026-10-04
1817358,5940,Retail-Miscellaneous Shopping Goods Stores,Consumer Discretionary,2026-10-04
1817713,2834,Pharmaceutical Preparations,Health Care,2026-10-04
1817740,1040,Gold and Silver Ores,Materials,2026-10-04
1817760,3674,Semiconductors & Related Devices,Information Technology,2026-10-04
1818093,3841,Surgical & Medical Instruments & Apparatus,Health Care,2026-10-04
1818201,7372,Services-Prepackaged Software,Information Technology,2026-10-04
1818274,7340,Services-To Dwellings & Other Buildings,Industrials,2026-10-04
1818331,8000,Services-Health Services,Health Care,2026-10-04
1818382,2836,"Biological Products, (No Diagnostic Substances)",Health Care,2026-10-04
1818383,7389,"Services-Business Services, NEC",Industrials,2026-10-04
1818502,6199,Finance Services,Financials,2026-10-04
1818644,3714,Motor Vehicle Parts & Accessories,Consumer Discretionary,2026-10-10
1818794,2834,Pharmaceutical Preparations,Health Care,2026-10-10
1818838,2834,Pharmaceutical Preparations,Health Care,2026-10-10
1818844,2834,Pharmaceutical Preparations,Health Care,2026-10-10
1818874,6199,Finance Services,Financials,2026-10-10
1819133,2834,Pharmaceutical Preparations,Health Care,2026-10-10
1819142,3690,"Miscellaneous Electrical Machinery, Equipment & Supplies",Information Technology,2026-10-10
1819253,2833,Medicinal Chemicals & Botanical Products,Health Care,2026-10-10
1819404,8200,Services-Educational Services,Consumer Discretionary,2026-10-10
1819411,2834,Pharmaceutical Preparations,Health Care,2026-10-10
1819438,3690,"Miscellaneous Electrical Machinery, Equipment & Supplies",Information Technology,2026-10-10
1819493,3714,Motor Vehicle Parts & Accessories,Consumer Discretionary,2026-10-04
1819516,4522,"Air Transportation, Nonscheduled",Industrials,2026-10-04
1819559,,,,2026-10-04
1819574,5990,"Retail-Retail Stores, NEC",Consumer Discretionary,2026-10-04
1819576,2834,Pharmaceutical Preparations,Health Care,2026-10-04
1819580,2844,"Perfumes, Cosmetics & Other Toilet Preparations",Consumer Staples,2026-10-04
1819704,7200,Services-Personal Services,Consumer Discretionary,2026-10-04
1819790,2836,"Biological Products, (No Diagnostic Substances)",Health Care,2026-10-04
1819794,3590,Misc Industrial & Commercial Machinery & Equipment,Industrials,2026-10-04
1819796,6282,Investment Advice,Financials,2026-10-04
1819810,3760,Guided Missiles & Space Vehicles & Parts,Industrials,2026-10-04
1819848,3721,Aircraft,Industrials,2026-10-04
1819928,7370,"Services-Computer Programming, Data Processing, Etc.",Information Technology,2026-10-04
1819989,6199,Finance Services,Financials,2026-10-04
1819994,3760,Guided Missiles & Space Vehicles & Parts,Industrials,2026-10-04
1820144,7370,"Services-Computer Programming, Data Processing, Etc.",Information Technology,2026-10-04
1820190,2836,"Biological Products, (No Diagnostic Substances)",Health Care,2026-10-04
1820302,6199,Finance Services,Financials,2026-10-04
1820378,,,,2026-10-04
1820721,3674,Semiconductors & Related Devices,Information Technology,2026-10-04
1820875,7372,Services-Prepackaged Software,Information Technology,2026-10-04
1820953,6141,Personal Credit Institutions,Financials,2026-10-04
1821159,7500,"Services-Automotive Repair, Services & Parking",Consumer Discretionary,2026-10-04
1821175,7372,Services-Prepackaged Software,Information Technology,2026-10-04
1821424,7389,"Services-Business Services, NEC",Industrials,2026-10-04
1821468,8200,Services-Educational Services,Consumer Discretionary,2026-10-04
1821534,6199,Finance Services,Financials,2026-10-04
1821586,2834,Pharmaceutical Preparations,Health Care,2026-10-04
1821769,3674,Semiconductors & Related Devices,Information Technology,2026-10-04
1821806,5990,"Retail-Retail Stores, NEC",Consumer Discretionary,2026-10-04
1821825,2834,Pharmaceutical Preparations,Health Care,2026-10-04
1821866,7370,"Services-Computer Programming, Data Processing, Etc.",Information Technology,2026-10-04
1822359,8000,Services-Health Services,Health Care,2026-10-04
1822462,2834,Pharmaceutical Preparations,Health Care,2026-10-04
1822479,8090,"Services-Misc Health & Allied Services, NEC",Health Care,2026-10-04
1822492,3420,"Cutlery, Handtools & General Hardware",Industrials,2026-10-04
1822523,0000,,Other,2026-10-04
1822791,2834,Pharmaceutical Preparations,Health Care,2026-10-04
1822928,3714,Motor Vehicle Parts & Accessories,Consumer Discretionary,2026-10-04
1822966,3443,Fabricated Plate Work (Boiler Shops),Industrials,2026-10-04
1822993,6311,Life Insurance,Financials,2026-10-04
1823144,6199,Finance Services,Financials,2026-10-04
1823239,2834,Pharmaceutical Preparations,Health Care,2026-10-04
1823255,1000,Metal Mining,Materials,2026-10-04
1823306,7372,Services-Prepackaged Software,Information Technology,2026-10-04
1823529,6411,"Insurance Agents, Brokers & Service",Financials,2026-10-04
1823584,5099,"Wholesale-Durable Goods, NEC",Industrials,2026-10-04
1823587,6500,Real Estate,Real Estate,2026-10-04
1823608,6022,State Commercial Banks,Financials,2026-10-04
1823652,3721,Aircraft,Industrials,2026-10-04
1823794,5412,Retail-Convenience Stores,Consumer Staples,2026-10-04
1823878,7372,Services-Prepackaged Software,Information Technology,2026-10-04
1823945,6282,Investment Advice,Financials,2026-10-04
1823986,6411,"Insurance Agents, Brokers & Service",Financials,2026-10-04
1824293,2834,Pharmaceutical Preparations,Health Care,2026-10-04
1824403,7900,Services-Amusement & Recreation Services,Consumer Discretionary,2026-10-04
1824502,3721,Aircraft,Industrials,2026-10-04
1824814,7372,Services-Prepackaged Software,Information Technology,2026-10-04
1824893,2836,"Biological Products, (No Diagnostic Substances)",Health Care,2026-10-04
1824920,7373,Services-Computer Integrated Systems Design,Information Technology,2026-10-04
1825024,6531,Real Estate Agents & Managers (For Others),Real Estate,2026-10-04
1825079,3559,"Special Industry Machinery, NEC",Industrials,2026-10-04
1825088,1531,Operative Builders,Industrials,2026-10-04
1825349,2000,Food and Kindred Products,Consumer Staples,2026-10-04
1825452,7374,Services-Computer Processing & Data Preparation,Information Technology,2026-10-04
1825570,6282,Investment Advice,Financials,2026-10-04
1825875,3621,Motors & Generators,Information Technology,2026-10-04
1826011,7372,Services-Prepackaged Software,Information Technology,2026-10-04
1826168,4813,Telephone Communications (No Radiotelephone),Communication Services,2026-10-04
1826286,6282,Investment Advice,Financials,2026-10-04
1826376,8200,Services-Educational Services,Consumer Discretionary,2026-10-04
1826397,6199,Finance Services,Financials,2026-10-04
1826457,2836,"Biological Products, (No Diagnostic Substances)",Health Care,2026-10-04
1826470,5990,"Retail-Retail Stores, NEC",Consumer Discretionary,2026-10-04
1826600,4932,Gas & Other Services Combined,Utilities,2026-10-04
1826660,3577,"Computer Peripheral Equipment, NEC",Information Technology,2026-10-04
1826667,3841,Surgical & Medical Instruments & Apparatus,Health Care,2026-10-04
1826681,7372,Services-Prepackaged Software,Information Technology,2026-10-04
1826836,1040,Gold and Silver Ores,Materials,2026-10-04
1826889,5960,Retail-Nonstore Retailers,Consumer Discretionary,2026-10-04
1827090,7372,Services-Prepackaged Software,Information Technology,2026-10-04
1827401,2834,Pharmaceutical Preparations,Health Care,2026-10-04
1827635,2834,Pharmaceutical Preparations,Health Care,2026-10-04
1828016,7374,Services-Computer Processing & Data Preparation,Information Technology,2026-10-04
1828098,2000,Food and Kindred Products,Consumer Staples,2026-10-04
1828102,7372,Services-Prepackaged Software,Information Technology,2026-10-04
1828105,6331,"Fire, Marine & Casualty Insurance",Financials,2026-10-04
1828108,7373,Services-Computer Integrated Systems Design,Information Technology,2026-10-04
1828161,3674,Semiconductors & Related Devices,Information Technology,2026-10-04
1828253,2836,"Biological Products, (No Diagnostic Substances)",Health Care,2026-10-04
1828316,2834,Pharmaceutical Preparations,Health Care,2026-10-04
1828318,3690,"Miscellaneous Electrical Machinery, Equipment & Supplies",Information Technology,2026-10-04
1828365,2111,Cigarettes,Consumer Staples,2026-10-04
1828536,3690,"Miscellaneous Electrical Machinery, Equipment & Supplies",Information Technology,2026-10-04
1828588,6022,State Commercial Banks,Financials,2026-10-04
1828673,2834,Pharmaceutical Preparations,Health Care,2026-10-04
1828791,7370,"Services-Computer Programming, Data Processing, Etc.",Information Technology,2026-10-04
1828805,3674,Semiconductors & Related Devices,Information Technology,2026-10-04
1828937,6162,Mortgage Bankers & Loan Correspondents,Financials,2026-10-04
1828962,3559,"Special Industry Machinery, NEC",Industrials,2026-10-04
1828972,4899,"Communications Services, NEC",Communication Services,2026-10-04
1829118,7372,Services-Prepackaged Software,Information Technology,2026-10-04
1829247,2834,Pharmaceutical Preparations,Health Care,2026-10-04
1829311,6199,Finance Services,Financials,2026-10-04
1829576,6021,National Commercial Banks,Financials,2026-10-04
1829635,2834,Pharmaceutical Preparations,Health Care,2026-10-04
1829667,2833,Medicinal Chemicals & Botanical Products,Health Care,2026-10-04
1829726,6795,Mineral Royalty Traders,Financials,2026-10-04
1829794,6199,Finance Services,Financials,2026-10-04
1829802,2834,Pharmaceutical Preparations,Health Care,2026-10-04
1829864,7374,Services-Computer Processing & Data Preparation,Information Technology,2026-10-04
1829959,7372,Services-Prepackaged Software,Information Technology,2026-10-04
1830033,2821,"Plastic Materials, Synth Resins & Nonvulcan Elastomers",Materials,2026-10-04
1830043,7370,"Services-Computer Programming, Data Processing, Etc.",Information Technology,2026-10-04
1830072,5200,"Retail-Building Materials, Hardware, Garden Supply",Consumer Discretionary,2026-10-04
1830081,7370,"Services-Computer Programming, Data Processing, Etc.",Information Technology,2026-10-04
1830214,2836,"Biological Products, (No Diagnostic Substances)",Health Care,2026-10-04
1830487,2834,Pharmaceutical Preparations,Health Care,2026-10-04
1831096,7372,Services-Prepackaged Software,Information Technology,2026-10-04
1831097,8090,"Services-Misc Health & Allied Services, NEC",Health Care,2026-10-04
1831481,1311,Crude Petroleum & Natural Gas,Energy,2026-10-04
1831631,6199,Finance Services,Financials,2026-10-04
1831651,3674,Semiconductors & Related Devices,Information Technology,2026-10-04
1831828,2834,Pharmaceutical Preparations,Health Care,2026-10-04
1831868,3841,Surgical & Medical Instruments & Apparatus,Health Care,2026-10-04
1831907,5961,Retail-Catalog & Mail-Order Houses,Consumer Discretionary,2026-10-04
1831915,3826,Laboratory Analytical Instruments,Information Technology,2026-10-04
1831979,3330,Primary Smelting & Refining of  Nonferrous Metals,Materials,2026-10-04
1832038,2836,"Biological Products, (No Diagnostic Substances)",Health Care,2026-10-04
1832332,8082,Services-Home Health Care Services,Health Care,2026-10-04
1832466,6324,Hospital & Medical Service Plans,Financials,2026-10-04
1832483,3569,"General Industrial Machinery & Equipment, NEC",Industrials,2026-10-04
1832511,8000,Services-Health Services,Health Care,2026-10-04
1832871,,,,2026-10-04
1833141,2834,Pharmaceutical Preparations,Health Care,2026-10-04
1833197,3089,"Plastics Products, NEC",Materials,2026-10-04
1833214,2836,"Biological Products, (No Diagnostic Substances)",Health Care,2026-10-04
1833498,3841,Surgical & Medical Instruments & Apparatus,Health Care,2026-10-04
1833756,3812,"Search, Detection, Navigation, Guidance, Aeronautical Sys",Industrials,2026-10-04
1833769,3845,Electromedical & Electrotherapeutic Apparatus,Health Care,2026-10-04
1833835,7389,"Services-Business Services, NEC",Industrials,2026-10-04
1834026,1040,Gold and Silver Ores,Materials,2026-10-04
1834105,2834,Pharmaceutical Preparations,Health Care,2026-10-04
1834376,8000,Services-Health Services,Health Care,2026-10-04
1834488,7372,Services-Prepackaged Software,Information Technology,2026-10-04
1834489,7990,Services-Miscellaneous Amusement & Recreation,Consumer Discretionary,2026-10-04
1834584,5961,Retail-Catalog & Mail-Order Houses,Consumer Discretionary,2026-10-04
1834622,3580,Refrigeration & Service Industry Machinery,Industrials,2026-10-04
1835022,2834,Pharmaceutical Preparations,Health Care,2026-10-10
1835068,,,,2026-10-10
1835268,2834,Pharmaceutical Preparations,Health Care,2026-10-10
1835385,6036,"Savings Institutions, Not Federally Chartered",Financials,2026-10-10
1835579,2836,"Biological Products, (No Diagnostic Substances)",Health Care,2026-10-10
1835597,2834,Pharmaceutical Preparations,Health Care,2026-10-10
1835632,3674,Semiconductors & Related Devices,Information Technology,2026-10-10
1835654,3714,Motor Vehicle Parts & Accessories,Consumer Discretionary,2026-10-10
1835724,7389,"Services-Business Services, NEC",Industrials,2026-10-10
1835830,7372,Services-Prepackaged Software,Information Technology,2026-10-10
1835856,6163,Loan Brokers,Financials,2026-10-04
1835963,7372,Services-Prepackaged Software,Information Technology,2026-10-04
1836057,,,,2026-10-04
1836242,5990,"Retail-Retail Stores, NEC",Consumer Discretionary,2026-10-04
1836470,7370,"Services-Computer Programming, Data Processing, Etc.",Information Technology,2026-10-04
1836564,2836,"Biological Products, (No Diagnostic Substances)",Health Care,2026-10-04
1836754,8200,Services-Educational Services,Consumer Discretionary,2026-10-04
1836833,3663,Radio & Tv Broadcasting & Communications Equipment,Information Technology,2026-10-04
1836981,7372,Services-Prepackaged Software,Information Technology,2026-10-04
1837014,7373,Services-Computer Integrated Systems Design,Information Technology,2026-10-04
1837240,3569,"General Industrial Machinery & Equipment, NEC",Industrials,2026-10-04
1837429,6399,"Insurance Carriers, NEC",Financials,2026-10-04
1837493,3841,Surgical & Medical Instruments & Apparatus,Health Care,2026-10-04
1837607,2834,Pharmaceutical Preparations,Health Care,2026-10-04
1837821,3842,"Orthopedic, Prosthetic & Surgical Appliances & Supplies",Health Care,2026-10-04
1838163,7373,Services-Computer Integrated Systems Design,Information Technology,2026-10-04
1838359,7371,Services-Computer Programming Services,Information Technology,2026-10-04
1838406,1311,Crude Petroleum & Natural Gas,Energy,2026-10-04
1838413,7372,Services-Prepackaged Software,Information Technology,2026-10-04
1838615,6282,Investment Advice,Financials,2026-10-04
1838716,2836,"Biological Products, (No Diagnostic Substances)",Health Care,2026-10-04
1838957,5990,"Retail-Retail Stores, NEC",Consumer Discretionary,2026-10-04
1838987,1700,Construction - Special Trade Contractors,Industrials,2026-10-04
1839285,7373,Services-Computer Integrated Systems Design,Information Technology,2026-10-04
1839341,6199,Finance Services,Financials,2026-10-04
1839530,7389,"Services-Business Services, NEC",Industrials,2026-10-04
1839799,7990,Services-Miscellaneous Amusement & Recreation,Consumer Discretionary,2026-10-04
1839839,3442,"Metal Doors, Sash, Frames, Moldings & Trim",Industrials,2026-10-04
1839970,2834,Pharmaceutical Preparations,Health Care,2026-10-04
1840199,2844,"Perfumes, Cosmetics & Other Toilet Preparations",Consumer Staples,2026-10-04
1840229,2836,"Biological Products, (No Diagnostic Substances)",Health Care,2026-10-04
1840233,2834,Pharmaceutical Preparations,Health Care,2026-10-04
1840317,7373,Services-Computer Integrated Systems Design,Information Technology,2026-10-04
1840416,6199,Finance Services,Financials,2026-10-04
1840439,2834,Pharmaceutical Preparations,Health Care,2026-10-04
1840502,7370,"Services-Computer Programming, Data Processing, Etc.",Information Technology,2026-10-04
1840563,2834,Pharmaceutical Preparations,Health Care,2026-10-04
1840572,7900,Services-Amusement & Recreation Services,Consumer Discretionary,2026-10-04
1840616,1040,Gold and Silver Ores,Materials,2026-10-04
1840706,7374,Services-Computer Processing & Data Preparation,Information Technology,2026-10-04
1840776,6411,"Insurance Agents, Brokers & Service",Financials,2026-10-04
1840780,0100,Agricultural Production-Crops,Consumer Staples,2026-10-04
1840856,7372,Services-Prepackaged Software,Information Technology,2026-10-04
1840877,3842,"Orthopedic, Prosthetic & Surgical Appliances & Supplies",Health Care,2026-10-04
1841156,7389,"Services-Business Services, NEC",Industrials,2026-10-04
1841175,6221,Commodity Contracts Brokers & Dealers,Financials,2026-10-04
1841209,7370,"Services-Computer Programming, Data Processing, Etc.",Information Technology,2026-10-04
1841330,2834,Pharmaceutical Preparations,Health Care,2026-10-04
1841387,2836,"Biological Products, (No Diagnostic Substances)",Health Care,2026-10-04
1841408,6199,Finance Services,Financials,2026-10-04
1841425,2860,Industrial Organic Chemicals,Materials,2026-10-04
1841644,6141,Personal Credit Institutions,Financials,2026-10-04
1841666,1311,Crude Petroleum & Natural Gas,Energy,2026-10-04
1841675,6199,Finance Services,Financials,2026-10-04
1841761,5961,Retail-Catalog & Mail-Order Houses,Consumer Discretionary,2026-10-04
1841925,3674,Semiconductors & Related Devices,Information Technology,2026-10-04
1841968,6282,Investment Advice,Financials,2026-10-04
1842022,4922,Natural Gas Transmission,Utilities,2026-10-04
1842279,4932,Gas & Other Services Combined,Utilities,2026-10-04
1842295,2836,"Biological Products, (No Diagnostic Substances)",Health Care,2026-10-04
1842556,1311,Crude Petroleum & Natural Gas,Energy,2026-10-04
1842566,7372,Services-Prepackaged Software,Information Technology,2026-10-04
1842731,7370,"Services-Computer Programming, Data Processing, Etc.",Information Technology,2026-10-04
1842827,7370,"Services-Computer Programming, Data Processing, Etc.",Information Technology,2026-10-04
1842952,2834,Pharmaceutical Preparations,Health Care,2026-10-04
1843162,,,,2026-10-04
1843165,2080,Beverages,Consumer Staples,2026-10-04
1843181,,,,2026-10-04
1843586,2000,Food and Kindred Products,Consumer Staples,2026-10-04
1843656,6794,Patent Owners & Lessors,Financials,2026-10-04
1843724,2860,Industrial Organic Chemicals,Materials,2026-10-04
1843973,4522,"Air Transportation, Nonscheduled",Industrials,2026-10-04
1843974,,,,2026-10-04
1844417,2836,"Biological Products, (No Diagnostic Substances)",Health Care,2026-10-04
1844450,3690,"Miscellaneous Electrical Machinery, Equipment & Supplies",Information Technology,2026-10-04
1844452,3812,"Search, Detection, Navigation, Guidance, Aeronautical Sys",Industrials,2026-10-04
1844505,3845,Electromedical & Electrotherapeutic Apparatus,Health Care,2026-10-04
1844862,3690,"Miscellaneous Electrical Machinery, Equipment & Supplies",Information Technology,2026-10-04
1844971,6199,Finance Services,Financials,2026-10-04
1845097,3411,Metal Cans,Industrials,2026-10-04
1845123,1311,Crude Petroleum & Natural Gas,Energy,2026-10-04
1845257,8000,Services-Health Services,Health Care,2026-10-04
1845338,7372,Services-Prepackaged Software,Information Technology,2026-10-04
1845437,3620,Electrical Industrial Apparatus,Information Technology,2026-10-04
1845815,7389,"Services-Business Services, NEC",Industrials,2026-10-04
1845840,4899,"Communications Services, NEC",Communication Services,2026-10-04
1846069,7370,"Services-Computer Programming, Data Processing, Etc.",Information Technology,2026-10-04
1846253,8731,Services-Commercial Physical & Biological Research,Health Care,2026-10-04
1846416,4911,Electric Services,Utilities,2026-10-04
1846576,2300,Apparel & Other Finishd Prods of  Fabrics & Similar Matl,Consumer Discretionary,2026-10-04
1846715,4911,Electric Services,Utilities,2026-10-04
1846832,7389,"Services-Business Services, NEC",Industrials,2026-10-04
1846839,6199,Finance Services,Financials,2026-10-04
1847064,7310,Services-Advertising,Communication Services,2026-10-04
1847075,6199,Finance Services,Financials,2026-10-04
1847345,2834,Pharmaceutical Preparations,Health Care,2026-10-04
1847367,2834,Pharmaceutical Preparations,Health Care,2026-10-04
1847398,6036,"Savings Institutions, Not Federally Chartered",Financials,2026-10-04
1847409,5990,"Retail-Retail Stores, NEC",Consumer Discretionary,2026-10-04
1847590,8742,Services-Management Consulting Services,Industrials,2026-10-04
1847806,7372,Services-Prepackaged Software,Information Technology,2026-10-04
1847846,8000,Services-Health Services,Health Care,2026-10-04
1847874,6500,Real Estate,Real Estate,2026-10-04
1847986,3690,"Miscellaneous Electrical Machinery, Equipment & Supplies",Information Technology,2026-10-04
1848275,6200,"Security & Commodity Brokers, Dealers, Exchanges & Services",Financials,2026-10-04
1848309,1000,Metal Mining,Materials,2026-10-04
1848731,2833,Medicinal Chemicals & Botanical Products,Health Care,2026-10-04
1848739,7371,Services-Computer Programming Services,Information Technology,2026-10-04
1848763,4911,Electric Services,Utilities,2026-10-04
1849056,4911,Electric Services,Utilities,2026-10-04
1849253,6411,"Insurance Agents, Brokers & Service",Financials,2026-10-04
1849296,2836,"Biological Products, (No Diagnostic Substances)",Health Care,2026-10-04
1849380,8731,Services-Commercial Physical & Biological Research,Health Care,2026-10-04
1849396,7370,"Services-Computer Programming, Data Processing, Etc.",Information Technology,2026-10-04
1849466,6036,"Savings Institutions, Not Federally Chartered",Financials,2026-10-04
1849635,7370,"Services-Computer Programming, Data Processing, Etc.",Information Technology,2026-10-04
1849820,3569,"General Industrial Machinery & Equipment, NEC",Industrials,2026-10-04
1849853,3841,Surgical & Medical Instruments & Apparatus,Health Care,2026-10-04
1849867,6035,"Savings Institution, Federally Chartered",Financials,2026-10-04
1850119,2836,"Biological Products, (No Diagnostic Substances)",Health Care,2026-10-04
1850235,5961,Retail-Catalog & Mail-Order Houses,Consumer Discretionary,2026-10-04
1850270,2836,"Biological Products, (No Diagnostic Substances)",Health Care,2026-10-04
1850351,7374,Services-Computer Processing & Data Preparation,Information Technology,2026-10-04
1850902,2835,In Vitro & In Vivo Diagnostic Substances,Health Care,2026-10-04
1851003,7372,Services-Prepackaged Software,Information Technology,2026-10-04
1851112,7389,"Services-Business Services, NEC",Industrials,2026-10-04
1851484,2834,Pharmaceutical Preparations,Health Care,2026-10-10
1851491,2080,Beverages,Consumer Staples,2026-10-10
1851961,3674,Semiconductors & Related Devices,Information Technology,2026-10-10
1852025,6221,Commodity Contracts Brokers & Dealers,Financials,2026-10-10
1852131,3674,Semiconductors & Related Devices,Information Technology,2026-10-10
1852244,4700,Transportation Services,Industrials,2026-10-04
1852353,1000,Metal Mining,Materials,2026-10-04
1852440,8200,Services-Educational Services,Consumer Discretionary,2026-10-04
1852551,1040,Gold and Silver Ores,Materials,2026-10-04
1852767,7510,Services-Auto Rental & Leasing (No Drivers),Consumer Discretionary,2026-10-04
1852973,2000,Food and Kindred Products,Consumer Staples,2026-10-04
1853044,8742,Services-Management Consulting Services,Industrials,2026-10-04
1853070,4522,"Air Transportation, Nonscheduled",Industrials,2026-10-04
1853138,7373,Services-Computer Integrated Systems Design,Information Technology,2026-10-04
1853145,7372,Services-Prepackaged Software,Information Technology,2026-10-04
1853717,7011,Hotels & Motels,Consumer Discretionary,2026-10-04
1853816,2834,Pharmaceutical Preparations,Health Care,2026-10-04
1853825,7374,Services-Computer Processing & Data Preparation,Information Technology,2026-10-04
1853860,1000,Metal Mining,Materials,2026-10-04
1853868,4911,Electric Services,Utilities,2026-10-04
1853921,2836,"Biological Products, (No Diagnostic Substances)",Health Care,2026-10-04
1853962,1040,Gold and Silver Ores,Materials,2026-10-04
1854139,2086,Bottled & Canned Soft Drinks & Carbonated Waters,Consumer Staples,2026-10-04
1854270,2836,"Biological Products, (No Diagnostic Substances)",Health Care,2026-10-04
1854368,6199,Finance Services,Financials,2026-10-04
1854445,7371,Services-Computer Programming Services,Information Technology,2026-10-04
1854545,5961,Retail-Catalog & Mail-Order Houses,Consumer Discretionary,2026-10-04
1854572,5731,"Retail-Radio, Tv & Consumer Electronics Stores",Consumer Discretionary,2026-10-04
1854587,7372,Services-Prepackaged Software,Information Technology,2026-10-04
1854640,1040,Gold and Silver Ores,Materials,2026-10-04
1854963,6199,Finance Services,Financials,2026-10-04
1855066,,,,2026-10-04
1855129,2834,Pharmaceutical Preparations,Health Care,2026-10-04
1855175,2834,Pharmaceutical Preparations,Health Care,2026-10-04
1855447,3674,Semiconductors & Related Devices,Information Technology,2026-10-04
1855467,3674,Semiconductors & Related Devices,Information Technology,2026-10-04
1855474,3585,Air-Cond & Warm Air Heatg Equip & Comm & Indl Refrig Equip,Industrials,2026-10-04
1855485,2836,"Biological Products, (No Diagnostic Substances)",Health Care,2026-10-04
1855509,3730,Ship & Boat Building & Repairing,Industrials,2026-10-04
1855557,3569,"General Industrial Machinery & Equipment, NEC",Industrials,2026-10-04
1855612,7389,"Services-Business Services, NEC",Industrials,2026-10-04
1855644,2836,"Biological Products, (No Diagnostic Substances)",Health Care,2026-10-04
1855747,7370,"Services-Computer Programming, Data Processing, Etc.",Information Technology,2026-10-04
1856031,7990,Services-Miscellaneous Amusement & Recreation,Consumer Discretionary,2026-10-04
1856084,5912,Retail-Drug Stores and Proprietary Stores,Consumer Staples,2026-10-04
1856314,7372,Services-Prepackaged Software,Information Technology,2026-10-04
1856365,6022,State Commercial Banks,Financials,2026-10-04
1856437,5621,Retail-Women's Clothing Stores,Consumer Discretionary,2026-10-04
1856485,2621,Paper Mills,Materials,2026-10-04
1856525,5099,"Wholesale-Durable Goods, NEC",Industrials,2026-10-04
1856725,2834,Pharmaceutical Preparations,Health Care,2026-10-04
1857030,2834,Pharmaceutical Preparations,Health Care,2026-10-04
1857044,2834,Pharmaceutical Preparations,Health Care,2026-10-04
1857047,3760,Guided Missiles & Space Vehicles & Parts,Industrials,2026-10-04
1857086,3949,"Sporting & Athletic Goods, NEC",Consumer Discretionary,2026-10-04
1857154,5400,Retail-Food Stores,Consumer Staples,2026-10-04
1857190,3841,Surgical & Medical Instruments & Apparatus,Health Care,2026-10-04
1857475,0100,Agricultural Production-Crops,Consumer Staples,2026-10-04
1857816,5961,Retail-Catalog & Mail-Order Houses,Consumer Discretionary,2026-10-04
1857853,3630,Household Appliances,Consumer Discretionary,2026-10-04
1858258,6221,Commodity Contracts Brokers & Dealers,Financials,2026-10-04
1858681,6282,Investment Advice,Financials,2026-10-04
1858685,2834,Pharmaceutical Preparations,Health Care,2026-10-04
1858724,4210,Trucking & Courier Services (No Air),Industrials,2026-10-04
1858848,2836,"Biological Products, (No Diagnostic Substances)",Health Care,2026-10-04
1858985,3021,Rubber & Plastics Footwear,Consumer Discretionary,2026-10-04
1859199,6500,Real Estate,Real Estate,2026-10-04
1859392,6211,"Security Brokers, Dealers & Flotation Companies",Financials,2026-10-04
1859690,7372,Services-Prepackaged Software,Information Technology,2026-10-04
1859795,3690,"Miscellaneous Electrical Machinery, Equipment & Supplies",Information Technology,2026-10-04
1859807,3841,Surgical & Medical Instruments & Apparatus,Health Care,2026-10-04
1859836,5411,Retail-Grocery Stores,Consumer Staples,2026-10-04
1860160,3760,Guided Missiles & Space Vehicles & Parts,Industrials,2026-10-04
1860543,3842,"Orthopedic, Prosthetic & Surgical Appliances & Supplies",Health Care,2026-10-04
1860657,2834,Pharmaceutical Preparations,Health Care,2026-10-04
1860742,3851,Ophthalmic Goods,Health Care,2026-10-04
1860805,3312,"Steel Works, Blast Furnaces & Rolling Mills (Coke Ovens)",Materials,2026-10-04
1860871,2836,"Biological Products, (No Diagnostic Substances)",Health Care,2026-10-04
1861107,3845,Electromedical & Electrotherapeutic Apparatus,Health Care,2026-10-04
1861115,,,,2026-10-04
1861123,2836,"Biological Products, (No Diagnostic Substances)",Health Care,2026-10-04
1861622,4522,"Air Transportation, Nonscheduled",Industrials,2026-10-04
1861657,6199,Finance Services,Financials,2026-10-04
1861737,3569,"General Industrial Machinery & Equipment, NEC",Industrials,2026-10-04
1861795,7372,Services-Prepackaged Software,Information Technology,2026-10-04
1861841,7373,Services-Computer Integrated Systems Design,Information Technology,2026-10-04
1861974,7373,Services-Computer Integrated Systems Design,Information Technology,2026-10-04
1862044,5200,"Retail-Building Materials, Hardware, Garden Supply",Consumer Discretionary,2026-10-04
1862150,2834,Pharmaceutical Preparations,Health Care,2026-10-04
1862463,6794,Patent Owners & Lessors,Financials,2026-10-04
1862935,7389,"Services-Business Services, NEC",Industrials,2026-10-04
1863006,3674,Semiconductors & Related Devices,Information Technology,2026-10-04
1863127,2834,Pharmaceutical Preparations,Health Care,2026-10-04
1863218,4210,Trucking & Courier Services (No Air),Industrials,2026-10-04
1863934,2800,Chemicals & Allied Products,Materials,2026-10-04
1863990,3827,Optical Instruments & Lenses,Information Technology,2026-10-04
1864055,6199,Finance Services,Financials,2026-10-04
1864163,6029,"Commercial Banks, NEC",Financials,2026-10-04
1864208,,,,2026-10-04
1864843,,,,2026-10-04
1864943,3430,"Heating Equip, Except Elec & Warm Air; & Plumbing Fixtures",Industrials,2026-10-04
1865107,5961,Retail-Catalog & Mail-Order Houses,Consumer Discretionary,2026-10-04
1865200,7812,Services-Motion Picture & Video Tape Production,Communication Services,2026-10-04
1865389,,,,2026-10-04
1865506,1700,Construction - Special Trade Contractors,Industrials,2026-10-04
1865631,3812,"Search, Detection, Navigation, Guidance, Aeronautical Sys",Industrials,2026-10-04
1865782,8082,Services-Home Health Care Services,Health Care,2026-10-04
1866030,3569,"General Industrial Machinery & Equipment, NEC",Industrials,2026-10-04
1866175,1311,Crude Petroleum & Natural Gas,Energy,2026-10-04
1866226,3690,"Miscellaneous Electrical Machinery, Equipment & Supplies",Information Technology,2026-10-04
1866364,6211,"Security Brokers, Dealers & Flotation Companies",Financials,2026-10-04
1866501,3690,"Miscellaneous Electrical Machinery, Equipment & Supplies",Information Technology,2026-10-04
1866581,5810,Retail-Eating & Drinking Places,Consumer Discretionary,2026-10-04
1866633,7372,Services-Prepackaged Software,Information Technology,2026-10-04
1866692,7372,Services-Prepackaged Software,Information Technology,2026-10-04
1866757,3910,"Jewelry, Silverware & Plated Ware",Consumer Discretionary,2026-10-04
1866782,7990,Services-Miscellaneous Amusement & Recreation,Consumer Discretionary,2026-10-04
1866816,3827,Optical Instruments & Lenses,Information Technology,2026-10-04
1866874,,,,2026-10-04
1867066,2834,Pharmaceutical Preparations,Health Care,2026-10-04
1867072,7373,Services-Computer Integrated Systems Design,Information Technology,2026-10-04
1867090,,,,2026-10-04
1867096,2834,Pharmaceutical Preparations,Health Care,2026-10-04
1867102,3721,Aircraft,Industrials,2026-10-04
1867729,7373,Services-Computer Integrated Systems Design,Information Technology,2026-10-04
1867834,7377,Services-Computer Rental & Leasing,Information Technology,2026-10-10
1867949,6798,Real Estate Investment Trusts,Real Estate,2026-10-10
1868159,6798,Real Estate Investment Trusts,Real Estate,2026-10-10
1868275,4911,Electric Services,Utilities,2026-10-10
1868279,2834,Pharmaceutical Preparations,Health Care,2026-10-10
1868395,3577,"Computer Peripheral Equipment, NEC",Information Technology,2026-10-10
1868419,7371,Services-Computer Programming Services,Information Technology,2026-10-10
1868640,6411,"Insurance Agents, Brokers & Service",Financials,2026-10-04
1868941,3690,"Miscellaneous Electrical Machinery, Equipment & Supplies",Information Technology,2026-10-04
1868995,7371,Services-Computer Programming Services,Information Technology,2026-10-04
1869105,2834,Pharmaceutical Preparations,Health Care,2026-10-04
1869198,7997,Services-Membership Sports & Recreation Clubs,Consumer Discretionary,2026-10-04
1869467,4412,Deep Sea Foreign Transportation of  Freight,Industrials,2026-10-04
1870144,2835,In Vitro & In Vivo Diagnostic Substances,Health Care,2026-10-04
1870833,,,,2026-10-04
1870940,8011,Services-Offices & Clinics of  Doctors of  Medicine,Health Care,2026-10-04
1871321,3841,Surgical & Medical Instruments & Apparatus,Health Care,2026-10-04
1871509,5812,Retail-Eating  Places,Consumer Discretionary,2026-10-04
1871638,3674,Semiconductors & Related Devices,Information Technology,2026-10-04
1871983,4899,"Communications Services, NEC",Communication Services,2026-10-04
1872090,7372,Services-Prepackaged Software,Information Technology,2026-10-04
1872195,6199,Finance Services,Financials,2026-10-04
1872302,3674,Semiconductors & Related Devices,Information Technology,2026-10-04
1872525,7311,Services-Advertising Agencies,Communication Services,2026-10-04
1872529,8071,Services-Medical Laboratories,Health Care,2026-10-04
1872789,3841,Surgical & Medical Instruments & Apparatus,Health Care,2026-10-04
1872964,3669,"Communications Equipment, NEC",Information Technology,2026-10-04
1873093,2834,Pharmaceutical Preparations,Health Care,2026-10-04
1873454,7372,Services-Prepackaged Software,Information Technology,2026-10-04
1873529,8351,Services-Child Day Care Services,Industrials,2026-10-04
1873835,2834,Pharmaceutical Preparations,Health Care,2026-10-04
1873875,2834,Pharmaceutical Preparations,Health Care,2026-10-04
1873923,6798,Real Estate Investment Trusts,Real Estate,2026-10-04
1873951,7372,Services-Prepackaged Software,Information Technology,2026-10-04
1874071,6035,"Savings Institution, Federally Chartered",Financials,2026-10-04
1874097,7371,Services-Computer Programming Services,Information Technology,2026-10-04
1874178,3711,Motor Vehicles & Passenger Car Bodies,Consumer Discretionary,2026-10-04
1874252,2834,Pharmaceutical Preparations,Health Care,2026-10-04
1874315,3663,Radio & Tv Broadcasting & Communications Equipment,Information Technology,2026-10-04
1874875,5961,Retail-Catalog & Mail-Order Houses,Consumer Discretionary,2026-10-04
1875016,3949,"Sporting & Athletic Goods, NEC",Consumer Discretionary,2026-10-04
1875091,2834,Pharmaceutical Preparations,Health Care,2026-10-04
1875444,5712,Retail-Furniture Stores,Consumer Discretionary,2026-10-04
1875547,7370,"Services-Computer Programming, Data Processing, Etc.",Information Technology,2026-10-04
1875558,2834,Pharmaceutical Preparations,Health Care,2026-10-04
1875609,7389,"Services-Business Services, NEC",Industrials,2026-10-04
1876042,6199,Finance Services,Financials,2026-10-04
1876183,4812,Radiotelephone Communications,Communication Services,2026-10-04
1876431,2834,Pharmaceutical Preparations,Health Care,2026-10-04
1876581,4412,Deep Sea Foreign Transportation of  Freight,Industrials,2026-10-04
1876766,8742,Services-Management Consulting Services,Industrials,2026-10-04
1877184,3841,Surgical & Medical Instruments & Apparatus,Health Care,2026-10-04
1877322,3569,"General Industrial Machinery & Equipment, NEC",Industrials,2026-10-04
1877333,5812,Retail-Eating  Places,Consumer Discretionary,2026-10-04
1877787,2300,Apparel & Other Finishd Prods of  Fabrics & Similar Matl,Consumer Discretionary,2026-10-04
1877939,8742,Services-Management Consulting Services,Industrials,2026-10-04
1877971,5900,Retail-Miscellaneous Retail,Consumer Discretionary,2026-10-04
1878057,7990,Services-Miscellaneous Amusement & Recreation,Consumer Discretionary,2026-10-04
1878313,2834,Pharmaceutical Preparations,Health Care,2026-10-04
1878848,6199,Finance Services,Financials,2026-10-04
1878897,6531,Real Estate Agents & Managers (For Others),Real Estate,2026-10-04
1879016,1000,Metal Mining,Materials,2026-10-04
1879248,3690,"Miscellaneous Electrical Machinery, Equipment & Supplies",Information Technology,2026-10-04
1879403,6531,Real Estate Agents & Managers (For Others),Real Estate,2026-10-04
1879726,4812,Radiotelephone Communications,Communication Services,2026-10-04
1879754,7359,"Services-Equipment Rental & Leasing, NEC",Industrials,2026-10-04
1880319,2800,Chemicals & Allied Products,Materials,2026-10-04
1880343,5961,Retail-Catalog & Mail-Order Houses,Consumer Discretionary,2026-10-04
1880438,2834,Pharmaceutical Preparations,Health Care,2026-10-04
1880613,7310,Services-Advertising,Communication Services,2026-10-04
1880661,6282,Investment Advice,Financials,2026-10-04
1881472,6199,Finance Services,Financials,2026-10-04
1881487,1389,"Oil & Gas Field Services, NEC",Energy,2026-10-04
1881551,3690,"Miscellaneous Electrical Machinery, Equipment & Supplies",Information Technology,2026-10-04
1881592,6035,"Savings Institution, Federally Chartered",Financials,2026-10-04
1882782,2836,"Biological Products, (No Diagnostic Substances)",Health Care,2026-10-04
1883085,6199,Finance Services,Financials,2026-10-04
1883313,5900,Retail-Miscellaneous Retail,Consumer Discretionary,2026-10-04
1883437,5180,"Wholesale-Beer, Wine & Distilled Alcoholic Beverages",Industrials,2026-10-04
1883685,7990,Services-Miscellaneous Amusement & Recreation,Consumer Discretionary,2026-10-04
1883814,1600,Heavy Construction Other Than Bldg Const - Contractors,Industrials,2026-10-04
1884082,3711,Motor Vehicles & Passenger Car Bodies,Consumer Discretionary,2026-10-04
1884516,3533,Oil & Gas Field Machinery & Equipment,Industrials,2026-10-10
1885408,5900,Retail-Miscellaneous Retail,Consumer Discretionary,2026-10-04
1885522,2836,"Biological Products, (No Diagnostic Substances)",Health Care,2026-10-04
1885827,2835,In Vitro & In Vivo Diagnostic Substances,Health Care,2026-10-04
1886190,3711,Motor Vehicles & Passenger Car Bodies,Consumer Discretionary,2026-10-04
1886428,6331,"Fire, Marine & Casualty Insurance",Financials,2026-10-04
1886878,,,,2026-10-04
1886894,7372,Services-Prepackaged Software,Information Technology,2026-10-04
1887673,3576,Computer Communications Equipment,Information Technology,2026-10-04
1887944,1600,Heavy Construction Other Than Bldg Const - Contractors,Industrials,2026-10-04
1888014,2833,Medicinal Chemicals & Botanical Products,Health Care,2026-10-04
1888274,6199,Finance Services,Financials,2026-10-04
1888447,4924,Natural Gas Distribution,Utilities,2026-10-04
1888525,7370,"Services-Computer Programming, Data Processing, Etc.",Information Technology,2026-10-04
1888654,1400,Mining & Quarrying of  Nonmetallic Minerals (No Fuels),Materials,2026-10-04
1888886,2834,Pharmaceutical Preparations,Health Care,2026-10-04
1888980,1531,Operative Builders,Industrials,2026-10-04
1889109,2834,Pharmaceutical Preparations,Health Care,2026-10-04
1889123,6199,Finance Services,Financials,2026-10-04
1889539,6311,Life Insurance,Financials,2026-10-04
1889823,7372,Services-Prepackaged Software,Information Technology,2026-10-04
1891027,7310,Services-Advertising,Communication Services,2026-10-04
1891101,2080,Beverages,Consumer Staples,2026-10-04
1891856,5812,Retail-Eating  Places,Consumer Discretionary,2026-10-04
1891944,7340,Services-To Dwellings & Other Buildings,Industrials,2026-10-04
1892292,5411,Retail-Grocery Stores,Consumer Staples,2026-10-04
1892322,7374,Services-Computer Processing & Data Preparation,Information Technology,2026-10-04
1892492,6199,Finance Services,Financials,2026-10-04
1892500,2834,Pharmaceutical Preparations,Health Care,2026-10-04
1892704,3480,"Ordnance & Accessories, (No Vehicles/Guided Missiles)",Industrials,2026-10-04
1893645,3841,Surgical & Medical Instruments & Apparatus,Health Care,2026-10-04
1894525,2834,Pharmaceutical Preparations,Health Care,2026-10-04
1894562,2836,"Biological Products, (No Diagnostic Substances)",Health Care,2026-10-04
1894693,7371,Services-Computer Programming Services,Information Technology,2026-10-04
1894954,3690,"Miscellaneous Electrical Machinery, Equipment & Supplies",Information Technology,2026-10-04
1895262,1381,Drilling Oil & Gas Wells,Energy,2026-10-04
1895597,3674,Semiconductors & Related Devices,Information Technology,2026-10-04
1895618,7372,Services-Prepackaged Software,Information Technology,2026-10-04
1896036,,,,2026-10-04
1896084,1400,Mining & Quarrying of  Nonmetallic Minerals (No Fuels),Materials,2026-10-04
1896212,2834,Pharmaceutical Preparations,Health Care,2026-10-04
1896425,3580,Refrigeration & Service Industry Machinery,Industrials,2026-10-04
1896677,6221,Commodity Contracts Brokers & Dealers,Financials,2026-10-04
1897087,8742,Services-Management Consulting Services,Industrials,2026-10-04
1897245,5122,"Wholesale-Drugs, Proprietaries & Druggists' Sundries",Health Care,2026-10-04
1897463,6770,Blank Checks,Financials,2026-10-04
1897532,2300,Apparel & Other Finishd Prods of  Fabrics & Similar Matl,Consumer Discretionary,2026-10-04
1897762,5045,Wholesale-Computers & Peripheral Equipment & Software,Information Technology,2026-10-04
1898416,2836,"Biological Products, (No Diagnostic Substances)",Health Care,2026-10-04
1898496,7389,"Services-Business Services, NEC",Industrials,2026-10-04
1898601,1090,Miscellaneous Metal Ores,Materials,2026-10-04
1898643,3721,Aircraft,Industrials,2026-10-04
1898718,4700,Transportation Services,Industrials,2026-10-04
1898766,1311,Crude Petroleum & Natural Gas,Energy,2026-10-04
1898795,3751,"Motorcycles, Bicycles & Parts",Consumer Discretionary,2026-10-04
1899005,7372,Services-Prepackaged Software,Information Technology,2026-10-04
1899123,6199,Finance Services,Financials,2026-10-04
1899287,3690,"Miscellaneous Electrical Machinery, Equipment & Supplies",Information Technology,2026-10-04
1899830,7372,Services-Prepackaged Software,Information Technology,2026-10-04
1899883,4011,"Railroads, Line-Haul Operating",Industrials,2026-10-04
1900304,2844,"Perfumes, Cosmetics & Other Toilet Preparations",Consumer Staples,2026-10-04
1901203,2000,Food and Kindred Products,Consumer Staples,2026-10-10
1901215,3433,"Heating Equipment, Except Electric & Warm Air Furnaces",Industrials,2026-10-10
1901279,7372,Services-Prepackaged Software,Information Technology,2026-10-10
1901440,8734,Services-Testing Laboratories,Industrials,2026-10-04
1901637,6022,State Commercial Banks,Financials,2026-10-04
1902314,3679,"Electronic Components, NEC",Information Technology,2026-10-04
1902733,7372,Services-Prepackaged Software,Information Technology,2026-10-04
1903145,7372,Services-Prepackaged Software,Information Technology,2026-10-04
1903382,6798,Real Estate Investment Trusts,Real Estate,2026-10-04
1903508,8742,Services-Management Consulting Services,Industrials,2026-10-04
1903595,6199,Finance Services,Financials,2026-10-04
1903784,2834,Pharmaceutical Preparations,Health Care,2026-10-04
1903870,2040,Grain Mill Products,Consumer Staples,2026-10-04
1903995,2750,Commercial Printing,Communication Services,2026-10-04
1904286,2834,Pharmaceutical Preparations,Health Care,2026-10-04
1904856,3560,General Industrial Machinery & Equipment,Industrials,2026-10-04
1905511,3990,Miscellaneous Manufacturing Industries,Consumer Discretionary,2026-10-04
1905660,3576,Computer Communications Equipment,Information Technology,2026-10-04
1905920,8700,"Services-Engineering, Accounting, Research, Management",Industrials,2026-10-04
1905956,7389,"Services-Business Services, NEC",Industrials,2026-10-04
1906324,2835,In Vitro & In Vivo Diagnostic Substances,Health Care,2026-10-04
1906364,1520,General Bldg Contractors - Residential Bldgs,Industrials,2026-10-04
1907085,2844,"Perfumes, Cosmetics & Other Toilet Preparations",Consumer Staples,2026-10-04
1907108,2836,"Biological Products, (No Diagnostic Substances)",Health Care,2026-10-04
1907184,1400,Mining & Quarrying of  Nonmetallic Minerals (No Fuels),Materials,2026-10-04
1907223,2836,"Biological Products, (No Diagnostic Substances)",Health Care,2026-10-04
1907909,1040,Gold and Silver Ores,Materials,2026-10-04
1907982,7374,Services-Computer Processing & Data Preparation,Information Technology,2026-10-04
1908705,7374,Services-Computer Processing & Data Preparation,Information Technology,2026-10-04
1910139,7372,Services-Prepackaged Software,Information Technology,2026-10-04
1911545,7370,"Services-Computer Programming, Data Processing, Etc.",Information Technology,2026-10-04
1912847,4400,Water Transportation,Industrials,2026-10-04
1912884,7372,Services-Prepackaged Software,Information Technology,2026-10-04
1912966,3842,"Orthopedic, Prosthetic & Surgical Appliances & Supplies",Health Care,2026-10-04
1913510,3711,Motor Vehicles & Passenger Car Bodies,Consumer Discretionary,2026-10-04
1913749,7370,"Services-Computer Programming, Data Processing, Etc.",Information Technology,2026-10-04
1913847,6199,Finance Services,Financials,2026-10-04
1913971,6022,State Commercial Banks,Financials,2026-10-04
1914605,6036,"Savings Institutions, Not Federally Chartered",Financials,2026-10-04
1914805,5172,Wholesale-Petroleum & Petroleum Products (No Bulk Stations),Industrials,2026-10-04
1915657,4610,Pipe Lines (No Natural Gas),Industrials,2026-10-04
1916241,3728,"Aircraft Parts & Auxiliary Equipment, NEC",Industrials,2026-10-04
1916331,2300,Apparel & Other Finishd Prods of  Fabrics & Similar Matl,Consumer Discretionary,2026-10-04
1916416,8742,Services-Management Consulting Services,Industrials,2026-10-04
1918102,4911,Electric Services,Utilities,2026-10-04
1919246,2836,"Biological Products, (No Diagnostic Substances)",Health Care,2026-10-04
1919776,3812,"Search, Detection, Navigation, Guidance, Aeronautical Sys",Industrials,2026-10-04
1920092,2834,Pharmaceutical Preparations,Health Care,2026-10-04
1920294,7370,"Services-Computer Programming, Data Processing, Etc.",Information Technology,2026-10-04
1920406,6199,Finance Services,Financials,2026-10-04
1921158,6199,Finance Services,Financials,2026-10-04
1921603,1311,Crude Petroleum & Natural Gas,Energy,2026-10-04
1921865,2890,Miscellaneous Chemical Products,Materials,2026-10-04
1921963,3714,Motor Vehicle Parts & Accessories,Consumer Discretionary,2026-10-04
1922097,2300,Apparel & Other Finishd Prods of  Fabrics & Similar Matl,Consumer Discretionary,2026-10-04
1922446,1311,Crude Petroleum & Natural Gas,Energy,2026-10-04
1922641,4911,Electric Services,Utilities,2026-10-04
1923891,4911,Electric Services,Utilities,2026-10-04
1924482,2080,Beverages,Consumer Staples,2026-10-04
1925062,6022,State Commercial Banks,Financials,2026-10-04
1925283,6282,Investment Advice,Financials,2026-10-04
1926293,3585,Air-Cond & Warm Air Heatg Equip & Comm & Indl Refrig Equip,Industrials,2026-10-04
1926792,2750,Commercial Printing,Communication Services,2026-10-04
1927578,7372,Services-Prepackaged Software,Information Technology,2026-10-04
1927719,4731,Arrangement of  Transportation of  Freight & Cargo,Industrials,2026-10-04
1927958,3721,Aircraft,Industrials,2026-10-04
1928340,7990,Services-Miscellaneous Amusement & Recreation,Consumer Discretionary,2026-10-04
1928446,1311,Crude Petroleum & Natural Gas,Energy,2026-10-04
1928581,3949,"Sporting & Athletic Goods, NEC",Consumer Discretionary,2026-10-04
1928948,4412,Deep Sea Foreign Transportation of  Freight,Industrials,2026-10-04
1929561,4700,Transportation Services,Industrials,2026-10-04
1929783,3841,Surgical & Medical Instruments & Apparatus,Health Care,2026-10-04
1930021,3721,Aircraft,Industrials,2026-10-04
1930147,,,,2026-10-04
1930179,7373,Services-Computer Integrated Systems Design,Information Technology,2026-10-04
1930313,8011,Services-Offices & Clinics of  Doctors of  Medicine,Health Care,2026-10-04
1930510,8744,Services-Facilities Support Management Services,Industrials,2026-10-04
1931717,3640,Electric Lighting & Wiring Equipment,Information Technology,2026-10-04
1932072,3751,"Motorcycles, Bicycles & Parts",Consumer Discretionary,2026-10-04
1932393,3844,X-Ray Apparatus & Tubes & Related Irradiation Apparatus,Health Care,2026-10-04
1932737,3711,Motor Vehicles & Passenger Car Bodies,Consumer Discretionary,2026-10-04
1932770,5945,"Retail-Hobby, Toy & Game Shops",Consumer Discretionary,2026-10-04
1933021,6200,"Security & Commodity Brokers, Dealers, Exchanges & Services",Financials,2026-10-04
1933414,2834,Pharmaceutical Preparations,Health Care,2026-10-10
1933567,3845,Electromedical & Electrotherapeutic Apparatus,Health Care,2026-10-10
1933951,5010,Wholesale-Motor Vehicles & Motor Vehicle Parts & Supplies,Industrials,2026-10-10
1934114,2080,Beverages,Consumer Staples,2026-10-10
1934245,3949,"Sporting & Athletic Goods, NEC",Consumer Discretionary,2026-10-04
1934642,6199,Finance Services,Financials,2026-10-04
1934850,6311,Life Insurance,Financials,2026-10-04
1935172,7372,Services-Prepackaged Software,Information Technology,2026-10-04
1935418,1090,Miscellaneous Metal Ores,Materials,2026-10-04
1935979,2834,Pharmaceutical Preparations,Health Care,2026-10-04
1936224,4522,"Air Transportation, Nonscheduled",Industrials,2026-10-04
1936258,2834,Pharmaceutical Preparations,Health Care,2026-10-04
1936804,7500,"Services-Automotive Repair, Services & Parking",Consumer Discretionary,2026-10-04
1936817,4210,Trucking & Courier Services (No Air),Industrials,2026-10-04
1937653,2834,Pharmaceutical Preparations,Health Care,2026-10-04
1937737,2000,Food and Kindred Products,Consumer Staples,2026-10-04
1937891,5700,"Retail-Home Furniture, Furnishings & Equipment Stores",Consumer Discretionary,2026-10-04
1937926,6282,Investment Advice,Financials,2026-10-04
1937987,7990,Services-Miscellaneous Amusement & Recreation,Consumer Discretionary,2026-10-04
1937993,2834,Pharmaceutical Preparations,Health Care,2026-10-04
1938046,8090,"Services-Misc Health & Allied Services, NEC",Health Care,2026-10-04
1938109,6199,Finance Services,Financials,2026-10-04
1938186,4731,Arrangement of  Transportation of  Freight & Cargo,Industrials,2026-10-04
1938534,1520,General Bldg Contractors - Residential Bldgs,Industrials,2026-10-04
1938865,7389,"Services-Business Services, NEC",Industrials,2026-10-04
1939780,3690,"Miscellaneous Electrical Machinery, Equipment & Supplies",Information Technology,2026-10-04
1939965,6199,Finance Services,Financials,2026-10-04
1940177,7370,"Services-Computer Programming, Data Processing, Etc.",Information Technology,2026-10-04
1940674,3590,Misc Industrial & Commercial Machinery & Equipment,Industrials,2026-10-04
1940941,7371,Services-Computer Programming Services,Information Technology,2026-10-04
1941029,8071,Services-Medical Laboratories,Health Care,2026-10-04
1941131,4412,Deep Sea Foreign Transportation of  Freight,Industrials,2026-10-04
1941158,4100,Local & Suburban Transit & Interurban Hwy Passenger Trans,Industrials,2026-10-04
1941365,2511,"Wood Household Furniture, (No Upholstered)",Consumer Discretionary,2026-10-04
1941500,3990,Miscellaneous Manufacturing Industries,Consumer Discretionary,2026-10-04
1941506,3452,"Bolts, Nuts, Screws, Rivets & Washers",Industrials,2026-10-04
1941536,7389,"Services-Business Services, NEC",Industrials,2026-10-04
1943289,7372,Services-Prepackaged Software,Information Technology,2026-10-04
1943421,4400,Water Transportation,Industrials,2026-10-04
1943444,3530,"Construction, Mining & Materials Handling Machinery & Equip",Industrials,2026-10-04
1943802,6035,"Savings Institution, Federally Chartered",Financials,2026-10-04
1943896,7372,Services-Prepackaged Software,Information Technology,2026-10-04
1944013,3490,Miscellaneous Fabricated Metal Products,Industrials,2026-10-04
1944048,2844,"Perfumes, Cosmetics & Other Toilet Preparations",Consumer Staples,2026-10-04
1944399,7371,Services-Computer Programming Services,Information Technology,2026-10-04
1944552,2834,Pharmaceutical Preparations,Health Care,2026-10-04
1944558,1311,Crude Petroleum & Natural Gas,Energy,2026-10-04
1944712,7361,Services-Employment Agencies,Industrials,2026-10-04
1944885,2834,Pharmaceutical Preparations,Health Care,2026-10-04
1944902,6531,Real Estate Agents & Managers (For Others),Real Estate,2026-10-04
1945240,8742,Services-Management Consulting Services,Industrials,2026-10-04
1945415,3360,Nonferrous Foundries (Castings),Materials,2026-10-04
1945565,6199,Finance Services,Financials,2026-10-04
1946563,2834,Pharmaceutical Preparations,Health Care,2026-10-04
1946573,6199,Finance Services,Financials,2026-10-04
1946703,5900,Retail-Miscellaneous Retail,Consumer Discretionary,2026-10-04
1947016,4512,"Air Transportation, Scheduled",Industrials,2026-10-04
1947210,7900,Services-Amusement & Recreation Services,Consumer Discretionary,2026-10-04
1947244,1040,Gold and Silver Ores,Materials,2026-10-04
1948099,3442,"Metal Doors, Sash, Frames, Moldings & Trim",Industrials,2026-10-04
1948294,2400,Lumber & Wood Products (No Furniture),Materials,2026-10-04
1948436,5600,Retail-Apparel & Accessory Stores,Consumer Discretionary,2026-10-04
1948443,3630,Household Appliances,Consumer Discretionary,2026-10-04
1948455,2111,Cigarettes,Consumer Staples,2026-10-04
1948697,8744,Services-Facilities Support Management Services,Industrials,2026-10-04
1948864,5411,Retail-Grocery Stores,Consumer Staples,2026-10-04
1949257,2834,Pharmaceutical Preparations,Health Care,2026-10-04
1951067,4412,Deep Sea Foreign Transportation of  Freight,Industrials,2026-10-04
1951070,2741,Miscellaneous Publishing,Communication Services,2026-10-04
1951089,1000,Metal Mining,Materials,2026-10-04
1951222,3674,Semiconductors & Related Devices,Information Technology,2026-10-04
1951276,6036,"Savings Institutions, Not Federally Chartered",Financials,2026-10-04
1951294,7311,Services-Advertising Agencies,Communication Services,2026-10-04
1951667,5010,Wholesale-Motor Vehicles & Motor Vehicle Parts & Supplies,Industrials,2026-10-04
1952073,7990,Services-Miscellaneous Amusement & Recreation,Consumer Discretionary,2026-10-04
1952853,3790,Miscellaneous Transportation Equipment,Industrials,2026-10-04
1952976,6798,Real Estate Investment Trusts,Real Estate,2026-10-04
1953021,7812,Services-Motion Picture & Video Tape Production,Communication Services,2026-10-04
1953366,6519,"Lessors of  Real Property, NEC",Real Estate,2026-10-04
1953530,2834,Pharmaceutical Preparations,Health Care,2026-10-04
1953575,1040,Gold and Silver Ores,Materials,2026-10-04
1953926,2834,Pharmaceutical Preparations,Health Care,2026-10-04
1953984,6199,Finance Services,Financials,2026-10-04
1954269,6200,"Security & Commodity Brokers, Dealers, Exchanges & Services",Financials,2026-10-04
1954488,2834,Pharmaceutical Preparations,Health Care,2026-10-04
1954594,7311,Services-Advertising Agencies,Communication Services,2026-10-04
1954694,7370,"Services-Computer Programming, Data Processing, Etc.",Information Technology,2026-10-04
1955520,1400,Mining & Quarrying of  Nonmetallic Minerals (No Fuels),Materials,2026-10-04
1956166,1700,Construction - Special Trade Contractors,Industrials,2026-10-04
1956439,7990,Services-Miscellaneous Amusement & Recreation,Consumer Discretionary,2026-10-04
1956648,6770,Blank Checks,Financials,2026-10-04
1956741,2842,"Specialty Cleaning, Polishing and Sanitation Preparations",Consumer Staples,2026-10-04
1956744,6199,Finance Services,Financials,2026-10-04
1956827,2834,Pharmaceutical Preparations,Health Care,2026-10-04
1956955,3663,Radio & Tv Broadcasting & Communications Equipment,Information Technology,2026-10-04
1957001,3634,Electric Housewares & Fans,Consumer Discretionary,2026-10-04
1957132,3630,Household Appliances,Consumer Discretionary,2026-10-04
1957413,3711,Motor Vehicles & Passenger Car Bodies,Consumer Discretionary,2026-10-04
1957489,5960,Retail-Nonstore Retailers,Consumer Discretionary,2026-10-04
1957538,4953,Refuse Systems,Industrials,2026-10-04
1958086,1389,"Oil & Gas Field Services, NEC",Energy,2026-10-04
1958133,4950,Sanitary Services,Industrials,2026-10-04
1958140,7900,Services-Amusement & Recreation Services,Consumer Discretionary,2026-10-04
1958217,1000,Metal Mining,Materials,2026-10-04
1958399,3990,Miscellaneous Manufacturing Industries,Consumer Discretionary,2026-10-04
1958713,6199,Finance Services,Financials,2026-10-04
1958777,2834,Pharmaceutical Preparations,Health Care,2026-10-04
1958928,6199,Finance Services,Financials,2026-10-04
1959023,4953,Refuse Systems,Industrials,2026-10-04
1959224,6211,"Security Brokers, Dealers & Flotation Companies",Financials,2026-10-04
1959455,4412,Deep Sea Foreign Transportation of  Freight,Industrials,2026-10-04
1959726,7500,"Services-Automotive Repair, Services & Parking",Consumer Discretionary,2026-10-04
1959994,2070,Fats & Oils,Consumer Staples,2026-10-04
1960355,7372,Services-Prepackaged Software,Information Technology,2026-10-04
1960847,4210,Trucking & Courier Services (No Air),Industrials,2026-10-04
1961592,1040,Gold and Silver Ores,Materials,2026-10-04
1961847,5990,"Retail-Retail Stores, NEC",Consumer Discretionary,2026-10-04
1962011,2834,Pharmaceutical Preparations,Health Care,2026-10-04
1962481,2000,Food and Kindred Products,Consumer Staples,2026-10-04
1962746,3711,Motor Vehicles & Passenger Car Bodies,Consumer Discretionary,2026-10-04
1963088,6199,Finance Services,Financials,2026-10-04
1963439,3690,"Miscellaneous Electrical Machinery, Equipment & Supplies",Information Technology,2026-10-04
1963685,3569,"General Industrial Machinery & Equipment, NEC",Industrials,2026-10-04
1964314,3412,"Metal Shipping Barrels, Drums, Kegs & Pails",Industrials,2026-10-04
1964333,6021,National Commercial Banks,Financials,2026-10-04
1964504,1040,Gold and Silver Ores,Materials,2026-10-04
1964738,3841,Surgical & Medical Instruments & Apparatus,Health Care,2026-10-04
1964789,6199,Finance Services,Financials,2026-10-04
1964946,7372,Services-Prepackaged Software,Information Technology,2026-10-04
1964954,4412,Deep Sea Foreign Transportation of  Freight,Industrials,2026-10-04
1965040,8071,Services-Medical Laboratories,Health Care,2026-10-04
1965143,7372,Services-Prepackaged Software,Information Technology,2026-10-04
1965473,6411,"Insurance Agents, Brokers & Service",Financials,2026-10-04
1966041,7370,"Services-Computer Programming, Data Processing, Etc.",Information Technology,2026-10-04
1966233,7990,Services-Miscellaneous Amusement & Recreation,Consumer Discretionary,2026-10-10
1966287,1311,Crude Petroleum & Natural Gas,Energy,2026-10-10
1966678,1540,General Bldg Contractors - Nonresidential Bldgs,Industrials,2026-10-10
1966750,6411,"Insurance Agents, Brokers & Service",Financials,2026-10-10
1966983,1000,Metal Mining,Materials,2026-10-04
1967397,7371,Services-Computer Programming Services,Information Technology,2026-10-04
1967621,7371,Services-Computer Programming Services,Information Technology,2026-10-04
1967631,8200,Services-Educational Services,Consumer Discretionary,2026-10-04
1967649,5190,Wholesale-Miscellaneous Nondurable Goods,Industrials,2026-10-04
1967680,3825,Instruments For Meas & Testing of  Electricity & Elec Signals,Information Technology,2026-10-04
1967822,5045,Wholesale-Computers & Peripheral Equipment & Software,Information Technology,2026-10-04
1968043,4731,Arrangement of  Transportation of  Freight & Cargo,Industrials,2026-10-04
1968487,3310,"Steel Works, Blast Furnaces & Rolling & Finishing Mills",Materials,2026-10-04
1968915,3714,Motor Vehicle Parts & Accessories,Consumer Discretionary,2026-10-04
1969302,7373,Services-Computer Integrated Systems Design,Information Technology,2026-10-04
1969373,6500,Real Estate,Real Estate,2026-10-04
1969401,5961,Retail-Catalog & Mail-Order Houses,Consumer Discretionary,2026-10-04
1969863,7381,"Services-Detective, Guard & Armored Car Services",Industrials,2026-10-04
1969928,7311,Services-Advertising Agencies,Communication Services,2026-10-04
1970544,3845,Electromedical & Electrotherapeutic Apparatus,Health Care,2026-10-04
1970622,1000,Metal Mining,Materials,2026-10-04
1971115,7389,"Services-Business Services, NEC",Industrials,2026-10-04
1971213,4833,Television Broadcasting Stations,Communication Services,2026-10-04
1971387,2836,"Biological Products, (No Diagnostic Substances)",Health Care,2026-10-04
1971532,2834,Pharmaceutical Preparations,Health Care,2026-10-04
1971828,1731,Electrical Work,Industrials,2026-10-04
1972074,3670,Electronic Components & Accessories,Information Technology,2026-10-04
1972234,3590,Misc Industrial & Commercial Machinery & Equipment,Industrials,2026-10-04
1972529,4220,Public Warehousing & Storage,Industrials,2026-10-04
1973062,7372,Services-Prepackaged Software,Information Technology,2026-10-04
1973239,3674,Semiconductors & Related Devices,Information Technology,2026-10-04
1973266,7900,Services-Amusement & Recreation Services,Consumer Discretionary,2026-10-04
1973832,1040,Gold and Silver Ores,Materials,2026-10-04
1974044,7389,"Services-Business Services, NEC",Industrials,2026-10-04
1974138,3578,Calculating & Accounting Machines (No Electronic Computers),Information Technology,2026-10-04
1975641,2834,Pharmaceutical Preparations,Health Care,2026-10-04
1975940,3711,Motor Vehicles & Passenger Car Bodies,Consumer Discretionary,2026-10-04
1976443,3651,Household Audio & Video Equipment,Information Technology,2026-10-04
1976695,7372,Services-Prepackaged Software,Information Technology,2026-10-04
1976908,8200,Services-Educational Services,Consumer Discretionary,2026-10-04
1977102,3140,"Footwear, (No Rubber)",Consumer Discretionary,2026-10-04
1978057,2090,Miscellaneous Food Preparations & Kindred Products,Consumer Staples,2026-10-04
1978527,4731,Arrangement of  Transportation of  Freight & Cargo,Industrials,2026-10-04
1978867,4412,Deep Sea Foreign Transportation of  Freight,Industrials,2026-10-04
1978954,5411,Retail-Grocery Stores,Consumer Staples,2026-10-04
1979005,6770,Blank Checks,Financials,2026-10-04
1979330,6036,"Savings Institutions, Not Federally Chartered",Financials,2026-10-04
1979332,6035,"Savings Institution, Federally Chartered",Financials,2026-10-04
1979407,7372,Services-Prepackaged Software,Information Technology,2026-10-04
1979414,2834,Pharmaceutical Preparations,Health Care,2026-10-04
1979610,1700,Construction - Special Trade Contractors,Industrials,2026-10-04
1979887,3690,"Miscellaneous Electrical Machinery, Equipment & Supplies",Information Technology,2026-10-04
1980088,1311,Crude Petroleum & Natural Gas,Energy,2026-10-04
1980210,3990,Miscellaneous Manufacturing Industries,Consumer Discretionary,2026-10-04
1980845,2836,"Biological Products, (No Diagnostic Substances)",Health Care,2026-10-04
1980994,6221,Commodity Contracts Brokers & Dealers,Financials,2026-10-04
1981519,7380,Services-Miscellaneous Business Services,Industrials,2026-10-04
1981535,6199,Finance Services,Financials,2026-10-04
1981546,6022,State Commercial Banks,Financials,2026-10-04
1981599,4923,Natural Gas Transmisison & Distribution,Utilities,2026-10-04
1981662,8090,"Services-Misc Health & Allied Services, NEC",Health Care,2026-10-04
1981792,6798,Real Estate Investment Trusts,Real Estate,2026-10-04
1982012,5080,"Wholesale-Machinery, Equipment & Supplies",Industrials,2026-10-04
1982444,3841,Surgical & Medical Instruments & Apparatus,Health Care,2026-10-04
1982448,7373,Services-Computer Integrated Systems Design,Information Technology,2026-10-04
1982518,1531,Operative Builders,Industrials,2026-10-10
1982708,2835,In Vitro & In Vivo Diagnostic Substances,Health Care,2026-10-10
1982960,7370,"Services-Computer Programming, Data Processing, Etc.",Information Technology,2026-10-10
1982961,8742,Services-Management Consulting Services,Industrials,2026-10-10
1983324,7370,"Services-Computer Programming, Data Processing, Etc.",Information Technology,2026-10-04
1983550,7389,"Services-Business Services, NEC",Industrials,2026-10-04
1983736,7370,"Services-Computer Programming, Data Processing, Etc.",Information Technology,2026-10-04
1984060,1311,Crude Petroleum & Natural Gas,Energy,2026-10-04
1984086,2834,Pharmaceutical Preparations,Health Care,2026-10-04
1984124,3317,Steel Pipe & Tubes,Materials,2026-10-04
1985062,2834,Pharmaceutical Preparations,Health Care,2026-10-04
1985139,3533,Oil & Gas Field Machinery & Equipment,Industrials,2026-10-04
1985273,3674,Semiconductors & Related Devices,Information Technology,2026-10-04
1985337,7363,Services-Help Supply Services,Industrials,2026-10-04
1985487,7389,"Services-Business Services, NEC",Industrials,2026-10-04
1986247,2840,"Soap, Detergents, Cleang Preparations, Perfumes, Cosmetics",Consumer Staples,2026-10-04
1986694,7389,"Services-Business Services, NEC",Industrials,2026-10-10
1986817,6770,Blank Checks,Financials,2026-10-04
1987189,4731,Arrangement of  Transportation of  Freight & Cargo,Industrials,2026-10-04
1987240,3590,Misc Industrial & Commercial Machinery & Equipment,Industrials,2026-10-04
1987363,6200,"Security & Commodity Brokers, Dealers, Exchanges & Services",Financials,2026-10-04
1988494,6798,Real Estate Investment Trusts,Real Estate,2026-10-04
1988776,7011,Hotels & Motels,Consumer Discretionary,2026-10-04
1988894,2300,Apparel & Other Finishd Prods of  Fabrics & Similar Matl,Consumer Discretionary,2026-10-04
1989930,1700,Construction - Special Trade Contractors,Industrials,2026-10-04
1990251,7372,Services-Prepackaged Software,Information Technology,2026-10-04
1990354,7373,Services-Computer Integrated Systems Design,Information Technology,2026-10-04
1991261,1623,"Water, Sewer, Pipeline, Comm & Power Line Construction",Industrials,2026-10-04
1991332,3600,Electronic & Other Electrical Equipment (No Computer Equip),Information Technology,2026-10-04
1991592,3569,"General Industrial Machinery & Equipment, NEC",Industrials,2026-10-04
1991605,7374,Services-Computer Processing & Data Preparation,Information Technology,2026-10-04
1991792,2836,"Biological Products, (No Diagnostic Substances)",Health Care,2026-10-04
1992243,3674,Semiconductors & Related Devices,Information Technology,2026-10-04
1992818,3590,Misc Industrial & Commercial Machinery & Equipment,Industrials,2026-10-04
1993004,4931,Electric & Other Services Combined,Utilities,2026-10-04
1993097,7371,Services-Computer Programming Services,Information Technology,2026-10-04
1993344,1040,Gold and Silver Ores,Materials,2026-10-04
1993400,7372,Services-Prepackaged Software,Information Technology,2026-10-04
1993431,3714,Motor Vehicle Parts & Accessories,Consumer Discretionary,2026-10-04
1993463,7500,"Services-Automotive Repair, Services & Parking",Consumer Discretionary,2026-10-04
1993727,3669,"Communications Equipment, NEC",Information Technology,2026-10-04
1994214,7900,Services-Amusement & Recreation Services,Consumer Discretionary,2026-10-04
1994702,2836,"Biological Products, (No Diagnostic Substances)",Health Care,2026-10-04
1995075,0200,Agricultural Prod-Livestock & Animal Specialties,Consumer Staples,2026-10-04
1995116,3420,"Cutlery, Handtools & General Hardware",Industrials,2026-10-04
1995306,5812,Retail-Eating  Places,Consumer Discretionary,2026-10-04
1995520,6411,"Insurance Agents, Brokers & Service",Financials,2026-10-04
1995574,4412,Deep Sea Foreign Transportation of  Freight,Industrials,2026-10-04
1995704,3842,"Orthopedic, Prosthetic & Surgical Appliances & Supplies",Health Care,2026-10-04
1995807,6792,Oil Royalty Traders,Financials,2026-10-04
1996192,4731,Arrangement of  Transportation of  Freight & Cargo,Industrials,2026-10-04
1996810,3600,Electronic & Other Electrical Equipment (No Computer Equip),Information Technology,2026-10-04
1996862,2070,Fats & Oils,Consumer Staples,2026-10-04
1997201,4731,Arrangement of  Transportation of  Freight & Cargo,Industrials,2026-10-04
1997296,2834,Pharmaceutical Preparations,Health Care,2026-10-04
1997350,6411,"Insurance Agents, Brokers & Service",Financials,2026-10-04
1997377,1090,Miscellaneous Metal Ores,Materials,2026-10-04
1997403,7372,Services-Prepackaged Software,Information Technology,2026-10-04
1997464,6200,"Security & Commodity Brokers, Dealers, Exchanges & Services",Financials,2026-10-04
1997637,4899,"Communications Services, NEC",Communication Services,2026-10-04
1997652,1311,Crude Petroleum & Natural Gas,Energy,2026-10-04
1997711,6500,Real Estate,Real Estate,2026-10-04
1997859,2741,Miscellaneous Publishing,Communication Services,2026-10-04
1998043,,,,2026-10-04
1998056,5812,Retail-Eating  Places,Consumer Discretionary,2026-10-04
1998560,7389,"Services-Business Services, NEC",Industrials,2026-10-04
1998768,4700,Transportation Services,Industrials,2026-10-04
1999001,7900,Services-Amusement & Recreation Services,Consumer Discretionary,2026-10-10
1999297,2670,Converted Paper & Paperboard Prods (No Contaners/Boxes),Materials,2026-10-10
1999480,2834,Pharmaceutical Preparations,Health Care,2026-10-10
1999860,2013,Sausages & Other Prepared Meat Products,Consumer Staples,2026-10-04
2000178,3728,"Aircraft Parts & Auxiliary Equipment, NEC",Industrials,2026-10-04
2000230,2300,Apparel & Other Finishd Prods of  Fabrics & Similar Matl,Consumer Discretionary,2026-10-04
2000366,3713,Truck & Bus Bodies,Consumer Discretionary,2026-10-04
2000530,7374,Services-Computer Processing & Data Preparation,Information Technology,2026-10-04
2000638,6221,Commodity Contracts Brokers & Dealers,Financials,2026-10-04
2000756,7819,Services-Allied To Motion Picture Production,Communication Services,2026-10-04
2001184,8051,Services-Skilled Nursing Care Facilities,Health Care,2026-10-04
2001288,5045,Wholesale-Computers & Peripheral Equipment & Software,Information Technology,2026-10-04
2001557,6770,Blank Checks,Financials,2026-10-04
2001699,7372,Services-Prepackaged Software,Information Technology,2026-10-04
2001794,7381,"Services-Detective, Guard & Armored Car Services",Industrials,2026-10-04
2002045,7372,Services-Prepackaged Software,Information Technology,2026-10-04
2002236,1520,General Bldg Contractors - Residential Bldgs,Industrials,2026-10-04
2002453,3533,Oil & Gas Field Machinery & Equipment,Industrials,2026-10-04
2002473,6331,"Fire, Marine & Casualty Insurance",Financials,2026-10-04
2002660,,,,2026-10-04
2002988,2834,Pharmaceutical Preparations,Health Care,2026-10-10
2003061,7310,Services-Advertising,Communication Services,2026-10-04
2003292,6199,Finance Services,Financials,2026-10-04
2003977,2750,Commercial Printing,Communication Services,2026-10-04
2004024,7372,Services-Prepackaged Software,Information Technology,2026-10-04
2004489,8011,Services-Offices & Clinics of  Doctors of  Medicine,Health Care,2026-10-04
2004711,7370,"Services-Computer Programming, Data Processing, Etc.",Information Technology,2026-10-04
2005951,2650,Paperboard Containers & Boxes,Materials,2026-10-04
2006960,3390,Miscellaneous Primary Metal Products,Materials,2026-10-04
2006986,3841,Surgical & Medical Instruments & Apparatus,Health Care,2026-10-04
2007191,2834,Pharmaceutical Preparations,Health Care,2026-10-04
2007587,6331,"Fire, Marine & Casualty Insurance",Financials,2026-10-04
2007596,6411,"Insurance Agents, Brokers & Service",Financials,2026-10-04
2007599,7370,"Services-Computer Programming, Data Processing, Etc.",Information Technology,2026-10-04
2007691,6199,Finance Services,Financials,2026-10-04
2007702,5122,"Wholesale-Drugs, Proprietaries & Druggists' Sundries",Health Care,2026-10-04
2007825,7374,Services-Computer Processing & Data Preparation,Information Technology,2026-10-04
2007846,8711,Services-Engineering Services,Industrials,2026-10-04
2007855,4924,Natural Gas Distribution,Utilities,2026-10-04
2007919,2836,"Biological Products, (No Diagnostic Substances)",Health Care,2026-10-04
2008007,2390,Miscellaneous Fabricated Textile Products,Consumer Discretionary,2026-10-04
2009233,0100,Agricultural Production-Crops,Consumer Staples,2026-10-04
2009312,7997,Services-Membership Sports & Recreation Clubs,Consumer Discretionary,2026-10-04
2009684,7990,Services-Miscellaneous Amusement & Recreation,Consumer Discretionary,2026-10-04
2009714,5172,Wholesale-Petroleum & Petroleum Products (No Bulk Stations),Industrials,2026-10-04
2010499,7374,Services-Computer Processing & Data Preparation,Information Technology,2026-10-04
2010788,2836,"Biological Products, (No Diagnostic Substances)",Health Care,2026-10-04
2010959,7900,Services-Amusement & Recreation Services,Consumer Discretionary,2026-10-04
2011053,1700,Construction - Special Trade Contractors,Industrials,2026-10-04
2011208,7372,Services-Prepackaged Software,Information Technology,2026-10-04
2011286,7389,"Services-Business Services, NEC",Industrials,2026-10-04
2011458,8742,Services-Management Consulting Services,Industrials,2026-10-04
2011514,3842,"Orthopedic, Prosthetic & Surgical Appliances & Supplies",Health Care,2026-10-04
2011641,5070,Wholesale-Hardware & Plumbing & Heating Equipment & Supplies,Industrials,2026-10-04
2011674,8071,Services-Medical Laboratories,Health Care,2026-10-04
2012096,7380,Services-Miscellaneous Business Services,Industrials,2026-10-04
2012219,3533,Oil & Gas Field Machinery & Equipment,Industrials,2026-10-04
2012383,6211,"Security Brokers, Dealers & Flotation Companies",Financials,2026-10-04
2012593,2834,Pharmaceutical Preparations,Health Care,2026-10-04
2012600,8742,Services-Management Consulting Services,Industrials,2026-10-04
2012706,6798,Real Estate Investment Trusts,Real Estate,2026-10-04
2012726,6035,"Savings Institution, Federally Chartered",Financials,2026-10-04
2013186,7310,Services-Advertising,Communication Services,2026-10-04
2013223,1040,Gold and Silver Ores,Materials,2026-10-04
2013320,4731,Arrangement of  Transportation of  Freight & Cargo,Industrials,2026-10-04
2013639,6036,"Savings Institutions, Not Federally Chartered",Financials,2026-10-04
2013649,5810,Retail-Eating & Drinking Places,Consumer Discretionary,2026-10-04
2013744,6199,Finance Services,Financials,2026-10-04
2013745,2911,Petroleum Refining,Energy,2026-10-04
2013807,3576,Computer Communications Equipment,Information Technology,2026-10-04
2014254,3949,"Sporting & Athletic Goods, NEC",Consumer Discretionary,2026-10-04
2014337,5160,Wholesale-Chemicals & Allied Products,Industrials,2026-10-04
2014596,8093,"Services-Specialty Outpatient Facilities, NEC",Health Care,2026-10-04
2015034,6221,Commodity Contracts Brokers & Dealers,Financials,2026-10-04
2015691,3690,"Miscellaneous Electrical Machinery, Equipment & Supplies",Information Technology,2026-10-10
2015845,1531,Operative Builders,Industrials,2026-10-10
2015947,6770,Blank Checks,Financials,2026-10-04
2015955,6770,Blank Checks,Financials,2026-10-10
2016072,6770,Blank Checks,Financials,2026-10-10
2016337,5172,Wholesale-Petroleum & Petroleum Products (No Bulk Stations),Industrials,2026-10-04
2017206,6500,Real Estate,Real Estate,2026-10-04
2017526,8071,Services-Medical Laboratories,Health Care,2026-10-04
2017758,6531,Real Estate Agents & Managers (For Others),Real Estate,2026-10-04
2018064,4822,Telegraph & Other Message Communications,Communication Services,2026-10-04
2018222,5600,Retail-Apparel & Accessory Stores,Consumer Discretionary,2026-10-04
2018462,3640,Electric Lighting & Wiring Equipment,Information Technology,2026-10-04
2018529,4412,Deep Sea Foreign Transportation of  Freight,Industrials,2026-10-04
2019061,4610,Pipe Lines (No Natural Gas),Industrials,2026-10-04
2019103,1040,Gold and Silver Ores,Materials,2026-10-04
2019410,8071,Services-Medical Laboratories,Health Care,2026-10-04
2019435,1000,Metal Mining,Materials,2026-10-04
2019505,6411,"Insurance Agents, Brokers & Service",Financials,2026-10-04
2019793,2860,Industrial Organic Chemicals,Materials,2026-10-04
2019804,3443,Fabricated Plate Work (Boiler Shops),Industrials,2026-10-04
2020027,7361,Services-Employment Agencies,Industrials,2026-10-04
2020228,1700,Construction - Special Trade Contractors,Industrials,2026-10-04
2020455,6221,Commodity Contracts Brokers & Dealers,Financials,2026-10-04
2020737,2844,"Perfumes, Cosmetics & Other Toilet Preparations",Consumer Staples,2026-10-04
2020795,4813,Telephone Communications (No Radiotelephone),Communication Services,2026-10-04
2020932,2836,"Biological Products, (No Diagnostic Substances)",Health Care,2026-10-04
2020987,6770,Blank Checks,Financials,2026-10-04
2021688,5172,Wholesale-Petroleum & Petroleum Products (No Bulk Stations),Industrials,2026-10-04
2021728,3674,Semiconductors & Related Devices,Information Technology,2026-10-04
2021880,3533,Oil & Gas Field Machinery & Equipment,Industrials,2026-10-04
2022308,8200,Services-Educational Services,Consumer Discretionary,2026-10-04
2022416,2836,"Biological Products, (No Diagnostic Substances)",Health Care,2026-10-04
2022626,2834,Pharmaceutical Preparations,Health Care,2026-10-04
2023016,2834,Pharmaceutical Preparations,Health Care,2026-10-04
2023153,5712,Retail-Furniture Stores,Consumer Discretionary,2026-10-04
2023311,2834,Pharmaceutical Preparations,Health Care,2026-10-04
2023554,3572,Computer Storage Devices,Information Technology,2026-10-04
2023658,2834,Pharmaceutical Preparations,Health Care,2026-10-04
2023730,4911,Electric Services,Utilities,2026-10-04
2023796,7990,Services-Miscellaneous Amusement & Recreation,Consumer Discretionary,2026-10-04
2024114,7374,Services-Computer Processing & Data Preparation,Information Technology,2026-10-04
2024218,4922,Natural Gas Transmission,Utilities,2026-10-04
2024258,3823,"Industrial Instruments For Measurement, Display, and Control",Information Technology,2026-10-04
2024656,3100,Leather & Leather Products,Consumer Discretionary,2026-10-04
2024876,7310,Services-Advertising,Communication Services,2026-10-04
2025218,5172,Wholesale-Petroleum & Petroleum Products (No Bulk Stations),Industrials,2026-10-04
2025410,3724,Aircraft Engines & Engine Parts,Industrials,2026-10-04
2025416,7372,Services-Prepackaged Software,Information Technology,2026-10-04
2025774,8000,Services-Health Services,Health Care,2026-10-04
2025942,2834,Pharmaceutical Preparations,Health Care,2026-10-04
2026053,6282,Investment Advice,Financials,2026-10-04
2026353,7372,Services-Prepackaged Software,Information Technology,2026-10-04
2026478,4833,Television Broadcasting Stations,Communication Services,2026-10-04
2026514,1040,Gold and Silver Ores,Materials,2026-10-04
2027160,4731,Arrangement of  Transportation of  Freight & Cargo,Industrials,2026-10-04
2027265,5812,Retail-Eating  Places,Consumer Discretionary,2026-10-04
2027317,6500,Real Estate,Real Estate,2026-10-04
2027329,2834,Pharmaceutical Preparations,Health Care,2026-10-04
2027360,5990,"Retail-Retail Stores, NEC",Consumer Discretionary,2026-10-04
2027708,6770,Blank Checks,Financials,2026-10-04
2027722,6199,Finance Services,Financials,2026-10-04
2027815,6199,Finance Services,Financials,2026-10-04
2028177,8200,Services-Educational Services,Consumer Discretionary,2026-10-04
2028293,3590,Misc Industrial & Commercial Machinery & Equipment,Industrials,2026-10-04
2028336,1311,Crude Petroleum & Natural Gas,Energy,2026-10-04
2028516,6770,Blank Checks,Financials,2026-10-04
2028541,6221,Commodity Contracts Brokers & Dealers,Financials,2026-10-04
2028699,6770,Blank Checks,Financials,2026-10-04
2028707,7373,Services-Computer Integrated Systems Design,Information Technology,2026-10-04
2029039,2834,Pharmaceutical Preparations,Health Care,2026-10-04
2029118,1311,Crude Petroleum & Natural Gas,Energy,2026-10-04
2029138,7372,Services-Prepackaged Software,Information Technology,2026-10-04
2029471,4412,Deep Sea Foreign Transportation of  Freight,Industrials,2026-10-04
2030277,8200,Services-Educational Services,Consumer Discretionary,2026-10-04
2030522,5141,"Wholesale-Groceries, General Line",Consumer Staples,2026-10-04
2030617,3841,Surgical & Medical Instruments & Apparatus,Health Care,2026-10-04
2030763,5122,"Wholesale-Drugs, Proprietaries & Druggists' Sundries",Health Care,2026-10-04
2030781,7372,Services-Prepackaged Software,Information Technology,2026-10-04
2030834,1520,General Bldg Contractors - Residential Bldgs,Industrials,2026-10-04
2030954,7389,"Services-Business Services, NEC",Industrials,2026-10-04
2031009,1700,Construction - Special Trade Contractors,Industrials,2026-10-04
2031069,6221,Commodity Contracts Brokers & Dealers,Financials,2026-10-04
2031561,6770,Blank Checks,Financials,2026-10-04
2031688,7380,Services-Miscellaneous Business Services,Industrials,2026-10-10
2032341,7372,Services-Prepackaged Software,Information Technology,2026-10-10
2032545,7389,"Services-Business Services, NEC",Industrials,2026-10-04
2032755,0700,Agricultural Services,Consumer Staples,2026-10-04
2032779,4412,Deep Sea Foreign Transportation of  Freight,Industrials,2026-10-04
2032966,7389,"Services-Business Services, NEC",Industrials,2026-10-04
2033377,7371,Services-Computer Programming Services,Information Technology,2026-10-04
2033383,7373,Services-Computer Integrated Systems Design,Information Technology,2026-10-04
2033515,5094,"Wholesale-Jewelry, Watches, Precious Stones & Metals",Industrials,2026-10-04
2033535,4400,Water Transportation,Industrials,2026-10-04
2033770,7373,Services-Computer Integrated Systems Design,Information Technology,2026-10-04
2033991,6770,Blank Checks,Financials,2026-10-04
2034012,6221,Commodity Contracts Brokers & Dealers,Financials,2026-10-04
2034266,6770,Blank Checks,Financials,2026-10-04
2034267,6770,Blank Checks,Financials,2026-10-04
2034400,7371,Services-Computer Programming Services,Information Technology,2026-10-04
2034520,7372,Services-Prepackaged Software,Information Technology,2026-10-04
2034723,5090,Wholesale-Misc Durable Goods,Industrials,2026-10-04
2035053,6221,Commodity Contracts Brokers & Dealers,Financials,2026-10-04
2035149,3533,Oil & Gas Field Machinery & Equipment,Industrials,2026-10-04
2035304,1400,Mining & Quarrying of  Nonmetallic Minerals (No Fuels),Materials,2026-10-04
2035697,5064,"Wholesale-Electrical Appliances, Tv & Radio Sets",Industrials,2026-10-04
2035709,1700,Construction - Special Trade Contractors,Industrials,2026-10-04
2035832,2834,Pharmaceutical Preparations,Health Care,2026-10-04
2035989,3241,"Cement, Hydraulic",Materials,2026-10-04
2035992,8090,"Services-Misc Health & Allied Services, NEC",Health Care,2026-10-04
2036042,2834,Pharmaceutical Preparations,Health Care,2026-10-04
2036307,8711,Services-Engineering Services,Industrials,2026-10-04
2037400,3714,Motor Vehicle Parts & Accessories,Consumer Discretionary,2026-10-04
2037427,6221,Commodity Contracts Brokers & Dealers,Financials,2026-10-04
2038378,8742,Services-Management Consulting Services,Industrials,2026-10-04
2038439,7372,Services-Prepackaged Software,Information Technology,2026-10-04
2039060,4412,Deep Sea Foreign Transportation of  Freight,Industrials,2026-10-04
2039273,1000,Metal Mining,Materials,2026-10-04
2039497,6199,Finance Services,Financials,2026-10-04
2039505,6221,Commodity Contracts Brokers & Dealers,Financials,2026-10-10
2039525,6221,Commodity Contracts Brokers & Dealers,Financials,2026-10-04
2039972,1000,Metal Mining,Materials,2026-10-04
2040127,3728,"Aircraft Parts & Auxiliary Equipment, NEC",Industrials,2026-10-04
2040290,1531,Operative Builders,Industrials,2026-10-04
2040381,6770,Blank Checks,Financials,2026-10-04
2040475,6770,Blank Checks,Financials,2026-10-04
2040491,6331,"Fire, Marine & Casualty Insurance",Financials,2026-10-04
2041208,1000,Metal Mining,Materials,2026-10-04
2041338,8741,Services-Management Services,Industrials,2026-10-04
2041385,3823,"Industrial Instruments For Measurement, Display, and Control",Information Technology,2026-10-04
2041610,4833,Television Broadcasting Stations,Communication Services,2026-10-04
2041829,7372,Services-Prepackaged Software,Information Technology,2026-10-04
2041869,6221,Commodity Contracts Brokers & Dealers,Financials,2026-10-04
2042022,6199,Finance Services,Financials,2026-10-04
2042292,6770,Blank Checks,Financials,2026-10-04
2042347,2834,Pharmaceutical Preparations,Health Care,2026-10-04
2042694,2080,Beverages,Consumer Staples,2026-10-04
2043630,6770,Blank Checks,Financials,2026-10-04
2043699,6770,Blank Checks,Financials,2026-10-04
2044241,7990,Services-Miscellaneous Amusement & Recreation,Consumer Discretionary,2026-10-04
2044255,6221,Commodity Contracts Brokers & Dealers,Financials,2026-10-04
2044327,,,,2026-10-04
2044523,6770,Blank Checks,Financials,2026-10-04
2044725,2834,Pharmaceutical Preparations,Health Care,2026-10-04
2044817,6770,Blank Checks,Financials,2026-10-04
2045872,6221,Commodity Contracts Brokers & Dealers,Financials,2026-10-04
2046042,6153,Short-Term Business Credit Institutions,Financials,2026-10-04
2046117,1731,Electrical Work,Industrials,2026-10-04
2046386,3841,Surgical & Medical Instruments & Apparatus,Health Care,2026-10-04
2046656,5812,Retail-Eating  Places,Consumer Discretionary,2026-10-04
2047148,7374,Services-Computer Processing & Data Preparation,Information Technology,2026-10-04
2047177,6770,Blank Checks,Financials,2026-10-04
2047235,6036,"Savings Institutions, Not Federally Chartered",Financials,2026-10-04
2047273,7900,Services-Amusement & Recreation Services,Consumer Discretionary,2026-10-04
2048271,5900,Retail-Miscellaneous Retail,Consumer Discretionary,2026-10-10
2048519,3531,Construction Machinery & Equip,Industrials,2026-10-10
2048951,5900,Retail-Miscellaneous Retail,Consumer Discretionary,2026-10-04
2049187,3944,"Games, Toys & Children's Vehicles (No Dolls & Bicycles)",Consumer Discretionary,2026-10-04
2049248,6770,Blank Checks,Financials,2026-10-04
2049662,3690,"Miscellaneous Electrical Machinery, Equipment & Supplies",Information Technology,2026-10-04
2051380,5940,Retail-Miscellaneous Shopping Goods Stores,Consumer Discretionary,2026-10-04
2051820,6282,Investment Advice,Financials,2026-10-04
2051985,7389,"Services-Business Services, NEC",Industrials,2026-10-04
2052053,,,,2026-10-04
2052243,6770,Blank Checks,Financials,2026-10-04
2052568,1700,Construction - Special Trade Contractors,Industrials,2026-10-04
2052959,7812,Services-Motion Picture & Video Tape Production,Communication Services,2026-10-04
2053456,2721,Periodicals: Publishing or  Publishing & Printing,Communication Services,2026-10-04
2053641,4210,Trucking & Courier Services (No Air),Industrials,2026-10-04
2053791,6221,Commodity Contracts Brokers & Dealers,Financials,2026-10-04
2054507,7011,Hotels & Motels,Consumer Discretionary,2026-10-04
2054696,7370,"Services-Computer Programming, Data Processing, Etc.",Information Technology,2026-10-04
2055116,6331,"Fire, Marine & Casualty Insurance",Financials,2026-10-04
2055510,6221,Commodity Contracts Brokers & Dealers,Financials,2026-10-04
2055592,6199,Finance Services,Financials,2026-10-04
2056611,2834,Pharmaceutical Preparations,Health Care,2026-10-04
2057388,6221,Commodity Contracts Brokers & Dealers,Financials,2026-10-04
2058349,8742,Services-Management Consulting Services,Industrials,2026-10-04
2058584,7372,Services-Prepackaged Software,Information Technology,2026-10-04
2058601,6199,Finance Services,Financials,2026-10-04
2058707,2836,"Biological Products, (No Diagnostic Substances)",Health Care,2026-10-04
2058758,6036,"Savings Institutions, Not Federally Chartered",Financials,2026-10-04
2058873,3674,Semiconductors & Related Devices,Information Technology,2026-10-04
2058897,6029,"Commercial Banks, NEC",Financials,2026-10-04
2059438,6221,Commodity Contracts Brokers & Dealers,Financials,2026-10-04
2059653,6035,"Savings Institution, Federally Chartered",Financials,2026-10-04
2060016,5180,"Wholesale-Beer, Wine & Distilled Alcoholic Beverages",Industrials,2026-10-04
2060083,8742,Services-Management Consulting Services,Industrials,2026-10-04
2060703,6221,Commodity Contracts Brokers & Dealers,Financials,2026-10-04
2060717,6221,Commodity Contracts Brokers & Dealers,Financials,2026-10-04
2061626,6221,Commodity Contracts Brokers & Dealers,Financials,2026-10-04
2062440,4812,Radiotelephone Communications,Communication Services,2026-10-04
2062583,3841,Surgical & Medical Instruments & Apparatus,Health Care,2026-10-04
2063196,7372,Services-Prepackaged Software,Information Technology,2026-10-04
2063380,6221,Commodity Contracts Brokers & Dealers,Financials,2026-10-04
2063863,4899,"Communications Services, NEC",Communication Services,2026-10-04
2064124,6163,Loan Brokers,Financials,2026-10-04
2064314,6221,Commodity Contracts Brokers & Dealers,Financials,2026-10-04
2064355,6770,Blank Checks,Financials,2026-10-04
2064764,3841,Surgical & Medical Instruments & Apparatus,Health Care,2026-10-10
2064947,1389,"Oil & Gas Field Services, NEC",Energy,2026-10-10
2064953,2800,Chemicals & Allied Products,Materials,2026-10-10
2065601,,,,2026-10-04
2065636,1600,Heavy Construction Other Than Bldg Const - Contractors,Industrials,2026-10-04
2065708,7389,"Services-Business Services, NEC",Industrials,2026-10-04
2065812,,,,2026-10-04
2066824,6221,Commodity Contracts Brokers & Dealers,Financials,2026-10-04
2066836,3842,"Orthopedic, Prosthetic & Surgical Appliances & Supplies",Health Care,2026-10-04
2067111,6221,Commodity Contracts Brokers & Dealers,Financials,2026-10-04
2067129,6411,"Insurance Agents, Brokers & Service",Financials,2026-10-04
2067627,3443,Fabricated Plate Work (Boiler Shops),Industrials,2026-10-04
2067674,1040,Gold and Silver Ores,Materials,2026-10-04
2067767,3730,Ship & Boat Building & Repairing,Industrials,2026-10-04
2067876,4833,Television Broadcasting Stations,Communication Services,2026-10-04
2068385,7374,Services-Computer Processing & Data Preparation,Information Technology,2026-10-04
2068577,5810,Retail-Eating & Drinking Places,Consumer Discretionary,2026-10-04
2069604,8090,"Services-Misc Health & Allied Services, NEC",Health Care,2026-10-04
2069785,7374,Services-Computer Processing & Data Preparation,Information Technology,2026-10-04
2070457,6199,Finance Services,Financials,2026-10-04
2070534,2836,"Biological Products, (No Diagnostic Substances)",Health Care,2026-10-04
2070542,6221,Commodity Contracts Brokers & Dealers,Financials,2026-10-04
2070602,6770,Blank Checks,Financials,2026-10-04
2070849,8071,Services-Medical Laboratories,Health Care,2026-10-04
2070954,5030,Wholesale-Lumber & Other Construction Materials,Industrials,2026-10-04
2071288,8071,Services-Medical Laboratories,Health Care,2026-10-04
2071668,2024,Ice Cream & Frozen Desserts,Consumer Staples,2026-10-04
2071778,6798,Real Estate Investment Trusts,Real Estate,2026-10-04
2072188,2844,"Perfumes, Cosmetics & Other Toilet Preparations",Consumer Staples,2026-10-04
2073153,6036,"Savings Institutions, Not Federally Chartered",Financials,2026-10-04
2073515,6770,Blank Checks,Financials,2026-10-04
2073928,6770,Blank Checks,Financials,2026-10-04
2074123,5812,Retail-Eating  Places,Consumer Discretionary,2026-10-04
2074176,1311,Crude Petroleum & Natural Gas,Energy,2026-10-04
2074850,4911,Electric Services,Utilities,2026-10-04
2074878,6770,Blank Checks,Financials,2026-10-04
2075320,2834,Pharmaceutical Preparations,Health Care,2026-10-04
2075335,7373,Services-Computer Integrated Systems Design,Information Technology,2026-10-04
2076163,6199,Finance Services,Financials,2026-10-04
2076975,7374,Services-Computer Processing & Data Preparation,Information Technology,2026-10-04
2077345,,,,2026-10-04
2077709,7372,Services-Prepackaged Software,Information Technology,2026-10-04
2078008,3714,Motor Vehicle Parts & Accessories,Consumer Discretionary,2026-10-04
2078416,7900,Services-Amusement & Recreation Services,Consumer Discretionary,2026-10-04
2078856,6199,Finance Services,Financials,2026-10-04
2079109,2834,Pharmaceutical Preparations,Health Care,2026-10-04
2079253,6770,Blank Checks,Financials,2026-10-04
2079272,2834,Pharmaceutical Preparations,Health Care,2026-10-04
2079292,6770,Blank Checks,Financials,2026-10-04
2079720,2080,Beverages,Consumer Staples,2026-10-04
2079933,6770,Blank Checks,Financials,2026-10-04
2079999,1600,Heavy Construction Other Than Bldg Const - Contractors,Industrials,2026-10-04
2080019,6770,Blank Checks,Financials,2026-10-04
2080023,4899,"Communications Services, NEC",Communication Services,2026-10-10
2080073,6795,Mineral Royalty Traders,Financials,2026-10-04
2080126,3620,Electrical Industrial Apparatus,Information Technology,2026-10-04
2080215,6199,Finance Services,Financials,2026-10-04
2080845,7389,"Services-Business Services, NEC",Industrials,2026-10-10
2080921,5172,Wholesale-Petroleum & Petroleum Products (No Bulk Stations),Industrials,2026-10-10
2081119,,,,2026-10-10
2081125,6770,Blank Checks,Financials,2026-10-10
2081206,6029,"Commercial Banks, NEC",Financials,2026-10-10
2081909,6770,Blank Checks,Financials,2026-10-04
2082119,6770,Blank Checks,Financials,2026-10-04
2082247,4513,Air Courier Services,Industrials,2026-10-04
2082526,6770,Blank Checks,Financials,2026-10-04
2082866,6021,National Commercial Banks,Financials,2026-10-04
2082889,6221,Commodity Contracts Brokers & Dealers,Financials,2026-10-04
2083125,1311,Crude Petroleum & Natural Gas,Energy,2026-10-04
2083143,6770,Blank Checks,Financials,2026-10-04
2083452,6770,Blank Checks,Financials,2026-10-04
2083526,7371,Services-Computer Programming Services,Information Technology,2026-10-04
2083632,7372,Services-Prepackaged Software,Information Technology,2026-10-04
2083785,7359,"Services-Equipment Rental & Leasing, NEC",Industrials,2026-10-04
2083910,6770,Blank Checks,Financials,2026-10-04
2083989,6770,Blank Checks,Financials,2026-10-04
2084026,7374,Services-Computer Processing & Data Preparation,Information Technology,2026-10-04
2084227,7372,Services-Prepackaged Software,Information Technology,2026-10-04
2085091,,,,2026-10-04
2085187,5712,Retail-Furniture Stores,Consumer Discretionary,2026-10-04
2085932,6770,Blank Checks,Financials,2026-10-04
2086017,6221,Commodity Contracts Brokers & Dealers,Financials,2026-10-04
2086264,6770,Blank Checks,Financials,2026-10-04
2086438,6770,Blank Checks,Financials,2026-10-04
2086587,3760,Guided Missiles & Space Vehicles & Parts,Industrials,2026-10-04
2086716,2810,Industrial Inorganic Chemicals,Materials,2026-10-04
2086771,1040,Gold and Silver Ores,Materials,2026-10-04
2086841,3690,"Miscellaneous Electrical Machinery, Equipment & Supplies",Information Technology,2026-10-04
2087087,6770,Blank Checks,Financials,2026-10-04
2087398,1040,Gold and Silver Ores,Materials,2026-10-04
2087450,6770,Blank Checks,Financials,2026-10-04
2087587,6211,"Security Brokers, Dealers & Flotation Companies",Financials,2026-10-04
2087965,6770,Blank Checks,Financials,2026-10-04
2087989,6221,Commodity Contracts Brokers & Dealers,Financials,2026-10-04
2088082,2836,"Biological Products, (No Diagnostic Substances)",Health Care,2026-10-04
2088139,6221,Commodity Contracts Brokers & Dealers,Financials,2026-10-04
2088256,7371,Services-Computer Programming Services,Information Technology,2026-10-04
2088281,3580,Refrigeration & Service Industry Machinery,Industrials,2026-10-04
2088375,4931,Electric & Other Services Combined,Utilities,2026-10-04
2088749,6770,Blank Checks,Financials,2026-10-04
2088807,6770,Blank Checks,Financials,2026-10-04
2088896,3443,Fabricated Plate Work (Boiler Shops),Industrials,2026-10-04
2089271,3724,Aircraft Engines & Engine Parts,Industrials,2026-10-04
2089283,1090,Miscellaneous Metal Ores,Materials,2026-10-04
2089536,6770,Blank Checks,Financials,2026-10-04
2089661,2911,Petroleum Refining,Energy,2026-10-04
2089855,6221,Commodity Contracts Brokers & Dealers,Financials,2026-10-04
2089969,6221,Commodity Contracts Brokers & Dealers,Financials,2026-10-04
2090011,6221,Commodity Contracts Brokers & Dealers,Financials,2026-10-04
2090312,7389,"Services-Business Services, NEC",Industrials,2026-10-04
2090441,6770,Blank Checks,Financials,2026-10-04
2090646,7374,Services-Computer Processing & Data Preparation,Information Technology,2026-10-04
2091017,1040,Gold and Silver Ores,Materials,2026-10-04
2091349,2834,Pharmaceutical Preparations,Health Care,2026-10-04
2091467,7500,"Services-Automotive Repair, Services & Parking",Consumer Discretionary,2026-10-04
2092314,2080,Beverages,Consumer Staples,2026-10-04
2092446,6199,Finance Services,Financials,2026-10-04
2092574,7372,Services-Prepackaged Software,Information Technology,2026-10-04
2092967,2870,Agricultural Chemicals,Materials,2026-10-04
2093101,2834,Pharmaceutical Preparations,Health Care,2026-10-04
2093507,1381,Drilling Oil & Gas Wells,Energy,2026-10-04
2093524,6770,Blank Checks,Financials,2026-10-04
2093536,3728,"Aircraft Parts & Auxiliary Equipment, NEC",Industrials,2026-10-04
2094433,3272,"Concrete Products, Except Block & Brick",Materials,2026-10-04
2094496,6199,Finance Services,Financials,2026-10-04
2094712,6770,Blank Checks,Financials,2026-10-04
2095096,7373,Services-Computer Integrated Systems Design,Information Technology,2026-10-04
2095161,6770,Blank Checks,Financials,2026-10-04
2095297,6770,Blank Checks,Financials,2026-10-04
2095591,4412,Deep Sea Foreign Transportation of  Freight,Industrials,2026-10-10
2095743,1000,Metal Mining,Materials,2026-10-04
2096300,3721,Aircraft,Industrials,2026-10-04
2096362,7374,Services-Computer Processing & Data Preparation,Information Technology,2026-10-04
2096755,6770,Blank Checks,Financials,2026-10-04
2096861,1040,Gold and Silver Ores,Materials,2026-10-04
2096997,2834,Pharmaceutical Preparations,Health Care,2026-10-04
2097163,3571,Electronic Computers,Information Technology,2026-10-10
2097702,3533,Oil & Gas Field Machinery & Equipment,Industrials,2026-10-10
2097725,2100,Tobacco Products,Consumer Staples,2026-10-10
2098395,1000,Metal Mining,Materials,2026-10-04
2098430,3564,Industrial & Commercial Fans & Blowers & Air Purifing Equip,Industrials,2026-10-04
2098712,6770,Blank Checks,Financials,2026-10-04
2098780,6770,Blank Checks,Financials,2026-10-04
2099039,7389,"Services-Business Services, NEC",Industrials,2026-10-04
2099093,6770,Blank Checks,Financials,2026-10-04
2099103,6221,Commodity Contracts Brokers & Dealers,Financials,2026-10-04
2099767,6770,Blank Checks,Financials,2026-10-04
2100161,6500,Real Estate,Real Estate,2026-10-04
2100457,6199,Finance Services,Financials,2026-10-04
2100782,2834,Pharmaceutical Preparations,Health Care,2026-10-04
2100805,6798,Real Estate Investment Trusts,Real Estate,2026-10-04
2101240,3674,Semiconductors & Related Devices,Information Technology,2026-10-04
2101411,4899,"Communications Services, NEC",Communication Services,2026-10-10
2101470,6770,Blank Checks,Financials,2026-10-04
2101698,3490,Miscellaneous Fabricated Metal Products,Industrials,2026-10-04
2102907,1040,Gold and Silver Ores,Materials,2026-10-04
2103547,6221,Commodity Contracts Brokers & Dealers,Financials,2026-10-04
2103612,6221,Commodity Contracts Brokers & Dealers,Financials,2026-10-04
2103976,6221,Commodity Contracts Brokers & Dealers,Financials,2026-10-04
2104052,4953,Refuse Systems,Industrials,2026-10-04
2104177,6770,Blank Checks,Financials,2026-10-04
2104204,3826,Laboratory Analytical Instruments,Information Technology,2026-10-04
2104260,6770,Blank Checks,Financials,2026-10-04
2104296,7990,Services-Miscellaneous Amusement & Recreation,Consumer Discretionary,2026-10-04
2104879,6770,Blank Checks,Financials,2026-10-04
2104882,6792,Oil Royalty Traders,Financials,2026-10-04
2105139,5072,Wholesale-Hardware,Industrials,2026-10-04
2105274,6770,Blank Checks,Financials,2026-10-04
2105398,7370,"Services-Computer Programming, Data Processing, Etc.",Information Technology,2026-10-04
2105965,6022,State Commercial Banks,Financials,2026-10-04
2106613,7372,Services-Prepackaged Software,Information Technology,2026-10-04
2107018,3360,Nonferrous Foundries (Castings),Materials,2026-10-04
2107730,6221,Commodity Contracts Brokers & Dealers,Financials,2026-10-04
2107968,7374,Services-Computer Processing & Data Preparation,Information Technology,2026-10-10
2108164,6770,Blank Checks,Financials,2026-10-04
2108383,6221,Commodity Contracts Brokers & Dealers,Financials,2026-10-04
2108962,6770,Blank Checks,Financials,2026-10-04
2109150,3621,Motors & Generators,Information Technology,2026-10-04
2109869,7372,Services-Prepackaged Software,Information Technology,2026-10-04
2109876,6770,Blank Checks,Financials,2026-10-04
2110029,3620,Electrical Industrial Apparatus,Information Technology,2026-10-04
2110105,7373,Services-Computer Integrated Systems Design,Information Technology,2026-10-04
2110117,1623,"Water, Sewer, Pipeline, Comm & Power Line Construction",Industrials,2026-10-04
2110423,7372,Services-Prepackaged Software,Information Technology,2026-10-04
2111846,7372,Services-Prepackaged Software,Information Technology,2026-10-04
2111860,3760,Guided Missiles & Space Vehicles & Parts,Industrials,2026-10-04
2113060,7372,Services-Prepackaged Software,Information Technology,2026-10-04
2113605,1400,Mining & Quarrying of  Nonmetallic Minerals (No Fuels),Materials,2026-10-10
2114044,2836,"Biological Products, (No Diagnostic Substances)",Health Care,2026-10-10
2115119,6035,"Savings Institution, Federally Chartered",Financials,2026-10-04
2115436,2911,Petroleum Refining,Energy,2026-10-04
2116230,6770,Blank Checks,Financials,2026-10-04
2118032,2834,Pharmaceutical Preparations,Health Care,2026-10-04
2118195,3728,"Aircraft Parts & Auxiliary Equipment, NEC",Industrials,2026-10-04
2119292,7374,Services-Computer Processing & Data Preparation,Information Technology,2026-10-04
2119322,7373,Services-Computer Integrated Systems Design,Information Technology,2026-10-04
2120882,3674,Semiconductors & Related Devices,Information Technology,2026-10-04
2122392,6770,Blank Checks,Financials,2026-10-04
2123613,2834,Pharmaceutical Preparations,Health Care,2026-10-04
2124403,2834,Pharmaceutical Preparations,Health Care,2026-10-04
2124472,6411,"Insurance Agents, Brokers & Service",Financials,2026-10-04
2126043,6770,Blank Checks,Financials,2026-10-04
2126198,1389,"Oil & Gas Field Services, NEC",Energy,2026-10-04
2127043,5812,Retail-Eating  Places,Consumer Discretionary,2026-10-04
2128626,0100,Agricultural Production-Crops,Consumer Staples,2026-10-10
2129056,6770,Blank Checks,Financials,2026-10-04
2130606,2834,Pharmaceutical Preparations,Health Care,2026-10-10
2131040,,,,2026-10-04
2131350,6770,Blank Checks,Financials,2026-10-04
2131524,2834,Pharmaceutical Preparations,Health Care,2026-10-04
2131813,3443,Fabricated Plate Work (Boiler Shops),Industrials,2026-10-04
2131853,6770,Blank Checks,Financials,2026-10-04
2132582,3812,"Search, Detection, Navigation, Guidance, Aeronautical Sys",Industrials,2026-10-04
2133239,6770,Blank Checks,Financials,2026-10-10
2136387,6531,Real Estate Agents & Managers (For Others),Real Estate,2026-10-04
2137777,6770,Blank Checks,Financials,2026-10-04
2139097,2836,"Biological Products, (No Diagnostic Substances)",Health Care,2026-10-10
2140030,6770,Blank Checks,Financials,2026-10-10
2141406,3620,Electrical Industrial Apparatus,Information Technology,2026-10-04
2143673,6221,Commodity Contracts Brokers & Dealers,Financials,2026-10-04
