ticker,name,exchange,sector,status,tier,price,price_date,market_cap,sticker,mos_price,payback_price,ten_cap_price,price_to_sticker,buy_signals,windage_growth,future_pe,hist_pe_median,pe_ttm,eps_ttm,fcf_ttm,fcf_yield,ttm_end,debt,debt_payoff_years,big5_score,big5_tests,roic10,roic5,roic1,sales_g10,sales_g5,sales_g1,eps_g10,eps_g5,eps_g1,bvps_g10,bvps_g5,bvps_g1,ocf_g10,ocf_g5,ocf_g1,drawdown_52w,event_score,events,next_report_est,flags,rank_score,cik
OPFI,OppFi Inc.,NYSE,Finance Services,BUY,A,5.97,2026-10-02,514121821.26,29.0845,14.5423,66.6399,44.6952,0.2053,MOS+PaybackTime+TenCap,0.1374,27.4846,28.2242,5.0541,1.1812,384904000.0,0.7487,2026-06-30,50000000.0,0.0,0.9,9/10,5.3009,2.7504,2.6695,,0.1374,0.1857,,,1.75,,,0.3562,,0.1587,0.2393,-0.4893,3.12,"-49% off 52w high; insider buying (11 Form 4s, $0.29M); 13D: SCHEDULE 13D/A 2026-04-30; 8-K: 2026-09-21: 2.03 New debt obligation; 8.01 Other event; next report ~2026-11-09",2026-11-09,financial (bank/insurer/broker): OCF-based tests less meaningful;micro-cap,5.169,1818502
QFIN,"Qfin Holdings, Inc.",Nasdaq,Finance Services,BUY,A,6.46,2026-10-02,879115165.94,15.7191,7.8595,179.8038,118.8531,0.411,MOS+PaybackTime+TenCap,0.1406,3.9034,3.9034,1.4781,4.3705,1617423329.3556,1.8398,2025-12-31,36912589.4988,0.0,0.8182,9/11,0.2647,0.2426,0.2244,,0.072,0.1188,,0.1406,0.0664,,0.2344,0.1115,,0.1579,0.1863,-0.7888,3.01,"-79% off 52w high; insider buying (1 Form 4s, $0.06M); next report ~2026-10-05",2026-10-05,"PE<5: check one-off gains;financial (bank/insurer/broker): OCF-based tests less meaningful;reports in CNY, converted at 6.704 CNY/USD; ADR: 1 ADS = 2 shares; EPS from yahoo TTM to 2026-06-30;micro-cap",4.567,1741530
KNSL,"KINSALE CAPITAL GROUP, INC.",NYSE,"Fire, Marine & Casualty Insurance",BUY,A,329.72,2026-10-02,7557512120.0,739.2,369.6,689.2375,436.6175,0.446,MOS+PaybackTime+TenCap,0.15,30.0,37.1795,13.3815,24.64,1000771000.0,0.1324,2026-06-30,224535000.0,0.2267,0.9231,12/13,0.1763,0.2193,0.2306,0.3698,0.3244,0.1804,,0.4111,0.2177,,0.2729,0.325,0.295,0.3011,0.0691,-0.3202,1.9,"-32% off 52w high; insider buying (1 Form 4s, $0.10M); next report ~2026-10-22",2026-10-22,financial (bank/insurer/broker): OCF-based tests less meaningful,4.429,1669162
BRBR,"BellRing Brands, Inc.",NYSE,Food and Kindred Products,BUY,B,7.43,2026-10-02,876740000.0,42.6,21.3,30.1001,19.0678,0.1744,MOS+PaybackTime+TenCap,0.15,30.0,32.9379,5.2324,1.42,225000000.0,0.2566,2026-06-30,1135300000.0,4.2372,0.7273,8/11,0.3438,0.3993,0.4241,,0.1857,0.1605,,0.2287,-0.0968,,,,,0.218,0.3056,-0.7917,3.0,"-79% off 52w high; insider buying (1 Form 4s, $0.02M); next report ~2026-11-03",2026-11-03,micro-cap,4.356,1772016
FUTU,Futu Holdings Ltd,Nasdaq,"Security Brokers, Dealers & Flotation Companies",BUY*,A,102.17,2026-10-02,14442325930.1462,194.1346,97.0673,579.7708,367.2727,0.5263,PaybackTime+TenCap,0.15,19.369,19.369,10.1936,10.0229,5191613688.5037,0.3595,2025-12-31,0,0.0,1.0,11/11,0.1677,0.1898,0.2914,,0.4716,0.6811,,0.5142,1.0638,,0.3492,0.4149,,0.148,0.3159,-0.4955,1.58,-50% off 52w high; next report ~2026-12-23,2026-12-23,"financial (bank/insurer/broker): OCF-based tests less meaningful;reports in HKD, converted at 7.846 HKD/USD; ADR: 1 ADS = 8 shares; EPS from yahoo TTM to 2026-06-30",4.342,1754581
INTU,INTUIT INC.,Nasdaq,Services-Prepackaged Software,BUY*,A,281.08,2026-10-02,77859160000.0,493.8,246.9,493.6922,312.7437,0.5692,PaybackTime+TenCap,0.15,30.0,49.4347,17.0765,16.46,8663000000.0,0.1113,2026-07-31,7669000000.0,0.7411,0.9333,14/15,0.2331,0.1308,0.1757,0.1641,0.1736,0.139,0.1613,0.1684,0.2041,0.284,0.1366,-0.0156,0.1973,0.2215,0.4239,-0.5921,1.97,-59% off 52w high; 8-K: 2026-08-25: 2.02 Earnings release; 8.01 Other event; next report ~2026-11-18,2026-11-18,,4.221,896878
LULU,lululemon athletica inc.,Nasdaq,Apparel & Other Finishd Prods of  Fabrics & Similar Matl,BUY,B,94.46,2026-10-02,10787426460.0,364.5,182.25,187.2079,118.5923,0.2591,MOS+PaybackTime+TenCap,0.15,30.0,41.6676,7.7745,12.15,1354336000.0,0.1255,2026-08-02,0,0.0,0.7333,11/15,0.3072,0.3389,0.3142,0.1683,0.1215,0.0486,0.1962,0.121,-0.0943,0.1545,0.1466,0.1944,0.1529,0.029,-0.2949,-0.582,2.43,"-58% off 52w high; 13D: SCHEDULE 13D/A 2026-09-03, SCHEDULE 13D/A 2026-08-03; 8-K: 2026-09-14: 5.02 Director/officer change; next report ~2026-12-03",2026-12-03,,4.056,1397187
ELA,ENVELA CORPORATION,NYSE,Retail-Jewelry Stores,BUY*,A,12.16,2026-10-02,315715868.16,18.06,9.03,14.6116,9.2561,0.6733,PaybackTime,0.15,21.0,21.0,14.1395,0.86,24032133.0,0.0761,2026-06-30,9668723.0,1.5484,0.8,12/15,0.1072,0.1745,0.204,0.1474,0.1617,0.3362,,0.1847,1.1538,0.3225,0.3166,0.2835,0.3443,-0.1785,-0.7467,-0.5903,2.96,"-59% off 52w high; insider buying (1 Form 4s, $0.00M); next report ~2026-11-04",2026-11-04,micro-cap,3.993,701719
PLMR,"Palomar Holdings, Inc.",Nasdaq,"Fire, Marine & Casualty Insurance",BUY*,A,126.49,2026-10-02,3441554213.37,183.694,91.847,240.6437,152.4428,0.6886,PaybackTime+TenCap,0.15,24.6901,24.6901,17.0013,7.44,414768000.0,0.1205,2026-06-30,295773000.0,0.0,1.0,11/11,0.1215,0.1581,0.2091,,0.3906,0.5816,,0.9727,0.6004,,0.1927,0.2337,,0.4806,0.5666,-0.1431,1.17,"insider buying (1 Form 4s, $0.00M); 8-K: 2026-08-11: 7.01 Reg FD disclosure; next report ~2026-11-04",2026-11-04,financial (bank/insurer/broker): OCF-based tests less meaningful,3.915,1761312
PGR,PROGRESSIVE CORP/OH/,NYSE,"Fire, Marine & Casualty Insurance",BUY*,A,210.31,2026-10-02,123157536000.0,361.8468,180.9234,429.9863,272.3873,0.5812,PaybackTime+TenCap,0.15,18.1559,18.1559,10.5524,19.93,15951000000.0,0.1295,2026-06-30,2664100000.0,0.0,1.0,15/15,0.2294,0.2252,0.3729,0.1544,0.155,0.1632,0.245,0.1476,0.3354,0.1534,0.122,0.1841,0.2257,0.2051,0.1607,-0.1438,0.18,8-K: 2026-09-18: 7.01 Reg FD disclosure; next report ~2026-11-02,2026-11-02,financial (bank/insurer/broker): OCF-based tests less meaningful,3.883,80661
GOOGL,Alphabet Inc.,Nasdaq,"Services-Computer Programming, Data Processing, Etc.",ON DECK,A,343.5,2026-10-02,4216119000000.0,547.1713,273.5856,68.5155,43.4031,0.6278,,0.15,27.4547,27.4547,17.2353,19.93,53273000000.0,0.0126,2026-06-30,100164000000.0,0.6353,1.0,12/12,0.1902,0.2473,0.2325,0.1831,0.1715,0.1509,,0.2983,0.3445,,,0.3001,0.2001,0.2039,0.3146,-0.1593,0.24,8-K: 2026-08-10: 8.01 Other event; next report ~2026-10-22,2026-10-22,,3.804,1652044
APP,AppLovin Corporation,Nasdaq,"Services-Computer Programming, Data Processing, Etc.",ON DECK,A,268.22,2026-10-02,90624832500.0,390.3,195.15,211.3101,133.8605,0.6872,,0.15,30.0,48.5241,20.6164,13.01,4522813000.0,0.0499,2026-06-30,3515072000.0,0.8846,0.8182,9/11,0.1995,0.2463,0.6385,,0.3045,0.6999,,,1.1523,,,0.9922,,0.779,0.8919,-0.6366,2.0,-64% off 52w high; 8-K: 2026-08-05: 2.02 Earnings release; next report ~2026-11-04,2026-11-04,,3.762,1751008
BOOT,"Boot Barn Holdings, Inc.",NYSE,Retail-Shoe Stores,ON DECK,A,121.88,2026-10-02,3729649880.0,152.695,76.3475,60.205,38.1386,0.7982,,0.15,19.3285,19.3285,15.4278,7.9,116708000.0,0.0313,2026-06-27,258190000.0,0.0,1.0,15/15,0.1924,0.208,0.1705,0.1476,0.2033,0.1793,0.3484,0.296,0.25,0.2176,0.2621,0.1673,0.2493,0.1435,1.0666,-0.4203,1.28,-42% off 52w high; 8-K: 2026-09-14: 7.01 Reg FD disclosure; next report ~2026-10-28,2026-10-28,,3.724,1610250
NFLX,NETFLIX INC,Nasdaq,Services-Video Tape Rental,ON DECK,A,67.06,2026-10-02,287001778560.0,95.4,47.7,41.1339,26.0575,0.7029,,0.15,30.0,48.1702,21.0881,3.18,11152005000.0,0.0389,2026-06-30,11825548000.0,1.4231,0.8667,13/15,0.1495,0.2025,0.287,0.2089,0.1257,0.1585,0.5689,0.33,0.2778,0.2824,0.2026,0.0877,,0.3313,0.3787,-0.4629,1.45,-46% off 52w high; next report ~2026-10-16,2026-10-16,,3.69,1065280
BYD,BOYD GAMING CORP,NYSE,Hotels & Motels,BUY,B,67.25,2026-10-02,5096944750.0,279.11,139.555,7.3032,4.6264,0.2409,MOS,0.15,12.3829,12.3829,2.9836,22.54,35064000.0,0.0069,2026-06-30,2613755000.0,5.2658,0.7333,11/15,0.1028,0.1513,0.1269,0.0633,0.1344,0.0412,0.4894,,2.6446,0.2173,0.2638,0.8842,0.1157,0.2757,0.0205,-0.2643,0.66,-26% off 52w high; 8-K: 2026-08-13: 8.01 Other event; next report ~2026-10-29,2026-10-29,PE<5: check one-off gains,3.65,906553
DECK,DECKERS OUTDOOR CORP,NYSE,Rubber & Plastics Footwear,BUY*,A,79.12,2026-10-02,10962788080.0,117.9612,58.9806,123.1498,80.6738,0.6707,PaybackTime+TenCap,0.1426,17.8971,17.8971,11.2546,7.03,1117808000.0,0.102,2026-06-30,0,0.0,0.8667,13/15,0.2609,0.3399,0.3991,0.113,0.1654,0.0976,0.2753,0.2561,0.109,0.1339,0.1513,0.0415,0.2511,0.1467,0.1316,-0.353,1.01,-35% off 52w high; 8-K: 2026-08-31: 1.01 Material agreement; 2.03 New debt obligation; next report ~2026-10-29,2026-10-29,,3.644,910521
FIVE,"Five Below, Inc.",Nasdaq,Retail-Variety Stores,ON DECK,A,221.19,2026-10-02,12285010273.08,334.5,167.25,170.32,107.8942,0.6613,,0.15,30.0,36.7129,19.8377,11.15,599250000.0,0.0488,2026-08-01,0,0.0,0.9333,14/15,0.2015,0.1967,0.1557,0.1907,0.1941,0.3385,0.1994,0.2408,0.1959,0.2439,0.2026,0.3884,0.209,0.0989,0.1738,-0.1618,0.25,8-K: 2026-09-23: 5.02 Director/officer change; 7.01 Reg FD disclosure; next report ~2026-12-03,2026-12-03,,3.607,1177609
XPEL,"XPEL, INC.",Nasdaq,"Coating, Engraving & Allied Services",ON DECK,A,44.97,2026-10-02,1243600380.0,59.4,29.7,,,0.7571,,0.15,30.0,32.549,22.7121,1.98,-2893000.0,-0.0023,2026-06-30,43456000.0,0.0,1.0,11/11,0.3184,0.282,0.18,,0.2454,0.1327,,0.2289,0.1212,,0.3926,0.2414,,0.2938,0.3997,-0.1957,0.38,8-K: 2026-08-05: 2.02 Earnings release; next report ~2026-11-06,2026-11-06,,3.581,1767258
RMD,ResMed Inc.,NYSE,Surgical & Medical Instruments & Apparatus,ON DECK,A,218.89,2026-10-02,31969760060.0,312.9,156.45,178.2864,112.9407,0.6996,,0.15,30.0,40.9459,20.9866,10.43,1649544000.0,0.0516,2026-06-30,399433000.0,0.2421,0.8,12/15,0.1736,0.1962,0.2144,0.1189,0.1208,0.0985,0.154,0.2634,0.0967,0.1419,0.1801,0.1132,0.1267,0.1964,0.031,-0.2316,1.03,-23% off 52w high; neg 8-K: 2026-08-17: Auditor change; next report ~2026-10-22,2026-10-22,,3.458,943819
SMCI,"Super Micro Computer, Inc.",Nasdaq,Electronic Computers,ON DECK,A,43.69,2026-10-02,30467134120.0,64.8051,32.4025,,,0.6742,,0.15,19.8789,19.8789,13.4018,3.26,-6971885000.0,-0.2288,2026-06-30,133818000.0,0.0,0.8,12/15,0.1458,0.2056,0.1532,0.3318,0.6148,0.7779,0.3709,0.7323,0.9405,0.3149,0.5891,1.0705,,,,-0.2567,0.63,-26% off 52w high; 8-K: 2026-08-11: 2.02 Earnings release; next report ~2026-11-09,2026-11-09,,3.409,1375365
ARCO,Arcos Dorados Holdings Inc.,NYSE,Retail-Eating  Places,BUY,B,7.11,2026-10-02,1497814335.27,19.2811,9.6405,1.1236,0.7118,0.3688,MOS,0.15,15.6757,15.6757,5.7805,1.23,14994000.0,0.01,2025-12-31,1137661000.0,75.089,0.7333,11/15,0.1153,0.1451,0.1249,0.0436,0.1871,0.0466,,,0.4225,0.104,0.3104,0.5165,0.1015,0.7936,0.1105,-0.2708,0.68,-27% off 52w high; next report ~2026-10-08,2026-10-08,EPS from yahoo TTM to 2026-06-30,3.399,1508478
LMAT,"LEMAITRE VASCULAR, INC.",Nasdaq,Surgical & Medical Instruments & Apparatus,ON DECK,A,78.96,2026-10-02,1934914800.0,85.8,42.9,47.5572,30.1265,0.9203,,0.15,30.0,41.0943,27.6084,2.86,73825000.0,0.0382,2026-06-30,0,0.0,1.0,15/15,0.1235,0.1068,0.1325,0.1228,0.1405,0.1353,0.1962,0.1936,0.3057,0.1497,0.1529,0.1591,0.2166,0.1848,0.8414,-0.3309,0.92,-33% off 52w high; next report ~2026-11-04,2026-11-04,,3.389,1158895
ACGL,ARCH CAPITAL GROUP LTD.,Nasdaq,"Fire, Marine & Casualty Insurance",BUY*,A,93.6,2026-10-02,33153120000.0,133.3701,66.6851,269.8568,170.9486,0.7018,PaybackTime+TenCap,0.15,10.4358,10.4358,7.3239,12.78,6055000000.0,0.1826,2026-06-30,0,0.0,0.8667,13/15,0.1386,0.1809,0.1817,0.1761,0.1856,0.1427,0.2388,0.2843,0.0366,0.1472,0.1505,0.1809,0.1999,0.1642,-0.0751,-0.126,0.1,next report ~2026-11-03,2026-11-03,financial (bank/insurer/broker): OCF-based tests less meaningful,3.355,947484
ADBE,ADOBE INC.,Nasdaq,Services-Prepackaged Software,BUY,B,237.69,2026-10-02,95765301000.0,537.3,268.65,415.0003,262.894,0.4424,MOS+PaybackTime+TenCap,0.15,30.0,45.2771,13.2714,17.91,10592000000.0,0.1106,2026-08-28,6363000000.0,0.6303,0.7333,11/15,0.2488,0.2982,0.3985,0.1736,0.1306,0.1053,0.297,0.0905,0.3511,0.0702,-0.0007,-0.1322,0.2118,0.1186,0.2452,-0.3465,0.99,-35% off 52w high; 8-K: 2026-09-10: 2.02 Earnings release; next report ~2026-12-22,2026-12-22,,3.329,796343
NRDS,"NerdWallet, Inc.",Nasdaq,Services-Computer Processing & Data Preparation,BUY,C,8.63,2026-10-02,583388000.0,25.3902,12.6951,38.1569,24.1716,0.3399,MOS+PaybackTime+TenCap,0.15,28.2113,28.2113,9.5889,0.9,163400000.0,0.2801,2026-06-30,70000000.0,0.0,0.8182,9/11,0.4413,-0.0014,0.1243,,0.2781,0.2167,,0.4804,0.6842,,0.2742,0.0689,,0.5358,0.8329,-0.4686,1.47,-47% off 52w high; 8-K: 2026-08-06: 2.02 Earnings release; 7.01 Reg FD disclosure; next report ~2026-11-05,2026-11-05,micro-cap,3.324,1625278
ZTO,ZTO Express (Cayman) Inc.,NYSE,Trucking & Courier Services (No Air),BUY,B,19.5,2026-10-02,16005653878.5,41.6389,20.8195,19.376,12.2743,0.4683,MOS,0.15,21.7744,21.7744,10.1972,1.9123,1007479116.9451,0.0629,2025-12-31,0,0.0,0.7333,11/15,0.1177,0.1239,0.1306,0.2322,0.1426,0.1088,0.1793,0.156,0.0458,0.2353,0.0562,0.0926,0.1882,0.1931,0.0472,-0.2557,1.12,-26% off 52w high; 13D: SCHEDULE 13D/A 2026-09-22; next report ~2026-12-25,2026-12-25,"reports in CNY, converted at 6.704 CNY/USD; EPS from yahoo TTM to 2026-06-30",3.31,1677250
PAYC,"Paycom Software, Inc.",NYSE,Services-Prepackaged Software,ON DECK,A,220.99,2026-10-02,10716247080.0,283.5,141.75,187.2152,118.5969,0.7795,,0.15,30.0,53.4943,23.3852,9.45,575100000.0,0.0537,2026-06-30,900000000.0,0.0,0.8667,13/15,0.2842,0.2475,0.2398,0.2476,0.1951,0.0895,0.3649,0.2685,-0.0942,0.3365,0.2236,0.1023,0.3178,0.2447,0.2716,-0.0979,0.5,13D: SCHEDULE 13D/A 2026-09-03; 8-K: 2026-08-05: 2.02 Earnings release; next report ~2026-11-05,2026-11-05,,3.299,1590955
NTES,"NETEASE, INC.",Nasdaq,Services-Prepackaged Software,BUY*,A,117.21,2026-10-02,75440434908.0,147.5447,73.7723,181.7302,115.1223,0.7944,PaybackTime,0.15,19.6453,19.6453,15.6063,7.5104,7409669451.074,0.0982,2025-12-31,63842034.6062,0.0,0.8667,13/15,0.1861,0.1685,0.1905,0.1732,0.0886,0.0696,0.1778,0.2383,0.1404,0.1886,0.1523,0.1603,0.2017,0.1531,0.2788,-0.2508,0.6,-25% off 52w high; next report ~2026-12-23,2026-12-23,"reports in CNY, converted at 6.704 CNY/USD; ADR: 1 ADS = 5 shares; EPS from yahoo TTM to 2026-06-30",3.295,1110646
EVR,EVERCORE INC.,NYSE,Investment Advice,BUY*,A,261.68,2026-10-02,10857364880.0,288.3177,144.1588,567.0062,391.8696,0.9076,PaybackTime+TenCap,0.1308,19.2081,19.2081,14.7342,17.76,1625906000.0,0.1498,2026-06-30,0,0.0,0.9333,14/15,0.3104,0.3091,0.2914,0.1208,0.1117,0.2949,0.3051,0.1132,0.5474,0.1537,0.108,0.176,0.1308,0.0513,0.2715,-0.3268,0.91,-33% off 52w high; next report ~2026-11-04,2026-11-04,,3.279,1360901
TTD,"The Trade Desk, Inc.",Nasdaq,"Services-Computer Programming, Data Processing, Etc.",BUY,C,11.95,2026-10-02,5657094150.0,25.2,12.6,28.7791,18.231,0.4742,MOS+PaybackTime+TenCap,0.15,30.0,117.0348,14.2262,0.84,863049000.0,0.1526,2026-06-30,0,0.0,0.7857,11/14,0.1443,0.0901,0.1596,,0.2821,0.1847,0.3687,0.1293,0.1538,0.5053,0.1947,-0.1433,,0.1964,0.3425,-0.7881,2.5,-79% off 52w high; neg 8-K: 2026-09-04: Restructuring/exit costs; next report ~2026-11-05,2026-11-05,,3.248,1671933
IPAR,"INTERPARFUMS, INC.",Nasdaq,"Perfumes, Cosmetics & Other Toilet Preparations",BUY*,A,113.95,2026-10-02,3649476650.0,156.9,78.45,121.1947,76.7743,0.7263,PaybackTime,0.15,30.0,33.0774,21.7878,5.23,245885000.0,0.0674,2026-06-30,142844000.0,0.6366,0.8,12/15,0.1645,0.2055,0.207,0.1225,0.2253,0.0249,0.1825,0.3406,0.0234,0.0883,0.1011,0.1819,0.1568,0.2702,0.1453,-0.1186,0.07,8-K: 2026-09-22: 8.01 Other event; next report ~2026-11-03,2026-11-03,,3.165,822663
AX,"Axos Financial, Inc.",NYSE,"Savings Institution, Federally Chartered",ON DECK,A,88.93,2026-10-02,5038482287.46,99.3871,49.6935,81.1204,51.3881,0.8948,,0.15,11.7202,11.7202,10.487,8.48,291148000.0,0.0578,2026-06-30,342915000.0,1.1778,0.9286,13/14,0.1401,0.1413,0.1397,,0.2099,0.2351,0.1632,0.1896,0.1413,0.1792,0.1876,0.1855,0.1282,0.0621,0.1372,-0.159,0.24,8-K: 2026-09-21: 2.01 Acquisition/disposition; next report ~2026-10-29,2026-10-29,financial (bank/insurer/broker): OCF-based tests less meaningful,3.128,1299709
IBP,"Installed Building Products, Inc.",NYSE,General Bldg Contractors - Residential Bldgs,ON DECK,B,193.0,2026-10-02,5179719139.0,265.5994,132.7997,171.5755,108.6895,0.7267,,0.15,28.6515,28.6515,20.8198,9.27,291700000.0,0.0563,2026-06-30,1062200000.0,2.8258,0.7333,11/15,0.147,0.1707,0.1842,0.1619,0.1244,0.01,0.2758,0.2432,0.067,0.2167,0.1932,0.0383,0.2681,0.1549,0.0924,-0.447,2.43,"-45% off 52w high; insider buying (1 Form 4s, $0.20M); 8-K: 2026-10-01: 7.01 Reg FD disclosure; next report ~2026-11-05",2026-11-05,,3.121,1580905
NMIH,"NMI Holdings, Inc.",Nasdaq,Surety Insurance,BUY*,A,38.83,2026-10-02,2990298300.0,49.0057,24.5029,90.5221,57.3439,0.7924,PaybackTime+TenCap,0.15,9.6468,9.6468,7.6437,5.08,441605000.0,0.1477,2026-06-30,396051000.0,0.0,0.8,12/15,0.1265,0.1487,0.15,0.2941,0.1027,0.0852,,0.1823,0.1106,0.1693,0.1367,0.202,0.2603,0.1067,0.0653,-0.1692,0.28,next report ~2026-10-30,2026-10-30,financial (bank/insurer/broker): OCF-based tests less meaningful,3.085,1547903
MSFT,MICROSOFT CORPORATION,Nasdaq,Services-Prepackaged Software,ON DECK,A,517.53,2026-10-02,3857151090000.0,538.5,269.25,141.882,89.8792,0.9611,,0.15,30.0,35.0475,28.8318,17.95,66987000000.0,0.0174,2026-06-30,40294000000.0,0.4638,1.0,15/15,0.2545,0.2912,0.2643,0.1379,0.1457,0.1779,0.215,0.174,0.316,0.1906,0.2604,0.29,0.1856,0.1897,0.3435,-0.0654,0.0,8-K: 2026-09-02: 7.01 Reg FD disclosure; next report ~2026-10-07,2026-10-07,,3.078,789019
USLM,UNITED STATES LIME & MINERALS INC,Nasdaq,Mining & Quarrying of  Nonmetallic Minerals (No Fuels),ABOVE STICKER,A,111.01,2026-10-02,3194090730.0,92.1915,46.0957,50.3717,31.9094,1.2041,,0.15,19.7412,19.7412,23.7709,4.67,91813000.0,0.0287,2026-06-30,15417000.0,0.0,1.0,15/15,0.1367,0.168,0.1965,0.1104,0.1832,0.1731,0.2608,0.361,0.2322,0.1395,0.2055,0.2653,0.1764,0.2301,0.3091,-0.2151,1.9,"-22% off 52w high; insider buying (1 Form 4s, $2.20M); next report ~2026-10-29",2026-10-29,,3.067,82020
ULTA,"ULTA BEAUTY, INC.",Nasdaq,"Retail-Retail Stores, NEC",ON DECK,A,543.69,2026-10-02,23657582970.0,600.7028,300.3514,391.5268,264.1629,0.9051,,0.1361,24.7016,24.7016,19.7993,27.46,1149452000.0,0.0486,2026-08-01,800000000.0,0.0,0.8667,13/15,0.4107,0.5622,0.4133,0.1219,0.1504,0.1058,0.1781,0.5249,-0.015,0.1075,0.12,0.3558,0.1486,0.1315,0.018,-0.2396,0.56,-24% off 52w high; 8-K: 2026-08-27: 2.02 Earnings release; next report ~2026-11-26,2026-11-26,,3.063,1403568
CARG,"CarGurus, Inc.",Nasdaq,Services-Computer Processing & Data Preparation,BUY*,B,30.02,2026-10-02,2794125219.14,54.6,27.3,53.4603,33.866,0.5498,PaybackTime+TenCap,0.15,30.0,75.0351,16.4945,1.82,315209000.0,0.1128,2026-06-30,0,0.0,0.7333,11/15,0.1927,0.2353,0.5083,0.2485,0.1046,0.1365,,0.1791,6.75,,0.0258,-0.2689,0.3675,0.135,0.1557,-0.2717,0.69,-27% off 52w high; 8-K: 2026-09-03: 5.02 Director/officer change; 7.01 Reg FD disclosure; next report ~2026-11-05,2026-11-05,,3.04,1494259
NVDA,NVIDIA CORP,Nasdaq,Semiconductors & Related Devices,ON DECK,A,233.95,2026-10-02,5693875100000.0,237.3,118.65,82.3772,52.1842,0.9859,,0.15,30.0,54.9787,29.5765,7.91,127006000000.0,0.0223,2026-07-26,33366000000.0,0.0773,1.0,15/15,0.3697,0.4871,0.6717,0.457,0.669,0.6547,0.6822,0.9518,0.6667,0.4172,0.5698,1.0063,0.5637,0.7755,0.6027,-0.0165,0.0,8-K: 2026-09-03: 8.01 Other event; next report ~2026-11-25,2026-11-25,,3.028,1045810
BKNG,Booking Holdings Inc.,Nasdaq,Transportation Services,BUY*,B,159.02,2026-10-02,124353640000.0,276.5601,138.2801,192.559,121.9821,0.575,PaybackTime,0.15,30.0,30.2098,17.2498,9.2187,9539000000.0,0.0767,2026-06-30,20180000000.0,1.855,0.7333,11/15,0.2903,0.4128,0.6189,0.113,0.3169,0.1339,0.1284,1.583,-0.0412,,,,0.1138,1.5635,0.1305,-0.2932,0.77,-29% off 52w high; next report ~2026-11-03,2026-11-03,,3.009,1075531
PTC,PTC Inc.,Nasdaq,Services-Prepackaged Software,BUY,C,144.03,2026-10-02,16973071320.0,309.3,154.65,125.3131,79.3833,0.4657,MOS,0.15,30.0,59.4006,13.9699,10.31,935484000.0,0.0551,2026-06-30,1423315000.0,1.3686,0.8667,13/15,0.0703,0.1094,0.1568,0.0812,0.1344,0.1918,0.3095,0.4026,0.9487,0.1563,0.2069,0.19,0.1704,0.2999,0.157,-0.3036,0.81,-30% off 52w high; next report ~2026-10-30,2026-10-30,,3.005,857005
KTB,"KONTOOR BRANDS, INC.",NYSE,"Men's & Boys' Furnishgs, Work Clothg, & Allied Garments",BUY*,A,64.71,2026-10-02,3607323660.0,71.329,35.6645,119.6219,75.778,0.9072,PaybackTime+TenCap,0.15,14.8912,14.8912,13.5094,4.79,422432000.0,0.1171,2026-07-04,1144166000.0,2.6097,0.8182,9/11,0.189,0.228,0.1501,,0.0849,0.209,,0.2819,-0.0711,,0.4708,0.4173,,0.135,0.2378,-0.2726,0.69,-27% off 52w high; 8-K: 2026-09-24: 5.02 Director/officer change; next report ~2026-11-11,2026-11-11,,2.994,1760965
BLBD,Blue Bird Corp,Nasdaq,Truck & Bus Bodies,ON DECK,B,56.53,2026-10-02,1891722576.91,71.0419,35.5209,52.4021,45.7634,0.7957,,0.0793,15.8581,23.1596,6.6899,8.45,153143000.0,0.081,2026-06-27,86810000.0,0.5564,0.7333,11/15,0.242,0.16,0.3635,0.0488,0.1098,0.0987,0.2073,0.5386,0.2278,,,0.6234,0.2239,1.1949,0.5859,-0.3221,2.39,"-32% off 52w high; insider buying (1 Form 4s, $0.02M); 13D: SCHEDULE 13D 2026-04-08; 8-K: 2026-10-01: 8.01 Other event; next report ~2026-11-04",2026-11-04,,2.973,1589526
TBBK,"THE BANCORP, INC.",Nasdaq,National Commercial Banks,BUY*,B,48.81,2026-10-02,2058830985.96,69.9284,34.9642,87.311,55.3097,0.698,PaybackTime+TenCap,0.15,13.1444,13.1444,9.1748,5.32,233299000.0,0.1133,2025-12-31,14100000.0,0.0,0.7143,10/14,0.1486,0.2347,0.3308,,0.8183,0.2085,0.3025,0.2914,0.1469,0.0586,0.0835,-0.0459,,0.1704,0.2625,-0.4022,1.71,-40% off 52w high; neg 8-K: 2026-09-04: Restructuring/exit costs; next report ~2026-11-05,2026-11-05,financial (bank/insurer/broker): OCF-based tests less meaningful;EPS from yahoo TTM to 2026-06-30,2.96,1295401
NSSC,"NAPCO SECURITY TECHNOLOGIES, INC",Nasdaq,"Communications Equipment, NEC",ABOVE STICKER,A,36.17,2026-10-02,1298177470.0,36.0,18.0,26.0501,16.5022,1.0047,,0.15,30.0,41.8663,30.1417,1.2,59228000.0,0.0456,2026-06-30,3904000.0,0.0,0.8667,13/15,0.17,0.2083,0.2064,0.0938,0.1215,0.1139,0.2271,0.2336,0.0084,0.1464,0.1622,0.152,0.2091,0.2161,0.1423,-0.3013,0.81,-30% off 52w high; 8-K: 2026-08-24: 2.02 Earnings release; 7.01 Reg FD disclosure; next report ~2026-11-02,2026-11-02,,2.926,69633
DOCS,"Doximity, Inc.",NYSE,Services-Computer Programming Services,ABOVE STICKER,A,27.93,2026-10-02,5339350170.0,25.2,12.6,25.2913,16.0215,1.1083,,0.15,30.0,51.2432,33.25,0.84,306282000.0,0.0574,2026-06-30,0,0.0,0.8182,9/11,2.9919,0.1478,0.1773,,0.2553,0.1305,,0.535,-0.1171,,0.6859,-0.1122,,0.3152,0.1947,-0.6222,2.0,-62% off 52w high; 8-K: 2026-08-06: 2.02 Earnings release; next report ~2026-11-05,2026-11-05,,2.92,1516513
TGLS,TECNOGLASS HOLDINGS INC.,NYSE,Flat Glass,ON DECK,B,34.74,2026-10-02,1545834986.1,40.9071,20.4536,,,0.8492,,0.15,14.3534,14.3534,12.1895,2.85,-8874000.0,-0.0057,2026-06-30,225394000.0,4.9634,0.8,12/15,0.1581,0.2281,0.177,0.1504,0.2117,0.105,,0.4632,-0.0029,0.2794,0.2779,0.1374,0.4904,0.1361,-0.2039,-0.4851,2.04,-49% off 52w high; 13D: SCHEDULE 13D/A 2026-05-13; 8-K: 2026-09-10: 8.01 Other event; next report ~2026-11-05,2026-11-05,,2.912,1534675
SSD,"Simpson Manufacturing Co., Inc.",NYSE,"Cutlery, Handtools & General Hardware",ON DECK,A,173.56,2026-10-02,7154316760.0,180.9028,90.4514,169.8447,113.6241,0.9594,,0.138,22.0084,22.0084,19.0099,9.13,468370000.0,0.0655,2026-06-30,307500000.0,1.008,0.8667,13/15,0.1578,0.1754,0.1467,0.1138,0.1297,0.0451,0.1957,0.1405,0.0842,0.1087,0.1673,0.1383,0.1455,0.1718,0.3563,-0.187,0.35,next report ~2026-11-05,2026-11-05,,2.902,920371
AON,Aon plc,NYSE,"Insurance Agents, Brokers & Service",ON DECK,C,269.45,2026-10-02,57823970000.0,471.896,235.948,230.0813,151.3514,0.571,,0.1417,27.9699,27.9699,14.8539,18.14,3248000000.0,0.0562,2026-06-30,14967000000.0,4.5556,0.6,9/15,0.1841,0.2206,0.1426,0.0613,0.092,0.0945,0.1331,0.1503,0.3627,0.0737,0.235,0.4955,0.0565,0.0458,0.147,-0.2953,3.28,"-30% off 52w high; insider buying (1 Form 4s, $6.55M); neg 8-K: 2026-09-22: Agreement terminated; next report ~2026-10-28",2026-10-28,financial (bank/insurer/broker): OCF-based tests less meaningful,2.878,315293
META,"Meta Platforms, Inc.",Nasdaq,"Services-Computer Programming, Data Processing, Etc.",ON DECK,A,728.08,2026-10-02,1867525200000.0,731.7319,365.8659,252.1796,159.7505,0.995,,0.15,27.5605,27.5605,27.423,26.55,40976000000.0,0.0219,2026-06-30,83664000000.0,1.274,0.9333,14/15,0.225,0.242,0.2123,0.2734,0.1851,0.2217,0.3367,0.1841,-0.0155,0.1847,0.137,0.208,0.2735,0.2448,0.268,-0.0663,0.0,next report ~2026-10-29,2026-10-29,,2.877,1326801
COCO,"The Vita Coco Company, Inc.",Nasdaq,Beverages,ABOVE STICKER,A,55.97,2026-10-02,3380061770.06,54.3,27.15,32.5281,20.6059,1.0308,,0.15,30.0,39.8298,30.9227,1.81,124440000.0,0.0368,2026-06-30,0,0.0,0.8182,9/11,0.1866,0.1626,0.191,,0.1444,0.1817,,0.1627,0.266,,0.2595,0.2664,,0.072,0.0997,-0.3479,0.99,-35% off 52w high; next report ~2026-10-22,2026-10-22,,2.822,1482981
CRUS,"CIRRUS LOGIC, INC.",Nasdaq,Semiconductors & Related Devices,BUY*,A,121.17,2026-10-02,6343613010.0,119.6536,59.8268,149.4956,109.2778,1.0127,PaybackTime,0.1185,19.3154,19.3154,14.813,8.18,572102000.0,0.0902,2026-06-27,0,0.0,0.8,12/15,0.1522,0.1574,0.1805,0.055,0.0784,0.0534,0.1543,0.1674,0.3083,0.1195,0.1174,0.1416,0.1588,0.1327,0.4641,-0.3284,0.91,-33% off 52w high; 8-K: 2026-08-05: 2.02 Earnings release; 7.01 Reg FD disclosure; next report ~2026-11-04,2026-11-04,,2.802,772406
ENSG,"ENSIGN GROUP, INC",Nasdaq,Services-Skilled Nursing Care Facilities,ABOVE STICKER,A,171.78,2026-10-02,10225548060.0,158.0863,79.0431,142.376,90.1922,1.0866,,0.15,24.7784,24.7784,26.9248,6.38,536887000.0,0.0525,2026-06-30,139744000.0,0.2437,0.9286,13/14,0.1224,0.1462,0.1356,,0.1605,0.1872,0.1861,0.138,0.1406,0.1657,0.2092,0.2017,0.3268,0.0861,0.6253,-0.212,0.45,-21% off 52w high; 8-K: 2026-08-20: 1.01 Material agreement; 2.03 New debt obligation; 7.01 Reg FD disclosure; next report ~2026-10-26,2026-10-26,,2.796,1125376
PCTY,PAYLOCITY HOLDING CORPORATION,Nasdaq,Services-Prepackaged Software,ON DECK,A,144.47,2026-10-02,7912621900.0,147.6,73.8,143.2745,90.7614,0.9788,,0.15,30.0,91.1044,29.3638,4.92,497100000.0,0.0628,2026-06-30,81875000.0,0.1634,0.8667,13/15,0.1395,0.1711,0.2064,0.2261,0.2275,0.1104,,0.3132,0.2239,0.2524,0.2136,0.0222,0.3208,0.3369,0.275,-0.1078,0.03,8-K: 2026-09-17: 1.01 Material agreement; 2.03 New debt obligation; next report ~2026-10-14,2026-10-14,,2.783,1591698
WING,WINGSTOP INC.,Nasdaq,Retail-Eating  Places,ON DECK,B,106.89,2026-10-02,2931458250.0,126.9,63.45,73.9612,46.8529,0.8423,,0.15,30.0,89.7313,25.2695,4.23,128494000.0,0.0438,2026-06-27,1210589000.0,11.4472,0.7333,11/15,0.3162,0.2789,0.2789,0.2449,0.2287,0.1135,0.3295,0.5143,0.6784,,,,0.2715,0.1849,-0.0288,-0.647,2.0,-65% off 52w high; 8-K: 2026-08-25: 5.02 Director/officer change; next report ~2026-10-28,2026-10-28,,2.782,1636222
EXLS,"EXLSERVICE HOLDINGS, INC.",Nasdaq,"Services-Business Services, NEC",ON DECK,B,35.75,2026-10-02,5609325257.25,47.1,23.55,29.8406,18.9034,0.759,,0.15,30.0,35.735,22.7707,1.57,296602000.0,0.0529,2026-03-31,417377000.0,0.9852,0.7857,11/14,0.1251,0.1753,0.2075,,0.1685,0.1356,0.1769,0.2435,0.2727,0.075,0.0618,-0.0073,0.1375,0.1156,0.3061,-0.1853,0.84,neg 8-K: 2026-08-18: Agreement terminated; next report ~2026-10-27,2026-10-27,,2.763,1297989
URBN,"Urban Outfitters, Inc.",Nasdaq,Retail-Family Clothing Stores,ON DECK,A,80.8,2026-10-02,7087710309.6,81.3751,40.6876,51.2234,33.6541,0.9929,,0.142,13.6596,13.6596,12.6448,6.39,295211000.0,0.0417,2026-07-31,120000000.0,0.0,0.8667,13/15,0.1334,0.1449,0.1676,0.0599,0.1231,0.1107,0.1101,2.474,0.1878,0.1301,0.1538,0.1719,0.032,0.1501,0.1439,-0.0542,0.0,8-K: 2026-08-27: 8.01 Other event; next report ~2026-12-09,2026-12-09,,2.747,912615
HCI,"HCI Group, Inc.",NYSE,"Fire, Marine & Casualty Insurance",BUY*,C,184.25,2026-10-02,2353978000.0,318.1975,159.0988,505.808,320.4188,0.579,PaybackTime+TenCap,0.15,13.7154,13.7154,7.9418,23.2,409367000.0,0.1739,2026-06-30,249007000.0,0.0,0.9333,14/15,0.0988,0.1101,0.3078,0.1216,0.2375,0.2012,0.1443,0.4545,1.5557,0.1447,0.3126,1.2623,0.2566,0.4188,0.3394,-0.1247,0.1,8-K: 2026-08-06: 2.02 Earnings release; next report ~2026-11-06,2026-11-06,financial (bank/insurer/broker): OCF-based tests less meaningful,2.734,1400810
PDD,PDD Holdings Inc.,Nasdaq,"Services-Business Services, NEC",BUY,C,75.38,2026-10-02,111742859720.0,203.0095,101.5048,169.797,107.5629,0.3713,MOS+PaybackTime+TenCap,0.15,21.8666,21.8666,8.1193,9.284,15945054295.9427,0.1427,2025-12-31,0,0.0,0.5455,6/11,0.0234,0.2075,0.1843,,0.4865,0.0965,,,-0.1316,,0.4075,0.3165,,0.3055,-0.1229,-0.4593,1.44,-46% off 52w high; next report ~2026-10-07,2026-10-07,"reports in CNY, converted at 6.704 CNY/USD; ADR: 1 ADS = 4 shares; EPS from yahoo TTM to 2026-06-30",2.708,1737806
CINF,CINCINNATI FINANCIAL CORPORATION,Nasdaq,"Fire, Marine & Casualty Insurance",BUY*,A,161.95,2026-10-02,25312785000.0,145.8944,72.9472,275.4179,217.5304,1.11,PaybackTime+TenCap,0.1014,10.6058,10.6058,7.6464,21.18,3400000000.0,0.1343,2026-06-30,791000000.0,0.2555,0.8,12/15,0.1135,0.1236,0.1433,0.094,0.1088,0.1141,0.1476,0.1516,0.044,0.1003,0.0872,0.1425,0.1121,0.1585,0.1748,-0.1687,1.31,"insider buying (1 Form 4s, $0.17M); 8-K: 2026-09-28: 1.01 Material agreement; 2.03 New debt obligation; next report ~2026-10-26",2026-10-26,financial (bank/insurer/broker): OCF-based tests less meaningful,2.707,20286
MLI,MUELLER INDUSTRIES INC,NYSE,Rolling Drawing & Extruding of  Nonferrous Metals,ABOVE STICKER,A,62.56,2026-10-02,13857415360.0,55.8033,27.9016,47.4898,30.0838,1.1211,,0.15,14.5334,14.5334,16.2931,3.8397,666374000.0,0.0481,2026-06-27,5243000.0,0.0,0.9333,14/15,0.2087,0.287,0.2257,0.0712,0.1175,0.1087,0.2445,0.4091,0.2919,0.1477,0.3312,0.1832,0.1682,0.2525,0.1696,-0.1204,0.08,8-K: 2026-08-10: 5.02 Director/officer change; 8.01 Other event; next report ~2026-10-21,2026-10-21,,2.645,89439
FSS,FEDERAL SIGNAL CORPORATION,NYSE,Motor Vehicles & Passenger Car Bodies,ABOVE STICKER,A,116.34,2026-10-02,7154910000.0,97.2774,48.6387,83.1372,55.1545,1.196,,0.1398,22.913,22.913,25.0733,4.64,339200000.0,0.0474,2026-06-30,453200000.0,2.4861,1.0,15/15,0.1216,0.1284,0.1331,0.11,0.1403,0.1714,0.149,0.2078,0.1457,0.1339,0.1458,0.169,0.1011,0.1334,0.1012,-0.1351,0.14,next report ~2026-10-29,2026-10-29,,2.643,277509
INCY,INCYTE CORPORATION,Nasdaq,Services-Commercial Physical & Biological Research,ON DECK,C,115.3,2026-10-02,23847499000.0,204.6873,102.3436,109.8246,69.5716,0.5633,,0.15,28.9106,28.9106,16.2853,7.08,1438949000.0,0.0603,2026-03-31,19783118000.0,0.0,0.8,12/15,0.0638,0.1131,0.2266,0.2117,0.1403,0.2122,0.7099,,41.7333,0.3963,0.1655,0.5723,0.3179,,3.2152,-0.1305,0.62,13D: SCHEDULE 13D/A 2026-05-11; 8-K: 2026-08-31: 8.01 Other event; next report ~2026-10-27,2026-10-27,,2.628,879169
BURL,"BURLINGTON STORES, INC.",NYSE,Retail-Department Stores,ON DECK,B,275.34,2026-10-02,17627817480.0,333.9,166.95,101.7191,64.4369,0.8246,,0.15,30.0,32.2681,24.7385,11.13,412538000.0,0.0234,2026-08-01,1944011000.0,11.817,0.8,12/15,0.1569,0.1257,0.1591,0.0847,0.1495,0.1891,0.1693,,0.8184,,0.3195,0.8352,0.1375,0.4123,0.4174,-0.2722,0.69,-27% off 52w high; 8-K: 2026-08-27: 2.02 Earnings release; next report ~2026-11-26,2026-11-26,,2.623,1579298
MA,Mastercard Incorporated,NYSE,"Services-Business Services, NEC",ABOVE STICKER,A,552.26,2026-10-02,490406880000.0,523.1293,261.5647,293.2912,188.0856,1.0557,,0.1473,29.4597,38.8824,30.3773,18.18,16702000000.0,0.0341,2026-06-30,24643000000.0,1.0636,0.8667,13/15,0.4836,0.5218,0.5858,0.1299,0.1647,0.1642,0.173,0.21,0.1893,0.0488,0.0609,0.2207,0.1571,0.1956,0.194,-0.0814,0.0,next report ~2026-10-29,2026-10-29,,2.622,1141391
CF,"CF INDUSTRIES HOLDINGS, INC.",NYSE,Agricultural Chemicals,BUY*,B,115.01,2026-10-02,17734542000.0,159.1106,79.5553,165.9429,123.8651,0.7228,PaybackTime+TenCap,0.1139,16.2429,16.2429,8.5319,13.48,1910000000.0,0.1077,2026-06-30,3715000000.0,1.7841,0.7333,11/15,0.1678,0.271,0.2294,0.051,0.1143,0.1934,0.1172,0.4358,0.3309,0.0573,0.1705,0.0812,0.0859,0.1746,0.2118,-0.1898,0.36,8-K: 2026-09-03: 5.02 Director/officer change; next report ~2026-11-05,2026-11-05,,2.611,1324404
UI,UBIQUITI INC.,NYSE,Radio & Tv Broadcasting & Communications Equipment,ABOVE STICKER,A,620.52,2026-10-02,37584896400.0,475.5,237.75,236.8903,150.065,1.305,,0.15,30.0,32.0322,39.1495,15.85,908944000.0,0.0242,2026-06-30,47500000.0,0.0,0.9333,14/15,0.757,0.7686,0.6681,0.1726,0.1152,0.2722,0.2033,0.1014,0.3478,0.1657,2.5394,1.1539,0.1674,0.087,0.451,-0.4359,1.34,-44% off 52w high; 8-K: 2026-08-21: 2.02 Earnings release; 8.01 Other event; next report ~2026-10-30,2026-10-30,,2.592,1511737
TPL,TEXAS PACIFIC LAND CORPORATION,NYSE,Oil Royalty Traders,ABOVE STICKER,A,340.19,2026-10-02,23479702882.2,235.2,117.6,134.0166,84.8967,1.4464,,0.15,30.0,32.7032,43.3916,7.84,585952000.0,0.025,2026-06-30,0,0.0,0.9091,10/11,0.4843,0.4086,0.3201,,0.2141,0.1309,,0.2254,0.0609,,0.2491,0.2889,,0.214,0.1126,-0.3783,2.61,"-38% off 52w high; insider buying (12 Form 4s, $0.01M); 13D: SCHEDULE 13D/A 2026-05-07, SCHEDULE 13D/A 2026-04-13; 8-K: 2026-09-25: 5.02 Director/officer change; 5.08; next report ~2026-11-04",2026-11-04,,2.578,1811074
COLB,"COLUMBIA BANKING SYSTEM, INC.",Nasdaq,State Commercial Banks,BUY*,C,28.92,2026-10-02,8364011040.0,44.9888,22.4944,64.2408,44.2711,0.6428,PaybackTime+TenCap,0.1314,20.8403,20.8403,11.3858,2.54,1280373000.0,0.1531,2025-12-31,0,0.0,0.7692,10/13,0.0925,0.1085,0.0702,,,0.1879,0.104,0.1621,-0.098,0.1165,0.1464,0.341,0.1866,0.3115,0.132,-0.1413,1.17,"insider buying (1 Form 4s, $0.02M); 8-K: 2026-09-30: 7.01 Reg FD disclosure; next report ~2026-11-03",2026-11-03,financial (bank/insurer/broker): OCF-based tests less meaningful;EPS from yahoo TTM to 2026-06-30,2.545,887343
IBEX,IBEX LIMITED,Nasdaq,Services-Computer Processing & Data Preparation,ABOVE STICKER,A,43.58,2026-10-02,645332640.0,38.2109,19.1054,33.2539,21.0656,1.1405,,0.15,12.2079,12.2079,13.9233,3.13,31194000.0,0.0483,2026-06-30,1659000.0,0.0249,0.9091,10/11,0.2153,0.2273,0.2743,,0.0775,0.1537,,0.3454,0.3263,,0.1737,0.3459,,0.297,0.292,-0.0375,0.0,8-K: 2026-09-10: 1.01 Material agreement; 2.02 Earnings release; 2.03 New debt obligation; next report ~2026-11-19,2026-11-19,micro-cap,2.537,1720420
YALA,YALLA GROUP LIMITED,NYSE,"Services-Computer Programming, Data Processing, Etc.",BUY*,B,5.32,2026-10-02,958040549.2,6.4554,3.2277,11.883,7.5276,0.8241,PaybackTime+TenCap,0.15,8.494,8.494,7.0,0.76,135559665.0,0.1415,2025-12-31,0,0.0,0.7273,8/11,0.3326,0.1766,0.1469,,0.2044,0.0067,,,0.1216,,0.2873,0.17,,0.1625,-0.2041,-0.3206,0.88,-32% off 52w high; next report ~2026-12-30,2026-12-30,EPS from yahoo TTM to 2026-06-30;micro-cap,2.526,1794350
BMI,"BADGER METER, INC.",NYSE,Totalizing Fluid Meters & Counting Devices,ABOVE STICKER,A,127.77,2026-10-02,3737730810.99,92.075,46.0375,73.8295,51.3787,1.3877,,0.1293,25.8592,47.2481,29.9227,4.27,150301000.0,0.0402,2026-06-30,0,0.0,0.8571,12/14,0.1555,0.1726,0.1931,0.0927,0.1659,0.109,,0.2317,0.1324,0.1162,-0.7129,0.1752,0.1776,0.1545,0.1849,-0.3737,2.12,"-37% off 52w high; insider buying (1 Form 4s, $0.10M); next report ~2026-10-22",2026-10-22,,2.469,9092
WAL,WESTERN ALLIANCE BANCORPORATION,NYSE,State Commercial Banks,ON DECK,B,76.38,2026-10-02,8256678000.0,90.0308,45.0154,,,0.8484,,0.1366,11.4259,11.4259,8.6208,8.86,-1530500000.0,-0.1854,2026-06-30,1479000000.0,,0.7692,10/13,0.1362,0.1239,0.1071,,,0.9971,0.157,0.1161,0.2313,0.1538,0.1553,0.139,,,,-0.2144,0.46,-21% off 52w high; next report ~2026-10-30,2026-10-30,financial (bank/insurer/broker): OCF-based tests less meaningful,2.457,1212545
LMB,"LIMBACH HOLDINGS, INC.",Nasdaq,Construction - Special Trade Contractors,BUY*,C,49.1,2026-10-02,591525768.8,55.9362,27.9681,66.3124,42.0075,0.8778,PaybackTime,0.15,22.2854,22.2854,19.5618,2.51,50608000.0,0.0856,2026-06-30,40704000.0,0.7289,0.6667,10/15,0.1062,0.131,0.1756,,0.0262,0.2468,,0.3501,0.2568,0.3738,0.1945,0.2692,,0.028,0.2424,-0.5729,3.49,"-57% off 52w high; insider buying (3 Form 4s, $0.52M); neg 8-K: 2026-09-09: Agreement terminated; next report ~2026-11-03",2026-11-03,micro-cap,2.45,1606163
DHI,"D.R. Horton, Inc.",NYSE,Operative Builders,BUY*,A,135.0,2026-10-02,38934000000.0,116.274,58.137,175.2754,111.0333,1.1611,PaybackTime,0.15,11.0843,11.0843,12.8694,10.49,3202200000.0,0.0822,2026-06-30,0,0.0,0.8,12/15,0.1917,0.2255,0.1482,0.1221,0.1102,-0.0693,0.1901,0.1254,-0.1932,0.1722,0.1954,0.0226,0.1719,0.192,0.5622,-0.2332,0.53,-23% off 52w high; 8-K: 2026-09-15: 8.01 Other event; next report ~2026-10-22,2026-10-22,,2.41,882184
ABG,"ASBURY AUTOMOTIVE GROUP, INC.",NYSE,Retail-Auto Dealers & Gasoline Stations,BUY*,C,175.88,2026-10-02,3288956000.0,228.154,114.077,544.8924,357.8075,0.7709,PaybackTime+TenCap,0.1421,9.0984,9.0984,6.5456,26.87,669100000.0,0.2034,2026-06-30,3012800000.0,3.9897,0.8,12/15,0.135,0.1166,0.0915,0.1057,0.2034,0.0471,0.1464,0.1378,0.1688,0.3249,0.3345,0.134,0.1709,0.0351,0.1549,-0.3203,1.38,-32% off 52w high; 13D: SCHEDULE 13D/A 2026-07-13; 8-K: 2026-08-31: 7.01 Reg FD disclosure; next report ~2026-10-30,2026-10-30,,2.403,1144980
IDXX,IDEXX LABORATORIES INC /DE,Nasdaq,In Vitro & In Vivo Diagnostic Substances,ABOVE STICKER,A,518.39,2026-10-02,41337455380.0,426.9,213.45,248.3094,157.2988,1.2143,,0.15,30.0,53.3398,36.4294,14.23,1254332000.0,0.0303,2026-06-30,449864000.0,0.3546,0.8,12/15,0.5099,0.495,0.5495,0.1039,0.0972,0.1042,0.2036,0.1428,0.2259,,0.2214,0.0339,0.1821,0.1277,0.2721,-0.3267,0.91,-33% off 52w high; next report ~2026-11-03,2026-11-03,,2.399,874716
GRBK,"Green Brick Partners, Inc.",NYSE,Operative Builders,ABOVE STICKER,A,66.66,2026-10-02,2886644640.0,57.7038,28.8519,40.6876,25.7748,1.1552,,0.15,8.6903,8.6903,10.0392,6.64,111615000.0,0.0387,2026-06-30,493911000.0,1.5509,0.8,12/15,0.142,0.1885,0.1574,0.2149,0.1589,-0.0104,0.3396,0.2584,-0.1633,0.1679,0.2741,0.1675,,0.4343,7.2295,-0.1986,0.39,8-K: 2026-08-27: 5.02 Director/officer change; next report ~2026-10-28,2026-10-28,,2.387,1373670
SKY,"Champion Homes, Inc.",NYSE,Mobile Homes,ABOVE STICKER,A,88.1,2026-10-02,4860036500.0,78.8657,39.4328,76.116,48.2179,1.1171,,0.15,23.0601,23.0601,25.7602,3.42,265994000.0,0.0547,2026-06-27,23779000.0,0.0535,0.8,12/15,0.1323,0.1898,0.1253,0.2881,0.1339,0.0726,0.5709,0.1969,0.0702,0.468,0.2277,0.0468,0.5477,0.1458,0.2616,-0.1116,0.05,8-K: 2026-08-26: 5.02 Director/officer change; 8.01 Other event; next report ~2026-11-04,2026-11-04,,2.378,90896
SFM,"Sprouts Farmers Market, Inc.",Nasdaq,Retail-Grocery Stores,ON DECK,B,64.47,2026-10-02,6124327650.0,66.8667,33.4333,51.9666,37.56,0.9642,,0.121,16.512,16.512,12.327,5.23,356801000.0,0.0583,2026-06-28,132753000.0,0.0,0.7333,11/15,0.2402,0.2563,0.3718,0.0938,0.0636,0.1408,0.2039,0.1692,0.416,0.1041,0.1378,0.0902,0.1155,0.077,0.1097,-0.4362,1.34,-44% off 52w high; 8-K: 2026-09-01: 5.02 Director/officer change; next report ~2026-10-28,2026-10-28,,2.373,1575515
UFPT,"UFP Technologies, Inc.",Nasdaq,Surgical & Medical Instruments & Apparatus,ABOVE STICKER,A,300.7,2026-10-02,2344257200.0,227.2229,113.6114,123.0166,77.9284,1.3234,,0.15,24.5646,24.5646,32.5081,9.25,60753000.0,0.0259,2026-06-30,117305000.0,1.3378,1.0,15/15,0.1073,0.1261,0.1398,0.1581,0.2743,0.195,0.2362,0.3766,0.1544,0.1422,0.1837,0.2336,0.2206,0.297,0.3801,-0.1122,0.05,8-K: 2026-08-24: 7.01 Reg FD disclosure; next report ~2026-11-05,2026-11-05,,2.366,914156
GCT,GIGACLOUD TECHNOLOGY INC,Nasdaq,Retail-Catalog & Mail-Order Houses,BUY*,A,53.75,2026-10-02,1970398943.75,40.7628,20.3814,67.8813,43.0014,1.3186,PaybackTime,0.15,9.7054,9.7054,12.7976,4.2,157637000.0,0.08,2026-06-30,0,0.0,1.0,11/11,0.3152,0.2596,0.2543,,0.3617,0.111,,0.2143,0.177,,0.1438,0.2919,,0.4178,0.2061,-0.0448,0.0,8-K: 2026-08-10: 8.01 Other event; next report ~2026-11-05,2026-11-05,,2.363,1857816
BX,Blackstone Inc.,NYSE,Investment Advice,ON DECK,C,111.75,2026-10-02,88633067907.75,134.1,67.05,109.1929,69.1714,0.8333,,0.15,30.0,34.939,25.0,4.47,5486239000.0,0.0619,2026-06-30,13318636000.0,2.7656,0.6429,9/14,0.1339,0.1569,0.1421,0.1201,0.1882,0.0922,0.1404,0.2087,0.0691,,0.0309,0.0368,0.0688,0.1922,0.3393,-0.3426,2.97,"-34% off 52w high; insider buying (3 Form 4s, $12.21M); 8-K: 2026-09-22: 7.01 Reg FD disclosure; next report ~2026-11-06",2026-11-06,,2.362,1393818
WMS,"ADVANCED DRAINAGE SYSTEMS, INC.",NYSE,Plastics Foam Products,ON DECK,B,127.27,2026-10-02,9802844480.0,140.9349,70.4674,112.7522,71.4262,0.903,,0.15,24.3411,24.3411,21.981,5.79,550153000.0,0.0561,2026-06-30,1612484000.0,2.821,0.7333,11/15,0.1466,0.1949,0.1356,0.0898,0.09,0.0503,0.3015,0.16,-0.0556,0.2145,0.1566,0.2155,0.1973,0.1261,0.4085,-0.2902,0.76,-29% off 52w high; 8-K: 2026-08-06: 2.02 Earnings release; 7.01 Reg FD disclosure; 8.01 Other event; next report ~2026-11-05,2026-11-05,,2.351,1604028
IA,"INNOVATIVE SOLUTIONS AND SUPPORT, INC.",Nasdaq,Services-Computer Programming Services,ON DECK,C,18.99,2026-10-02,345846601.62,24.709,12.3545,12.387,7.8469,0.7685,,0.15,23.3103,23.3103,17.9151,1.06,14290763.0,0.0413,2026-06-30,54311957.0,3.1953,0.8,12/15,0.0834,0.1446,0.1822,0.1543,0.3131,0.786,,0.3588,1.2,0.0694,0.1743,0.3581,0.2524,0.237,1.2952,-0.3862,1.14,-39% off 52w high; 8-K: 2026-08-13: 2.02 Earnings release; next report ~2026-11-12,2026-11-12,micro-cap,2.348,836690
CPRT,"COPART, INC.",Nasdaq,Retail-Auto Dealers & Gasoline Stations,ON DECK,C,27.22,2026-10-02,26045729200.0,41.697,20.8485,20.2498,13.2426,0.6528,,0.143,28.5978,32.8608,17.5613,1.55,1267129000.0,0.0487,2026-07-31,0,0.0,0.6667,10/15,0.3058,0.1805,0.1466,0.1391,0.1162,0.0041,0.1877,0.0983,-0.0252,0.282,0.2096,0.0117,0.1705,0.1012,-0.1085,-0.4068,1.23,-41% off 52w high; 8-K: 2026-09-10: 1.01 Material agreement; 7.01 Reg FD disclosure; next report ~2026-12-08,2026-12-08,,2.335,900075
LLY,ELI LILLY AND COMPANY,NYSE,Pharmaceutical Preparations,ABOVE STICKER,A,1142.85,2026-10-02,1022622179999.9999,893.7,446.85,495.4334,313.8467,1.2788,,0.15,30.0,40.0964,38.3635,29.79,28083000000.0,0.0275,2026-06-30,54908000000.0,2.4307,0.9333,14/15,0.2277,0.2418,0.3062,0.1256,0.2158,0.447,0.2609,0.2758,0.9599,0.08,0.3669,0.8692,0.1895,0.2093,0.9067,-0.1159,0.06,8-K: 2026-08-05: 2.02 Earnings release; next report ~2026-11-04,2026-11-04,,2.324,59478
EME,"EMCOR Group, Inc.",NYSE,Electrical Work,ABOVE STICKER,A,786.61,2026-10-02,35098099271.62,628.317,314.1585,414.4214,262.5273,1.2519,,0.15,19.5616,19.5616,24.4897,32.12,1171382000.0,0.0334,2026-06-30,2838000.0,0.0,0.8667,13/15,0.1857,0.2554,0.3448,0.0972,0.1407,0.1662,0.2634,0.6367,0.3099,0.1331,0.1705,0.2967,0.1718,0.1006,-0.0752,-0.1737,0.29,next report ~2026-10-29,2026-10-29,,2.302,105634
HRMY,"HARMONY BIOSCIENCES HOLDINGS, INC.",Nasdaq,Pharmaceutical Preparations,BUY*,B,39.64,2026-10-02,2329623138.56,47.7288,23.8644,95.2925,60.3658,0.8305,PaybackTime+TenCap,0.15,15.4462,15.4462,12.8285,3.09,354767000.0,0.1523,2026-06-30,153961000.0,0.413,0.7273,8/11,0.1688,0.1933,0.1517,,0.403,0.2151,,,0.0797,,0.3157,0.305,,,0.584,-0.0885,0.0,next report ~2026-11-03,2026-11-03,,2.293,1802665
MELI,"MercadoLibre, Inc.",Nasdaq,"Services-Business Services, NEC",BUY*,A,1696.56,2026-10-02,86011009591.44,1102.8,551.4,3863.8451,2447.6649,1.5384,PaybackTime+TenCap,0.15,30.0,59.9968,46.1523,36.76,12409000000.0,0.1443,2026-06-30,10626000000.0,0.8533,0.8571,12/14,0.105,0.1397,0.1411,,0.487,0.3906,0.3229,,0.0454,0.33,0.3202,0.5509,0.4922,0.5928,0.5302,-0.3013,2.35,"-30% off 52w high; insider buying (1 Form 4s, $0.20M); 13D: SCHEDULE 13D/A 2026-06-18; 8-K: 2026-09-14: 8.01 Other event; next report ~2026-11-05",2026-11-05,,2.225,1099590
ATLC,Atlanticus Holdings Corp,Nasdaq,Personal Credit Institutions,BUY*,A,91.89,2026-10-02,1753812540.0,63.8763,31.9381,774.8552,490.8546,1.4386,PaybackTime+TenCap,0.15,8.2956,8.2956,11.9338,7.7,936845000.0,0.5342,2026-06-30,0,0.0,0.9286,13/14,3.8774,0.3419,0.1981,,0.2843,0.5009,0.4778,0.0857,0.2495,0.4477,0.5253,0.2108,0.9357,0.2456,0.3591,-0.1963,0.89,13D: SCHEDULE 13D/A 2026-07-06; 8-K: 2026-09-17: 8.01 Other event; next report ~2026-11-05,2026-11-05,financial (bank/insurer/broker): OCF-based tests less meaningful,2.203,1464343
TJX,"The TJX Companies, Inc.",NYSE,Retail-Family Clothing Stores,ABOVE STICKER,A,132.68,2026-10-02,148336240000.0,104.1577,52.0789,73.3646,52.5581,1.2738,,0.1229,24.4815,24.4815,24.5704,5.4,5876000000.0,0.0396,2026-08-01,2871000000.0,0.3803,0.8,12/15,0.366,0.4065,0.4555,0.0691,0.1344,0.1135,0.1133,1.3361,0.2617,0.111,0.1348,0.4339,0.088,0.0855,0.1349,-0.2195,0.48,-22% off 52w high; 8-K: 2026-09-17: 5.02 Director/officer change; next report ~2026-11-27,2026-11-27,,2.172,109198
AVGO,Broadcom Inc.,Nasdaq,Semiconductors & Related Devices,ABOVE STICKER,A,355.14,2026-10-02,1734503760000.0,235.2,117.6,127.3566,80.6777,1.5099,,0.15,30.0,49.1773,45.2985,7.84,39403000000.0,0.0227,2026-08-02,59419000000.0,2.303,1.0,11/11,0.1118,0.1659,0.1779,,0.2174,0.2387,,0.4977,2.878,,0.2419,0.1826,,0.1795,0.3795,-0.2825,0.73,-28% off 52w high; 8-K: 2026-09-02: 2.02 Earnings release; 8.01 Other event; next report ~2026-12-10,2026-12-10,,2.163,1730168
CVCO,"CAVCO INDUSTRIES, INC.",Nasdaq,Mobile Homes,ABOVE STICKER,A,585.13,2026-10-02,4554900015.12,418.9266,209.4633,447.8177,301.4468,1.3967,,0.1366,20.4845,20.4845,25.4515,22.99,234659000.0,0.0515,2026-06-27,0,0.0,0.9333,14/15,0.1476,0.1819,0.1613,0.1216,0.1516,0.1136,0.2251,0.2379,0.1579,0.1353,0.1354,0.0772,0.1991,0.1859,0.4986,-0.1794,0.32,next report ~2026-10-30,2026-10-30,,2.153,278166
HTHT,H World Group Ltd,Nasdaq,Hotels & Motels,BUY*,B,41.78,2026-10-02,13568030337.266,42.0644,21.0322,53.5177,33.9024,0.9932,PaybackTime,0.15,30.0,33.6743,29.7971,1.4021,1100977028.6396,0.0811,2025-12-31,867541766.1098,0.0572,0.7333,11/15,0.1189,0.1663,0.3614,0.1592,0.1994,0.0593,0.2513,,0.6667,0.114,0.0037,0.0615,0.1687,0.6893,0.1145,-0.2624,0.65,-26% off 52w high; next report ~2027-01-01,2027-01-01,"reports in CNY, converted at 6.704 CNY/USD; ADR: 1 ADS = 10 shares; EPS from yahoo TTM to 2026-06-30",2.143,1483994
NRIM,"Northrim BanCorp, Inc.",Nasdaq,"Savings Institution, Federally Chartered",BUY*,B,24.76,2026-10-02,558605358.48,21.8833,10.9416,102.8341,82.4847,1.1315,PaybackTime+TenCap,0.098,11.4315,11.4315,8.1447,3.04,186092000.0,0.3331,2026-06-30,81574000.0,0.6105,0.7692,10/13,0.1108,0.1337,0.1582,,,0.3043,0.1619,0.1757,0.7289,0.0859,0.1101,0.2144,0.2934,,,-0.1966,1.39,"insider buying (1 Form 4s, $0.03M); next report ~2026-10-30",2026-10-30,financial (bank/insurer/broker): OCF-based tests less meaningful;micro-cap,2.123,1163370
ISRG,"Intuitive Surgical, Inc.",Nasdaq,"Orthopedic, Prosthetic & Surgical Appliances & Supplies",ABOVE STICKER,A,391.95,2026-10-02,140514075000.0,261.6,130.8,141.9008,89.8912,1.4983,,0.15,30.0,65.6905,44.9484,8.72,3222600000.0,0.0229,2026-06-30,0,0.0,0.9333,14/15,0.1325,0.1302,0.1436,0.1549,0.1822,0.2051,0.1638,0.2177,0.2259,0.1452,0.1276,0.0825,0.1416,0.1534,0.2549,-0.3509,1.0,-35% off 52w high; next report ~2026-10-20,2026-10-20,,2.12,1035267
ROST,"Ross Stores, Inc.",Nasdaq,Retail-Family Clothing Stores,ABOVE STICKER,A,228.54,2026-10-02,73211189220.0,180.4977,90.2488,130.2228,87.1,1.2662,,0.138,24.2332,24.2332,27.6348,8.27,2790186000.0,0.0381,2026-08-01,1018512000.0,0.4611,0.8,12/15,0.2793,0.2549,0.2836,0.0666,0.1267,0.1165,0.1017,0.9409,0.1888,0.1211,0.155,0.3211,0.086,0.0615,0.2038,-0.1107,0.04,8-K: 2026-09-17: 5.02 Director/officer change; 7.01 Reg FD disclosure; next report ~2026-12-01,2026-12-01,,2.078,745732
LRN,"Stride, Inc.",NYSE,Services-Educational Services,BUY*,C,78.89,2026-10-02,3734088930.95,88.0826,44.0413,119.2863,91.5278,0.8956,PaybackTime+TenCap,0.1078,17.9298,17.9298,11.049,7.14,433227000.0,0.116,2026-06-30,417995000.0,0.9648,0.7333,11/15,0.0839,0.1228,0.1686,0.1118,0.1038,0.0469,0.4099,0.3309,0.2,0.0914,0.124,0.1284,0.1355,0.2646,0.0023,-0.4912,1.56,-49% off 52w high; next report ~2026-10-14,2026-10-14,,2.065,1157408
PARR,"Par Pacific Holdings, Inc.",NYSE,Crude Petroleum & Natural Gas,BUY*,C,84.0,2026-10-02,4161696000.0,143.8382,71.9191,131.4076,83.244,0.584,PaybackTime,0.15,8.4412,8.4412,4.9296,17.04,412424000.0,0.0991,2026-06-30,739198000.0,2.6915,0.6,9/15,0.0909,0.183,0.1792,0.1371,0.1902,-0.0639,,,,0.1248,0.4468,0.3963,0.129,,4.3158,-0.0424,0.0,8-K: 2026-09-28: 5.02 Director/officer change; 8.01 Other event; next report ~2026-11-04,2026-11-04,PE<5: check one-off gains,2.032,821483
CRVL,CORVEL CORPORATION,Nasdaq,"Insurance Agents, Brokers & Service",ABOVE STICKER,A,75.47,2026-10-02,3843536160.0,52.4818,26.2409,32.8199,22.3492,1.438,,0.1341,26.8152,35.9209,33.5422,2.25,113820000.0,0.0296,2026-06-30,0,0.0,0.9286,13/14,0.2645,0.3049,0.2799,,0.1164,0.0703,0.162,0.2028,0.1694,0.1326,0.1356,0.2331,0.1174,0.1052,0.2225,-0.0499,0.0,8-K: 2026-08-05: 2.02 Earnings release; next report ~2026-11-05,2026-11-05,financial (bank/insurer/broker): OCF-based tests less meaningful,1.981,874866
MCRI,"MONARCH CASINO & RESORT, INC.",Nasdaq,Hotels & Motels,BUY*,B,117.55,2026-10-02,2139527550.0,117.2901,58.6451,134.2096,85.019,1.0022,PaybackTime,0.15,19.8797,19.8797,19.9237,5.9,154743000.0,0.0723,2026-03-31,40900000.0,0.0,0.7143,10/14,0.1249,0.1566,0.1886,,0.2421,0.0439,0.1639,0.3415,0.4141,0.0937,0.0812,0.0558,0.1573,0.3927,0.1708,-0.1352,0.14,next report ~2026-10-27,2026-10-27,,1.959,907242
IBKR,"INTERACTIVE BROKERS GROUP, INC.",Nasdaq,"Security Brokers, Dealers & Flotation Companies",BUY*,A,88.3,2026-10-02,39667489793.5,55.4988,27.7494,536.7467,354.2686,1.591,PaybackTime+TenCap,0.141,23.833,23.833,35.0397,2.52,15915000000.0,0.4012,2026-06-30,0,0.0,0.9333,14/15,0.1288,0.1579,0.1835,0.0687,0.1365,0.2342,0.2754,0.2969,0.2832,0.1335,0.1484,0.2309,0.361,0.144,0.8124,-0.1058,1.02,"insider buying (3 Form 4s, $0.01M); next report ~2026-11-05",2026-11-05,financial (bank/insurer/broker): OCF-based tests less meaningful,1.94,1381197
LNG,"Cheniere Energy, Inc.",NYSE,Natural Gas Distribution,ON DECK,C,269.95,2026-10-02,56608515000.0,411.0618,205.5309,210.1015,133.0949,0.6567,,0.15,19.6758,19.6758,12.9214,20.8918,2791000000.0,0.0493,2026-06-30,24043000000.0,9.1455,0.6,9/15,0.1329,0.2086,0.2457,0.5373,0.1638,0.2721,,,0.6993,,,0.4443,,0.3436,0.0269,-0.1028,0.01,8-K: 2026-08-06: 2.02 Earnings release; next report ~2026-11-05,2026-11-05,,1.889,3570
RLI,RLI Corp,NYSE,"Fire, Marine & Casualty Insurance",BUY*,C,55.94,2026-10-02,5160856580.0,73.9752,36.9876,75.2428,56.0408,0.7562,PaybackTime+TenCap,0.1143,21.2939,21.2939,11.7521,4.76,517016000.0,0.1002,2026-06-30,296968000.0,0.0,0.6667,10/15,0.1917,0.2521,0.2268,0.0901,0.1386,0.0633,0.1085,0.2036,0.1684,0.0751,0.0899,0.1691,0.1494,0.1846,0.0964,-0.1666,0.27,8-K: 2026-08-13: 8.01 Other event; next report ~2026-10-23,2026-10-23,financial (bank/insurer/broker): OCF-based tests less meaningful,1.888,84246
TPB,"Turning Point Brands, Inc.",NYSE,Tobacco Products,ON DECK,C,55.64,2026-10-02,1105044618.6,60.9943,30.4971,15.5558,9.8849,0.9122,,0.1493,26.5618,26.5618,24.0866,2.31,19632000.0,0.0178,2026-06-30,294145000.0,6.6969,0.6,9/15,0.1262,0.1212,0.1174,0.0891,0.0271,0.2839,0.1892,0.1095,0.4533,,0.3113,1.0198,0.0891,0.0561,-0.1445,-0.6212,2.0,-62% off 52w high; 8-K: 2026-09-21: 5.02 Director/officer change; 7.01 Reg FD disclosure; next report ~2026-11-03,2026-11-03,,1.876,1290677
ALLE,Allegion plc,NYSE,"Services-Detective, Guard & Armored Car Services",ON DECK,C,154.21,2026-10-02,13308323000.0,173.8597,86.9299,122.7564,77.7636,0.887,,0.15,22.8162,22.8162,20.2375,7.62,671100000.0,0.0504,2026-06-30,2031100000.0,2.8874,0.6667,10/15,0.1994,0.1957,0.1779,0.07,0.0838,0.0782,0.1669,0.1702,0.0909,0.5689,0.2172,0.3937,0.118,0.0984,0.1612,-0.1578,1.24,"insider buying (1 Form 4s, $0.03M); 8-K: 2026-09-08: 5.02 Director/officer change; 7.01 Reg FD disclosure; next report ~2026-10-22",2026-10-22,,1.869,1579241
GSHD,"GOOSEHEAD INSURANCE, INC.",Nasdaq,"Insurance Agents, Brokers & Service",ABOVE STICKER,B,45.51,2026-10-02,1646233230.0,31.2,15.6,34.7709,22.0266,1.4587,,0.15,30.0,92.3879,43.7596,1.04,79677000.0,0.0484,2026-06-30,317372000.0,3.3625,0.7273,8/11,0.3017,0.2562,0.3356,,0.2557,0.1615,,0.3246,-0.1034,,,,,0.3007,0.2825,-0.4301,3.32,"-43% off 52w high; insider buying (3 Form 4s, $9.44M); next report ~2026-10-22",2026-10-22,financial (bank/insurer/broker): OCF-based tests less meaningful,1.867,1726978
EXEL,Exelixis Inc,Nasdaq,"Biological Products, (No Diagnostic Substances)",BUY*,C,58.39,2026-10-02,15385706610.0,79.9417,39.9708,70.2403,44.4958,0.7304,PaybackTime,0.15,25.1389,25.1389,18.3616,3.18,1172459000.0,0.0762,2026-07-03,189122000.0,0.0,0.6,9/15,0.1812,0.1515,0.3188,0.5119,0.1863,0.0698,,0.5135,0.5795,,0.0535,0.0118,,0.3344,0.2633,-0.045,0.5,13D: SCHEDULE 13D/A 2026-08-14; 8-K: 2026-09-11: 8.01 Other event; next report ~2026-11-04,2026-11-04,,1.864,939767
CNM,"Core & Main, Inc.",NYSE,"Wholesale-Durable Goods, NEC",BUY*,C,41.35,2026-10-02,8043375122.5,48.8294,24.4147,47.05,32.2847,0.8468,PaybackTime,0.1324,23.4459,23.4459,17.0165,2.43,628000000.0,0.0781,2026-08-02,2449000000.0,3.5166,0.5455,6/11,0.1549,0.1624,0.1333,,0.0885,0.0277,,0.3324,0.0845,,0.1324,0.1974,,,0.0467,-0.3069,1.85,"-31% off 52w high; insider buying (1 Form 4s, $0.10M); 8-K: 2026-09-09: 2.02 Earnings release; next report ~2026-12-09",2026-12-09,,1.86,1856525
EPAM,"EPAM SYSTEMS, INC.",NYSE,Services-Computer Programming Services,BUY*,B,108.29,2026-10-02,5763193800.0,85.7971,42.8986,111.5236,90.687,1.2622,PaybackTime,0.095,19.0021,43.1553,14.6934,7.37,482636000.0,0.0837,2026-06-30,25000000.0,0.0409,0.7333,11/15,0.1435,0.1366,0.1049,0.1956,0.1546,0.1542,0.1529,0.0371,-0.1429,0.1868,0.1402,0.0448,0.2397,0.0377,0.1713,-0.5134,1.65,-51% off 52w high; 8-K: 2026-08-06: 2.02 Earnings release; next report ~2026-11-05,2026-11-05,,1.855,1352010
TOL,"Toll Brothers, Inc.",NYSE,Operative Builders,BUY*,B,136.61,2026-10-02,13055544480.0,126.1675,63.0837,180.0828,114.0787,1.0828,PaybackTime,0.15,10.1666,10.1666,11.0081,12.41,1090227000.0,0.0835,2026-07-31,0,0.0,0.7143,10/14,0.1456,0.1851,0.1644,,0.0915,0.0111,0.2121,0.3174,-0.1013,0.1375,0.1741,0.1312,0.3387,0.0199,0.1012,-0.1886,0.35,8-K: 2026-08-18: 2.02 Earnings release; next report ~2026-11-27,2026-11-27,,1.851,794170
GPI,"Group 1 Automotive, Inc",NYSE,Retail-Auto Dealers & Gasoline Stations,ABOVE STICKER,C,249.84,2026-10-02,2963132880.48,202.1751,101.0876,221.3456,140.2178,1.2358,,0.15,8.3337,8.3337,10.2984,24.26,166300000.0,0.0561,2026-06-30,3048400000.0,8.1048,0.6667,10/15,0.1343,0.15,0.0848,0.0782,0.1632,0.1323,0.2053,0.1023,-0.3143,0.1863,0.2188,-0.0245,0.1728,-0.0292,0.1845,-0.4584,3.93,"-46% off 52w high; insider buying (6 Form 4s, $187.26M); 13D: SCHEDULE 13D/A 2026-09-29, SCHEDULE 13D/A 2026-09-22; 8-K: 2026-09-24: 1.01 Material agreement; 2.03 New debt obligation; next report ~2026-10-29",2026-10-29,,1.844,1031203
ESEA,EUROSEAS LTD.,Nasdaq,Deep Sea Foreign Transportation of  Freight,BUY*,A,72.42,2026-10-02,503111806.38,47.3794,23.6897,313.4285,198.5504,1.5285,PaybackTime+TenCap,0.15,2.4285,2.4285,3.7119,19.51,137935702.0,0.2742,2025-12-31,216811383.0,1.4005,0.8,12/15,0.1227,0.2432,0.1786,0.1972,0.3372,0.0703,,1.0244,0.2173,0.1161,0.6962,0.2795,,1.2571,0.1012,-0.091,1.02,"insider buying (2 Form 4s, $0.09M); next report ~2026-10-07",2026-10-07,PE<5: check one-off gains;EPS from yahoo TTM to 2026-06-30;micro-cap,1.798,1341170
FN,FABRINET,NYSE,Telephone & Telegraph Apparatus,ABOVE STICKER,A,463.69,2026-10-02,16809689880.0,276.0113,138.0057,1.8385,1.1646,1.68,,0.15,21.1503,21.1503,35.5318,13.05,4222000.0,0.0003,2026-06-26,0,0.0,0.9333,14/15,0.1419,0.1569,0.1607,0.1686,0.1982,0.3573,0.2275,0.27,0.4231,0.1624,0.1797,0.2389,0.1848,0.1601,-0.2182,-0.3808,1.12,-38% off 52w high; 8-K: 2026-08-17: 1.01 Material agreement; 2.02 Earnings release; 2.03 New debt obligation; 5.02 Director/officer change; next report ~2026-10-27,2026-10-27,,1.787,1408710
QLYS,"Qualys, Inc.",Nasdaq,Services-Prepackaged Software,ABOVE STICKER,A,193.0,2026-10-02,6823129000.0,125.3177,62.6589,127.9244,88.8063,1.5401,,0.1298,25.9669,56.289,33.5069,5.76,313957000.0,0.046,2026-06-30,0,0.0,0.9333,14/15,0.2244,0.3085,0.3178,0.1295,0.1301,0.1013,0.2696,0.1931,0.1699,0.1169,0.0917,0.2052,0.1671,0.1143,0.2675,-0.0424,0.0,next report ~2026-11-03,2026-11-03,,1.786,1107843
BSY,"BENTLEY SYSTEMS, INCORPORATED",Nasdaq,Services-Prepackaged Software,ABOVE STICKER,C,32.23,2026-10-02,10327645672.85,27.0,13.5,24.5579,15.5569,1.1937,,0.15,30.0,67.8264,35.8111,0.9,498499000.0,0.0483,2026-06-30,1217180000.0,2.4008,0.9091,10/11,0.2084,0.0888,0.1178,,0.1338,0.1099,,0.1514,0.1806,,0.2563,0.1449,,0.1582,0.237,-0.437,1.35,-44% off 52w high; 8-K: 2026-09-11: 8.01 Other event; next report ~2026-11-05,2026-11-05,,1.768,1031308
MEDP,"Medpace Holdings, Inc.",Nasdaq,Services-Commercial Physical & Biological Research,ABOVE STICKER,B,599.47,2026-10-02,17241356670.0,510.6,255.3,387.8736,245.7098,1.1741,,0.15,30.0,33.7082,35.2215,17.02,706686000.0,0.041,2026-06-30,0,0.0,0.7333,11/15,0.3293,0.5501,0.9692,0.2156,0.2227,0.1997,,0.3181,0.2098,0.0166,-0.0616,-0.3971,0.2358,0.2249,0.1715,-0.1157,0.56,13D: SCHEDULE 13D/A 2026-09-28; next report ~2026-10-22,2026-10-22,,1.759,1668397
APH,AMPHENOL CORPORATION,NYSE,Electronic Connectors,ABOVE STICKER,B,86.96,2026-10-02,112126224000.0,63.1918,31.5959,57.7088,36.5573,1.3761,,0.15,15.7979,15.7979,21.74,4.0,4713700000.0,0.042,2026-06-30,17926900000.0,3.3267,1.0,15/15,0.1566,0.1614,0.1612,0.1529,0.2185,0.5171,0.1868,0.2779,0.7396,0.1517,0.1912,0.3549,0.1796,0.2755,0.9095,-0.0258,0.0,8-K: 2026-09-04: 8.01 Other event; next report ~2026-10-30,2026-10-30,,1.748,820313
NXT,Nextpower Inc.,Nasdaq,Semiconductors & Related Devices,ABOVE STICKER,A,84.3,2026-10-02,13078458460.8,49.1387,24.5693,55.8336,35.3694,1.7156,,0.15,12.6973,12.6973,21.7829,3.87,548728000.0,0.042,2026-07-03,0,0.0,0.8889,8/9,0.3135,0.3268,0.2452,,0.2438,0.2028,,,0.1066,,,0.4015,,0.4296,-0.1416,-0.4832,1.53,-48% off 52w high; next report ~2026-11-02,2026-11-02,,1.729,1852131
ENPH,"Enphase Energy, Inc.",Nasdaq,Semiconductors & Related Devices,ABOVE STICKER,C,33.47,2026-10-02,4395849390.0,30.3,15.15,17.4362,11.0455,1.1046,,0.15,30.0,56.8645,33.1386,1.01,145068000.0,0.033,2026-03-31,572510000.0,5.9665,0.6154,8/13,-0.2286,0.1261,0.0798,0.1522,0.1372,0.1072,,,0.72,0.2412,0.1877,0.3544,,-0.0879,-0.7342,-0.5461,2.8,"-55% off 52w high; insider buying (1 Form 4s, $0.05M); 8-K: 2026-08-10: 7.01 Reg FD disclosure; next report ~2026-10-27",2026-10-27,,1.722,1463101
TXRH,"Texas Roadhouse, Inc.",Nasdaq,Retail-Eating  Places,ON DECK,C,156.14,2026-10-02,10308206660.0,174.0074,87.0037,97.171,61.5558,0.8973,,0.15,27.8412,27.8412,24.9824,6.25,406385000.0,0.0394,2026-06-30,100000000.0,0.0,0.6667,10/15,0.2051,0.2712,0.2801,0.1252,0.1964,0.0939,0.1611,0.6843,-0.0572,0.0878,0.106,0.0835,0.1235,0.2594,-0.0313,-0.2781,0.71,-28% off 52w high; 8-K: 2026-08-06: 2.02 Earnings release; 8.01 Other event; next report ~2026-11-06,2026-11-06,,1.716,1289460
UTHR,United Therapeutics Corporation,Nasdaq,Pharmaceutical Preparations,ABOVE STICKER,A,541.7,2026-10-02,25189050000.0,354.1302,177.0651,350.0461,235.0538,1.5297,,0.1372,14.1958,14.1958,19.4088,27.91,1093000000.0,0.0434,2026-06-30,0,0.0,0.8667,13/15,0.1701,0.1503,0.1638,0.0806,0.165,0.1061,0.0816,0.1928,0.1307,0.1692,0.1424,0.115,0.1509,0.1562,0.1764,-0.111,0.04,8-K: 2026-09-08: 1.01 Material agreement; 7.01 Reg FD disclosure; next report ~2026-11-04,2026-11-04,,1.684,1082554
JLL,JONES LANG LASALLE INC,NYSE,Real Estate Agents & Managers (For Others),BUY*,B,306.81,2026-10-02,14532976080.0,250.643,125.3215,347.7657,265.559,1.2241,PaybackTime,0.1089,17.3056,17.3056,14.7151,20.85,1257900000.0,0.0866,2026-06-30,472700000.0,0.0,0.7333,11/15,0.109,0.1102,0.1181,0.1591,0.095,0.1145,0.0545,0.1632,0.4513,0.1012,0.0802,0.1094,0.1226,0.0139,0.5206,-0.221,0.48,-22% off 52w high; 8-K: 2026-09-30: 5.02 Director/officer change; next report ~2026-10-29,2026-10-29,,1.638,1037976
WTS,WATTS WATER TECHNOLOGIES INC,NYSE,Miscellaneous Fabricated Metal Products,ABOVE STICKER,A,363.07,2026-10-02,12162845000.0,241.2305,120.6152,148.9265,104.2985,1.5051,,0.1279,25.58,26.4739,31.7092,11.45,349400000.0,0.0287,2026-06-28,190500000.0,0.5549,0.8,12/15,0.1249,0.1521,0.1539,0.0521,0.1008,0.0827,,0.2479,0.1703,0.116,0.1398,0.1872,0.139,0.1193,0.1133,-0.0798,0.0,8-K: 2026-10-01: 5.02 Director/officer change; next report ~2026-11-05,2026-11-05,,1.59,795403
IRMD,IRADIMED CORPORATION,Nasdaq,Surgical & Medical Instruments & Apparatus,ABOVE STICKER,A,85.4,2026-10-02,1099183400.0,53.7,26.85,30.8064,19.5152,1.5903,,0.15,30.0,38.07,47.7095,1.79,25118000.0,0.0229,2026-06-30,0,0.0,0.8,12/15,0.1479,0.1877,0.219,0.1025,0.2145,0.1443,0.113,0.7391,0.1667,0.1121,0.0833,0.0839,0.1255,0.338,-0.0264,-0.2085,0.43,-21% off 52w high; next report ~2026-10-30,2026-10-30,,1.527,1325618
TTEK,TETRA TECH INC,Nasdaq,Services-Engineering Services,ON DECK,C,33.12,2026-10-02,8659522080.0,34.3927,17.1964,29.7551,20.9335,0.963,,0.1269,25.3798,30.4877,19.9518,1.66,547326000.0,0.0632,2026-06-28,1051057000.0,1.7387,0.6429,9/14,0.1275,0.1396,0.1054,,0.1269,0.0469,0.2193,0.0803,-0.2439,0.0912,0.1206,-0.017,0.1089,0.1176,0.2759,-0.2323,0.53,-23% off 52w high; 8-K: 2026-09-10: 8.01 Other event; next report ~2026-10-30,2026-10-30,,1.492,831641
REGN,"REGENERON PHARMACEUTICALS, INC.",Nasdaq,Pharmaceutical Preparations,ABOVE STICKER,C,735.2,2026-10-02,78519360000.0,727.571,363.7855,539.3496,352.0974,1.0105,,0.1434,19.0757,19.0757,18.1935,40.41,3760400000.0,0.0479,2026-06-30,1986600000.0,0.4867,0.7333,11/15,0.2017,0.1783,0.0927,0.1333,0.1104,0.0099,0.2235,0.0633,0.0819,0.2468,0.2461,0.1286,0.141,0.1372,0.1263,-0.1445,0.18,8-K: 2026-09-30: 5.02 Director/officer change; next report ~2026-10-29,2026-10-29,,1.491,872589
RJF,"RAYMOND JAMES FINANCIAL, INC.",NYSE,"Security Brokers, Dealers & Flotation Companies",ABOVE STICKER,B,158.21,2026-10-02,31499611000.0,125.6947,62.8474,104.0937,72.4259,1.2587,,0.1293,13.1369,13.1369,13.7934,11.47,1442000000.0,0.0458,2026-06-30,3988000.0,0.0,0.7333,11/15,0.1476,0.1695,0.1708,0.116,0.1427,0.0663,0.1162,0.2156,0.0619,0.0692,0.1234,0.1007,0.1048,-0.0978,0.1295,-0.1342,0.14,8-K: 2026-09-23: 7.01 Reg FD disclosure; next report ~2026-11-04,2026-11-04,financial (bank/insurer/broker): OCF-based tests less meaningful,1.484,720005
CASY,"CASEY’S GENERAL STORES, INC.",Nasdaq,Retail-Auto Dealers & Gasoline Stations,ABOVE STICKER,C,617.76,2026-10-02,22945000684.32,496.9169,248.4584,275.0268,174.7137,1.2432,,0.1494,24.0654,24.0654,29.7572,20.76,648926000.0,0.0283,2026-07-31,2430523000.0,3.2292,0.8667,13/15,0.0998,0.1013,0.1137,0.0944,0.1506,0.1016,0.1283,0.1799,0.3087,0.1445,0.1542,0.1281,0.113,0.1137,0.2628,-0.3342,0.94,-33% off 52w high; 8-K: 2026-09-08: 2.02 Earnings release; next report ~2026-12-08,2026-12-08,,1.482,726958
MTDR,Matador Resources Company,NYSE,Crude Petroleum & Natural Gas,BUY*,C,53.5,2026-10-02,6644967500.0,47.2654,23.6327,64.2727,40.7154,1.1319,PaybackTime,0.15,8.1073,8.1073,9.1767,5.83,505706000.0,0.0761,2026-06-30,4216410000.0,12.6197,0.6667,10/15,0.1025,0.2189,0.1128,0.278,0.3379,0.0546,,,-0.1471,0.2247,0.3259,0.1073,0.2781,0.384,0.0793,-0.1996,1.65,"insider buying (7 Form 4s, $1.24M); 8-K: 2026-09-10: 5.02 Director/officer change; next report ~2026-11-06",2026-11-06,,1.482,1520006
TSSI,"TSS, INC.",Nasdaq,Services-Management Consulting Services,ABOVE STICKER,C,10.24,2026-10-02,301854720.0,9.4714,4.7357,,,1.0811,,0.15,18.2143,18.2143,19.6923,0.52,-20978000.0,-0.0695,2026-06-30,16080000.0,6.6057,0.6,9/15,0.2039,0.0687,0.0697,0.2362,0.4039,0.6586,,,1.3333,,0.7936,8.8894,,0.2838,1.2792,-0.5296,1.72,-53% off 52w high; 8-K: 2026-08-13: 2.02 Earnings release; next report ~2026-11-12,2026-11-12,micro-cap,1.468,1320760
DORM,"Dorman Products, Inc.",Nasdaq,Motor Vehicle Parts & Accessories,ON DECK,C,123.06,2026-10-02,3717027300.0,129.8806,64.9403,99.5548,70.9058,0.9475,,0.1242,22.6039,22.6039,17.068,7.21,214171000.0,0.0576,2026-06-27,440479000.0,5.3184,0.6,9/15,0.1352,0.1148,0.1181,0.1025,0.1428,0.0603,0.0983,0.1501,0.0814,0.1266,0.1274,0.1494,0.0213,-0.0565,-0.5082,-0.2496,0.6,-25% off 52w high; next report ~2026-11-03,2026-11-03,,1.455,868780
VITL,"Vital Farms, Inc.",Nasdaq,Food and Kindred Products,NO STICKER,A,9.06,2026-10-02,389643501.54,,,,,,,0.15,,30.7775,,-0.05,-126126000.0,-0.3237,2026-06-28,31104000.0,0.0,0.9091,10/11,0.2757,0.1031,0.1827,,0.288,0.2526,,0.3977,0.2203,,0.1205,0.279,,0.2398,-0.4799,-0.7994,2.5,-80% off 52w high; neg 8-K: 2026-08-06: Agreement terminated; next report ~2026-11-05,2026-11-05,micro-cap,1.443,1579733
IESC,"IES Holdings, Inc.",Nasdaq,Electrical Work,ABOVE STICKER,A,339.34,2026-10-02,13700441219.92,185.1854,92.5927,89.3015,56.5706,1.8324,,0.15,16.4536,16.4536,30.1502,11.255,228397000.0,0.0167,2026-06-30,0,0.0,1.0,15/15,0.1755,0.2493,0.3272,0.1937,0.2314,0.1689,0.3459,0.5058,0.5187,0.2498,0.2667,0.4631,0.379,0.3011,0.2205,-0.1688,0.28,8-K: 2026-08-11: 1.01 Material agreement; 3.02 Unregistered equity sale; 7.01 Reg FD disclosure; next report ~2026-10-30,2026-10-30,,1.405,1048268
URI,"United Rentals, Inc.",NYSE,"Services-Equipment Rental & Leasing, NEC",ABOVE STICKER,A,1081.04,2026-10-02,68133627040.0,675.7709,337.8854,287.7849,182.3057,1.5997,,0.15,17.2699,17.2699,27.6269,39.13,1149000000.0,0.0169,2026-03-31,13886000000.0,2.7557,0.8,12/15,0.1172,0.1307,0.1276,0.1072,0.1355,0.0491,0.2032,0.2591,-0.0021,0.2466,0.1737,0.0717,0.1003,0.1432,0.1417,-0.0832,0.0,8-K: 2026-09-08: 7.01 Reg FD disclosure; next report ~2026-10-21,2026-10-21,,1.401,1067701
PNRG,PrimeEnergy Resources Corporation,Nasdaq,Crude Petroleum & Natural Gas,BUY*,C,204.66,2026-10-02,487122726.96,174.6604,87.3302,323.4957,204.9277,1.1718,PaybackTime+TenCap,0.15,16.8591,16.8591,19.7548,10.36,48776000.0,0.1001,2026-06-30,1365000.0,0.0,0.6,9/15,0.1408,0.1827,0.122,0.091,0.2647,-0.205,,,-0.5052,0.1396,0.1283,0.1073,0.1638,0.4265,-0.1654,-0.2662,2.17,"-27% off 52w high; insider buying (1 Form 4s, $0.02M); 13D: SCHEDULE 13D/A 2026-09-24, SCHEDULE 13D/A 2026-09-02; next report ~2026-11-13",2026-11-13,micro-cap,1.399,56868
OLLI,"Ollie's Bargain Outlet Holdings, Inc.",Nasdaq,Retail-Variety Stores,ABOVE STICKER,B,88.055,2026-10-02,5346083215.0,62.3582,31.1791,47.2039,36.7704,1.4121,,0.1045,20.8941,28.9064,19.6991,4.47,223244000.0,0.0418,2026-08-01,6438000.0,0.005,0.7333,11/15,0.1241,0.1072,0.1198,0.1326,0.0793,0.2599,0.1978,0.0112,0.3322,0.1174,0.0857,0.2578,0.2052,-0.0387,0.1652,-0.3393,0.96,-34% off 52w high; 8-K: 2026-09-02: 2.02 Earnings release; next report ~2026-12-02,2026-12-02,,1.382,1639300
UVE,"UNIVERSAL INSURANCE HOLDINGS, INC.",NYSE,"Fire, Marine & Casualty Insurance",BUY*,C,43.95,2026-10-02,1270198950.0,47.4174,23.7087,146.9916,117.5336,0.9269,PaybackTime+TenCap,0.0987,9.8328,9.8328,5.7753,7.61,339684000.0,0.2674,2026-06-30,97852000.0,0.2665,0.6,9/15,0.1395,0.1074,0.2808,0.1137,0.0838,0.0548,0.0784,0.6014,2.1443,0.0883,0.0625,0.4925,0.0569,0.6703,1.7774,-0.0266,0.0,next report ~2026-10-29,2026-10-29,financial (bank/insurer/broker): OCF-based tests less meaningful,1.346,891166
REX,REX AMERICAN RESOURCES CORPORATION,NYSE,Industrial Organic Chemicals,ABOVE STICKER,C,43.37,2026-10-02,1432034030.0,39.1258,19.5629,27.3697,20.7614,1.1085,,0.1103,15.2291,15.2291,11.8822,3.65,68552000.0,0.0479,2026-07-31,14500000.0,0.0,0.7333,11/15,0.0847,0.1083,0.1358,0.0407,0.1179,0.0124,0.1331,0.9823,0.5152,0.0999,0.1208,0.1576,0.1136,0.687,0.8356,-0.1872,0.35,8-K: 2026-09-02: 2.02 Earnings release; next report ~2026-12-03,2026-12-03,,1.337,744187
HWKN,"HAWKINS, INC.",Nasdaq,Wholesale-Chemicals & Allied Products,ABOVE STICKER,A,131.41,2026-10-02,2740422957.31,55.6658,27.8329,63.2065,43.9671,2.3607,,0.1294,17.2798,17.2798,34.044,3.86,91689000.0,0.0335,2026-06-28,253812000.0,2.8343,0.9333,14/15,0.1048,0.1369,0.1163,0.101,0.1267,0.1121,0.1635,0.1517,-0.0298,0.1042,0.1546,0.1643,0.1479,0.2694,0.2991,-0.2941,1.83,"-29% off 52w high; insider buying (2 Form 4s, $0.26M); 8-K: 2026-08-14: 5.02 Director/officer change; next report ~2026-10-28",2026-10-28,,1.324,46250
HEI,HEICO CORPORATION,NYSE,Aircraft Engines & Engine Parts,ABOVE STICKER,A,302.45,2026-10-02,42682348900.0,159.9994,79.9997,111.3555,73.0063,1.8903,,0.1424,28.4865,56.5602,50.4083,6.0,1030280000.0,0.0241,2026-07-31,2541173000.0,2.5129,1.0,15/15,0.1304,0.1215,0.1314,0.142,0.2021,0.1626,0.1205,0.1643,0.3351,0.1234,0.1622,0.179,0.1838,0.1796,0.3895,-0.1974,0.39,8-K: 2026-08-25: 2.02 Earnings release; next report ~2026-11-26,2026-11-26,,1.317,46619
LAD,"Lithia Motors, Inc.",NYSE,Retail-Auto Dealers & Gasoline Stations,ABOVE STICKER,C,307.77,2026-10-02,7078710000.0,290.9308,145.4654,,,1.0579,,0.1364,10.8503,10.8503,10.1911,30.2,-504300000.0,-0.0712,2026-06-30,9690733000.0,1668.8103,0.6,9/15,0.1271,0.1098,0.073,0.1695,0.2345,0.04,0.1668,0.106,0.0975,0.2359,0.1868,0.0594,0.1619,-0.0811,-0.1609,-0.2997,0.8,-30% off 52w high; 8-K: 2026-09-25: 5.02 Director/officer change; next report ~2026-10-28,2026-10-28,,1.284,1023128
PRI,"Primerica, Inc.",NYSE,Life Insurance,BUY*,C,275.42,2026-10-02,8670497020.0,260.2353,130.1177,381.0317,282.0219,1.0583,PaybackTime+TenCap,0.1157,14.1555,14.1555,11.0699,24.88,887833000.0,0.1024,2026-06-30,374433000.0,0.0,0.6667,10/15,0.2622,0.3083,0.3061,0.0889,0.0822,0.0656,0.2,0.1908,0.671,0.1277,0.1038,0.133,0.1328,0.0697,0.0453,-0.1585,0.23,8-K: 2026-08-05: 2.02 Earnings release; 7.01 Reg FD disclosure; next report ~2026-11-05,2026-11-05,financial (bank/insurer/broker): OCF-based tests less meaningful,1.274,1475922
INVA,"INNOVIVA, INC.",Nasdaq,Pharmaceutical Preparations,BUY*,C,20.5,2026-10-02,1732844500.0,19.0846,9.5423,28.598,22.4115,1.0742,PaybackTime+TenCap,0.1031,6.7121,6.7121,4.7564,4.31,189442000.0,0.1093,2026-06-30,258454000.0,1.3163,0.6,9/15,0.2784,0.1798,0.095,0.2252,0.0408,0.1467,,0.1031,8.1667,,0.2382,0.4852,0.3454,-0.0886,0.0437,-0.1849,0.84,13D: SCHEDULE 13D/A 2026-05-13; 8-K: 2026-08-05: 2.02 Earnings release; next report ~2026-11-04,2026-11-04,PE<5: check one-off gains,1.262,1080014
ENVA,"Enova International, Inc.",NYSE,Personal Credit Institutions,BUY*,C,172.89,2026-10-02,4554441270.0,129.3391,64.6696,1016.2497,741.2903,1.3367,PaybackTime+TenCap,0.1189,12.6361,12.6361,12.8447,13.46,1952781000.0,0.4288,2026-06-30,5013901000.0,2.5386,0.8,12/15,0.1106,0.0964,0.0974,0.1705,0.238,0.1858,0.241,-0.0031,0.5505,0.2312,0.1194,0.1763,0.2041,0.1968,0.1823,-0.3536,1.01,-35% off 52w high; 8-K: 2026-09-25: 1.01 Material agreement; 2.03 New debt obligation; next report ~2026-10-22,2026-10-22,financial (bank/insurer/broker): OCF-based tests less meaningful,1.179,1529864
QSR,RESTAURANT BRANDS INTERNATIONAL INC.,NYSE,Retail-Eating  Places,ABOVE STICKER,C,69.91,2026-10-02,32088690000.0,59.9362,29.9681,47.3428,35.5556,1.1664,,0.1125,22.5029,24.7591,18.8437,3.71,1632000000.0,0.0509,2026-06-30,13254000000.0,9.1442,0.6667,10/15,0.115,0.1156,0.093,0.0882,0.1368,0.1223,0.1674,0.0799,-0.261,0.1097,0.1142,0.1608,0.0359,0.1323,0.1404,-0.147,0.69,"13D: SCHEDULE 13D/A 2026-08-12, SCHEDULE 13D/A 2026-08-10; 8-K: 2026-08-10: 7.01 Reg FD disclosure; next report ~2026-11-05",2026-11-05,,1.173,1618756
MYRG,MYR GROUP INC.,Nasdaq,"Water, Sewer, Pipeline, Comm & Power Line Construction",ABOVE STICKER,A,304.77,2026-10-02,4788546240.0,147.1396,73.5698,158.0507,123.0671,2.0713,,0.1046,20.9118,23.322,28.943,10.53,193363000.0,0.0404,2026-06-30,9372000.0,0.2346,0.9286,13/14,0.1122,0.1337,0.1714,,0.1023,0.0879,0.192,0.1669,3.1148,0.1035,0.1056,0.1558,0.2248,0.1327,2.7487,-0.3948,1.18,-39% off 52w high; 8-K: 2026-09-10: 1.01 Material agreement; 2.03 New debt obligation; next report ~2026-10-28,2026-10-28,,1.152,700923
SGI,SOMNIGROUP INTERNATIONAL INC.,NYSE,Household Furniture,ABOVE STICKER,C,61.97,2026-10-02,13174822000.0,44.322,22.161,49.896,36.1712,1.3982,,0.1203,22.7581,22.7581,24.4941,2.53,769000000.0,0.0584,2026-06-30,4330200000.0,7.2753,0.6667,10/15,0.1581,0.1654,0.0784,0.0901,0.1525,0.5163,0.2173,0.0233,-0.1481,0.2906,0.4433,3.736,0.1307,0.0409,0.2005,-0.3712,2.46,"-37% off 52w high; insider buying (1 Form 4s, $1.89M); 8-K: 2026-08-26: 2.01 Acquisition/disposition; 2.03 New debt obligation; 7.01 Reg FD disclosure; next report ~2026-11-06",2026-11-06,,1.152,1206264
DKS,"DICK'S Sporting Goods, Inc.",NYSE,Retail-Miscellaneous Shopping Goods Stores,ABOVE STICKER,C,136.08,2026-10-02,12283805520.0,89.8959,44.948,37.5216,26.5214,1.5138,,0.1259,12.2664,12.2664,15.0199,9.06,239406000.0,0.0195,2026-08-01,0,0.0,0.6667,10/15,0.3027,0.4277,0.1471,0.09,0.1243,0.3258,0.1342,0.1175,-0.1814,0.1556,0.2084,1.1362,0.0898,-0.002,0.0066,-0.4432,3.37,"-44% off 52w high; insider buying (8 Form 4s, $5.59M); 8-K: 2026-09-25: 1.01 Material agreement; next report ~2026-12-03",2026-12-03,,1.148,1089063
BR,"BROADRIDGE FINANCIAL SOLUTIONS, INC.",NYSE,"Services-Business Services, NEC",ABOVE STICKER,C,156.93,2026-10-02,18376503000.0,129.0971,64.5486,138.9068,109.1716,1.2156,,0.1025,20.5021,32.873,16.3469,9.6,1278400000.0,0.0696,2026-06-30,3254600000.0,2.5458,0.6667,10/15,0.1614,0.1516,0.1686,0.0995,0.0841,0.0853,0.1427,0.156,0.3521,0.1093,0.0957,0.0808,0.1189,0.1602,0.1488,-0.3426,0.97,-34% off 52w high; next report ~2026-10-13,2026-10-13,,1.145,1383312
CASH,"PATHWARD FINANCIAL, INC.",Nasdaq,National Commercial Banks,BUY*,C,73.96,2026-10-02,1610374864.32,63.3724,31.6862,412.9674,313.9615,1.1671,PaybackTime+TenCap,0.1098,11.3186,11.3186,9.2566,7.99,683607000.0,0.4245,2026-06-30,42533000.0,0.0762,0.6429,9/14,0.1444,0.203,0.2085,,0.1098,0.0533,0.244,0.2177,0.0931,0.1061,0.0853,0.1177,0.2479,-0.0072,-0.0781,-0.2696,0.68,-27% off 52w high; 8-K: 2026-09-17: 5.02 Director/officer change; next report ~2026-11-05,2026-11-05,financial (bank/insurer/broker): OCF-based tests less meaningful,1.122,907471
STRL,"STERLING INFRASTRUCTURE, INC.",Nasdaq,Heavy Construction Other Than Bldg Const - Contractors,ABOVE STICKER,A,533.42,2026-10-02,16594696200.0,197.6034,98.8017,244.5775,154.9347,2.6994,,0.15,14.2366,14.2366,38.4308,13.88,482002000.0,0.029,2026-06-30,283875000.0,0.7607,0.8667,13/15,0.1246,0.1696,0.2316,0.1485,0.1521,0.1769,,0.4429,0.1342,0.2189,0.3046,0.3806,0.4809,0.2906,-0.1149,-0.4696,1.48,-47% off 52w high; next report ~2026-11-03,2026-11-03,,1.103,874238
KLAC,KLA Corporation,Nasdaq,Optical Instruments & Lenses,ABOVE STICKER,A,206.89,2026-10-02,273018871370.0,89.6251,44.8126,45.0636,28.5468,2.3084,,0.15,24.4877,24.4877,56.5273,3.66,3767134000.0,0.0138,2026-06-30,5887415000.0,1.5628,0.9333,14/15,0.3019,0.3748,0.3948,0.1636,0.1444,0.1171,0.2335,0.2231,0.2039,0.2704,0.1723,0.3715,0.1849,0.1365,0.015,-0.3269,0.91,-33% off 52w high; 8-K: 2026-08-06: 8.01 Other event; next report ~2026-10-15,2026-10-15,,1.094,319201
MRSH,"Marsh & McLennan Companies, Inc.",NYSE,"Insurance Agents, Brokers & Service",ABOVE STICKER,B,170.06,2026-10-02,82309040000.0,115.9286,57.9643,126.8891,98.4917,1.4669,,0.1053,21.0507,26.9084,20.7643,8.19,4767000000.0,0.0579,2026-06-30,19537000000.0,3.6633,0.7143,10/14,0.1406,0.1466,0.1414,,0.0939,0.1032,0.1096,0.1643,0.0306,0.0967,0.1138,0.1361,0.1086,0.0937,0.2301,-0.1817,0.33,next report ~2026-10-20,2026-10-20,financial (bank/insurer/broker): OCF-based tests less meaningful,1.077,62709
CB,CHUBB LIMITED,NYSE,"Fire, Marine & Casualty Insurance",BUY*,C,330.89,2026-10-02,130569029878.56,310.9125,155.4562,514.1692,385.1247,1.0643,PaybackTime+TenCap,0.1131,15.2385,15.2385,11.7046,28.27,15197000000.0,0.1164,2026-03-31,17220000000.0,1.2272,0.6,9/15,0.086,0.1109,0.1152,0.1208,0.1054,0.0654,0.1153,0.2694,0.1313,0.0756,0.0698,0.1721,0.1274,0.0555,-0.208,-0.0957,0.0,next report ~2026-10-27,2026-10-27,financial (bank/insurer/broker): OCF-based tests less meaningful,1.071,896159
SAIA,"Saia, Inc.",Nasdaq,Trucking (No Local),ABOVE STICKER,C,351.12,2026-10-02,9417740640.0,274.2853,137.1426,146.3287,95.1558,1.2801,,0.1442,27.8413,27.8413,33.8919,10.36,255227000.0,0.0271,2026-06-30,109560000.0,5.9633,0.7143,10/14,0.1494,0.1721,0.0971,,0.1216,0.0079,0.1599,0.1286,-0.2953,0.1907,0.2163,0.1159,0.151,0.1399,0.0193,-0.2903,0.76,-29% off 52w high; 8-K: 2026-09-03: 8.01 Other event; next report ~2026-10-29,2026-10-29,,1.058,1177702
VCTR,"Victory Capital Holdings, Inc.",Nasdaq,Investment Advice,BUY*,A,113.23,2026-10-02,7200635390.0,63.0355,31.5178,139.903,88.6256,1.7963,PaybackTime,0.15,11.461,11.461,20.5873,5.5,563597000.0,0.0783,2026-06-30,967974000.0,2.5438,0.8,12/15,0.1164,0.1372,0.1061,0.1842,0.1099,0.4619,0.4817,0.0721,-0.0685,0.2156,0.3065,1.1472,0.2522,0.0899,0.1338,-0.0835,0.0,8-K: 2026-09-11: 8.01 Other event; next report ~2026-11-05,2026-11-05,,1.007,1570827
ANET,"Arista Networks, Inc.",NYSE,Computer Communications Equipment,ABOVE STICKER,A,207.35,2026-10-02,264350515000.0,12.5469,6.2735,63.833,40.4369,16.5259,,0.15,30.0,43.23,495.7779,0.4182,5155300000.0,0.0195,2026-06-30,0,0.0,1.0,15/15,0.2267,0.2523,0.2576,0.2681,0.3119,0.286,0.387,0.4063,0.2332,0.3025,0.3,0.2429,0.338,0.4284,0.179,-0.0351,0.0,next report ~2026-11-04,2026-11-04,,1.0,1596532
LPLA,LPL Financial Holdings Inc.,Nasdaq,"Security & Commodity Brokers, Dealers, Exchanges & Services",ABOVE STICKER,C,316.44,2026-10-02,25392094920.0,257.6375,128.8187,,,1.2282,,0.15,20.644,20.644,25.3558,12.48,-931291000.0,-0.0367,2026-06-30,7621349000.0,,0.6667,10/15,0.1213,0.1306,0.0685,0.148,0.2368,0.3718,0.2016,0.1326,-0.2217,0.2477,0.3292,0.7399,,,,-0.2092,0.44,-21% off 52w high; next report ~2026-11-02,2026-11-02,financial (bank/insurer/broker): OCF-based tests less meaningful,0.987,1397911
CLBT,Cellebrite DI Ltd.,Nasdaq,Services-Prepackaged Software,ABOVE STICKER,A,11.07,2026-10-02,2766427604.82,3.1364,1.5682,10.127,6.4152,3.5296,,0.15,13.6364,13.6364,48.1304,0.23,160319000.0,0.058,2025-12-31,0,0.0,0.8182,9/11,0.1852,0.2585,0.1186,,0.1953,0.1856,,,,,0.3031,0.2081,,0.2114,0.313,-0.4459,1.38,-45% off 52w high; next report ~2026-11-10,2026-11-10,EPS from yahoo TTM to 2026-06-30,0.981,1854587
AWI,"ARMSTRONG WORLD INDUSTRIES, INC.",NYSE,"Plastics Products, NEC",ABOVE STICKER,B,163.12,2026-10-02,6997848000.0,104.5269,52.2635,74.2954,57.5058,1.5606,,0.1059,21.175,23.2245,22.3452,7.3,246700000.0,0.0353,2026-06-30,492000000.0,1.6107,0.7333,11/15,0.2007,0.2103,0.2562,0.0725,0.1159,0.1211,0.1547,,0.1761,0.0415,0.1702,0.2006,0.0573,0.1019,0.3325,-0.2085,0.43,-21% off 52w high; 8-K: 2026-09-01: 7.01 Reg FD disclosure; next report ~2026-10-27,2026-10-27,,0.953,7431
CDNS,"CADENCE DESIGN SYSTEMS, INC.",Nasdaq,Services-Prepackaged Software,ABOVE STICKER,A,351.35,2026-10-02,96173278750.0,128.7,64.35,82.4637,52.239,2.73,,0.15,30.0,61.154,81.8998,4.29,1429912000.0,0.0149,2026-03-31,299879000.0,0.0,0.9333,14/15,0.2544,0.2581,0.1986,0.1202,0.1457,0.1412,0.1749,0.1399,0.0545,0.1635,0.1757,0.1735,0.1641,0.1382,0.3714,-0.1568,0.23,next report ~2026-10-28,2026-10-28,,0.924,813672
HALO,"HALOZYME THERAPEUTICS, INC.",Nasdaq,"Biological Products, (No Diagnostic Substances)",ABOVE STICKER,C,109.86,2026-10-02,13413027120.0,95.52,47.76,104.2404,66.0341,1.1501,,0.15,28.0117,28.0117,32.217,3.41,806224000.0,0.0601,2026-06-30,2146654000.0,3.324,0.6,9/15,0.146,0.1928,0.1453,0.2632,0.3916,0.3755,,0.2298,-0.2536,0.015,-0.1808,-0.8599,,0.6368,0.3601,-0.0598,0.0,8-K: 2026-09-30: 5.02 Director/officer change; next report ~2026-11-05,2026-11-05,,0.9,1159036
VEEV,Veeva Systems Inc.,NYSE,Services-Prepackaged Software,ABOVE STICKER,C,273.33,2026-10-02,45392459760.0,183.0,91.5,158.1519,100.1859,1.4936,,0.15,30.0,72.9217,44.8082,6.1,1663807000.0,0.0367,2026-07-31,0,0.0,0.9333,14/15,0.1308,0.1069,0.0966,0.2282,0.1688,0.1634,0.3049,0.1818,0.2593,0.2821,0.251,0.224,0.3326,0.2075,0.2983,-0.1197,0.08,8-K: 2026-08-26: 2.02 Earnings release; next report ~2026-11-26,2026-11-26,,0.899,1393052
PIPR,PIPER SANDLER COMPANIES,NYSE,"Security Brokers, Dealers & Flotation Companies",BUY*,C,65.36,2026-10-02,4656050320.0,51.8107,25.9054,86.7247,70.0133,1.2615,PaybackTime+TenCap,0.0966,19.3205,21.8438,15.1504,4.3141,498754000.0,0.1071,2026-06-30,0,0.0,0.6,9/15,0.0937,0.1616,0.2052,0.1058,0.0874,0.2433,0.1683,0.4221,0.5449,0.0354,0.0673,0.111,0.0445,-0.0553,0.8727,-0.3125,0.85,-31% off 52w high; 8-K: 2026-09-22: 5.02 Director/officer change; 7.01 Reg FD disclosure; next report ~2026-11-04,2026-11-04,financial (bank/insurer/broker): OCF-based tests less meaningful,0.889,1230245
AGX,ARGAN INC,NYSE,Construction - Special Trade Contractors,BUY*,B,383.83,2026-10-02,5443093230.0,211.1449,105.5724,607.4571,384.8114,1.8179,PaybackTime+TenCap,0.15,16.6781,16.6781,30.3183,12.66,545701000.0,0.1003,2026-07-31,0,0.0,0.7857,11/14,0.1236,0.1482,0.2501,,0.1922,0.0806,0.1494,0.4518,0.5837,0.0843,0.1003,0.2914,,0.187,1.4747,-0.5236,1.69,-52% off 52w high; 8-K: 2026-09-09: 8.01 Other event; next report ~2026-12-02,2026-12-02,,0.858,100591
ORCL,Oracle Corporation,NYSE,Services-Prepackaged Software,ABOVE STICKER,B,142.3,2026-10-02,426900000000.0001,54.431,27.2155,,,2.6143,,0.08,15.9925,27.0645,22.3041,6.38,-28720000000.0,-0.0673,2026-08-31,7199000000.0,0.0,0.7333,11/15,1.797,3.0248,0.383,0.0616,0.1072,0.1735,0.1091,0.0508,0.3433,0.0288,0.5312,1.0443,0.0886,0.1502,0.5358,-0.5588,3.53,"-56% off 52w high; insider buying (1 Form 4s, $3.48M); 8-K: 2026-09-14: 8.01 Other event; next report ~2026-12-11",2026-12-11,,0.849,1341439
LRCX,LAM RESEARCH CORPORATION,Nasdaq,"Special Industry Machinery, NEC",ABOVE STICKER,A,347.49,2026-10-02,438220333980.0,128.1435,64.0718,61.2262,38.7855,2.7117,,0.15,22.2471,22.2471,60.3281,5.76,4891252000.0,0.0112,2026-06-28,3722061000.0,0.7609,0.8667,13/15,0.3253,0.379,0.4453,0.1472,0.097,0.2602,0.2714,0.1645,0.388,0.1138,0.1898,0.2937,0.1581,0.103,-0.0511,-0.2075,0.43,-21% off 52w high; 8-K: 2026-08-27: 5.02 Director/officer change; next report ~2026-10-16,2026-10-16,,0.841,707549
ESLT,ELBIT SYSTEMS LTD,Nasdaq,"Aircraft Parts & Auxiliary Equipment, NEC",ABOVE STICKER,A,696.23,2026-10-02,32665719140.0,211.8925,105.9462,156.3619,117.8247,3.2858,,0.1118,22.3556,27.0857,52.3875,13.29,552810000.0,0.0169,2025-12-31,101452000.0,0.0326,0.8,12/15,0.1236,0.119,0.1459,0.0983,0.1123,0.1627,0.0916,0.1618,0.5864,0.1046,0.119,0.2006,0.06,0.2279,0.456,-0.3148,0.86,-31% off 52w high; next report ~2026-11-24,2026-11-24,EPS from yahoo TTM to 2026-06-30,0.815,1027664
PH,PARKER-HANNIFIN CORPORATION,NYSE,Miscellaneous Fabricated Metal Products,ABOVE STICKER,B,972.55,2026-10-02,124583655000.0,612.0995,306.0498,449.9212,304.84,1.5889,,0.1352,24.4674,24.4674,34.1485,28.48,3905000000.0,0.0313,2026-06-30,8178000000.0,1.9134,0.7333,11/15,0.1422,0.1559,0.1772,0.0659,0.0842,0.0831,0.1707,0.1636,0.0501,0.1366,0.1338,0.1443,0.1368,0.1113,0.1557,-0.1158,0.06,8-K: 2026-09-14: 8.01 Other event; next report ~2026-10-30,2026-10-30,,0.804,76334
MPWR,"Monolithic Power Systems, Inc.",Nasdaq,Semiconductors & Related Devices,ABOVE STICKER,A,1439.73,2026-10-02,70908142230.0,491.7,245.85,187.6753,118.8883,2.9281,,0.15,30.0,70.5791,87.842,16.39,585537000.0,0.0083,2026-06-30,0,0.0,0.8667,13/15,0.1677,0.1999,0.1674,0.2368,0.27,0.2643,0.3106,0.2973,-0.6055,0.2328,0.2888,0.2097,0.2823,0.2563,0.0632,-0.1601,0.24,8-K: 2026-09-10: 8.01 Other event; next report ~2026-11-04,2026-11-04,,0.793,1280452
AMAT,APPLIED MATERIALS INC /DE,Nasdaq,Semiconductors & Related Devices,ABOVE STICKER,A,540.04,2026-10-02,431491960000.0,234.9077,117.4539,111.0936,70.3755,2.2989,,0.15,20.2681,20.2681,46.5953,11.59,5623000000.0,0.013,2026-07-26,6444000000.0,1.1329,0.8,12/15,0.2669,0.309,0.2329,0.1138,0.1052,0.0439,0.227,0.1718,0.0058,0.1507,0.1713,0.109,0.2121,0.1591,-0.0829,-0.2699,0.68,-27% off 52w high; 8-K: 2026-08-27: 5.02 Director/officer change; 7.01 Reg FD disclosure; next report ~2026-11-19,2026-11-19,,0.77,6951
CSW,"CSW INDUSTRIALS, INC.",NYSE,Adhesives & Sealants,ABOVE STICKER,C,302.69,2026-10-02,4953521850.0,219.3,109.65,139.1691,88.1607,1.3803,,0.15,30.0,36.4448,41.4077,7.31,144275000.0,0.0291,2026-06-30,855451000.0,6.3434,0.7333,11/15,0.1159,0.1166,0.0691,0.1503,0.2089,0.2325,0.1525,0.2038,-0.2005,0.1434,0.1801,-0.0437,0.1368,0.177,-0.1111,-0.1485,0.19,8-K: 2026-08-31: 8.01 Other event; next report ~2026-10-29,2026-10-29,,0.754,1624794
HRB,H&R BLOCK INC,NYSE,Services-Personal Services,BUY*,C,41.68,2026-10-02,5371134880.0,31.6193,15.8096,62.1299,58.6719,1.3182,PaybackTime+TenCap,0.0621,12.3781,12.3781,7.364,5.66,756081000.0,0.1408,2026-06-30,1491493000.0,1.9727,0.6,9/15,0.3146,0.4028,0.4559,0.0265,0.0294,0.049,0.1428,0.1294,0.2893,0.2576,-0.1335,0.4085,0.0441,0.0603,0.2318,-0.2896,0.76,-29% off 52w high; 8-K: 2026-08-14: 5.02 Director/officer change; next report ~2026-10-23,2026-10-23,,0.754,12659
KFY,KORN FERRY,NYSE,Services-Employment Agencies,BUY*,C,71.92,2026-10-02,3692876240.0,56.5875,28.2937,74.9058,62.0691,1.271,PaybackTime,0.0909,18.1706,18.1706,13.6212,5.28,318706000.0,0.0863,2026-07-31,425407000.0,1.229,0.6,9/15,0.0979,0.12,0.1143,0.0812,0.1006,0.0643,0.2457,0.2009,0.1348,0.0664,0.0798,0.0626,0.1963,0.105,0.1368,-0.1782,0.31,8-K: 2026-09-29: 5.02 Director/officer change; next report ~2026-12-09,2026-12-09,,0.736,56679
PHM,"PULTEGROUP, INC.",NYSE,Operative Builders,BUY*,C,115.73,2026-10-02,22219002700.0,84.7774,42.3887,124.3564,78.7772,1.3651,PaybackTime,0.15,8.6596,8.6596,11.8212,9.79,1512443000.0,0.0681,2026-06-30,43900000.0,0.0251,0.6667,10/15,0.2071,0.2443,0.1703,0.1121,0.0942,-0.0354,0.2338,0.1651,-0.243,0.1727,0.2169,0.1265,,0.0096,0.1133,-0.1991,0.4,8-K: 2026-08-12: 1.01 Material agreement; 2.03 New debt obligation; next report ~2026-10-21,2026-10-21,,0.703,822416
FDS,FACTSET RESEARCH SYSTEMS INC.,NYSE,"Services-Computer Programming, Data Processing, Etc.",ABOVE STICKER,C,266.0,2026-10-02,9830562000.0,205.0496,102.5248,244.1222,191.6571,1.2972,,0.1027,20.5496,33.059,17.5231,15.18,708307000.0,0.0721,2026-05-31,1389701000.0,2.216,0.6,9/15,0.2251,0.1793,0.1743,0.0871,0.0922,0.0539,0.1054,0.1001,0.1179,0.163,0.1968,0.1502,0.0901,0.075,0.037,-0.17,0.28,8-K: 2026-09-30: 2.02 Earnings release; next report ~2026-12-30,2026-12-30,,0.676,1013237
MSCI,MSCI INC.,NYSE,"Services-Business Services, NEC",ABOVE STICKER,C,535.95,2026-10-02,39177945000.0,347.9746,173.9873,303.6895,218.5947,1.5402,,0.1219,24.3729,42.2691,29.3029,18.29,1597927000.0,0.0408,2026-06-30,6380400000.0,4.0037,0.6667,10/15,0.2584,0.3126,0.3886,0.1129,0.1308,0.0975,0.2269,0.1712,0.1167,,,,0.1733,0.1439,0.0578,-0.1688,1.48,"insider buying (1 Form 4s, $1.00M); 8-K: 2026-08-07: 5.02 Director/officer change; next report ~2026-10-20",2026-10-20,,0.623,1408198
SCCO,SOUTHERN COPPER CORP/,NYSE,Metal Mining,ABOVE STICKER,A,205.54,2026-10-02,169652716000.0,98.3325,49.1662,79.9129,61.7931,2.0903,,0.1061,21.2183,22.8841,30.0497,6.84,5100400000.0,0.0301,2026-06-30,8494400000.0,1.97,0.8,12/15,0.183,0.2344,0.2558,0.1028,0.1094,0.1738,0.1887,0.2088,0.2447,0.0726,0.074,0.169,0.1837,0.1129,0.0747,-0.069,0.0,next report ~2026-10-30,2026-10-30,,0.6,1001838
TDG,TransDigm Group Incorporated,NYSE,"Aircraft Parts & Auxiliary Equipment, NEC",ABOVE STICKER,B,1090.38,2026-10-02,63133002000.0,615.0769,307.5385,459.9789,332.8152,1.7728,,0.1207,24.1442,39.4075,33.0719,32.97,1927000000.0,0.0305,2026-06-27,32899000000.0,16.1294,0.7333,11/15,0.125,0.1301,0.1676,0.1255,0.1159,0.1122,0.1513,0.2906,0.2521,,,,0.1462,0.1094,-0.0034,-0.2547,0.62,-25% off 52w high; 8-K: 2026-09-29: 1.01 Material agreement; 2.03 New debt obligation; next report ~2026-11-03,2026-11-03,,0.576,1260221
EHC,Encompass Health Corporation,NYSE,Services-Hospitals,ABOVE STICKER,C,119.8,2026-10-02,12015940000.0,79.8472,39.9236,55.6763,41.2164,1.5004,,0.1157,17.6057,17.6057,19.5114,6.14,413400000.0,0.0344,2026-06-30,2579200000.0,5.5719,0.7857,11/14,0.102,0.0981,0.1159,,0.1072,0.1046,0.1124,0.1422,0.2422,0.147,0.0844,0.1796,0.0888,0.1078,0.1723,-0.064,0.0,8-K: 2026-08-13: 8.01 Other event; next report ~2026-11-06,2026-11-06,,0.571,785161
LDOS,"Leidos Holdings, Inc.",NYSE,Services-Computer Integrated Systems Design,BUY*,C,117.74,2026-10-02,14952980000.0,74.8781,37.4391,187.9357,170.315,1.5724,PaybackTime+TenCap,0.0711,14.2268,20.2446,10.9935,10.71,2163000000.0,0.1447,2026-07-03,6031000000.0,2.848,0.6364,7/11,0.1034,0.1169,0.1692,,0.0691,0.0307,,0.2064,0.2082,,0.0711,0.1657,,0.0558,0.2195,-0.4278,1.31,-43% off 52w high; 8-K: 2026-10-01: 5.02 Director/officer change; next report ~2026-11-03,2026-11-03,,0.455,1336920
FND,"Floor & Decor Holdings, Inc.",NYSE,Retail-Lumber & Other Building Materials Dealers,ABOVE STICKER,C,45.49,2026-10-02,4927431310.0,29.7545,14.8773,25.0335,19.5162,1.5288,,0.1043,20.8583,41.1818,21.257,2.14,211397000.0,0.0429,2026-06-25,195328000.0,3.0214,0.6,9/15,0.1458,0.1253,0.0812,0.1957,0.1407,0.0512,0.2,0.0085,0.0105,0.1989,0.1878,0.109,0.3405,-0.0123,-0.3669,-0.4127,1.25,-41% off 52w high; next report ~2026-10-29,2026-10-29,,0.455,1507079
KAI,KADANT INC,NYSE,Special Industry Machinery (No Metalworking Machinery),ABOVE STICKER,C,268.83,2026-10-02,3175151130.0,163.3383,81.6692,184.2775,135.4568,1.6458,,0.1172,23.4483,28.9368,28.9065,9.3,159988000.0,0.0504,2026-07-04,510632000.0,2.4159,0.8,12/15,0.1057,0.1174,0.084,0.1043,0.1063,-0.0011,0.1081,0.1264,-0.0876,0.1321,0.1417,0.1544,0.1555,0.1303,0.1035,-0.2407,0.56,-24% off 52w high; 8-K: 2026-09-10: 5.02 Director/officer change; 7.01 Reg FD disclosure; next report ~2026-11-11,2026-11-11,,0.448,886346
PLUS,ePlus inc.,Nasdaq,Wholesale-Computers & Peripheral Equipment & Software,ABOVE STICKER,C,93.4,2026-10-02,2434190800.0,63.9749,31.9874,29.8476,21.0137,1.4599,,0.1267,17.135,17.135,20.393,4.58,54766000.0,0.0225,2026-06-30,38773000.0,0.0,0.6667,10/15,0.13,0.1162,0.1112,0.0733,0.0927,0.2212,0.1268,0.1267,0.2799,0.1408,0.141,0.1136,,,,-0.0483,0.0,next report ~2026-11-03,2026-11-03,,0.413,1022408
OTTR,OTTER TAIL CORPORATION,Nasdaq,Electric Services,ABOVE STICKER,C,88.87,2026-10-02,3741427000.0,63.1258,31.5629,,,1.4078,,0.1319,15.9749,15.9749,19.1944,4.63,-79267000.0,-0.0212,2026-06-30,1212866000.0,9.8406,0.6,9/15,0.1012,0.1229,0.0967,0.0524,0.0803,-0.0228,0.1528,0.2286,-0.0865,0.1065,0.1573,0.1146,0.1263,0.1274,-0.1474,-0.0654,0.0,8-K: 2026-09-01: 5.02 Director/officer change; next report ~2026-11-04,2026-11-04,,0.384,1466593
SPGI,S&P Global Inc.,NYSE,"Services-Consumer Credit Reporting, Collection Agencies",ABOVE STICKER,C,386.27,2026-10-02,114953952000.0,243.8739,121.9369,245.7003,186.6935,1.5839,,0.1099,21.9888,31.857,24.432,15.81,5556000000.0,0.0483,2026-03-31,13318000000.0,2.2672,0.6667,10/15,0.3599,0.18,0.1153,0.1118,0.1556,0.0794,0.1329,0.087,0.187,0.6442,1.1737,-0.0404,0.3185,0.0964,-0.0067,-0.2607,0.64,-26% off 52w high; next report ~2026-10-27,2026-10-27,financial (bank/insurer/broker): OCF-based tests less meaningful,0.326,64040
MTG,MGIC Investment Corp,NYSE,Surety Insurance,BUY*,C,26.95,2026-10-02,5782068600.0,18.3204,9.1602,42.7389,32.9288,1.471,PaybackTime+TenCap,0.1069,8.3893,8.3893,8.4219,3.2,706480000.0,0.1222,2026-06-30,643196000.0,0.0,0.6,9/15,0.1224,0.1369,0.1434,0.0154,0.0024,0.0049,0.0191,0.1947,0.0865,0.1644,0.1086,0.1175,0.1811,0.0309,0.1762,-0.1549,0.22,next report ~2026-10-28,2026-10-28,financial (bank/insurer/broker): OCF-based tests less meaningful,0.313,876437
BWXT,"BWX TECHNOLOGIES, INC.",NYSE,Engines & Turbines,ABOVE STICKER,B,134.86,2026-10-02,12401446170.08,31.5345,15.7673,39.2105,34.4464,4.2766,,0.078,15.5972,24.2556,34.9378,3.86,316762000.0,0.0255,2026-06-30,2019897000.0,6.8271,0.7333,11/15,0.1815,0.1325,0.1032,0.0849,0.0854,0.183,0.1137,0.0423,0.1661,0.1844,0.1576,0.1405,0.0365,0.1956,0.1749,-0.4423,1.37,-44% off 52w high; next report ~2026-11-02,2026-11-02,,0.309,1486957
TRV,"TRAVELERS COMPANIES, INC.",NYSE,"Fire, Marine & Casualty Insurance",BUY*,C,360.38,2026-10-02,77842080000.0,248.6628,124.3314,573.351,510.463,1.4493,PaybackTime+TenCap,0.075,13.1122,13.1122,9.685,37.21,11026000000.0,0.1416,2026-06-30,6161000000.0,0.0,0.6,9/15,0.1269,0.1498,0.1912,0.0618,0.0883,0.0518,0.0969,0.2113,0.2776,0.0675,0.0473,0.1987,0.1194,0.1022,0.1688,-0.0961,0.0,8-K: 2026-08-07: 5.02 Director/officer change; next report ~2026-10-16,2026-10-16,financial (bank/insurer/broker): OCF-based tests less meaningful,0.301,86312
MHO,"M/I HOMES, INC.",NYSE,Operative Builders,ABOVE STICKER,C,134.76,2026-10-02,3554429760.0,89.4443,44.7222,117.3381,74.3312,1.5066,,0.15,7.51,7.51,11.3149,11.91,196056000.0,0.0552,2026-06-30,0,0.0,0.6,9/15,0.1772,0.1991,0.1264,0.1203,0.0772,-0.0193,0.2426,0.1236,-0.2522,0.1929,0.2182,0.1268,,-0.0399,-0.2358,-0.1766,0.31,next report ~2026-10-30,2026-10-30,,0.264,799292
APO,"APOLLO GLOBAL MANAGEMENT, INC.",NYSE,Investment Advice,BUY*,C,114.02,2026-10-02,67647859965.86,65.5462,32.7731,252.0474,159.6668,1.7395,PaybackTime+TenCap,0.15,23.3261,23.3261,40.5765,2.81,9473000000.0,0.14,2026-06-30,13727000000.0,1.8443,0.7273,8/11,0.1031,0.118,0.0925,,0.6858,0.2273,,0.6596,-0.2442,,0.1017,0.3765,,,1.2275,-0.2562,1.12,-26% off 52w high; 13D: SCHEDULE 13D 2026-08-14; 8-K: 2026-09-21: 7.01 Reg FD disclosure; next report ~2026-11-09,2026-11-09,,0.255,1858681
DCI,"DONALDSON COMPANY, INC.",NYSE,Industrial & Commercial Fans & Blowers & Air Purifing Equip,ABOVE STICKER,C,88.65,2026-10-02,10451835000.0,54.8418,27.4209,46.655,36.1578,1.6165,,0.1056,21.1189,24.3939,23.026,3.85,426300000.0,0.0408,2026-07-31,1334300000.0,3.0099,0.6667,10/15,0.1782,0.1835,0.1525,0.0576,0.0637,0.0528,0.1049,0.1144,0.2623,0.1009,0.1103,0.2396,0.0542,0.042,0.1788,-0.2144,0.46,-21% off 52w high; 8-K: 2026-08-26: 2.02 Earnings release; next report ~2026-12-04,2026-12-04,,0.215,29644
LWAY,"LIFEWAY FOODS, INC.",Nasdaq,Dairy Products,ABOVE STICKER,C,21.21,2026-10-02,325234140.0,9.1331,4.5666,,,2.3223,,0.1017,20.3342,33.5333,30.7391,0.69,-31115000.0,-0.0957,2026-06-30,3500000.0,0.0,0.6667,10/15,0.0591,0.1089,0.1327,0.0447,0.1581,0.1374,0.2219,0.3349,0.4833,0.0714,0.1319,0.162,0.0496,0.1139,-0.1554,-0.3516,3.51,"-35% off 52w high; insider buying (2 Form 4s, $6.18M); 13D: SCHEDULE 13D/A 2026-05-20, SCHEDULE 13D/A 2026-05-20; 8-K: 2026-08-13: 2.02 Earnings release; next report ~2026-11-12",2026-11-12,micro-cap,0.211,814586
FICO,FAIR ISAAC CORP,NYSE,"Services-Business Services, NEC",ABOVE STICKER,C,661.25,2026-10-02,15519537500.0,364.4681,182.234,510.355,424.3813,1.8143,,0.0901,18.0177,47.7107,19.1445,34.54,996023000.0,0.0642,2026-06-30,5582389000.0,3.4501,0.6667,10/15,0.361,0.5264,0.8252,0.0903,0.0899,0.1591,0.2591,0.2743,0.2978,,,,0.1816,0.1637,0.2304,-0.6494,2.0,-65% off 52w high; next report ~2026-10-28,2026-10-28,,0.205,814547
RVLV,"REVOLVE GROUP, INC.",NYSE,Retail-Catalog & Mail-Order Houses,ABOVE STICKER,B,20.75,2026-10-02,1497610500.0,1.0233,0.5117,3.3077,3.8276,20.2767,,0.0171,3.425,37.3635,20.3431,1.02,27625000.0,0.0184,2026-06-30,0,0.0,0.7273,8/11,0.2153,0.1407,0.1076,,0.1612,0.0848,,0.0171,0.2464,,0.2069,0.1641,,-0.0424,1.2252,-0.345,0.98,-35% off 52w high; next report ~2026-11-03,2026-11-03,,0.2,1746618
RCMT,"RCM TECHNOLOGIES, INC.",Nasdaq,Services-Help Supply Services,BUY*,C,42.01,2026-10-02,307386077.74,26.7375,13.3688,49.2476,31.1973,1.5712,PaybackTime,0.15,11.625,11.625,18.2652,2.3,22827000.0,0.0743,2026-07-04,0,0.0,0.6667,10/15,0.2641,0.5263,0.4039,0.0557,0.1626,0.1474,0.1637,,0.2738,0.092,0.2689,0.4276,0.0427,-0.0556,2.0737,-0.0251,0.0,8-K: 2026-08-31: 5.02 Director/officer change; next report ~2026-11-12,2026-11-12,micro-cap,0.191,700841
GOLD,"GOLD.COM, INC.",NYSE,"Wholesale-Jewelry, Watches, Precious Stones & Metals",BUY*,C,42.29,2026-10-02,1152935354.0,,,355.0875,443.8594,,PaybackTime+TenCap,-0.0532,,7.535,14.0033,3.02,1210076000.0,1.0496,2026-06-30,96745000.0,0.0,0.6,9/15,0.1902,0.1531,0.094,0.1416,0.2736,1.3239,0.0879,-0.1944,3.2535,0.1371,0.0971,0.2087,,,7.0263,-0.366,3.85,"-37% off 52w high; insider buying (1 Form 4s, $3.93M); neg 8-K: 2026-09-18: Auditor change; 13D: SCHEDULE 13D/A 2026-09-08, SCHEDULE 13D/A 2026-05-07; next report ~2026-11-19",2026-11-19,,0.162,1591588
PRDO,PERDOCEO EDUCATION CORP,Nasdaq,Services-Educational Services,BUY*,C,31.91,2026-10-02,2026476460.0,20.2322,10.1161,42.9196,34.8235,1.5772,PaybackTime+TenCap,0.0955,11.9557,11.9557,11.6036,2.75,221150000.0,0.1091,2026-06-30,0,0.0,0.6,9/15,0.1298,0.1532,0.1592,-0.0001,0.0424,0.242,0.1228,0.0682,0.105,0.1152,0.1351,0.0301,,0.0459,0.3939,-0.1712,0.28,8-K: 2026-09-14: 1.01 Material agreement; 7.01 Reg FD disclosure; next report ~2026-11-05,2026-11-05,,0.116,1046568
ACLS,AXCELIS TECHNOLOGIES INC,Nasdaq,"Special Industry Machinery, NEC",ABOVE STICKER,B,147.77,2026-10-02,4593282680.0,62.3966,31.1983,33.2902,21.0887,2.3682,,0.15,20.9385,20.9385,49.5872,2.98,65552000.0,0.0143,2026-06-30,28181000.0,0.0,0.7333,11/15,0.1527,0.2063,0.1003,0.1213,0.1207,-0.1757,0.2273,0.2108,-0.3821,0.1831,0.1828,0.055,0.2054,0.1116,-0.1599,-0.2374,0.55,-24% off 52w high; 8-K: 2026-08-06: 2.02 Earnings release; next report ~2026-11-05,2026-11-05,,0.104,1113232
MSA,MSA SAFETY INC,NYSE,"Orthopedic, Prosthetic & Surgical Appliances & Supplies",ABOVE STICKER,C,181.23,2026-10-02,7039154430.0,102.8238,51.4119,114.6755,91.2178,1.7625,,0.0999,19.9725,31.5031,22.541,8.04,354299000.0,0.0503,2026-06-30,599744000.0,1.9386,0.6667,10/15,0.1093,0.1122,0.1459,0.0519,0.0682,0.0369,0.1426,0.1762,-0.0166,0.0976,0.1022,0.2014,0.2074,0.1199,0.2275,-0.1325,1.14,"insider buying (1 Form 4s, $0.07M); next report ~2026-10-30",2026-10-30,,0.093,66570
LINC,LINCOLN EDUCATIONAL SERVICES CORPORATION,Nasdaq,Services-Educational Services,NO STICKER,C,21.91,2026-10-02,687434400.52,,,6.2556,7.8195,,,-0.1555,,17.6389,30.0137,0.73,24534000.0,0.0357,2026-06-30,26000000.0,0.0,0.7333,11/15,0.0538,0.1371,0.1162,0.0541,0.1207,0.1776,,-0.1555,1.0,1.1192,3.4454,0.107,0.1526,0.2036,1.0239,-0.6111,2.5,-61% off 52w high; 13D: SCHEDULE 13D/A 2026-06-15; 8-K: 2026-08-10: 2.02 Earnings release; next report ~2026-11-09,2026-11-09,micro-cap,0.092,1286613
TREX,"Trex Company, Inc.",NYSE,Lumber & Wood Products (No Furniture),ABOVE STICKER,B,43.56,2026-10-02,4519406061.72,21.8878,10.9439,25.2511,20.0537,1.9901,,0.1002,20.0429,33.8799,25.6235,1.7,208060000.0,0.046,2026-06-30,183750000.0,0.0,0.7333,11/15,0.3288,0.271,0.1841,0.1029,0.0592,0.0198,0.167,0.0334,-0.1909,0.2652,0.1379,0.1792,0.1905,0.1384,1.4881,-0.1978,0.39,8-K: 2026-08-24: 5.02 Director/officer change; 7.01 Reg FD disclosure; next report ~2026-11-03,2026-11-03,,0.084,1069878
VRT,Vertiv Holdings Co,NYSE,"Electronic Components, NEC",ABOVE STICKER,C,252.18,2026-10-02,98983496355.66,132.6,66.3,117.8294,74.6424,1.9018,,0.15,30.0,58.9052,57.0543,4.42,2929800000.0,0.0296,2026-06-30,2939800000.0,1.5271,0.8182,9/11,-1.427,0.1196,0.2049,,0.1854,0.2769,,,1.6641,,0.4333,0.6011,,0.5886,0.6022,-0.3363,0.95,-34% off 52w high; 8-K: 2026-09-24: 7.01 Reg FD disclosure; next report ~2026-10-28,2026-10-28,,0.07,1674101
FTDR,"Frontdoor, Inc.",Nasdaq,Services-To Dwellings & Other Buildings,ABOVE STICKER,B,77.24,2026-10-02,5530384000.0,27.442,13.721,59.8963,53.9106,2.8147,,0.0726,14.5282,21.9366,20.3799,3.79,386000000.0,0.0698,2026-06-30,1160000000.0,3.0077,0.7273,8/11,0.1871,0.1788,0.1802,,0.0726,0.1356,,0.2116,0.1362,,,0.0601,,0.1498,0.5407,-0.1733,0.29,8-K: 2026-09-03: 5.02 Director/officer change; next report ~2026-11-05,2026-11-05,,0.027,1727263
LECO,LINCOLN ELECTRIC HOLDINGS INC,Nasdaq,Metalworkg Machinery & Equipment,ABOVE STICKER,C,274.38,2026-10-02,15147422280.0,164.4756,82.2378,131.4214,98.2509,1.6682,,0.1135,22.7039,25.3447,27.438,10.0,542404000.0,0.0358,2026-06-30,1313556000.0,2.1532,0.6667,10/15,0.1947,0.225,0.2112,0.0526,0.0978,0.056,0.1855,0.222,0.1436,0.0777,0.1493,0.1334,0.0777,0.1348,0.1038,-0.1149,0.06,8-K: 2026-08-11: 5.02 Director/officer change; next report ~2026-10-29,2026-10-29,,0.012,59527
ITT,ITT INC.,NYSE,Pumps & Pumping Equipment,ABOVE STICKER,C,206.17,2026-10-02,18225428000.0,117.6106,58.8053,88.9677,57.6357,1.753,,0.1451,24.0743,24.0743,40.4255,5.1,509500000.0,0.028,2026-07-04,2967500000.0,0.9525,0.6,9/15,0.1466,0.1547,0.1121,0.0471,0.0971,0.0848,0.0465,0.4907,-0.0332,0.1303,0.1598,0.514,0.1128,0.0894,0.1888,-0.1049,1.22,"insider buying (1 Form 4s, $1.00M); 8-K: 2026-08-06: 2.02 Earnings release; next report ~2026-11-05",2026-11-05,,-0.001,216228
EXR,EXTRA SPACE STORAGE INC.,NYSE,Real Estate Investment Trusts,ABOVE STICKER,B,133.25,2026-10-02,29360710746.25,37.6144,18.8072,78.7416,68.9434,3.5425,,0.0787,15.7447,30.3143,29.415,4.53,1519120000.0,0.0517,2026-06-30,560613000.0,0.0,0.7143,10/14,0.2055,0.1783,0.1005,,0.2002,0.037,0.114,0.0435,0.139,0.1444,0.2639,-0.0381,0.1755,0.1913,-0.0197,-0.1613,0.25,8-K: 2026-08-24: 5.02 Director/officer change; 7.01 Reg FD disclosure; next report ~2026-10-30,2026-10-30,,-0.009,1289490
GRMN,GARMIN LTD,NYSE,"Search, Detection, Navigation, Guidance, Aeronautical Sys",ABOVE STICKER,B,281.16,2026-10-02,54422735400.0,119.9846,59.9923,97.5794,74.9907,2.3433,,0.1074,19.524,19.524,31.3795,8.96,1451558000.0,0.0267,2026-03-28,0,0.0,0.7333,11/15,0.1674,0.1655,0.1727,0.0989,0.1159,0.1506,0.1365,0.1069,0.1767,-0.448,-0.7236,0.1413,0.1927,0.0755,0.1402,-0.1054,0.02,next report ~2026-10-28,2026-10-28,,-0.028,1121788
CLMB,"Climb Global Solutions, Inc.",Nasdaq,Wholesale-Computers & Peripheral Equipment & Software,BUY*,B,32.8,2026-10-02,598796800.0,16.186,8.093,35.7827,22.6676,2.0264,PaybackTime,0.15,14.3904,14.3904,29.1612,1.1248,41382000.0,0.0691,2026-06-30,0,0.0,0.7333,11/15,0.1541,0.1924,0.1913,0.055,0.21,0.4014,0.1429,0.3566,0.1429,0.1194,0.1983,0.2701,0.0733,-0.1525,-0.5079,-0.0953,0.0,next report ~2026-10-29,2026-10-29,micro-cap,-0.033,945983
FTNT,"FORTINET, INC.",Nasdaq,"Computer Peripheral Equipment, NEC",ABOVE STICKER,B,180.95,2026-10-02,134138235000.0,84.9,42.45,66.3759,42.0478,2.1313,,0.15,30.0,49.3774,63.9399,2.83,3117000000.0,0.0232,2026-06-30,496900000.0,0.2231,0.7333,11/15,0.6543,1.0745,0.9709,0.2102,0.2125,0.1417,0.7313,0.3307,0.0708,0.0656,0.0965,-0.1637,0.248,0.1904,0.1472,-0.0117,0.0,next report ~2026-10-29,2026-10-29,,-0.033,1262039
LNN,Lindsay Corporation,NYSE,Farm Machinery & Equipment,ABOVE STICKER,C,114.35,2026-10-02,1201704150.0,62.8926,31.4463,52.9903,42.7281,1.8182,,0.0969,19.3733,25.6393,21.9482,5.21,44903000.0,0.0374,2026-05-31,114905000.0,1.2698,0.7333,11/15,0.0899,0.1165,0.1065,0.019,0.0734,0.1141,0.1181,0.1375,0.1281,0.072,0.1217,0.1181,0.1043,0.2362,0.3879,-0.2274,0.51,-23% off 52w high; 8-K: 2026-08-28: 5.02 Director/officer change; next report ~2026-12-31,2026-12-31,,-0.042,836157
ADSK,"Autodesk, Inc.",Nasdaq,Services-Prepackaged Software,NO STICKER,C,212.0,2026-10-02,44944000000.0,,,107.1321,133.9151,,,-0.0078,,53.5566,27.4611,7.72,2839000000.0,0.0632,2026-07-31,2500000000.0,1.0378,0.6667,10/15,0.0881,0.2085,0.1995,0.1115,0.1371,0.1753,,-0.0078,0.0215,0.0705,0.2665,0.1726,0.1947,0.1128,0.5258,-0.3501,2.18,"-35% off 52w high; insider buying (2 Form 4s, $0.88M); 8-K: 2026-09-10: 1.01 Material agreement; 2.03 New debt obligation; 8.01 Other event; next report ~2026-11-27",2026-11-27,,-0.122,769397
HUBB,HUBBELL INC,NYSE,Electronic Components & Accessories,ABOVE STICKER,C,475.52,2026-10-02,25345216000.0,279.562,139.781,228.4623,170.6004,1.7009,,0.1138,22.7551,24.1791,28.104,16.92,909300000.0,0.0359,2026-03-31,2573000000.0,2.328,0.6,9/15,0.1382,0.1535,0.1637,0.056,0.0968,0.0384,0.1324,0.208,0.1494,0.0913,0.1362,0.1436,0.1174,0.0971,0.0389,-0.1591,0.24,next report ~2026-10-28,2026-10-28,,-0.142,48898
ROL,"ROLLINS, INC.",NYSE,Services-To Dwellings & Other Buildings,ABOVE STICKER,C,30.16,2026-10-02,14518933520.0,13.5864,6.7932,16.0369,12.8619,2.2199,,0.098,19.6098,50.1127,27.4182,1.1,619169000.0,0.0426,2026-06-30,487107000.0,0.7479,0.6429,9/14,0.2954,0.307,0.2933,,0.1172,0.1099,0.0453,0.1508,0.1354,0.017,0.0766,0.0332,0.1319,0.0925,0.1159,-0.544,2.28,-54% off 52w high; 13D: SCHEDULE 13D/A 2026-09-21; next report ~2026-10-22,2026-10-22,,-0.144,84839
CIGI,Colliers International Group Inc.,Nasdaq,Real Estate,ABOVE STICKER,C,89.78,2026-10-02,4586269178.26,36.0956,18.0478,66.5062,49.2211,2.4873,,0.1157,23.1482,46.2214,42.5498,2.11,251438000.0,0.0548,2025-12-31,1636711000.0,6.4967,0.6667,10/15,0.1087,0.0601,0.0863,0.1243,0.1481,0.1527,0.1254,0.1061,-0.3727,1.4553,0.1567,0.1369,0.077,0.1467,0.0127,-0.4765,2.01,-48% off 52w high; 13D: SCHEDULE 13D/A 2026-09-28; next report ~2026-10-30,2026-10-30,EPS from yahoo TTM to 2026-06-30,-0.164,913353
GRNT,"GRANITE RIDGE RESOURCES, INC.",NYSE,Crude Petroleum & Natural Gas,BUY*,C,4.47,2026-10-02,584287110.0,,,30.9415,19.6008,,PaybackTime+TenCap,0.15,,11.9878,,-0.22,256208000.0,0.4385,2026-06-30,462108000.0,1.2409,0.6364,7/11,0.1396,0.1825,0.0362,,0.389,0.1849,,,0.2857,,0.1074,-0.0486,,0.3472,0.075,-0.2726,2.21,"-27% off 52w high; insider buying (3 Form 4s, $0.11M); 13D: SCHEDULE 13D/A 2026-09-04, SCHEDULE 13D/A 2026-08-21; 8-K: 2026-08-19: 5.02 Director/officer change; 7.01 Reg FD disclosure; 8.01 Other event; next report ~2026-11-05",2026-11-05,micro-cap,-0.175,1928446
CW,CURTISS-WRIGHT CORPORATION,NYSE,Misc Industrial & Commercial Machinery & Equipment,ABOVE STICKER,C,545.64,2026-10-02,20235059400.0,176.4375,88.2188,209.394,168.6097,3.0925,,0.0972,19.4341,22.6937,37.5526,14.53,625289000.0,0.0309,2026-06-30,957387000.0,1.3687,0.6667,10/15,0.1114,0.1169,0.1503,0.0472,0.0791,0.1208,0.1549,0.2181,0.2199,0.0983,0.0961,0.0546,0.1475,0.1976,0.1821,-0.3248,1.93,"-32% off 52w high; insider buying (1 Form 4s, $0.15M); 8-K: 2026-09-22: 5.02 Director/officer change; next report ~2026-11-05",2026-11-05,,-0.184,26324
AMP,"AMERIPRISE FINANCIAL, INC.",NYSE,Investment Advice,BUY*,C,490.91,2026-10-02,45998267000.0,284.4574,142.2287,946.5177,860.619,1.7258,PaybackTime+TenCap,0.0704,14.0807,14.4532,11.8606,41.39,8064000000.0,0.1753,2026-06-30,2684000000.0,0.0,0.6,9/15,0.4671,0.6539,0.5441,0.0448,0.096,0.0549,0.1565,0.2435,0.0977,0.055,0.0646,0.3126,0.1195,0.1248,0.262,-0.1426,0.17,next report ~2026-11-03,2026-11-03,,-0.209,820027
PGNY,"Progyny, Inc.",Nasdaq,"Services-Misc Health & Allied Services, NEC",ABOVE STICKER,C,25.23,2026-10-02,2106110732.58,5.8281,2.914,23.1419,21.3694,4.3291,,0.067,13.3994,61.3996,27.4239,0.92,178384000.0,0.0847,2026-06-30,0,0.0,0.8182,9/11,0.0882,0.1001,0.1074,,0.3017,0.104,,0.067,0.1404,,0.2779,0.2987,,0.4216,0.1736,-0.237,0.55,-24% off 52w high; 8-K: 2026-08-06: 2.02 Earnings release; 7.01 Reg FD disclosure; next report ~2026-11-06,2026-11-06,,-0.226,1551306
POWL,"Powell Industries, Inc.",Nasdaq,Switchgear & Switchboard Apparatus,ABOVE STICKER,C,196.1,2026-10-02,7170592600.0,77.1015,38.5507,86.9859,66.7172,2.5434,,0.1079,21.4522,21.4522,37.5705,5.2195,243958000.0,0.034,2026-06-30,0,0.0,0.7333,11/15,0.0767,0.1431,0.2631,0.0525,0.1632,0.0908,0.341,0.5994,0.2091,0.0653,0.1497,0.3287,0.2924,0.1833,0.5455,-0.4021,1.21,-40% off 52w high; next report ~2026-11-03,2026-11-03,,-0.231,80420
MOD,MODINE MANUFACTURING CO,NYSE,Motor Vehicle Parts & Accessories,ABOVE STICKER,C,178.2,2026-10-02,9622800000.0,72.9527,36.4763,29.2915,18.5556,2.4427,,0.15,27.2212,27.2212,66.4925,2.68,100200000.0,0.0104,2026-06-30,477300000.0,3.6518,0.6667,10/15,0.0899,0.1529,0.1433,0.0893,0.1196,0.2313,,,-0.3392,0.1081,0.2671,0.3148,0.1313,0.1067,0.166,-0.4487,1.39,-45% off 52w high; 8-K: 2026-10-01: 1.01 Material agreement; 2.01 Acquisition/disposition; 5.02 Director/officer change; 7.01 Reg FD disclosure; 8.01 Other event; next report ~2026-10-29,2026-10-29,,-0.319,67347
ELF,"e.l.f. Beauty, Inc.",NYSE,"Perfumes, Cosmetics & Other Toilet Preparations",ABOVE STICKER,C,104.68,2026-10-02,6252282551.0,29.4,14.7,74.045,46.906,3.5605,,0.15,30.0,48.3422,106.8163,0.98,280158000.0,0.0448,2026-06-30,834176000.0,4.4284,0.7333,11/15,0.0842,0.1028,0.0243,0.217,0.3876,0.2459,,0.2967,-0.7708,0.2116,0.2972,0.4607,0.5853,0.4845,0.5878,-0.2915,0.77,-29% off 52w high; 8-K: 2026-08-05: 2.02 Earnings release; next report ~2026-11-05,2026-11-05,,-0.341,1600033
MU,"Micron Technology, Inc.",Nasdaq,Semiconductors & Related Devices,ABOVE STICKER,C,1074.89,2026-10-02,1227524380000.0,374.7266,187.3633,311.0049,229.1769,2.8685,,0.1167,11.3639,11.3639,24.2968,44.24,26172000000.0,0.0213,2026-05-28,5722000000.0,6.9143,0.8,12/15,0.1184,0.0682,0.1314,0.0873,0.1176,0.4885,0.1188,0.2621,9.8429,0.1643,0.0691,0.1927,0.129,0.1611,1.0601,-0.1435,0.17,8-K: 2026-09-30: 2.02 Earnings release; next report ~2026-12-24,2026-12-24,,-0.357,723125
AME,"AMETEK, Inc.",NYSE,"Industrial Instruments For Measurement, Display, and Control",ABOVE STICKER,C,251.93,2026-10-02,57904850850.0,98.5585,49.2793,102.7397,79.3992,2.5561,,0.1062,21.2431,28.7532,36.8319,6.84,1824950000.0,0.0315,2026-06-30,2036174000.0,0.6427,0.6667,10/15,0.1242,0.1283,0.1343,0.0642,0.1027,0.0663,0.1008,0.1116,0.0793,0.1306,0.123,0.1052,0.1036,0.0706,-0.0148,-0.0353,1.2,"insider buying (1 Form 4s, $1.02M); 8-K: 2026-08-26: 8.01 Other event; next report ~2026-11-03",2026-11-03,,-0.367,1037868
MAMA,"Mama’s Creations, Inc.",Nasdaq,Sausages & Other Prepared Meat Products,ABOVE STICKER,C,12.93,2026-10-02,573238620.0,0.1592,0.0796,3.3558,3.9006,81.2346,,0.0161,3.2275,49.3056,76.0588,0.17,17293000.0,0.0302,2026-07-31,5588000.0,0.5721,0.6667,10/15,0.2242,0.165,0.0943,0.2985,0.3333,0.3923,,0.0161,0.4444,,0.3909,1.0134,,0.253,1.2061,-0.3843,1.14,-38% off 52w high; 8-K: 2026-09-03: 2.02 Earnings release; next report ~2026-12-03,2026-12-03,micro-cap,-0.382,1520358
DXCM,"DEXCOM, INC.",Nasdaq,Surgical & Medical Instruments & Apparatus,ABOVE STICKER,C,85.36,2026-10-02,33444048000.0,29.2209,14.6104,44.0192,35.8601,2.9212,,0.0946,18.9218,70.4605,33.7391,2.53,1405000000.0,0.042,2026-06-30,2900000.0,0.0,0.8,12/15,0.0847,0.1955,0.2551,0.2777,0.1933,0.156,,0.0946,0.4718,0.2844,0.129,0.3292,0.4023,0.2481,0.456,-0.0781,0.0,8-K: 2026-09-14: 5.02 Director/officer change; 7.01 Reg FD disclosure; next report ~2026-10-29,2026-10-29,,-0.4,1093557
NBIX,NEUROCRINE BIOSCIENCES INC,Nasdaq,"Biological Products, (No Diagnostic Substances)",ABOVE STICKER,C,143.18,2026-10-02,14862084000.0,9.971,4.9855,74.5457,83.8536,14.3596,,0.0234,4.6797,51.3665,20.9327,6.84,870400000.0,0.0586,2026-06-30,0,0.0,0.7333,11/15,0.02,0.1079,0.1291,0.6445,0.2229,0.2145,,0.0234,0.4195,0.2024,0.2248,0.2709,,0.2792,0.3146,-0.2307,0.52,-23% off 52w high; 8-K: 2026-09-28: 5.02 Director/officer change; next report ~2026-10-30,2026-10-30,,-0.403,914475
TT,TRANE TECHNOLOGIES PLC,NYSE,Auto Controls For Regulating Residential & Comml Environments,ABOVE STICKER,C,463.91,2026-10-02,103359148000.0,115.0711,57.5355,183.6243,159.1786,4.0315,,0.0809,16.1844,26.3433,35.1181,13.21,3546500000.0,0.0343,2026-06-30,4616800000.0,1.395,0.6667,10/15,0.1686,0.2129,0.2565,0.0483,0.1135,0.0748,0.18,0.2982,0.1548,0.0579,0.0767,0.1683,0.1365,0.1736,0.0155,-0.0829,1.03,"insider buying (1 Form 4s, $0.17M); next report ~2026-10-29",2026-10-29,,-0.409,1466258
RMBS,RAMBUS INC,Nasdaq,Semiconductors & Related Devices,ABOVE STICKER,C,111.97,2026-10-02,12284900520.0,1.9492,0.9746,26.2711,30.5524,57.4432,,0.016,3.2034,45.6467,53.319,2.1,335209000.0,0.0273,2026-03-31,0,0.0,0.6667,10/15,0.0465,0.1102,0.1559,0.091,0.235,0.2713,0.016,,0.2788,0.1079,0.0916,0.2153,0.1664,0.1419,0.5612,-0.3569,1.03,-36% off 52w high; 8-K: 2026-09-04: 5.02 Director/officer change; next report ~2026-10-27,2026-10-27,,-0.409,917273
EVTC,"EVERTEC, Inc.",NYSE,Services-Computer Processing & Data Preparation,BUY*,C,27.23,2026-10-02,1689090896.22,13.2612,6.6306,38.6591,33.5935,2.0534,PaybackTime+TenCap,0.0804,16.0781,20.1694,17.6818,1.54,208382000.0,0.1234,2026-06-30,1251705000.0,5.1703,0.6,9/15,0.1365,0.131,0.1043,0.0957,0.1279,0.1021,0.0708,0.09,0.2717,0.2246,0.1585,0.3289,0.034,0.0266,-0.1271,-0.2087,1.52,"-21% off 52w high; insider buying (1 Form 4s, $0.43M); next report ~2026-11-05",2026-11-05,,-0.42,1559865
VMD,"VIEMED HEALTHCARE, INC.",Nasdaq,"Services-Misc Health & Allied Services, NEC",NO STICKER,C,9.13,2026-10-02,372974249.78,,,5.7253,7.1567,,,-0.1386,,25.0,25.3611,0.36,29236000.0,0.0784,2026-06-30,7091000.0,0.9464,0.6364,7/11,0.1507,0.0858,0.1061,,0.1553,0.2052,,-0.1386,0.3214,,0.1146,0.0768,,0.0814,0.3281,-0.276,1.2,-28% off 52w high; 13D: SCHEDULE 13D/A 2026-09-24; 8-K: 2026-08-20: 7.01 Reg FD disclosure; next report ~2026-11-02,2026-11-02,micro-cap,-0.427,1729149
GEN,Gen Digital Inc.,Nasdaq,Services-Prepackaged Software,BUY*,C,21.99,2026-10-02,13259970000.0,1.4949,0.7474,21.9936,25.6716,14.7104,PaybackTime+TenCap,0.0152,3.0412,17.053,12.8596,1.71,1548000000.0,0.1167,2026-07-03,8156000000.0,5.2626,0.6667,10/15,0.1068,0.1498,0.1297,0.0334,0.1441,0.2706,-0.0824,0.1128,0.5243,-0.0259,,0.16,0.0678,0.1696,0.2654,-0.3052,0.82,-31% off 52w high; 8-K: 2026-09-28: 7.01 Reg FD disclosure; next report ~2026-11-06,2026-11-06,,-0.462,849399
FIX,"COMFORT SYSTEMS USA, INC.",NYSE,Electrical Work,ABOVE STICKER,C,1728.01,2026-10-02,60920992550.0,863.8957,431.9478,967.0786,612.624,2.0003,,0.15,21.2625,21.2625,42.5304,40.63,2159806000.0,0.0355,2026-06-30,54064000.0,0.1348,0.7333,11/15,0.1798,0.1945,0.0525,0.0148,-0.0851,-0.7394,0.3635,0.4783,0.9781,0.2241,0.2954,0.4512,0.2834,0.3287,0.3973,-0.1668,0.27,next report ~2026-10-22,2026-10-22,,-0.466,1035983
CHWY,"Chewy, Inc.",NYSE,Retail-Catalog & Mail-Order Houses,ABOVE STICKER,C,18.17,2026-10-02,7533282000.0,4.4681,2.2341,15.0706,13.7024,4.0666,,0.0704,14.0825,52.7308,27.9538,0.65,568100000.0,0.0754,2026-08-02,591700000.0,0.0,0.5455,6/11,0.2898,0.2898,0.4322,,0.0704,0.0624,,,-0.4286,,,0.9273,,0.2925,0.1598,-0.5423,1.77,-54% off 52w high; 8-K: 2026-09-09: 2.02 Earnings release; next report ~2026-12-09,2026-12-09,,-0.467,1766502
FIGS,"FIGS, Inc.",NYSE,Apparel & Other Finishd Prods of  Fabrics & Similar Matl,NO STICKER,C,13.52,2026-10-02,2644714664.8,,,3.9761,4.9701,,,-0.0873,,56.8947,40.9697,0.33,97223000.0,0.0368,2026-06-30,0,0.0,0.6364,7/11,0.1048,0.0469,0.0633,,0.1912,0.136,,-0.0873,8.5,,0.3245,0.164,,0.2298,-0.2463,-0.2265,1.01,"-23% off 52w high; 13D: SCHEDULE 13D/A 2026-05-12, SCHEDULE 13D/A 2026-05-12; 8-K: 2026-08-06: 2.02 Earnings release; 7.01 Reg FD disclosure; next report ~2026-11-05",2026-11-05,,-0.475,1846576
STX,Seagate Technology Holdings plc,Nasdaq,Computer Storage Devices,ABOVE STICKER,C,848.99,2026-10-02,194418710000.0,180.597,90.2985,214.0395,135.5895,4.701,,0.15,12.9926,12.9926,61.0784,13.9,3105000000.0,0.016,2026-07-03,3565000000.0,1.0886,0.6667,10/15,0.2531,0.2879,0.6368,0.0089,0.0269,0.3406,0.3272,0.21,1.0532,0.0602,0.2973,,0.0814,0.1771,2.3924,-0.2585,0.63,-26% off 52w high; 8-K: 2026-09-09: 3.02 Unregistered equity sale; 7.01 Reg FD disclosure; 8.01 Other event; next report ~2026-10-13,2026-10-13,,-0.509,1137789
IDCC,"INTERDIGITAL, INC.",Nasdaq,Patent Owners & Lessors,ABOVE STICKER,C,335.13,2026-10-02,11652470100.0,169.6014,84.8007,224.4249,159.5004,1.976,,0.1247,24.9325,25.2247,39.4271,8.5,554583000.0,0.0476,2026-06-30,389100000.0,0.0308,0.6667,10/15,0.184,0.2475,0.3573,0.0657,0.1836,-0.0397,0.1369,0.523,-0.0224,0.0836,0.0511,0.1071,0.1591,0.2721,1.0051,-0.1878,0.35,next report ~2026-10-29,2026-10-29,,-0.531,1405495
SNPS,SYNOPSYS INC,Nasdaq,Services-Prepackaged Software,ABOVE STICKER,C,489.9,2026-10-02,94051491900.0,171.6,85.8,225.933,143.1239,2.8549,,0.15,30.0,52.635,85.6469,5.72,2747706000.0,0.0292,2026-07-31,10037360000.0,9.9784,0.7333,11/15,0.1156,0.133,0.021,0.1214,0.1387,0.1512,0.1885,0.1349,-0.4459,0.2404,0.4025,1.966,0.1186,0.089,0.0793,-0.0919,0.0,8-K: 2026-08-26: 2.02 Earnings release; next report ~2026-11-25,2026-11-25,,-0.533,883241
DRS,"Leonardo DRS, Inc.",Nasdaq,"Search, Detection, Navigation, Guidance, Aeronautical Sys",ABOVE STICKER,C,36.8,2026-10-02,9888160000.0,11.0174,5.5087,15.7871,13.5095,3.3402,,0.0838,16.7545,25.4,30.9244,1.19,363000000.0,0.0367,2026-06-30,149000000.0,1.533,0.6364,7/11,0.102,0.1023,0.0935,,0.056,0.128,,0.2082,0.2875,,0.0838,0.0637,,0.2397,0.3506,-0.2726,0.69,-27% off 52w high; next report ~2026-10-29,2026-10-29,,-0.555,1833756
WM,WASTE MANAGEMENT INC,NYSE,Refuse Systems,ABOVE STICKER,C,204.45,2026-10-02,82454685000.0,70.7125,35.3562,105.2826,88.5941,2.8913,,0.0875,17.4938,31.3752,28.918,7.07,3573000000.0,0.0433,2026-06-30,23356000000.0,7.8821,0.6667,10/15,0.117,0.113,0.1058,0.0688,0.1062,0.1424,0.1504,0.1374,-0.0162,0.0774,0.0711,0.2082,0.0911,0.1217,0.1212,-0.176,0.3,8-K: 2026-08-26: 5.02 Director/officer change; 7.01 Reg FD disclosure; next report ~2026-10-28,2026-10-28,,-0.592,823768
GD,GENERAL DYNAMICS CORPORATION,NYSE,Ship & Boat Building & Repairing,ABOVE STICKER,C,330.09,2026-10-02,90487241610.0,84.7599,42.38,238.6628,226.2074,3.8944,,0.0612,12.2487,18.9865,21.365,15.45,6201000000.0,0.0685,2026-04-05,8014000000.0,1.7699,0.6,9/15,0.1494,0.1282,0.1354,0.0516,0.0674,0.1013,0.0522,0.0703,0.1335,0.114,0.1157,0.1829,0.0744,0.0582,0.2451,-0.1748,0.8,13D: SCHEDULE 13D/A 2026-08-28; 8-K: 2026-08-07: 5.02 Director/officer change; next report ~2026-10-28,2026-10-28,,-0.6,40533
FLEX,FLEX LTD.,Nasdaq,Printed Circuit Boards,ABOVE STICKER,C,116.61,2026-10-02,43612140000.0,30.5503,15.2752,31.4249,22.0856,3.817,,0.1271,14.4203,14.4203,45.0232,2.59,826000000.0,0.0189,2026-06-26,5219000000.0,3.5656,0.6,9/15,0.0846,0.1103,0.1184,0.0135,0.0296,0.0814,0.1142,0.14,0.1043,0.1158,0.1492,0.0828,0.0402,0.6355,0.1196,-0.3012,0.8,-30% off 52w high; 8-K: 2026-10-02: 1.01 Material agreement; 2.03 New debt obligation; next report ~2026-10-30,2026-10-30,,-0.6,866374
COST,COSTCO WHOLESALE CORP /NEW,Nasdaq,Retail-Variety Stores,ABOVE STICKER,C,920.65,2026-10-02,409187495750.0,262.896,131.448,251.0806,198.1303,3.502,,0.1016,20.3245,39.357,46.3104,19.88,8806000000.0,0.0215,2026-05-10,5670000000.0,0.729,0.6667,10/15,0.1901,0.2173,0.2229,0.0901,0.1054,0.0817,0.1299,0.1509,0.0996,0.1058,0.0974,0.2345,0.1202,0.0852,0.176,-0.1604,0.24,8-K: 2026-09-24: 2.02 Earnings release; next report ~2026-12-02,2026-12-02,,-0.607,909832
CMI,CUMMINS INC.,NYSE,Engines & Turbines,ABOVE STICKER,C,528.32,2026-10-02,73225152000.0,200.3471,100.1735,294.7099,242.9293,2.637,,0.092,17.1833,17.1833,27.0102,19.56,3367000000.0,0.046,2026-06-30,6888000000.0,2.8466,0.6,9/15,0.1773,0.1595,0.1569,0.0583,0.1119,-0.0127,0.1009,0.1129,-0.2774,0.0793,0.1047,0.2058,0.0578,0.0587,1.4351,-0.2839,0.74,-28% off 52w high; next report ~2026-11-03,2026-11-03,,-0.615,26172
NYT,THE NEW YORK TIMES COMPANY,NYSE,Newspapers: Publishing or  Publishing & Printing,ABOVE STICKER,C,62.7,2026-10-02,10243549800.0,27.8895,13.9447,46.8771,38.1345,2.2482,,0.0949,18.9839,34.6857,26.125,2.4,623018000.0,0.0608,2026-06-30,246164000.0,0.0,0.6,9/15,0.1186,0.1293,0.1611,0.0599,0.0963,0.0924,0.1859,0.2835,0.1808,0.0956,0.0943,0.0647,0.1256,0.1443,0.4238,-0.2801,0.72,-28% off 52w high; 8-K: 2026-09-09: 5.02 Director/officer change; next report ~2026-11-04,2026-11-04,,-0.62,71691
CBRE,"CBRE GROUP, INC.",NYSE,Real Estate,ABOVE STICKER,C,129.58,2026-10-02,38279444328.18,59.3963,29.6981,40.505,31.7523,2.1816,,0.1031,20.6156,21.1101,29.6522,4.37,938000000.0,0.0245,2026-06-30,5800000000.0,4.233,0.6,9/15,0.1131,0.1109,0.1008,0.1409,0.1122,0.1337,0.0898,0.1164,0.2261,0.1386,0.0713,0.0811,0.0911,-0.0316,-0.0872,-0.2564,0.63,-26% off 52w high; next report ~2026-10-28,2026-10-28,,-0.643,1138118
DELL,Dell Technologies Inc.,NYSE,Electronic Computers,ABOVE STICKER,C,562.52,2026-10-02,367888080000.0,104.3557,52.1778,143.3623,130.8869,5.3904,,0.0695,12.5432,12.5432,32.7237,17.19,8560000000.0,0.0233,2026-07-31,34466000000.0,2.7494,0.6154,8/13,0.1409,0.2626,0.3165,0.0835,0.0555,0.188,,0.1552,0.3605,,,,0.1786,-0.0039,1.474,-0.0554,0.5,"13D: SCHEDULE 13D/A 2026-09-11, SCHEDULE 13D/A 2026-06-05; 8-K: 2026-09-15: 1.01 Material agreement; 2.03 New debt obligation; next report ~2026-12-08",2026-12-08,,-0.644,1571996
CTAS,Cintas Corporation,Nasdaq,"Men's & Boys' Furnishgs, Work Clothg, & Allied Garments",ABOVE STICKER,C,193.02,2026-10-02,78404144940.0,61.875,30.9375,58.0183,46.3119,3.1195,,0.0991,19.8185,33.7415,39.3116,4.91,1881175000.0,0.024,2026-05-31,2428073000.0,0.7597,0.6667,10/15,0.211,0.2588,0.3168,0.0891,0.0962,0.0894,0.122,0.1391,0.1159,0.1169,0.0813,0.1083,0.1719,0.1084,0.051,-0.1193,0.08,8-K: 2026-09-23: 2.02 Earnings release; next report ~2026-10-07,2026-10-07,,-0.647,723254
MSI,"Motorola Solutions, Inc.",NYSE,Radio & Tv Broadcasting & Communications Equipment,ABOVE STICKER,C,447.41,2026-10-02,74985916000.0,120.1739,60.087,187.5648,159.7255,3.723,,0.0848,16.9689,32.1752,35.2569,12.69,2677000000.0,0.0357,2026-07-04,8417000000.0,3.271,0.6667,10/15,0.2671,0.2648,0.2121,0.0745,0.0952,0.08,0.1549,0.1853,0.3814,,,0.4302,0.1076,0.1196,0.1865,-0.0959,0.0,8-K: 2026-09-09: 8.01 Other event; next report ~2026-11-04,2026-11-04,,-0.667,68505
AIT,"APPLIED INDUSTRIAL TECHNOLOGIES, INC.",NYSE,"Wholesale-Machinery, Equipment & Supplies",ABOVE STICKER,C,343.45,2026-10-02,13001986650.0,0.2347,0.1174,192.0292,121.6465,1463.1362,,0.15,21.4375,21.4375,31365.9891,0.0109,460517000.0,0.0354,2026-06-30,280300000.0,0.5696,0.6667,10/15,0.1314,0.1723,0.197,0.7234,0.0895,0.0884,0.3075,0.2437,0.082,0.1143,0.1569,0.0349,0.1157,0.149,-0.0169,-0.0836,0.0,8-K: 2026-08-14: 5.02 Director/officer change; next report ~2026-10-22,2026-10-22,,-0.667,109563
MANH,"Manhattan Associates, Inc.",Nasdaq,Services-Prepackaged Software,ABOVE STICKER,C,204.145,2026-10-02,12149689675.0,104.7,52.35,105.882,67.074,1.9498,,0.15,30.0,61.822,58.4943,3.49,399191000.0,0.0329,2026-06-30,0,0.0,0.6,9/15,0.615,0.6027,0.6839,0.2347,0.1302,0.0375,0.099,0.2149,0.0256,0.0692,0.0867,0.0717,0.1248,0.2255,0.3202,-0.1008,0.0,next report ~2026-10-30,2026-10-30,,-0.7,1056696
CVLT,"Commvault Systems, Inc",Nasdaq,Services-Prepackaged Software,ABOVE STICKER,C,150.28,2026-10-02,6292073320.0,15.597,7.7985,73.3501,61.7282,9.6352,,0.0875,17.4903,74.2489,96.3333,1.56,258450000.0,0.0411,2026-06-30,0,0.0,0.6,9/15,0.8041,1.623,7.5725,0.0714,0.1035,0.1889,0.4443,,-0.0595,-0.329,-0.5433,-0.9767,0.1123,0.1457,0.1799,-0.178,0.31,8-K: 2026-09-24: 5.02 Director/officer change; 7.01 Reg FD disclosure; next report ~2026-10-28,2026-10-28,,-0.723,1169561
PNTG,"THE PENNANT GROUP, INC.",Nasdaq,Services-Health Services,ABOVE STICKER,C,39.24,2026-10-02,1407028680.0,11.8174,5.9087,12.2048,9.6729,3.3205,,0.1007,20.133,48.3162,43.1209,0.91,34684000.0,0.0247,2026-06-30,197499000.0,4.6569,0.6364,7/11,0.1087,0.0656,0.0707,,0.1937,0.3631,,0.1007,0.2,,0.2592,0.087,,-0.0077,0.2289,-0.0819,0.0,8-K: 2026-08-05: 2.02 Earnings release; 7.01 Reg FD disclosure; next report ~2026-11-04,2026-11-04,,-0.727,1766400
FFIV,"F5, INC.",Nasdaq,Computer Communications Equipment,ABOVE STICKER,C,454.04,2026-10-02,26186302960.0,229.2239,114.6119,231.06,168.1165,1.9808,,0.1195,23.8988,24.2177,36.1785,12.55,969595000.0,0.037,2026-06-30,0,0.0,0.6,9/15,0.209,0.1505,0.1826,0.0487,0.0561,0.0966,0.089,0.1869,0.2356,0.1293,0.1097,0.161,0.0333,0.0752,0.1984,-0.0172,0.0,next report ~2026-11-05,2026-11-05,,-0.762,1048695
RL,Ralph Lauren Corporation,NYSE,"Men's & Boys' Furnishgs, Work Clothg, & Allied Garments",ABOVE STICKER,C,363.37,2026-10-02,22274581000.0,107.226,53.613,157.5121,143.6868,3.3888,,0.0697,13.9365,18.1141,22.8967,15.87,880800000.0,0.0395,2026-06-27,1239400000.0,1.0734,0.6,9/15,0.1213,0.1893,0.2309,0.0092,0.1302,0.1463,0.1258,,0.3015,0.0046,0.0518,0.1277,0.0128,0.2482,-0.0655,-0.1381,0.15,8-K: 2026-09-03: 5.02 Director/officer change; 7.01 Reg FD disclosure; next report ~2026-11-05,2026-11-05,,-0.763,1037038
AHR,"American Healthcare REIT, Inc.",NYSE,Real Estate Investment Trusts,ABOVE STICKER,C,50.75,2026-10-02,9678462515.75,20.4,10.2,29.9675,18.9838,2.4877,,0.15,30.0,111.6905,74.6324,0.68,362037000.0,0.0374,2026-06-30,0,0.0,0.6,9/15,0.1168,0.144,0.125,,0.1615,0.0915,,0.7582,,0.478,0.1563,0.1498,,0.0608,0.6721,-0.1354,0.14,8-K: 2026-09-18: 7.01 Reg FD disclosure; 8.01 Other event; next report ~2026-11-06,2026-11-06,,-0.765,1632970
AIZ,"Assurant, Inc.",NYSE,"Insurance Carriers, NEC",BUY*,C,267.32,2026-10-02,13388125274.44,82.0866,41.0433,330.2216,330.5728,3.2566,PaybackTime+TenCap,0.0492,9.8359,14.4737,12.7966,20.89,1655600000.0,0.1237,2026-06-30,2207500000.0,0.0,0.6,9/15,0.114,0.1491,0.1486,0.0218,0.0595,0.0789,0.2351,0.1939,0.1708,0.0578,0.0406,0.1715,0.2308,0.0644,0.3761,-0.1205,0.08,next report ~2026-11-05,2026-11-05,financial (bank/insurer/broker): OCF-based tests less meaningful,-0.78,1267238
WST,"WEST PHARMACEUTICAL SERVICES, INC.",NYSE,Surgical & Medical Instruments & Apparatus,ABOVE STICKER,C,364.98,2026-10-02,26242062000.0,149.5484,74.7742,84.5641,60.765,2.4405,,0.1222,24.4482,46.3465,46.7324,7.81,436900000.0,0.0166,2026-06-30,202900000.0,0.4325,0.6,9/15,0.1568,0.1905,0.1381,0.0818,0.0744,0.0625,0.1798,0.0824,0.0149,0.1215,0.1229,0.2003,0.1352,0.0982,0.1552,-0.0545,0.0,next report ~2026-10-22,2026-10-22,,-0.8,105770
NTAP,"NetApp, Inc.",Nasdaq,Computer Storage Devices,ABOVE STICKER,C,226.27,2026-10-02,45254000000.0,46.311,23.1555,89.8824,82.5,4.8859,,0.0683,13.6647,20.635,31.959,7.08,1650000000.0,0.0365,2026-07-31,2488000000.0,1.3307,0.6,9/15,0.3217,0.3118,0.3377,0.0118,0.0166,0.0559,0.2349,0.1448,0.1199,-0.036,0.1727,0.3507,0.0781,0.0917,0.3725,-0.0243,0.0,8-K: 2026-09-11: 3.03; next report ~2026-12-02,2026-12-02,,-0.8,1002047
AMD,ADVANCED MICRO DEVICES INC,Nasdaq,Semiconductors & Related Devices,ABOVE STICKER,C,633.91,2026-10-02,1049121050000.0,16.483,8.2415,51.2927,50.7734,38.4585,,0.0517,10.3322,89.3321,162.541,3.9,8403000000.0,0.008,2026-06-27,3226000000.0,0.3486,0.6,9/15,0.1014,0.106,0.0565,0.2412,0.2882,0.3434,,0.0517,1.65,,0.5143,0.095,,0.484,1.535,-0.0179,0.0,8-K: 2026-09-28: 3.02 Unregistered equity sale; next report ~2026-11-04,2026-11-04,,-0.8,2488
