ticker,price,sticker,mos_price,pe,off_high,big5_score,status,tier
NVDA,233.95,237.3,118.65,29.5765,-0.0165,1.0,ON DECK,A
AAPL,333.69,54.5692,27.2846,44.7306,-0.0337,0.4667,ABOVE STICKER,C
GOOGL,343.5,547.1713,273.5856,17.2353,-0.1593,1.0,ON DECK,A
MSFT,517.53,538.5,269.25,28.8318,-0.0654,1.0,ON DECK,A
AMZN,251.52,,,,-0.1242,1.0,NO STICKER,B
TM,181.49,,,,-0.2708,0.0,NO STICKER,
META,728.08,731.7319,365.8659,27.423,-0.0663,0.9333,ON DECK,A
AVGO,355.14,235.2,117.6,45.2985,-0.2825,1.0,ABOVE STICKER,A
TSLA,370.59,32.4,16.2,343.1389,-0.2571,0.5333,ABOVE STICKER,C
MU,1074.89,374.7266,187.3633,24.2968,-0.1435,0.8,ABOVE STICKER,C
AMD,633.91,16.483,8.2415,162.541,-0.0179,0.6,ABOVE STICKER,C
LLY,1142.85,893.7,446.85,38.3635,-0.1159,0.9333,ABOVE STICKER,A
JPM,332.38,136.0798,68.0399,16.6024,-0.0931,0.3333,ABOVE STICKER,C
WMT,104.26,10.3732,5.1866,38.1905,-0.2286,0.4667,ABOVE STICKER,C
AKTX,8.72,,,,-0.8027,0.0833,NO STICKER,C
JNJ,256.03,44.9637,22.4818,23.2121,-0.0891,0.4,ABOVE STICKER,C
INTC,119.33,,,,-0.1617,0.0667,NO STICKER,C
ONC,358.07,5.7,2.85,1884.5789,-0.0705,0.2667,ABOVE STICKER,C
MA,552.26,523.1293,261.5647,30.3773,-0.0814,0.8667,ABOVE STICKER,A
PLTR,188.75,18.9,9.45,299.6032,-0.0904,0.6364,ABOVE STICKER,C
ABBV,262.82,,,111.3644,-0.0244,0.2667,NO STICKER,C
CSCO,112.2,8.8582,4.4291,33.6937,-0.1394,0.3333,ABOVE STICKER,C
LRCX,347.49,128.1435,64.0718,60.3281,-0.2075,0.8667,ABOVE STICKER,A
AMAT,540.04,234.9077,117.4539,46.5953,-0.2699,0.8,ABOVE STICKER,A
ORCL,142.3,54.431,27.2155,22.3041,-0.5588,0.7333,ABOVE STICKER,B
COST,920.65,262.896,131.448,46.3104,-0.1604,0.6667,ABOVE STICKER,C
CVX,206.69,61.0383,30.5191,31.175,-0.0509,0.3333,ABOVE STICKER,C
CAT,845.42,163.8949,81.9474,44.9452,-0.2124,0.5333,ABOVE STICKER,C
BAC,53.75,16.7448,8.3724,14.1076,-0.176,0.2,ABOVE STICKER,C
KO,85.65,19.156,9.578,28.1743,-0.074,0.4667,ABOVE STICKER,C
DELL,562.52,104.3557,52.1778,32.7237,-0.0554,0.6154,ABOVE STICKER,C
MRK,144.3,84.6478,42.3239,19.8214,-0.0804,0.4667,ABOVE STICKER,C
HDB,22.34,,,46.5417,-0.4035,0.2,NO STICKER,C
PG,144.91,12.1625,6.0812,21.8897,-0.1336,0.2,ABOVE STICKER,C
UNH,371.9,18.1028,9.0514,28.1104,-0.1944,0.4,ABOVE STICKER,C
PANW,403.24,12.0,6.0,1008.1,-0.0153,0.6,ABOVE STICKER,C
ARM,307.49,,,361.7529,-0.3208,0.8571,NO STICKER,C
RPAY,3.82,,,,-0.2792,0.2727,NO STICKER,C
GE,309.56,,,38.0295,-0.2039,0.4,NO STICKER,C
MS,190.31,77.3768,38.6884,18.6396,-0.1806,0.2,ABOVE STICKER,C
PM,187.46,2.7146,1.3573,25.8209,-0.0977,0.2667,ABOVE STICKER,C
NFLX,67.06,95.4,47.7,21.0881,-0.4629,0.8667,ON DECK,A
HD,282.85,92.629,46.3145,19.877,-0.2887,0.4667,ABOVE STICKER,C
CRWD,270.04,,,,-0.0128,0.5455,NO STICKER,C
KLAC,206.89,89.6251,44.8126,56.5273,-0.3269,0.9333,ABOVE STICKER,A
TXN,293.8,8.6322,4.3161,53.9083,-0.1204,0.4,ABOVE STICKER,C
ANET,207.35,12.5469,6.2735,495.7779,-0.0351,1.0,ABOVE STICKER,A
GEV,988.7,,,55.8903,-0.1733,0.5714,NO STICKER,C
GS,902.56,354.8966,177.4483,17.5869,-0.2179,0.3333,ABOVE STICKER,C
SNDK,1719.99,,,23.3187,-0.2695,1.0,NO STICKER,
RTX,184.68,,,37.2339,-0.186,0.2,NO STICKER,C
WFC,80.45,20.8261,10.413,12.8514,-0.1771,0.1429,ABOVE STICKER,C
TMO,654.8,148.5429,74.2714,36.9109,-0.0422,0.3333,ABOVE STICKER,C
MRVL,272.29,54.8174,27.4087,88.6938,-0.1746,0.2727,ABOVE STICKER,C
C,128.5,20.3813,10.1907,18.3834,-0.1315,0.0667,ABOVE STICKER,C
LIN,479.48,50.8338,25.4169,32.8186,-0.1254,0.3636,ABOVE STICKER,C
AMGN,403.04,38.5344,19.2672,28.3233,-0.0984,0.3333,ABOVE STICKER,C
IBM,222.64,48.8291,24.4146,19.932,-0.3303,0.3333,ABOVE STICKER,C
AXP,302.78,175.8599,87.93,19.6866,-0.2186,0.5714,ABOVE STICKER,C
ADI,417.15,29.6786,14.8393,91.4803,-0.0645,0.6429,ABOVE STICKER,C
SHOP,151.39,28.2,14.1,161.0532,-0.1691,0.6429,ABOVE STICKER,C
BABA,105.85,,,13.2312,-0.4417,0.2,NO STICKER,C
STX,848.99,180.597,90.2985,61.0784,-0.2585,0.6667,ABOVE STICKER,C
QCOM,184.87,11.3075,5.6537,36.9002,-0.2887,0.5333,ABOVE STICKER,C
CRM,234.69,149.6072,74.8036,30.0885,-0.1279,0.5333,ABOVE STICKER,C
VZ,45.92,,,11.3103,-0.1115,0.1333,NO STICKER,C
DE,687.0,347.1943,173.5971,37.1351,-0.0474,0.5333,ABOVE STICKER,C
GILD,144.74,22.2534,11.1267,21.3481,-0.0798,0.4,ABOVE STICKER,C
DIS,102.19,53.8549,26.9274,14.9182,-0.1273,0.5455,ABOVE STICKER,C
TMUS,163.64,80.9073,40.4536,16.8354,-0.2917,0.5333,ABOVE STICKER,C
PEP,125.89,18.3661,9.1831,20.9817,-0.2659,0.2667,ABOVE STICKER,C
YMM,8.17,,,272.3333,-0.4193,0.5714,NO STICKER,C
BLK,1059.63,,,30.0093,-0.1314,0.5714,NO STICKER,C
SCCO,205.54,98.3325,49.1662,30.0497,-0.069,0.8,ABOVE STICKER,A
ETN,436.11,109.563,54.7815,41.733,-0.0876,0.3333,ABOVE STICKER,C
ABT,97.5,16.6251,8.3126,26.2097,-0.2791,0.3333,ABOVE STICKER,C
SCHW,96.7,111.776,55.888,20.7957,-0.1557,0.6,BELOW STICKER,C
T,24.3,,,7.9934,-0.1746,0.0667,NO STICKER,C
UNP,278.28,29.7075,14.8538,23.2287,-0.1193,0.2667,ABOVE STICKER,C
WELL,227.71,,,163.8201,-0.1077,0.4667,NO STICKER,C
MCD,231.89,32.1355,16.0677,19.405,-0.3215,0.4,ABOVE STICKER,C
NEE,76.83,32.6952,16.3476,23.2818,-0.222,0.0714,ABOVE STICKER,C
PFE,27.8,,,20.4412,-0.0483,0.1333,NO STICKER,C
BA,193.56,,,78.0484,-0.239,0.1333,NO STICKER,C
COP,126.75,80.1924,40.0962,19.9606,-0.105,0.3333,ABOVE STICKER,C
DHR,214.06,1.6904,0.8452,42.3881,-0.1184,0.0,ABOVE STICKER,C
WDC,415.29,,,17.1042,-0.4808,0.5455,NO STICKER,C
TJX,132.68,104.1577,52.0789,24.5704,-0.2195,0.8,ABOVE STICKER,A
GLW,164.19,10.029,5.0145,89.7213,-0.3959,0.3333,ABOVE STICKER,C
ISRG,391.95,261.6,130.8,44.9484,-0.3509,0.9333,ABOVE STICKER,A
UBER,68.11,80.05,40.025,14.3996,-0.3276,0.5455,BELOW STICKER,C
NOW,134.38,50.1,25.05,80.4671,-0.3036,0.7333,ABOVE STICKER,C
FTNT,180.95,84.9,42.45,63.9399,-0.0117,0.7333,ABOVE STICKER,B
GLD,380.14,558.5142,279.2571,3.4207,-0.2542,0.3333,BELOW STICKER,C
CB,330.89,310.9125,155.4562,11.7046,-0.0957,0.6,BUY*,C
VRTX,504.73,139.0896,69.5448,32.9458,-0.0991,0.5333,ABOVE STICKER,C
ACN,198.9,139.2342,69.6171,16.3704,-0.3167,0.5333,ABOVE STICKER,C
BMY,61.15,23.0335,11.5167,17.6734,-0.1091,0.3333,ABOVE STICKER,C
PH,972.55,612.0995,306.0498,34.1485,-0.1158,0.7333,ABOVE STICKER,B
BKNG,159.02,276.5601,138.2801,17.2498,-0.2932,0.7333,BUY*,B
PGR,210.31,361.8468,180.9234,10.5524,-0.1438,1.0,BUY*,A
NEM,115.56,103.8814,51.9407,18.0845,-0.1458,0.7333,ABOVE STICKER,C
NET,349.07,,,,-0.05,0.3636,NO STICKER,C
SNOW,341.04,,,,-0.1132,0.2727,NO STICKER,C
PLD,128.91,46.3962,23.1981,36.2107,-0.1594,0.2857,ABOVE STICKER,C
COF,194.72,,,48.3176,-0.25,0.4,NO STICKER,C
MPC,422.33,103.0662,51.5331,31.9463,-0.0203,0.4667,ABOVE STICKER,C
VLO,406.3,,,53.6724,-0.0304,0.3571,NO STICKER,C
LMT,505.41,26.3772,13.1886,23.5184,-0.2696,0.3333,ABOVE STICKER,C
SPGI,386.27,243.8739,121.9369,24.432,-0.2607,0.6667,ABOVE STICKER,C
MO,67.35,,,16.3471,-0.126,0.2667,NO STICKER,C
APH,86.96,63.1918,31.5959,21.74,-0.0258,1.0,ABOVE STICKER,B
PDD,75.38,203.0095,101.5048,8.1193,-0.4593,0.5455,BUY,C
CVS,86.46,,,62.2014,-0.2188,0.1333,NO STICKER,C
MDT,86.38,7.7401,3.8701,23.1582,-0.1876,0.0,ABOVE STICKER,C
SBUX,94.71,11.7521,5.876,58.1043,-0.143,0.3333,ABOVE STICKER,C
SYK,275.43,124.5013,62.2507,32.7893,-0.2984,0.4667,ABOVE STICKER,C
PSX,264.58,25.2515,12.6258,24.5209,-0.0453,0.4,ABOVE STICKER,C
MCK,902.28,441.5009,220.7505,23.5091,-0.0968,0.4667,ABOVE STICKER,C
HOOD,112.74,61.5,30.75,54.9951,-0.2673,0.5455,ABOVE STICKER,C
FCX,72.04,13.6591,6.8296,47.1659,-0.1022,0.5,ABOVE STICKER,C
TT,463.91,115.0711,57.5355,35.1181,-0.0829,0.6667,ABOVE STICKER,C
ADP,257.68,78.2582,39.1291,23.5539,-0.1221,0.5333,ABOVE STICKER,C
PWR,676.56,201.4113,100.7057,99.4941,-0.1422,0.7143,ABOVE STICKER,C
LOW,180.8,10.6342,5.3171,15.2574,-0.3831,0.2667,ABOVE STICKER,C
EQIX,1025.72,211.0526,105.5263,74.5436,-0.0912,0.6,ABOVE STICKER,C
ABNB,162.43,120.9283,60.4641,40.2958,-0.1604,0.5556,ABOVE STICKER,C
DDOG,277.22,9.3,4.65,894.2581,-0.053,0.5455,ABOVE STICKER,C
VRT,252.18,132.6,66.3,57.0543,-0.3363,0.8182,ABOVE STICKER,C
BNY,145.4,29.3573,14.6787,19.6486,-0.1233,0.3333,ABOVE STICKER,C
LITE,1085.42,,,,-0.0057,0.4286,NO STICKER,C
CDNS,351.35,128.7,64.35,81.8998,-0.1568,0.9333,ABOVE STICKER,A
ADBE,237.69,537.3,268.65,13.2714,-0.3465,0.7333,BUY,B
CME,263.14,66.5959,33.298,23.5789,-0.2006,0.4,ABOVE STICKER,C
JCI,156.24,20.8322,10.4161,31.0616,-0.0052,0.2667,ABOVE STICKER,C
SO,83.72,16.3147,8.1573,21.3571,-0.1698,0.0667,ABOVE STICKER,C
SNPS,489.9,171.6,85.8,85.6469,-0.0919,0.7333,ABOVE STICKER,C
MAR,358.96,165.8272,82.9136,37.7455,-0.1266,0.5,ABOVE STICKER,C
XHG,1.86,,,,-0.7427,0.125,NO STICKER,C
HCA,426.69,215.8841,107.9421,15.0614,-0.2333,0.5714,ABOVE STICKER,C
HWM,231.27,6.5063,3.2532,62.3369,-0.254,0.5714,ABOVE STICKER,C
HPE,69.33,,,,-0.0137,0.0667,NO STICKER,C
AEM,183.69,,,,-0.2803,0.0,NO STICKER,C
CEG,257.49,59.4325,29.7163,34.7959,-0.3761,0.2,ABOVE STICKER,C
APP,268.22,390.3,195.15,20.6164,-0.6366,0.8182,ON DECK,A
GD,330.09,84.7599,42.38,21.365,-0.1748,0.6,ABOVE STICKER,C
EMR,161.61,5.8233,2.9116,40.0025,-0.0285,0.3333,ABOVE STICKER,C
USB,57.51,14.4772,7.2386,12.4481,-0.1297,0.2857,ABOVE STICKER,C
DUK,114.13,25.3375,12.6687,18.0872,-0.1514,0.1333,ABOVE STICKER,C
BX,111.75,134.1,67.05,25.0,-0.3426,0.6429,ON DECK,C
PNC,221.03,48.4146,24.2073,13.3231,-0.1465,0.1333,ABOVE STICKER,C
CSX,47.43,6.4214,3.2107,30.7987,-0.1151,0.2,ABOVE STICKER,C
WMB,70.54,14.7415,7.3708,32.9626,-0.1191,0.3333,ABOVE STICKER,C
MELI,1696.56,1102.8,551.4,46.1523,-0.3013,0.8571,BUY*,A
EDU,55.44,3.8705,1.9352,186.1533,-0.1467,0.5,ABOVE STICKER,C
BE,289.15,,,,-0.1769,0.4545,NO STICKER,C
JOYY,79.19,59.1,29.55,40.198,-0.0255,0.2667,ABOVE STICKER,C
ICE,150.15,64.6448,32.3224,26.0225,-0.1471,0.2667,ABOVE STICKER,C
ELV,386.43,243.8617,121.9309,15.3284,-0.1142,0.2667,ABOVE STICKER,C
MMM,161.89,,,26.9817,-0.1244,0.2667,NO STICKER,C
DASH,189.15,63.9,31.95,88.8028,-0.3375,0.5455,ABOVE STICKER,C
WM,204.45,70.7125,35.3562,28.918,-0.176,0.6667,ABOVE STICKER,C
MRSH,170.06,115.9286,57.9643,20.7643,-0.1817,0.7143,ABOVE STICKER,B
KKR,90.29,,,,-0.3766,0.125,NO STICKER,C
UXIN,1.275,,,,-0.695,0.25,NO STICKER,
CMCSA,21.57,39.4239,19.7119,4.0019,-0.3436,0.3333,BELOW STICKER,C
UPS,93.02,122.4134,61.2067,14.1799,-0.2401,0.4,BELOW STICKER,C
REGN,735.2,727.571,363.7855,18.1935,-0.1445,0.7333,ABOVE STICKER,C
CTAS,193.02,61.875,30.9375,39.3116,-0.1193,0.6667,ABOVE STICKER,C
EPD,36.18,37.3479,18.674,13.6251,-0.0993,0.1667,BELOW STICKER,C
INTU,281.08,493.8,246.9,17.0765,-0.5921,0.9333,BUY*,A
TRV,360.38,248.6628,124.3314,9.685,-0.0961,0.6,BUY*,C
WBD,30.94,,,106.6897,-0.001,0.3077,NO STICKER,C
SHW,319.51,103.2905,51.6453,31.1413,-0.1542,0.4,ABOVE STICKER,C
JD,25.78,,,28.0217,-0.2867,0.2667,NO STICKER,C
ECL,273.7,50.3256,25.1628,37.5962,-0.115,0.3333,ABOVE STICKER,C
MCO,441.36,162.8056,81.4028,32.2868,-0.1929,0.4667,ABOVE STICKER,C
MRNA,190.01,,,,-0.0904,0.2727,NO STICKER,C
AMT,162.2,37.2999,18.65,30.037,-0.1728,0.2667,ABOVE STICKER,C
NTES,117.21,147.5447,73.7723,15.6063,-0.2508,0.8667,BUY*,A
MSI,447.41,120.1739,60.087,35.2569,-0.0959,0.6667,ABOVE STICKER,C
ITW,262.92,24.6718,12.3359,25.0639,-0.1327,0.2,ABOVE STICKER,C
RCL,277.74,276.8546,138.4273,17.7924,-0.2207,0.4667,ABOVE STICKER,C
MDLZ,58.19,,,30.7884,-0.1269,0.0,NO STICKER,C
EOG,141.38,97.8601,48.93,15.5022,-0.0829,0.4,ABOVE STICKER,C
CMI,528.32,200.3471,100.1735,27.0102,-0.2839,0.6,ABOVE STICKER,C
ROST,228.54,180.4977,90.2488,27.6348,-0.1107,0.8,ABOVE STICKER,A
SLB,48.74,6.241,3.1205,20.7404,-0.1938,0.2667,ABOVE STICKER,C
HLT,319.36,16.036,8.018,52.183,-0.1079,0.3333,ABOVE STICKER,C
CI,270.53,,,12.197,-0.1334,0.3636,NO STICKER,C
NSC,317.44,45.8768,22.9384,24.8973,-0.1148,0.3333,ABOVE STICKER,C
MPWR,1439.73,491.7,245.85,87.842,-0.1601,0.8667,ABOVE STICKER,A
TGT,156.0,7.38,3.69,19.1882,-0.0864,0.2667,ABOVE STICKER,C
ET,20.47,,,,-0.0627,0.2222,NO STICKER,C
TER,449.04,12.9305,6.4652,129.4063,-0.0797,0.3333,ABOVE STICKER,C
KMI,31.07,4.9713,2.4856,22.6788,-0.1074,0.2667,ABOVE STICKER,C
FDX,290.36,75.7531,37.8766,15.6528,-0.1593,0.3333,ABOVE STICKER,C
ORLY,84.9,29.0281,14.514,28.5859,-0.1932,0.3333,ABOVE STICKER,C
GM,78.27,,,23.9358,-0.1478,0.4,NO STICKER,C
URI,1081.04,675.7709,337.8854,27.6269,-0.0832,0.8,ABOVE STICKER,A
NOC,478.0,344.0602,172.0301,16.4374,-0.3824,0.4667,ABOVE STICKER,C
HON,213.99,10.2338,5.1169,14.5374,-0.1779,0.2,ABOVE STICKER,C
APO,114.02,65.5462,32.7731,40.5765,-0.2562,0.7273,BUY*,C
CL,84.26,1.5579,0.779,32.038,-0.1517,0.2,ABOVE STICKER,C
COHR,337.04,93.2976,46.6488,81.8058,-0.234,0.5333,ABOVE STICKER,C
SPG,200.95,67.2965,33.6482,14.1814,-0.1574,0.3333,ABOVE STICKER,C
KEYS,384.64,30.5646,15.2823,78.3381,-0.0085,0.5333,ABOVE STICKER,C
AEP,119.57,34.1176,17.0588,17.9535,-0.1495,0.2667,ABOVE STICKER,C
RSG,209.56,53.655,26.8275,30.5927,-0.1022,0.2667,ABOVE STICKER,C
TEL,220.36,1.5925,0.7962,35.7727,-0.1275,0.3333,ABOVE STICKER,C
TDG,1090.38,615.0769,307.5385,33.0719,-0.2547,0.7333,ABOVE STICKER,B
DLR,178.55,58.4502,29.2251,49.8743,-0.1422,0.3333,ABOVE STICKER,C
IBIT,47.73,,,,-0.3354,0.0,NO STICKER,
APD,277.57,,,,-0.1185,0.0667,NO STICKER,C
BSX,42.6,37.9513,18.9756,21.9588,-0.5968,0.5333,ABOVE STICKER,C
IAU,77.95,225.5038,112.7519,2.439,-0.2534,0.3333,BELOW MOS,C
NXPI,243.66,57.8478,28.9239,30.6491,-0.2832,0.3333,ABOVE STICKER,C
FIX,1728.01,863.8957,431.9478,42.5304,-0.1668,0.7333,ABOVE STICKER,C
ALAB,350.33,,,287.1557,-0.2986,0.4286,NO STICKER,C
SE,95.19,75.6,37.8,37.7738,-0.508,0.6667,ABOVE STICKER,C
TRGP,281.74,199.0297,99.5148,33.1849,-0.0851,0.5714,ABOVE STICKER,C
GWW,1280.3,766.5649,383.2825,36.1667,-0.0983,0.5333,ABOVE STICKER,C
NBIS,242.81,,,735.7879,-0.1903,0.2667,NO STICKER,C
MET,94.43,,,20.0488,-0.0644,0.2667,NO STICKER,C
NTRA,410.35,,,,-0.04,0.4667,NO STICKER,C
COR,309.05,113.4485,56.7242,38.8254,-0.1814,0.4667,ABOVE STICKER,C
FAST,50.75,9.2502,4.6251,46.5596,-0.041,0.2667,ABOVE STICKER,C
OXY,58.08,10.3326,5.1663,36.0745,-0.1389,0.2,ABOVE STICKER,C
AJG,226.11,55.9073,27.9536,39.392,-0.2778,0.4,ABOVE STICKER,C
AME,251.93,98.5585,49.2793,36.8319,-0.0353,0.6667,ABOVE STICKER,C
AON,269.45,471.896,235.948,14.8539,-0.2953,0.6,ON DECK,C
PCAR,109.68,25.6302,12.8151,24.3193,-0.2123,0.3333,ABOVE STICKER,C
MPLX,56.38,,,,-0.075,0.5,NO STICKER,C
BEKE,16.43,0.4277,0.2139,136.9167,-0.1735,0.0909,ABOVE STICKER,C
TFC,46.45,2.6508,1.3254,12.1597,-0.1735,0.1667,ABOVE STICKER,C
LNG,269.95,411.0618,205.5309,12.9214,-0.1028,0.6,ON DECK,C
ALL,223.74,229.3585,114.6792,5.8786,-0.1929,0.6,BELOW STICKER,C
AFL,111.54,24.6228,12.3114,16.3548,-0.1434,0.3333,ABOVE STICKER,C
BKR,56.0,,,,-0.2047,0.4444,NO STICKER,C
CIEN,391.34,1.5753,0.7876,460.4,-0.3861,0.4667,ABOVE STICKER,C
OKE,87.88,113.5276,56.7638,16.214,-0.1199,0.7333,BELOW STICKER,C
DAL,84.09,16.1108,8.0554,10.9778,-0.1211,0.4667,ABOVE STICKER,C
NUE,240.39,100.211,50.1055,31.9668,-0.1418,0.4667,ABOVE STICKER,C
CRH,81.94,,,14.8711,-0.3771,0.7143,NO STICKER,B
GRMN,281.16,119.9846,59.9923,31.3795,-0.1054,0.7333,ABOVE STICKER,B
D,61.31,1.3884,0.6942,17.771,-0.16,0.1333,ABOVE STICKER,C
CAH,228.3,68.9041,34.452,31.5768,-0.1161,0.5333,ABOVE STICKER,C
COIN,183.0,133.5,66.75,41.1236,-0.545,0.4545,ABOVE STICKER,C
DVN,47.65,36.4362,18.2181,11.4269,-0.096,0.4,ABOVE STICKER,C
FANG,184.71,66.9763,33.4882,32.2356,-0.1484,0.5714,ABOVE STICKER,C
SRE,78.38,,,28.5018,-0.2243,0.0667,NO STICKER,C
O,54.13,0.3787,0.1894,46.265,-0.2033,0.3571,ABOVE STICKER,C
STM,57.26,,,318.1111,-0.2967,0.2667,NO STICKER,C
NDAQ,90.33,30.272,15.136,29.233,-0.1126,0.5333,ABOVE STICKER,C
ROK,454.35,,,59.2373,-0.0865,0.3333,NO STICKER,C
NKE,33.87,,,16.1286,-0.5321,0.2667,NO STICKER,C
WDAY,186.14,77.7,38.85,71.8687,-0.2476,0.6,ABOVE STICKER,C
PSA,283.81,44.682,22.341,31.4994,-0.1542,0.2,ABOVE STICKER,C
EW,85.15,16.3295,8.1647,46.5301,-0.1157,0.4667,ABOVE STICKER,C
TEAM,187.89,,,,-0.0606,0.3636,NO STICKER,C
WAB,287.54,153.3999,76.7,42.0996,-0.0623,0.5333,ABOVE STICKER,C
STT,175.96,51.0462,25.5231,18.7191,-0.1019,0.3333,ABOVE STICKER,C
BDX,176.8,40.3122,20.1561,30.378,-0.0843,0.0667,ABOVE STICKER,C
F,12.1,,,,-0.3195,0.0667,NO STICKER,C
EBAY,106.4,1.1028,0.5514,24.5161,-0.1082,0.4,ABOVE STICKER,C
A,167.78,36.0894,18.0447,36.7133,-0.0524,0.5333,ABOVE STICKER,C
VST,140.02,19.8903,9.9452,64.2294,-0.355,0.0909,ABOVE STICKER,C
P,140.14,16.5,8.25,254.8,-0.0049,0.4667,ABOVE STICKER,C
HUM,388.36,,,39.4675,-0.0945,0.2,NO STICKER,C
XYZ,74.33,60.43,30.215,35.3952,-0.1448,0.5333,ABOVE STICKER,C
ETR,100.91,6.2936,3.1468,25.8082,-0.1481,0.2143,ABOVE STICKER,C
FITB,50.87,5.9177,2.9589,14.4108,-0.145,0.4167,ABOVE STICKER,C
TEVA,39.53,,,32.6694,-0.0309,0.2,NO STICKER,C
AMP,490.91,284.4574,142.2287,11.8606,-0.1426,0.6,BUY*,C
AZO,2792.03,1086.3357,543.1679,19.2727,-0.339,0.3333,ABOVE STICKER,C
CARR,55.12,,,32.0465,-0.2819,0.3636,NO STICKER,C
VEEV,273.33,183.0,91.5,44.8082,-0.1197,0.9333,ABOVE STICKER,C
LGVN,2.58,,,,-0.7902,0.0,NO STICKER,C
NTAP,226.27,46.311,23.1555,31.959,-0.0243,0.6,ABOVE STICKER,C
TWLO,294.58,6.3,3.15,1402.7619,-0.0372,0.4,ABOVE STICKER,C
PYPL,52.8,89.2007,44.6003,9.7597,-0.3335,0.4,BELOW STICKER,C
ADSK,212.0,,,27.4611,-0.3501,0.6667,NO STICKER,C
XEL,71.4,13.7486,6.8743,20.8772,-0.1523,0.0833,ABOVE STICKER,C
CLS,387.32,,,54.095,-0.1829,1.0,NO STICKER,A
MSTR,160.01,,,,-0.5619,0.1333,NO STICKER,C
RVMD,206.64,,,,-0.0788,0.0,NO STICKER,C
RKLB,73.92,,,,-0.5105,0.2727,NO STICKER,C
MCHP,81.32,,,369.6364,-0.2322,0.0667,NO STICKER,C
LHX,236.6,59.8694,29.9347,27.7374,-0.3761,0.4167,ABOVE STICKER,C
FLEX,116.61,30.5503,15.2752,45.0232,-0.3012,0.6,ABOVE STICKER,C
FERG,223.33,,,23.9624,-0.1778,0.4286,NO STICKER,C
VTR,84.01,,,155.5741,-0.1731,0.2,NO STICKER,C
HEI,302.45,159.9994,79.9997,50.4083,-0.1974,1.0,ABOVE STICKER,A
IQV,258.21,86.9911,43.4955,32.9349,-0.0692,0.2667,ABOVE STICKER,C
MNST,42.94,36.6087,18.3043,22.1852,-0.1441,0.75,ABOVE STICKER,B
WAT,425.21,55.9043,27.9522,39.5177,-0.0513,0.3333,ABOVE STICKER,C
EXC,40.73,5.3123,2.6562,14.8912,-0.1959,0.0833,ABOVE STICKER,C
IDXX,518.39,426.9,213.45,36.4294,-0.3267,0.8,ABOVE STICKER,A
KDP,30.37,18.1838,9.0919,19.8497,-0.102,0.2667,ABOVE STICKER,C
ILMN,273.04,21.7559,10.878,50.0991,-0.0254,0.2,ABOVE STICKER,C
CRDO,218.64,75.3,37.65,87.1076,-0.2917,0.5455,ABOVE STICKER,C
CMG,32.36,33.0894,16.5447,28.386,-0.2443,0.5714,BELOW STICKER,C
KC,9.0,,,,-0.514,0.2727,NO STICKER,C
LYV,168.77,,,,-0.1082,0.3333,NO STICKER,C
IBKR,88.3,55.4988,27.7494,35.0397,-0.1058,0.9333,BUY*,A
AIG,74.93,,,13.7993,-0.1416,0.2,NO STICKER,C
MSCI,535.95,347.9746,173.9873,29.3029,-0.1688,0.6667,ABOVE STICKER,C
CRWV,89.62,,,,-0.415,0.2857,NO STICKER,C
DHI,135.0,116.274,58.137,12.8694,-0.2332,0.8,BUY*,A
PRU,112.6,,,11.2713,-0.1184,0.1333,NO STICKER,C
ADM,80.45,,,36.0762,-0.0935,0.1333,NO STICKER,C
WCN,153.82,115.3855,57.6927,36.8873,-0.1442,0.4667,ABOVE STICKER,C
CBRE,129.58,59.3963,29.6981,29.6522,-0.2564,0.6,ABOVE STICKER,C
ED,103.39,21.7325,10.8662,18.3316,-0.1105,0.2667,ABOVE STICKER,C
OKTA,211.49,39.3,19.65,161.4427,-0.0235,0.4286,ABOVE STICKER,C
TTWO,202.73,,,,-0.2377,0.3333,NO STICKER,C
SIMO,280.5,9.1946,4.5973,308.2418,-0.2099,0.3333,ABOVE STICKER,C
UI,620.52,475.5,237.75,39.1495,-0.4359,0.9333,ABOVE STICKER,A
ODFL,180.48,38.0802,19.0401,37.2893,-0.2839,0.3571,ABOVE STICKER,C
YUM,136.12,23.217,11.6085,24.5261,-0.2,0.3333,ABOVE STICKER,C
SYY,77.49,,,21.1721,-0.1563,0.5714,NO STICKER,C
UAL,112.51,,,11.0304,-0.1892,0.2667,NO STICKER,C
PAYX,98.94,52.3522,26.1761,20.2331,-0.2344,0.4667,ABOVE STICKER,C
EME,786.61,628.317,314.1585,24.4897,-0.1737,0.8667,ABOVE STICKER,A
ROP,354.32,137.1934,68.5967,24.9521,-0.3203,0.4,ABOVE STICKER,C
EXPE,265.0,46.57,23.285,27.0133,-0.2251,0.3333,ABOVE STICKER,C
KR,59.03,,,38.3312,-0.2292,0.2,NO STICKER,C
CCL,25.76,,,12.7525,-0.243,0.2667,NO STICKER,C
VG,13.13,,,15.2674,-0.2548,0.7143,NO STICKER,C
HIG,126.05,65.3233,32.6617,9.4632,-0.1371,0.4,ABOVE STICKER,C
TKO,175.58,,,77.6903,-0.2263,0.2857,NO STICKER,C
PEG,68.07,6.3876,3.1938,16.1303,-0.2232,0.2,ABOVE STICKER,C
IRM,113.39,,,231.4082,-0.1581,0.2143,NO STICKER,C
AXON,413.35,45.3,22.65,273.7417,-0.459,0.6,ABOVE STICKER,C
EL,91.97,,,183.94,-0.2439,0.1333,NO STICKER,C
DXCM,85.36,29.2209,14.6104,33.7391,-0.0781,0.8,ABOVE STICKER,C
STLD,231.99,91.3153,45.6577,29.035,-0.1965,0.4,ABOVE STICKER,C
ACGL,93.6,133.3701,66.6851,7.3239,-0.126,0.8667,BUY*,A
WEC,101.59,23.5838,11.7919,21.1206,-0.1528,0.1333,ABOVE STICKER,C
ON,84.89,,,292.7241,-0.3708,0.4,NO STICKER,C
KVUE,17.2,,,22.6316,-0.1456,0.8571,NO STICKER,A
PCG,12.32,,,10.4407,-0.357,0.0,NO STICKER,C
ESLT,696.23,211.8925,105.9462,52.3875,-0.3148,0.8,ABOVE STICKER,A
BIIB,219.88,,,25.0148,-0.046,0.2,NO STICKER,C
RPRX,57.16,2.544,1.272,32.1124,-0.1121,0.0909,ABOVE STICKER,C
QSR,69.91,59.9362,29.9681,18.8437,-0.147,0.6667,ABOVE STICKER,C
ZS,196.6,,,,-0.4166,0.4667,NO STICKER,C
RMD,218.89,312.9,156.45,20.9866,-0.2316,0.8,ON DECK,A
JBL,304.41,14.5184,7.2592,51.4206,-0.2903,0.3333,ABOVE STICKER,C
MTB,219.14,95.5874,47.7937,12.8906,-0.1438,0.2,ABOVE STICKER,C
SUNB,77.1,,,24.4762,-0.1105,0.4286,NO STICKER,C
RJF,158.21,125.6947,62.8474,13.7934,-0.1342,0.7333,ABOVE STICKER,B
VMC,243.06,95.4669,47.7334,29.9704,-0.2659,0.4667,ABOVE STICKER,C
KMB,94.36,11.3663,5.6832,15.5453,-0.2334,0.3333,ABOVE STICKER,C
EQT,50.17,27.7664,13.8832,15.1571,-0.2648,0.5,ABOVE STICKER,C
NTRS,171.4,42.6847,21.3424,19.611,-0.1245,0.3333,ABOVE STICKER,C
CNC,62.99,,,,-0.0954,0.4,NO STICKER,C
HBAN,15.33,12.2052,6.1026,11.0288,-0.2122,0.4286,ABOVE STICKER,C
SMCI,43.69,64.8051,32.4025,13.4018,-0.2567,0.8,ON DECK,A
RBLX,44.12,,,,-0.6892,0.4545,NO STICKER,C
RDDT,147.86,,,56.4351,-0.4389,0.4286,NO STICKER,C
MTD,1486.19,189.9362,94.9681,35.3434,-0.0441,0.3333,ABOVE STICKER,C
CQP,61.31,,,,-0.1395,0.5,NO STICKER,C
IR,76.07,43.5,21.75,52.4621,-0.2465,0.2667,ABOVE STICKER,C
SLV,54.74,271.1658,135.5829,1.3384,-0.5016,0.3333,BELOW MOS,C
ALNY,219.72,69.9,34.95,94.3004,-0.5566,0.2857,ABOVE STICKER,C
EXR,133.25,37.6144,18.8072,29.415,-0.1613,0.7143,ABOVE STICKER,B
GEHC,64.29,,,14.1297,-0.2838,0.5714,NO STICKER,C
MLM,482.27,302.3937,151.1968,25.6937,-0.3217,0.4667,ABOVE STICKER,C
HPQ,32.12,0.663,0.3315,12.1208,-0.1134,0.2,ABOVE STICKER,C
MDLN,35.61,,,,-0.3001,0.2,NO STICKER,
MDB,357.96,,,,-0.2434,0.2667,NO STICKER,C
ZTS,69.69,42.6737,21.3368,11.5764,-0.5301,0.5333,ABOVE STICKER,C
TDY,617.17,393.3424,196.6712,32.6891,-0.1154,0.6,ABOVE STICKER,C
ZM,92.88,182.104,91.052,15.0291,-0.1905,0.4545,BELOW STICKER,C
CCI,66.44,,,65.7822,-0.3389,0.0,NO STICKER,C
GLDM,82.05,,,3.2741,-0.2523,0.3333,NO STICKER,
AEE,99.94,30.1178,15.0589,18.6804,-0.1553,0.2667,ABOVE STICKER,C
Q,131.48,,,39.8424,-0.2583,0.1429,NO STICKER,C
NVT,169.56,79.0161,39.508,39.3411,-0.0817,0.3636,ABOVE STICKER,C
WSM,232.3,84.458,42.229,26.2783,-0.0886,0.4667,ABOVE STICKER,C
FOXA,62.28,2.6698,1.3349,16.2188,-0.1847,0.0909,ABOVE STICKER,C
ECHO,94.25,,,,-0.3599,0.2,NO STICKER,C
TSEM,240.86,41.2816,20.6408,124.1546,-0.2472,0.3333,ABOVE STICKER,C
CFG,64.33,13.6014,6.8007,16.6658,-0.146,0.3333,ABOVE STICKER,C
FTI,68.82,69.0,34.5,29.9217,-0.1472,0.5333,BELOW STICKER,C
FCNCA,2073.46,2071.4312,1035.7156,12.5482,-0.097,0.5385,ABOVE STICKER,C
WTW,288.61,151.0225,75.5113,17.7497,-0.1819,0.4,ABOVE STICKER,C
ZLAB,24.33,,,,-0.2857,0.1429,NO STICKER,C
ATO,157.17,78.8027,39.4013,21.0684,-0.1836,0.3571,ABOVE STICKER,C
HAL,31.85,9.0176,4.5088,21.1754,-0.2693,0.1667,ABOVE STICKER,C
CTSH,58.51,40.0064,20.0032,12.8311,-0.3277,0.3333,ABOVE STICKER,C
KHC,22.19,,,,-0.21,0.0667,NO STICKER,C
WST,364.98,149.5484,74.7742,46.7324,-0.0545,0.6,ABOVE STICKER,C
DG,118.94,,,17.3635,-0.2483,0.4667,NO STICKER,C
ATI,192.42,37.9599,18.98,67.5158,-0.21,0.4667,ABOVE STICKER,C
FFIV,454.04,229.2239,114.6119,36.1785,-0.0172,0.6,ABOVE STICKER,C
CPRT,27.22,41.697,20.8485,17.5613,-0.4068,0.6667,ON DECK,C
VRSN,288.32,36.036,18.018,32.7533,-0.0773,0.1111,ABOVE STICKER,C
CPAY,394.6,275.025,137.5125,26.2542,-0.0769,0.5333,ABOVE STICKER,C
DTE,124.45,1.7695,0.8848,17.7027,-0.201,0.0,ABOVE STICKER,C
AWK,130.25,47.3988,23.6994,22.891,-0.1057,0.0714,ABOVE STICKER,C
ROIV,35.72,,,,-0.1595,0.0909,NO STICKER,C
DGX,233.33,6.1475,3.0737,26.6663,-0.0623,0.3333,ABOVE STICKER,C
SN,182.57,,,36.9575,-0.0615,1.0,NO STICKER,A
WRB,68.98,33.9923,16.9961,15.5011,-0.1264,0.5333,ABOVE STICKER,C
CPNG,13.78,3.3,1.65,125.2727,-0.5792,0.4545,ABOVE STICKER,C
DOV,189.69,59.8031,29.9015,23.8904,-0.2014,0.4,ABOVE STICKER,C
ENTG,166.47,1.9241,0.962,107.4,-0.1095,0.4667,ABOVE STICKER,C
LPLA,316.44,257.6375,128.8187,25.3558,-0.2092,0.6667,ABOVE STICKER,C
HUBB,475.52,279.562,139.781,28.104,-0.1591,0.6,ABOVE STICKER,C
CINF,161.95,145.8944,72.9472,7.6464,-0.1687,0.8,BUY*,A
UTHR,541.7,354.1302,177.0651,19.4088,-0.111,0.8667,ABOVE STICKER,A
FE,43.34,0.4374,0.2187,24.625,-0.172,0.2667,ABOVE STICKER,C
EXPD,192.47,20.55,10.275,32.3479,-0.0109,0.3333,ABOVE STICKER,C
LH,308.49,3.1758,1.5879,29.4924,-0.0975,0.0667,ABOVE STICKER,C
VICI,22.65,21.1682,10.5841,8.6782,-0.3049,0.1818,ABOVE STICKER,C
TCOM,38.09,204.5594,102.2797,5.5862,-0.5178,0.4167,BELOW MOS,C
CNP,37.79,5.853,2.9265,23.6187,-0.165,0.0667,ABOVE STICKER,C
AFRM,70.77,71.51,35.755,12.7975,-0.2175,0.5455,BELOW STICKER,C
PPL,32.8,0.4311,0.2156,20.6289,-0.1822,0.2,ABOVE STICKER,C
MTSI,321.6,,,,-0.2323,0.4,NO STICKER,C
OTIS,64.05,5.5324,2.7662,18.3,-0.3227,0.3636,ABOVE STICKER,C
ES,64.5,19.1389,9.5695,14.1447,-0.1576,0.3333,ABOVE STICKER,C
INSM,111.12,,,,-0.4777,0.2,NO STICKER,C
AER,144.34,95.3621,47.681,6.7765,-0.0911,0.3333,ABOVE STICKER,C
PFG,111.96,5.193,2.5965,21.3257,-0.0761,0.2,ABOVE STICKER,C
GH,177.8,,,,-0.0311,0.1818,NO STICKER,C
INCY,115.3,204.6873,102.3436,16.2853,-0.1305,0.8,ON DECK,C
XYL,101.79,117.6,58.8,25.9668,-0.3402,0.3333,BELOW STICKER,C
ULTA,543.69,600.7028,300.3514,19.7993,-0.2396,0.8667,ON DECK,A
FISV,44.36,112.7155,56.3578,6.9968,-0.6555,0.4,BELOW MOS,C
IOT,41.12,,,,-0.1338,0.3636,NO STICKER,C
TPR,118.12,,,16.2476,-0.2833,0.8571,NO STICKER,A
TPL,340.19,235.2,117.6,43.3916,-0.3783,0.9091,ABOVE STICKER,A
LVS,36.23,,,15.417,-0.4857,0.3333,NO STICKER,C
PPG,105.15,38.5369,19.2684,15.1513,-0.2119,0.4,ABOVE STICKER,C
SYF,71.77,65.5277,32.7638,7.7338,-0.1915,0.5,ABOVE STICKER,C
RBRK,118.58,,,,-0.002,0.5,NO STICKER,
RF,27.1,6.5009,3.2505,11.7826,-0.1654,0.3333,ABOVE STICKER,C
VLTO,94.68,,,25.1809,-0.1181,0.8571,NO STICKER,A
ROKU,152.39,17.7,8.85,258.2881,-0.0469,0.4,ABOVE STICKER,C
CASY,617.76,496.9169,248.4584,29.7572,-0.3342,0.8667,ABOVE STICKER,C
LI,10.69,2.4,1.2,133.625,-0.5736,0.1818,ABOVE STICKER,C
DRI,200.33,127.8147,63.9073,19.2996,-0.1281,0.4667,ABOVE STICKER,C
VMRK,59.79,0.7665,0.3833,20.3367,-0.1638,0.0,ABOVE STICKER,C
CHD,94.31,6.436,3.218,31.2285,-0.1106,0.2667,ABOVE STICKER,C
TROW,104.62,16.9547,8.4774,11.3225,-0.1425,0.2667,ABOVE STICKER,C
SW,42.54,,,31.985,-0.192,0.7143,NO STICKER,C
RL,363.37,107.226,53.613,22.8967,-0.1381,0.6,ABOVE STICKER,C
PHM,115.73,84.7774,42.3887,11.8212,-0.1991,0.6667,BUY*,C
SNX,278.37,20.2952,10.1476,27.9769,-0.0683,0.2667,ABOVE STICKER,C
JBHT,234.2,26.5672,13.2836,38.268,-0.2187,0.4,ABOVE STICKER,C
TW,102.22,113.4,56.7,27.0423,-0.1995,0.7273,BELOW STICKER,C
XPO,186.09,5.7559,2.878,70.4886,-0.1981,0.3333,ABOVE STICKER,C
L,106.03,50.0081,25.0041,13.3036,-0.1238,0.2667,ABOVE STICKER,C
MKL,1737.18,1260.4763,630.2381,10.2658,-0.2131,0.4667,ABOVE STICKER,C
KEY,20.08,4.0187,2.0094,13.2105,-0.1658,0.1333,ABOVE STICKER,C
SITM,709.44,,,,-0.2133,0.5455,NO STICKER,C
VRSK,163.88,36.6947,18.3474,25.2901,-0.3425,0.3571,ABOVE STICKER,C
DLTR,112.16,,,18.0322,-0.2124,0.4,NO STICKER,C
IFF,82.42,,,,-0.0773,0.2667,NO STICKER,C
USFD,96.92,27.8446,13.9223,32.966,-0.1301,0.3333,ABOVE STICKER,C
THC,258.62,195.2566,97.6283,16.6959,-0.0863,0.5714,ABOVE STICKER,C
LUV,42.47,,,53.7595,-0.2294,0.1333,NO STICKER,C
GPN,78.38,56.2845,28.1422,13.5606,-0.1825,0.3333,ABOVE STICKER,C
EIX,53.89,66.3227,33.1614,4.6658,-0.3397,0.4667,BELOW STICKER,C
LEN,79.81,28.7534,14.3767,10.0013,-0.4033,0.2667,ABOVE STICKER,C
BG,106.72,,,21.7352,-0.2087,0.5714,NO STICKER,C
RS,400.31,114.1986,57.0993,28.6345,-0.0755,0.4667,ABOVE STICKER,C
AMRZ,37.26,,,17.4112,-0.4349,0.4286,NO STICKER,C
SOFI,15.77,11.7,5.85,40.4359,-0.5182,0.2727,ABOVE STICKER,C
PKG,228.54,97.1158,48.5579,26.6364,-0.1209,0.3333,ABOVE STICKER,C
STE,208.54,130.6706,65.3353,26.2976,-0.226,0.5455,ABOVE STICKER,C
OMC,74.15,,,,-0.1722,0.5333,NO STICKER,C
CW,545.64,176.4375,88.2188,37.5526,-0.3248,0.6667,ABOVE STICKER,C
VTRS,17.6,,,,-0.045,0.1111,NO STICKER,C
DOW,27.97,,,,-0.3456,0.0,NO STICKER,C
DINO,113.36,30.9782,15.4891,36.8052,-0.0425,0.4545,ABOVE STICKER,C
BRO,59.91,70.5999,35.2999,18.9589,-0.3795,0.7333,BELOW STICKER,C
NRG,95.23,74.413,37.2065,23.7481,-0.4987,0.2,ABOVE STICKER,C
CMS,63.74,19.8184,9.9092,18.0567,-0.2068,0.2,ABOVE STICKER,C
RGLD,234.64,200.7,100.35,35.0732,-0.2338,0.8,ABOVE STICKER,C
EXE,85.52,49.0258,24.5129,11.2972,-0.3246,0.4667,ABOVE STICKER,C
WWD,331.62,56.3641,28.182,46.1224,-0.2646,0.4,ABOVE STICKER,C
NTNX,72.29,155.1,77.55,13.9826,-0.072,0.5333,BELOW MOS,C
AMCR,41.86,,,17.5882,-0.1782,0.5455,NO STICKER,C
CRS,388.47,159.1769,79.5885,36.9268,-0.3794,0.5333,ABOVE STICKER,C
U,43.61,,,,-0.1638,0.2727,NO STICKER,C
SNA,368.9,191.0556,95.5278,19.2236,-0.1279,0.4,ABOVE STICKER,C
LSCC,134.0,,,6700.0,-0.1466,0.2667,NO STICKER,C
LYB,58.58,,,,-0.3021,0.1667,NO STICKER,C
NI,39.43,9.4038,4.7019,20.2205,-0.1987,0.2667,ABOVE STICKER,C
MKSI,279.15,,,63.8787,-0.3764,0.4,NO STICKER,C
FSLR,174.61,126.7833,63.3916,12.2878,-0.456,0.6,ABOVE STICKER,C
WCC,381.73,161.7493,80.8746,29.2513,-0.0094,0.3333,ABOVE STICKER,C
NDSN,333.54,160.0419,80.0209,39.1939,-0.0165,0.5333,ABOVE STICKER,C
PR,22.12,18.9311,9.4655,17.2812,-0.1025,0.2727,ABOVE STICKER,C
TSN,51.89,,,39.015,-0.2532,0.0,NO STICKER,C
SCNI,1.33,,,,-0.9184,0.1667,NO STICKER,C
BBY,87.97,,,17.4544,-0.0887,0.2667,NO STICKER,C
CHRW,157.72,15.6556,7.8278,32.6542,-0.2501,0.4,ABOVE STICKER,C
SSNC,78.53,70.084,35.042,24.9302,-0.1268,0.2667,ABOVE STICKER,C
BR,156.93,129.0971,64.5486,16.3469,-0.3426,0.6667,ABOVE STICKER,C
EVRG,79.17,10.5038,5.2519,21.6311,-0.1066,0.0,ABOVE STICKER,C
ITT,206.17,117.6106,58.8053,40.4255,-0.1049,0.6,ABOVE STICKER,C
CDE,17.66,28.5,14.25,18.5895,-0.3641,0.7333,BELOW STICKER,C
SMTC,194.88,,,,-0.0352,0.2,NO STICKER,C
MGA,64.57,,,22.0375,-0.1181,0.0667,NO STICKER,C
TOST,29.79,16.8,8.4,53.1964,-0.2501,0.5455,ABOVE STICKER,C
ZBRA,375.86,,,45.9487,-0.0268,0.3333,NO STICKER,C
CF,115.01,159.1106,79.5553,8.5319,-0.1898,0.7333,BUY*,B
BURL,275.34,333.9,166.95,24.7385,-0.2722,0.8,ON DECK,B
WES,44.76,,,,-0.1061,0.1667,NO STICKER,C
XPEV,9.25,,,,-0.6724,0.0,NO STICKER,
DD,129.98,,,,-0.1772,0.0,NO STICKER,C
GPC,127.24,,,270.7234,-0.1605,0.1333,NO STICKER,C
APG,40.48,,,,-0.1902,0.3636,NO STICKER,C
FTV,57.47,,,33.2197,-0.1098,0.0,NO STICKER,C
MTZ,215.93,9.9712,4.9856,42.5897,-0.5108,0.4,ABOVE STICKER,C
EWBC,126.21,85.6716,42.8358,13.2574,-0.0819,0.9167,ABOVE STICKER,A
ESS,268.65,38.501,19.2505,25.8317,-0.1144,0.1333,ABOVE STICKER,C
MEDP,599.47,510.6,255.3,35.2215,-0.1157,0.7333,ABOVE STICKER,B
IEX,232.99,30.7192,15.3596,36.3479,-0.0443,0.2,ABOVE STICKER,C
FTAI,167.03,138.0,69.0,36.3109,-0.4837,0.3571,ABOVE STICKER,C
DT,59.32,16.2,8.1,109.8519,-0.0153,0.5455,ABOVE STICKER,C
GIS,32.01,,,,-0.3755,0.2,NO STICKER,C
PTC,144.03,309.3,154.65,13.9699,-0.3036,0.8667,BUY,C
RIVN,14.3,,,,-0.3698,0.0,NO STICKER,C
IP,31.97,,,,-0.3638,0.2,NO STICKER,C
RVTY,151.53,,,73.2029,-0.0426,0.1333,NO STICKER,C
FDXF,112.89,,,25.774,-0.4355,0.4286,NO STICKER,C
ZBH,88.29,12.8521,6.4261,24.8704,-0.1739,0.1333,ABOVE STICKER,C
SBAC,158.49,50.505,25.2525,16.1724,-0.2939,0.3333,ABOVE STICKER,C
CLH,318.51,169.3054,84.6527,43.7514,-0.0519,0.4667,ABOVE STICKER,C
FN,463.69,276.0113,138.0057,35.5318,-0.3808,0.9333,ABOVE STICKER,A
PAA,23.75,,,,-0.1,0.5714,NO STICKER,C
FIS,32.44,0.4654,0.2327,44.4384,-0.5308,0.1333,ABOVE STICKER,C
TPG,44.67,13.5,6.75,99.2667,-0.3653,0.5556,ABOVE STICKER,C
IONQ,43.77,,,,-0.4829,0.2727,NO STICKER,C
CNH,13.47,2.6031,1.3016,32.8537,-0.0685,0.2667,ABOVE STICKER,C
BEN,32.81,,,36.0549,-0.0956,0.0,NO STICKER,C
CDW,133.29,117.4556,58.7278,16.4963,-0.1747,0.5333,ABOVE STICKER,C
OVV,60.34,39.1658,19.5829,12.6234,-0.1062,0.4545,ABOVE STICKER,C
LNT,64.33,12.7277,6.3638,20.4873,-0.1837,0.1333,ABOVE STICKER,C
STRL,533.42,197.6034,98.8017,38.4308,-0.4696,0.8667,ABOVE STICKER,A
DOCN,140.07,75.6,37.8,55.5833,-0.253,0.4545,ABOVE STICKER,C
EFX,140.0,17.7166,8.8583,26.3158,-0.4271,0.1429,ABOVE STICKER,C
RBC,515.56,272.7,136.35,56.7173,-0.2278,0.7333,ABOVE STICKER,C
RGA,249.41,131.5589,65.7795,14.0989,-0.0326,0.2667,ABOVE STICKER,C
TSCO,31.09,20.5192,10.2596,15.0922,-0.4659,0.5333,ABOVE STICKER,C
J,138.06,,,58.0084,-0.1804,0.0,NO STICKER,C
ONTO,327.77,83.4,41.7,117.9029,-0.1519,0.6,ABOVE STICKER,C
NWSA,28.69,0.2564,0.1282,27.8544,-0.0938,0.2,ABOVE STICKER,C
ZTO,19.5,41.6389,20.8195,10.1972,-0.2557,0.7333,BUY,B
NVR,5993.85,6064.289,3032.1445,13.73,-0.269,0.4667,BELOW STICKER,C
BMNR,26.27,,,49.0478,-0.5995,0.2857,NO STICKER,C
AKAM,108.92,3.4315,1.7158,35.4788,-0.3417,0.1333,ABOVE STICKER,C
FICO,661.25,364.4681,182.234,19.1445,-0.6494,0.6667,ABOVE STICKER,C
RKT,11.7,,,,-0.5197,0.1818,NO STICKER,C
HST,22.56,3.2688,1.6344,20.5091,-0.1225,0.2,ABOVE STICKER,C
EXEL,58.39,79.9417,39.9708,18.3616,-0.045,0.6,BUY*,C
INVH,26.04,28.8,14.4,27.125,-0.1571,0.4615,BELOW STICKER,C
TLN,320.77,,,,-0.2869,0.2,NO STICKER,C
APA,43.68,,,10.9474,-0.0793,0.7778,NO STICKER,B
JAZZ,235.67,,,,-0.1153,0.2667,NO STICKER,C
H,158.9,,,,-0.2318,0.0667,NO STICKER,C
CRBG,34.03,,,,-0.0452,0.3333,NO STICKER,C
RBA,81.88,9.0068,4.5034,40.1373,-0.3138,0.3571,ABOVE STICKER,C
LECO,274.38,164.4756,82.2378,27.438,-0.1149,0.6667,ABOVE STICKER,C
NCTY,3.3,,,,-0.7155,0.0667,NO STICKER,C
CHTR,109.29,407.2182,203.6091,3.0182,-0.616,0.2667,BELOW MOS,C
ASTS,58.45,,,,-0.5633,0.4444,NO STICKER,C
SOLV,87.85,,,9.893,-0.067,0.7143,NO STICKER,B
LDOS,117.74,74.8781,37.4391,10.9935,-0.4278,0.6364,BUY*,C
LOGI,104.32,36.928,18.464,21.7333,-0.1954,0.5333,ABOVE STICKER,C
IREN,41.76,,,,-0.4567,0.4286,NO STICKER,C
BALL,56.37,72.4581,36.2291,17.0818,-0.1745,0.5333,BELOW STICKER,C
KIM,22.24,10.2501,5.1251,27.0891,-0.1655,0.25,ABOVE STICKER,C
NBIX,143.18,9.971,4.9855,20.9327,-0.2307,0.7333,ABOVE STICKER,C
PFGC,93.85,,,40.9825,-0.2011,0.1429,NO STICKER,C
WPC,64.52,13.4931,6.7465,30.5905,-0.1645,0.0,ABOVE STICKER,C
LAMR,144.12,45.4289,22.7144,24.9775,-0.1335,0.3571,ABOVE STICKER,C
ARMK,55.55,1.8592,0.9296,45.5328,-0.1133,0.2143,ABOVE STICKER,C
JLL,306.81,250.643,125.3215,14.7151,-0.221,0.7333,BUY*,B
PNFP,96.09,,,18.0281,-0.1291,0.3333,NO STICKER,C
ROL,30.16,13.5864,6.7932,27.4182,-0.544,0.6429,ABOVE STICKER,C
JHX,24.99,,,131.5263,-0.2049,0.4667,NO STICKER,C
FUTU,102.17,194.1346,97.0673,10.1936,-0.4955,1.0,BUY*,A
EQH,52.64,,,,-0.044,0.0,NO STICKER,C
CVNA,63.77,97.0285,48.5143,7.5467,-0.3451,0.6154,BELOW STICKER,C
CG,39.82,64.0135,32.0068,18.2661,-0.4083,0.5,BELOW STICKER,C
EG,368.27,330.9119,165.4559,9.7426,-0.0818,0.5333,ABOVE STICKER,C
VICR,308.9,78.3,39.15,118.3525,-0.1927,0.7333,ABOVE STICKER,C
UNM,88.57,4.978,2.489,20.7424,-0.0847,0.0667,ABOVE STICKER,C
NLY,18.5,,,6.3356,-0.2455,0.1667,NO STICKER,C
AMKR,56.02,15.0072,7.5036,37.3467,-0.4206,0.3333,ABOVE STICKER,C
TTMI,131.87,0.4203,0.2101,78.494,-0.4108,0.2667,ABOVE STICKER,C
MLI,62.56,55.8033,27.9016,16.2931,-0.1204,0.9333,ABOVE STICKER,A
OHI,45.72,10.11,5.055,23.567,-0.1273,0.2857,ABOVE STICKER,C
CRL,290.19,,,,-0.0433,0.1333,NO STICKER,C
SWK,91.34,,,34.4679,-0.1274,0.0667,NO STICKER,C
CHKP,130.35,44.5777,22.2888,13.5499,-0.3812,0.4,ABOVE STICKER,C
BZ,14.83,,,35.3095,-0.3984,0.7143,NO STICKER,C
IESC,339.34,185.1854,92.5927,30.1502,-0.1688,1.0,ABOVE STICKER,A
YUMC,39.98,14.9102,7.4551,15.9283,-0.3153,0.3333,ABOVE STICKER,C
CACI,615.04,326.7592,163.3796,25.457,-0.1002,0.4667,ABOVE STICKER,C
HTHT,41.78,42.0644,21.0322,29.7971,-0.2624,0.7333,BUY*,B
IVZ,30.66,,,,-0.0891,0.0667,NO STICKER,C
RNR,325.53,550.5652,275.2826,5.8099,-0.0432,0.6,BELOW STICKER,C
SUI,110.75,192.936,96.468,10.2168,-0.1966,0.4667,BELOW STICKER,C
MAS,68.36,1.6451,0.8225,17.7098,-0.1827,0.2667,ABOVE STICKER,C
DOC,19.49,,,194.9,-0.1508,0.2,NO STICKER,C
MAA,115.27,18.3137,9.1568,30.4947,-0.2018,0.0909,ABOVE STICKER,C
HALO,109.86,95.52,47.76,32.217,-0.0598,0.6,ABOVE STICKER,C
TRMB,57.52,16.181,8.0905,32.6818,-0.3186,0.2,ABOVE STICKER,C
PAG,204.03,125.5745,62.7873,14.4395,-0.1012,0.4667,ABOVE STICKER,C
ULS,65.99,,,41.2437,-0.3864,0.7143,NO STICKER,B
AIZ,267.32,82.0866,41.0433,12.7966,-0.1205,0.6,BUY*,C
SMMT,16.755,,,,-0.4268,0.2222,NO STICKER,C
WY,18.47,,,41.0444,-0.3344,0.0667,NO STICKER,C
ALLE,154.21,173.8597,86.9299,20.2375,-0.1578,0.6667,ON DECK,C
ATAT,32.26,,,58.6545,-0.2528,1.0,NO STICKER,A
TXT,77.26,38.2667,19.1333,15.1194,-0.2393,0.5714,ABOVE STICKER,C
GEN,21.99,1.4949,0.7474,12.8596,-0.3052,0.6667,BUY*,C
PINS,19.26,18.3,9.15,31.5738,-0.4562,0.4545,ABOVE STICKER,C
TYL,322.81,132.8248,66.4124,44.8347,-0.3845,0.5333,ABOVE STICKER,C
SGI,61.97,44.322,22.161,24.4941,-0.3712,0.6667,ABOVE STICKER,C
BBIO,67.25,,,,-0.2801,0.2222,NO STICKER,C
REG,71.6,,,,-0.1442,0.1429,NO STICKER,C
CSL,329.34,53.1962,26.5981,19.2371,-0.2392,0.3333,ABOVE STICKER,C
NXT,84.3,49.1387,24.5693,21.7829,-0.4832,0.8889,ABOVE STICKER,A
TOL,136.61,126.1675,63.0837,11.0081,-0.1886,0.7143,BUY*,B
AIT,343.45,0.2347,0.1174,31365.9891,-0.0836,0.6667,ABOVE STICKER,C
FLUT,74.81,,,,-0.7083,0.1429,NO STICKER,C
W,101.25,,,,-0.1561,0.2,NO STICKER,C
DOCU,69.01,44.4,22.2,46.6284,-0.0799,0.4545,ABOVE STICKER,C
CRCL,81.25,,,,-0.4905,0.7143,NO STICKER,C
AVY,169.87,87.0912,43.5456,19.3254,-0.1487,0.4,ABOVE STICKER,C
SWKS,85.03,,,27.6071,-0.0837,0.1333,NO STICKER,C
GNRC,216.8,,,80.5948,-0.2687,0.4,NO STICKER,C
GL,165.68,53.1491,26.5746,11.7754,-0.1351,0.4667,ABOVE STICKER,C
RPM,99.19,31.0155,15.5078,19.1857,-0.1855,0.4,ABOVE STICKER,C
GGG,78.0,22.4614,11.2307,25.3247,-0.1849,0.4667,ABOVE STICKER,C
HAS,89.54,,,,-0.163,0.1333,NO STICKER,C
MOG-A,392.73,95.908,47.954,53.5784,-0.125,0.4667,ABOVE STICKER,C
CORT,116.23,,,141.7439,-0.0803,0.4667,NO STICKER,C
CNA,46.34,24.5094,12.2547,9.8806,-0.1682,0.2667,ABOVE STICKER,C
SJM,117.19,,,,-0.1376,0.0833,NO STICKER,C
QXO,12.06,,,,-0.5632,0.6,NO STICKER,C
PEN,317.55,135.6,67.8,70.2544,-0.1238,0.6,ABOVE STICKER,C
GWRE,152.15,41.706,20.853,93.3436,-0.4054,0.6,ABOVE STICKER,C
GME,24.7,,,32.0779,-0.0811,0.2667,NO STICKER,C
ICLR,162.05,,,55.8793,-0.2053,0.4667,NO STICKER,C
BWXT,134.86,31.5345,15.7673,34.9378,-0.4423,0.7333,ABOVE STICKER,B
HCM,14.2,15.6,7.8,27.3077,-0.1341,0.4,BELOW STICKER,C
DTM,121.0,22.1889,11.0944,28.1395,-0.2085,0.3636,ABOVE STICKER,C
ALB,104.59,,,,-0.5267,0.3333,NO STICKER,C
BWA,60.52,,,47.2812,-0.2322,0.0667,NO STICKER,C
ARW,242.01,69.8472,34.9236,22.1418,-0.0212,0.4667,ABOVE STICKER,C
LII,356.3,576.9926,288.4963,15.6341,-0.3933,0.4667,BELOW STICKER,C
GDDY,97.21,55.3688,27.6844,15.6286,-0.3029,0.5,ABOVE STICKER,C
SEIC,102.43,66.3559,33.1779,18.1936,-0.0867,0.5333,ABOVE STICKER,C
FIVE,221.19,334.5,167.25,19.8377,-0.1618,0.9333,ON DECK,A
RMBS,111.97,1.9492,0.9746,53.319,-0.3569,0.6667,ABOVE STICKER,C
DKS,136.08,89.8959,44.948,15.0199,-0.4432,0.6667,ABOVE STICKER,C
SANM,229.04,40.1428,20.0714,51.3543,-0.2066,0.5333,ABOVE STICKER,C
BF-B,26.16,,,17.098,-0.1805,0.3333,NO STICKER,C
AEIS,304.28,4.2766,2.1383,79.2396,-0.2344,0.5333,ABOVE STICKER,C
WTS,363.07,241.2305,120.6152,31.7092,-0.0798,0.8,ABOVE STICKER,A
TRU,63.44,47.1818,23.5909,27.3448,-0.2882,0.5,ABOVE STICKER,C
MANH,204.145,104.7,52.35,58.4943,-0.1008,0.6,ABOVE STICKER,C
BAX,23.49,,,,-0.217,0.0,NO STICKER,C
UHAL,61.89,2.301,1.1505,145.9828,-0.1905,0.0833,ABOVE STICKER,C
MKC,44.67,7.9878,3.9939,15.2457,-0.3831,0.1333,ABOVE STICKER,C
CR,208.2,,,33.2588,-0.0967,0.5714,NO STICKER,C
EHC,119.8,79.8472,39.9236,19.5114,-0.064,0.7857,ABOVE STICKER,C
BJ,94.96,34.6052,17.3026,21.6804,-0.1023,0.5455,ABOVE STICKER,C
BTSG,60.25,,,69.2529,-0.1831,0.2857,NO STICKER,C
TWST,188.67,,,,-0.0581,0.1818,NO STICKER,C
FROG,95.5,,,,-0.097,0.3636,NO STICKER,C
WSE,11.435,,,0.2361,-0.3454,0.8571,NO STICKER,A
FRO,52.74,,,,-0.0395,0.0,NO STICKER,C
TIGR,4.16,1.86,0.93,67.0968,-0.6335,0.8182,ABOVE STICKER,C
IT,184.8,139.4493,69.7247,19.1503,-0.2922,0.4667,ABOVE STICKER,C
TXG,93.5,,,,-0.0174,0.1818,NO STICKER,C
SAIL,20.43,,,,-0.1488,0.1429,NO STICKER,C
IDCC,335.13,169.6014,84.8007,39.4271,-0.1878,0.6667,ABOVE STICKER,C
FORM,149.15,,,216.1594,-0.0694,0.2,NO STICKER,C
VIAV,47.1,,,,-0.2206,0.4286,NO STICKER,C
LFUS,456.53,,,,-0.088,0.4,NO STICKER,C
HL,17.2,12.451,6.2255,35.102,-0.4966,0.6,ABOVE STICKER,C
MDGL,499.4,,,,-0.188,0.0714,NO STICKER,C
AFG,139.1,41.2603,20.6301,13.7996,-0.0728,0.2667,ABOVE STICKER,C
CCK,106.05,58.8381,29.419,16.6223,-0.1372,0.5333,ABOVE STICKER,C
ALLY,37.91,,,15.9958,-0.1984,0.1333,NO STICKER,C
DVA,178.69,22.9795,11.4897,18.1596,-0.278,0.2857,ABOVE STICKER,C
TECH,72.4,5.4647,2.7324,62.4138,-0.004,0.1333,ABOVE STICKER,C
UHS,175.72,218.1064,109.0532,7.6069,-0.2866,0.5333,BELOW STICKER,C
ELS,58.25,11.9798,5.9899,28.9801,-0.1558,0.0667,ABOVE STICKER,C
WSO,297.47,175.8744,87.9372,24.2833,-0.3519,0.3333,ABOVE STICKER,C
AMH,30.26,0.7053,0.3526,25.6441,-0.1372,0.25,ABOVE STICKER,C
GBTC,65.11,,,,-0.3431,0.0,NO STICKER,
WTRG,39.38,136.0849,68.0425,6.9209,-0.0736,0.6667,BELOW MOS,C
HRL,20.25,,,23.2759,-0.2387,0.0667,NO STICKER,C
FHN,23.42,13.7428,6.8714,12.5241,-0.1182,0.4286,ABOVE STICKER,C
CSGP,27.38,,,1369.0,-0.6788,0.3333,NO STICKER,C
AA,41.95,12.9037,6.4519,9.5995,-0.5028,0.2667,ABOVE STICKER,C
BMRN,57.18,,,31.7667,-0.1944,0.3333,NO STICKER,C
ELAN,22.14,,,,-0.2087,0.0,NO STICKER,C
HUT,89.63,,,,-0.3634,0.2857,NO STICKER,C
MODD,2.03,,,,-0.904,0.0,NO STICKER,C
DECK,79.12,117.9612,58.9806,11.2546,-0.353,0.8667,BUY*,A
GLPI,37.68,24.3068,12.1534,12.7729,-0.2456,0.4,ABOVE STICKER,C
CGNX,64.97,,,95.5441,-0.1085,0.2,NO STICKER,C
IBRX,10.285,,,,-0.1726,0.2308,NO STICKER,C
KNX,66.76,,,162.8293,-0.1943,0.2667,NO STICKER,C
EVR,261.68,288.3177,144.1588,14.7342,-0.3268,0.9333,BUY*,A
COO,56.91,14.824,7.412,30.4332,-0.3665,0.3333,ABOVE STICKER,C
LULU,94.46,364.5,182.25,7.7745,-0.582,0.7333,BUY,B
PAYC,220.99,283.5,141.75,23.3852,-0.0979,0.8667,ON DECK,A
HUBS,214.53,25.8,12.9,249.4535,-0.5735,0.5333,ABOVE STICKER,C
UDR,33.27,7.3602,3.6801,29.4425,-0.2079,0.1333,ABOVE STICKER,C
RRX,159.87,1.112,0.556,38.0643,-0.3548,0.3333,ABOVE STICKER,C
AES,14.91,4.9456,2.4728,11.8333,-0.1552,0.3333,ABOVE STICKER,C
FRHC,173.0,,,68.9243,-0.0281,0.5714,NO STICKER,C
HII,268.54,19.4527,9.7263,17.449,-0.4162,0.3333,ABOVE STICKER,C
GSAT,83.22,,,,-0.0192,0.3333,NO STICKER,C
SCI,77.14,16.0111,8.0056,20.3,-0.1522,0.2667,ABOVE STICKER,C
FNF,39.26,,,17.7647,-0.3279,0.3077,NO STICKER,C
EGP,195.78,94.4704,47.2352,40.2012,-0.1364,0.6667,ABOVE STICKER,C
AR,34.08,,,16.7882,-0.2551,0.2667,NO STICKER,C
DCI,88.65,54.8418,27.4209,23.026,-0.2144,0.6667,ABOVE STICKER,C
AUR,5.67,,,,-0.338,0.0,NO STICKER,C
AGNC,8.79,,,5.9796,-0.2789,0.3333,NO STICKER,C
AVTR,15.34,,,,-0.0442,0.0909,NO STICKER,C
BSY,32.23,27.0,13.5,35.8111,-0.437,0.9091,ABOVE STICKER,C
TXRH,156.14,174.0074,87.0037,24.9824,-0.2781,0.6667,ON DECK,C
RGEN,181.7,2.0589,1.0295,211.2791,-0.0863,0.4667,ABOVE STICKER,C
CART,44.25,,,27.6562,-0.16,0.4286,NO STICKER,C
NYT,62.7,27.8895,13.9447,26.125,-0.2801,0.6,ABOVE STICKER,C
ENSG,171.78,158.0863,79.0431,26.9248,-0.212,0.9286,ABOVE STICKER,A
ALGN,143.74,,,25.4407,-0.2829,0.4,NO STICKER,C
GMED,75.6,117.6,58.8,19.2857,-0.2544,0.8,BELOW STICKER,C
BPOP,158.14,56.1933,28.0966,12.8569,-0.1177,0.5833,ABOVE STICKER,C
QRVO,114.17,,,31.5387,-0.0571,0.1333,NO STICKER,C
BIO,369.14,,,13.2546,-0.0684,0.3333,NO STICKER,C
JKHY,142.54,80.4441,40.2221,20.4212,-0.2629,0.5333,ABOVE STICKER,C
UMBF,130.94,84.0285,42.0143,14.0947,-0.146,0.6667,ABOVE STICKER,C
DAR,62.94,,,161.3846,-0.1006,0.3333,NO STICKER,C
VSAT,72.0,,,,-0.2261,0.3333,NO STICKER,C
MOH,189.54,29.3934,14.6967,21.2489,-0.226,0.5333,ABOVE STICKER,C
DRS,36.8,11.0174,5.5087,30.9244,-0.2726,0.6364,ABOVE STICKER,C
SSB,101.91,25.1394,12.5697,12.9492,-0.0917,0.25,ABOVE STICKER,C
MSGS,406.95,5.3984,2.6992,1271.7188,-0.0729,0.2857,ABOVE STICKER,C
ESTC,93.94,102.9,51.45,27.3878,-0.1302,0.5455,BELOW STICKER,C
DPZ,297.615,93.9925,46.9962,16.9388,-0.3272,0.3571,ABOVE STICKER,C
FDS,266.0,205.0496,102.5248,17.5231,-0.17,0.6,ABOVE STICKER,C
WMS,127.27,140.9349,70.4674,21.981,-0.2902,0.7333,ON DECK,B
WTFC,145.02,87.7558,43.8779,12.7211,-0.1328,0.5,ABOVE STICKER,C
AAOI,115.59,,,,-0.5053,0.2,NO STICKER,C
ALSN,117.97,85.5729,42.7864,16.0941,-0.1428,0.5333,ABOVE STICKER,C
CLX,80.41,2.9583,1.4792,12.3328,-0.3762,0.4,ABOVE STICKER,C
QGEN,44.75,10.9724,5.4862,23.067,-0.226,0.1333,ABOVE STICKER,C
AHR,50.75,20.4,10.2,74.6324,-0.1354,0.6,ABOVE STICKER,C
AM,20.36,15.2025,7.6013,23.6744,-0.1458,0.2308,ABOVE STICKER,C
GKOS,163.75,,,,-0.1454,0.2667,NO STICKER,C
BXP,60.45,,,34.7414,-0.204,0.0667,NO STICKER,C
CPT,95.96,9.3973,4.6987,27.1073,-0.1991,0.2143,ABOVE STICKER,C
CFR,155.04,84.0221,42.0111,15.629,-0.0923,0.4,ABOVE STICKER,C
MOD,178.2,72.9527,36.4763,66.4925,-0.4487,0.6667,ABOVE STICKER,C
MXL,105.93,,,,-0.1744,0.0667,NO STICKER,C
AMG,371.43,179.6978,89.8489,16.3338,-0.0547,0.4286,ABOVE STICKER,C
BRKR,63.24,,,,-0.0558,0.2667,NO STICKER,C
ONB,24.96,8.9028,4.4514,13.9441,-0.0877,0.25,ABOVE STICKER,C
KRYS,322.28,205.2,102.6,47.117,-0.1575,0.6,ABOVE STICKER,C
ATHM,20.56,,,48.9524,-0.2927,0.1429,NO STICKER,C
MUSA,515.02,164.0467,82.0234,21.3701,-0.1903,0.4667,ABOVE STICKER,C
HSIC,84.88,4.4083,2.2042,25.9572,-0.0792,0.1333,ABOVE STICKER,C
SNAP,5.58,,,,-0.3888,0.2857,NO STICKER,C
FLS,74.37,7.6714,3.8357,28.1705,-0.1952,0.3333,ABOVE STICKER,C
SAIA,351.12,274.2853,137.1426,33.8919,-0.2903,0.7143,ABOVE STICKER,C
JEF,45.97,17.9448,8.9724,16.2438,-0.3098,0.0667,ABOVE STICKER,C
AXSM,179.25,,,,-0.3111,0.1538,NO STICKER,C
OGE,45.34,10.7336,5.3668,19.5431,-0.1038,0.0667,ABOVE STICKER,C
OC,118.36,,,,-0.2598,0.0667,NO STICKER,C
TTC,98.64,7.5144,3.7572,31.1167,-0.0623,0.4,ABOVE STICKER,C
PBF,80.78,,,,-0.031,0.3333,NO STICKER,C
MTCH,40.32,7.7126,3.8563,16.9412,-0.1027,0.4667,ABOVE STICKER,C
DBX,33.9,9.0378,4.5189,18.2258,-0.1119,0.2222,ABOVE STICKER,C
ESI,37.93,1.7942,0.8971,48.0127,-0.2298,0.1333,ABOVE STICKER,C
AYI,308.76,151.8702,75.9351,24.6417,-0.1878,0.4667,ABOVE STICKER,C
VMI,478.74,141.1173,70.5586,28.5134,-0.1826,0.3333,ABOVE STICKER,C
ZION,63.17,16.4782,8.2391,10.5108,-0.1387,0.4286,ABOVE STICKER,C
DKNG,18.59,,,,-0.4973,0.2727,NO STICKER,C
FRT,106.69,33.6043,16.8021,22.797,-0.1678,0.2,ABOVE STICKER,C
ORI,38.06,14.2972,7.1486,10.2312,-0.1861,0.4667,ABOVE STICKER,C
SOLS,57.7,,,38.7248,-0.3645,0.2857,NO STICKER,C
LTH,40.99,49.8,24.9,24.6928,-0.1322,0.4545,BELOW STICKER,C
PODD,131.69,104.4,52.2,37.842,-0.6289,0.6667,ABOVE STICKER,C
FCFS,210.36,170.58,85.29,28.3504,-0.1196,0.6667,ABOVE STICKER,C
CYTK,65.6,,,,-0.2572,0.1429,NO STICKER,C
R,237.24,73.3584,36.6792,19.8693,-0.1654,0.1333,ABOVE STICKER,C
ARWR,64.19,,,,-0.3278,0.3333,NO STICKER,C
PTGX,140.06,,,,-0.129,0.0,NO STICKER,C
APTV,43.54,,,58.0533,-0.5104,0.2,NO STICKER,C
SOGP,10.81,0.9,0.45,360.3333,-0.582,0.5455,ABOVE STICKER,C
RRC,38.23,22.1081,11.0541,13.9526,-0.2087,0.5333,ABOVE STICKER,C
KYMR,107.39,,,,-0.1742,0.1818,NO STICKER,C
JXN,131.53,,,,-0.0665,0.3636,NO STICKER,C
XCH,3.18,,,,-0.9364,0.0,NO STICKER,C
AGQ,67.42,,,,-0.8437,0.1667,NO STICKER,C
LLYVA,95.72,,,,-0.0974,0.2,NO STICKER,
AVT,106.935,,,26.6671,-0.0156,0.2857,NO STICKER,C
VOYA,96.65,1.6142,0.8071,15.3657,-0.0851,0.2667,ABOVE STICKER,C
PRI,275.42,260.2353,130.1177,11.0699,-0.1585,0.6667,BUY*,C
SPXC,173.09,138.3169,69.1584,34.4115,-0.3106,0.6667,ABOVE STICKER,C
SIRI,25.72,6.2269,3.1134,11.5336,-0.2125,0.2,ABOVE STICKER,C
TTEK,33.12,34.3927,17.1964,19.9518,-0.2323,0.6429,ON DECK,C
HLI,126.37,99.6795,49.8397,20.3167,-0.3811,0.5714,ABOVE STICKER,C
CTRE,36.3,47.1,23.55,23.121,-0.1678,0.7333,BELOW STICKER,C
MHK,126.41,,,21.317,-0.099,0.0667,NO STICKER,C
AAL,12.94,,,76.1176,-0.3113,0.0667,NO STICKER,C
NEU,924.06,524.9843,262.4921,20.7934,-0.0587,0.5333,ABOVE STICKER,C
CUBE,37.52,20.8875,10.4438,25.6986,-0.1327,0.5714,ABOVE STICKER,C
TKR,122.44,12.909,6.4545,29.7908,-0.1635,0.3333,ABOVE STICKER,C
PNR,53.03,26.3936,13.1968,13.3914,-0.5308,0.3333,ABOVE STICKER,C
GLXY,23.06,,,,-0.4978,0.5,NO STICKER,C
EAT,202.0,,,18.5833,-0.2078,0.8571,NO STICKER,A
BRX,27.39,5.6836,2.8418,21.912,-0.1665,0.1429,ABOVE STICKER,C
PCVX,56.48,,,,-0.1311,0.1111,NO STICKER,C
SM,35.24,24.7002,12.3501,12.4965,-0.1521,0.5333,ABOVE STICKER,C
MP,46.97,,,,-0.5315,0.2727,NO STICKER,C
COLB,28.92,44.9888,22.4944,11.3858,-0.1413,0.7692,BUY*,C
TGTX,54.29,83.1,41.55,19.5993,-0.0845,0.3571,BELOW STICKER,C
GTLB,49.78,,,,-0.1039,0.2727,NO STICKER,C
S,25.06,,,,-0.0268,0.2727,NO STICKER,C
BNT,36.92,,,11.0209,-0.2595,0.1429,NO STICKER,C
VNET,5.13,,,,-0.6457,0.25,NO STICKER,C
OSK,133.85,159.6752,79.8376,13.3548,-0.2584,0.75,BELOW STICKER,B
WAL,76.38,90.0308,45.0154,8.6208,-0.2144,0.7692,ON DECK,B
DY,273.75,197.7906,98.8953,28.6349,-0.5167,0.7857,ABOVE STICKER,C
ARE,47.37,,,,-0.4381,0.0714,NO STICKER,C
PRAX,295.51,,,,-0.2475,0.2,NO STICKER,C
SYRE,93.19,,,,-0.1542,0.0,NO STICKER,C
ADC,65.88,,,37.2203,-0.1974,0.4,NO STICKER,C
ALV,111.85,35.1906,17.5953,11.712,-0.1537,0.4,ABOVE STICKER,C
REXR,36.69,25.8,12.9,42.6628,-0.1733,0.5333,ABOVE STICKER,C
OSCR,30.94,,,,-0.1027,0.3636,NO STICKER,C
WLK,63.5,,,,-0.4889,0.1333,NO STICKER,C
BAH,67.35,58.2115,29.1057,9.7609,-0.3827,0.5,ABOVE STICKER,C
RAL,73.2,,,,-0.0293,0.0,NO STICKER,C
PB,67.38,5.988,2.994,11.7797,-0.1272,0.1667,ABOVE STICKER,C
KTOS,43.07,,,331.3077,-0.6786,0.3333,NO STICKER,C
AOS,56.75,15.4183,7.7091,14.7403,-0.3068,0.2667,ABOVE STICKER,C
CNM,41.35,48.8294,24.4147,17.0165,-0.3069,0.5455,BUY*,C
AGCO,114.61,63.3564,31.6782,11.7549,-0.2029,0.4,ABOVE STICKER,C
CAI,28.3,,,,-0.1591,0.1429,NO STICKER,C
UGI,37.2,5.7163,2.8581,12.0388,-0.1001,0.0667,ABOVE STICKER,C
CTVA,11.92,4.8875,2.4437,7.45,-0.869,0.3636,ABOVE STICKER,C
LEVI,19.87,20.9168,10.4584,13.7034,-0.2268,0.4615,BELOW STICKER,C
SNEX,65.81,1.4663,0.7331,11.1732,-0.3048,0.6,ABOVE STICKER,C
CBSH,55.28,29.4456,14.7228,13.6832,-0.0926,0.4444,ABOVE STICKER,C
PCTY,144.47,147.6,73.8,29.3638,-0.1078,0.8667,ON DECK,A
GAP,22.51,,,10.5681,-0.2333,0.3333,NO STICKER,C
ZWS,47.67,1.8322,0.9161,41.4522,-0.1333,0.2,ABOVE STICKER,C
FR,59.46,14.4057,7.2029,31.7968,-0.1491,0.5,ABOVE STICKER,C
NNN,40.95,13.6293,6.8146,19.7826,-0.181,0.1333,ABOVE STICKER,C
LINE,34.34,,,,-0.2494,0.1429,NO STICKER,C
WYNN,75.88,12.8,6.4,24.1656,-0.4368,0.0667,ABOVE STICKER,C
BOKF,128.36,46.7888,23.3944,13.9978,-0.1259,0.0833,ABOVE STICKER,C
KMX,54.92,,,32.6905,-0.1587,0.2,NO STICKER,C
ETHA,20.11,,,,-0.442,0.0,NO STICKER,
PCOR,50.95,,,,-0.381,0.3636,NO STICKER,C
SF,70.28,39.0482,19.5241,11.9727,-0.2176,0.3333,ABOVE STICKER,C
WULF,15.49,,,,-0.4809,0.3333,NO STICKER,C
LNC,40.3,6.7252,3.3626,6.9125,-0.1546,0.2,ABOVE STICKER,C
ABTC,8.51,,,,-0.9232,0.1818,NO STICKER,C
RHP,121.66,18.632,9.316,32.2706,-0.1149,0.4667,ABOVE STICKER,C
ACM,59.66,12.4954,6.2477,14.171,-0.5598,0.3571,ABOVE STICKER,C
CBC,32.03,,,18.3029,-0.0529,0.8333,NO STICKER,A
MGM,30.48,10.9187,5.4593,40.1053,-0.4092,0.2667,ABOVE STICKER,C
NIO,3.37,,,,-0.5712,0.1818,NO STICKER,C
MQ,16.55,,,,-0.2572,0.4444,NO STICKER,C
THG,219.43,64.601,32.3005,12.0831,-0.0705,0.5333,ABOVE STICKER,C
ATR,119.91,50.227,25.1135,20.3582,-0.1838,0.2,ABOVE STICKER,C
CAMT,165.19,25.4007,12.7004,158.8365,-0.2352,0.8667,ABOVE STICKER,A
KNSL,329.72,739.2,369.6,13.3815,-0.3202,0.9231,BUY,A
CHWY,18.17,4.4681,2.2341,27.9538,-0.5423,0.5455,ABOVE STICKER,C
CHRD,137.01,5.017,2.5085,185.1486,-0.1277,0.3571,ABOVE STICKER,C
HIMS,29.0,15.3,7.65,56.8627,-0.5559,0.3636,ABOVE STICKER,C
HQY,90.04,73.8,36.9,36.6016,-0.1634,0.6,ABOVE STICKER,C
SLAB,222.76,,,,-0.0033,0.0667,NO STICKER,C
SFD,18.86,0.9772,0.4886,7.5139,-0.3672,0.375,ABOVE STICKER,C
EMN,64.87,1.0156,0.5078,15.822,-0.2228,0.0,ABOVE STICKER,C
RIOT,19.73,,,,-0.3493,0.3333,NO STICKER,C
APLD,25.38,,,,-0.4997,0.1818,NO STICKER,C
APPF,202.97,,,52.3119,-0.2341,0.5333,NO STICKER,C
ALGM,39.53,,,,-0.4492,0.1818,NO STICKER,C
TAP,36.86,,,,-0.3276,0.0714,NO STICKER,C
VSXY,91.73,5.4485,2.7242,47.5285,-0.1047,0.3636,ABOVE STICKER,C
IDA,132.79,20.3982,10.1991,22.5068,-0.1428,0.0,ABOVE STICKER,C
KEX,137.87,21.2711,10.6355,21.7804,-0.1257,0.0667,ABOVE STICKER,C
PLXS,273.13,65.775,32.8875,43.631,-0.1105,0.4667,ABOVE STICKER,C
MSM,130.12,,,36.4482,-0.0167,0.2,NO STICKER,C
NFG,76.43,40.8176,20.4088,13.456,-0.2125,0.3571,ABOVE STICKER,C
IONS,43.54,,,,-0.498,0.1333,NO STICKER,C
ZETA,32.63,,,,-0.0055,0.3636,NO STICKER,C
VCTR,113.23,63.0355,31.5178,20.5873,-0.0835,0.8,BUY*,A
FIG,21.36,,,,-0.7012,0.1429,NO STICKER,C
ACA,146.5,38.5954,19.2977,34.5519,-0.0034,0.2727,ABOVE STICKER,C
POWL,196.1,77.1015,38.5507,37.5705,-0.4021,0.7333,ABOVE STICKER,C
AVAV,140.82,,,,-0.663,0.4,NO STICKER,C
FSS,116.34,97.2774,48.6387,25.0733,-0.1351,1.0,ABOVE STICKER,A
SSD,173.56,180.9028,90.4514,19.0099,-0.187,0.8667,ON DECK,A
PATH,13.12,10.73,5.365,25.2308,-0.3387,0.4545,ABOVE STICKER,C
RNG,78.28,14.4,7.2,163.0833,-0.0442,0.4,ABOVE STICKER,C
ZG,28.095,1.748,0.874,312.1667,-0.6319,0.2,ABOVE STICKER,C
ESE,274.95,96.7419,48.371,23.8052,-0.2408,0.6,ABOVE STICKER,C
URBN,80.8,81.3751,40.6876,12.6448,-0.0542,0.8667,ON DECK,A
VLY,12.82,2.9643,1.4822,12.6931,-0.1566,0.1667,ABOVE STICKER,C
ENS,196.3,139.0926,69.5463,25.4935,-0.1965,0.3333,ABOVE STICKER,C
LAD,307.77,290.9308,145.4654,10.1911,-0.2997,0.6,ABOVE STICKER,C
PRMB,19.51,,,121.9375,-0.2556,0.2857,NO STICKER,C
SOBO,33.82,,,16.3382,-0.1332,0.7143,NO STICKER,B
NPO,332.56,,,174.1152,-0.1482,0.2667,NO STICKER,C
MSA,181.23,102.8238,51.4119,22.541,-0.1325,0.6667,ABOVE STICKER,C
CMC,63.58,,,85.9189,-0.2509,0.2,NO STICKER,C
TRNO,64.54,117.3,58.65,16.5064,-0.1824,0.6429,BELOW STICKER,C
ALKS,41.75,11.1872,5.5936,29.1958,-0.25,0.3333,ABOVE STICKER,C
GTES,27.65,4.976,2.488,28.8021,-0.0887,0.3636,ABOVE STICKER,C
AWI,163.12,104.5269,52.2635,22.3452,-0.2085,0.7333,ABOVE STICKER,B
COMP,9.22,,,,-0.3393,0.3636,NO STICKER,C
DUOL,144.27,257.1,128.55,16.8343,-0.5913,0.6364,BELOW STICKER,C
SARO,21.05,,,25.3614,-0.3895,0.4286,NO STICKER,C
NCLH,15.14,,,16.4565,-0.3975,0.1333,NO STICKER,C
STAG,36.05,26.1066,13.0533,24.6697,-0.154,0.2727,ABOVE STICKER,C
IMVT,33.62,,,,-0.2598,0.0,NO STICKER,C
SGOL,39.46,117.7032,58.8516,2.4494,-0.2532,0.8889,BELOW MOS,A
AXS,94.88,57.4748,28.7374,7.6826,-0.2093,0.2667,ABOVE STICKER,C
MATX,231.11,171.6071,85.8036,16.735,-0.0405,0.5333,ABOVE STICKER,C
AXTA,32.2,25.5308,12.7654,18.5057,-0.166,0.3333,ABOVE STICKER,C
DSGX,80.08,56.1,28.05,42.8235,-0.1858,0.8,ABOVE STICKER,C
MORN,183.55,147.2366,73.6183,20.6933,-0.1983,0.4667,ABOVE STICKER,C
NICE,113.9,187.1224,93.5612,11.7787,-0.1892,0.4667,BELOW STICKER,C
AAON,83.27,0.5309,0.2654,64.5504,-0.4466,0.5333,ABOVE STICKER,C
QLYS,193.0,125.3177,62.6589,33.5069,-0.0424,0.9333,ABOVE STICKER,A
PACS,42.85,,,35.123,-0.1342,1.0,NO STICKER,A
SSRM,33.27,30.5934,15.2967,17.9838,-0.1564,0.4545,ABOVE STICKER,C
CELH,26.75,7.5,3.75,107.0,-0.5992,0.6,ABOVE STICKER,C
DOX,58.12,11.577,5.7885,13.6753,-0.3213,0.2,ABOVE STICKER,C
NOV,18.8,0.2611,0.1306,48.2051,-0.1427,0.0,ABOVE STICKER,C
MOS,21.07,,,12.3941,-0.4147,0.1333,NO STICKER,C
ETSY,72.77,,,52.3525,-0.1728,0.2667,NO STICKER,C
FLR,49.9,,,,-0.1448,0.0667,NO STICKER,C
OKLO,35.87,,,,-0.815,0.1667,NO STICKER,C
GLBE,39.31,11.7,5.85,100.7949,-0.1064,0.4545,ABOVE STICKER,C
MTDR,53.5,47.2654,23.6327,9.1767,-0.1996,0.6667,BUY*,C
CHE,507.5,74.1213,37.0607,27.6718,-0.0889,0.2667,ABOVE STICKER,C
INGM,28.5,,,20.5036,-0.1007,0.5714,NO STICKER,C
IAUM,41.33,,,2.4383,-0.2522,0.5,NO STICKER,
PPC,27.5,32.8142,16.4071,6.0573,-0.3867,0.4,BELOW STICKER,C
MAC,23.05,,,,-0.1361,0.2,NO STICKER,C
HXL,86.41,2.1178,1.0589,63.1883,-0.2267,0.0,ABOVE STICKER,C
LNTH,99.96,61.3028,30.6514,29.3138,-0.1064,0.5333,ABOVE STICKER,C
CIFR,15.71,,,,-0.4788,0.1429,NO STICKER,C
MTRN,312.16,25.6238,12.8119,87.1955,-0.0066,0.2,ABOVE STICKER,C
NE,40.7,22.0738,11.0369,30.1481,-0.2597,0.2727,ABOVE STICKER,C
AMRX,20.3,,,92.2727,-0.0413,0.1818,NO STICKER,C
TEX,56.71,31.4174,15.7087,17.03,-0.2407,0.4667,ABOVE STICKER,C
OMF,56.02,10.1306,5.0653,8.5396,-0.2212,0.25,ABOVE STICKER,C
TXNM,58.41,10.7902,5.3951,39.4662,-0.0188,0.2143,ABOVE STICKER,C
CLF,11.32,,,,-0.3222,0.2667,NO STICKER,C
IOVA,14.215,,,,-0.0709,0.0714,NO STICKER,C
CHYM,27.25,,,,-0.2335,0.1429,NO STICKER,C
LB,83.79,,,89.1383,-0.0862,1.0,NO STICKER,B
UBSI,47.04,6.8784,3.4392,14.3853,-0.052,0.3333,ABOVE STICKER,C
GRAL,143.26,,,,-0.0541,0.1429,NO STICKER,C
RYTM,92.83,,,,-0.2403,0.1429,NO STICKER,C
FAF,62.49,17.9106,8.9553,10.415,-0.2176,0.3333,ABOVE STICKER,C
CAG,13.36,,,,-0.3425,0.0667,NO STICKER,C
CAVA,54.41,,,100.7593,-0.4492,0.4286,NO STICKER,C
CRUS,121.17,119.6536,59.8268,14.813,-0.3284,0.8,BUY*,A
ST,43.51,,,207.1905,-0.1926,0.0667,NO STICKER,C
PSKY,9.5,,,,-0.5057,0.1429,NO STICKER,C
ECG,123.35,,,31.2278,-0.2811,0.8571,NO STICKER,A
VNO,33.73,3.8422,1.9211,8.031,-0.194,0.3571,ABOVE STICKER,C
CVLT,150.28,15.597,7.7985,96.3333,-0.178,0.6,ABOVE STICKER,C
BLTE,159.56,,,,-0.2022,0.1111,NO STICKER,C
ELF,104.68,29.4,14.7,106.8163,-0.2915,0.7333,ABOVE STICKER,C
ACT,45.26,17.5302,8.7651,10.0133,-0.1048,0.4545,ABOVE STICKER,C
FMS,22.25,,,5.4803,-0.195,0.3333,NO STICKER,C
TTAN,67.09,,,,-0.3975,0.2857,NO STICKER,C
FNB,17.45,5.1981,2.599,11.1859,-0.1092,0.25,ABOVE STICKER,C
SFM,64.47,66.8667,33.4333,12.327,-0.4362,0.7333,ON DECK,B
BLCO,17.11,,,,-0.0954,0.0909,NO STICKER,C
BLDR,56.25,28.2059,14.1029,14.4602,-0.5722,0.5333,ABOVE STICKER,C
CZR,29.65,,,,-0.0398,0.3333,NO STICKER,C
LGND,302.96,,,49.4225,-0.0725,0.4,NO STICKER,C
GATX,171.03,85.3507,42.6754,18.7533,-0.168,0.2667,ABOVE STICKER,C
INGR,95.33,89.9267,44.9633,8.5268,-0.228,0.4,ABOVE STICKER,C
OWL,9.08,3.0,1.5,90.8,-0.4761,0.3333,ABOVE STICKER,C
LW,43.6,0.5155,0.2577,20.9615,-0.3499,0.3333,ABOVE STICKER,C
SWX,82.69,17.1906,8.5953,13.6003,-0.1247,0.1667,ABOVE STICKER,C
HR,17.47,,,,-0.2074,0.2,NO STICKER,C
KNSA,75.79,5.5232,2.7616,101.0533,-0.0862,0.3,ABOVE STICKER,C
CGON,67.38,,,,-0.1678,0.1429,NO STICKER,C
LEA,120.85,49.4433,24.7217,14.8282,-0.1961,0.2667,ABOVE STICKER,C
M,22.73,,,9.7974,-0.1452,0.4,NO STICKER,C
KOD,94.45,,,,-0.0918,0.0,NO STICKER,C
LUMN,5.75,,,,-0.5188,0.0,NO STICKER,C
GPCR,27.67,,,,-0.7084,0.1667,NO STICKER,C
FSV,129.13,79.6744,39.8372,40.735,-0.3194,0.5333,ABOVE STICKER,C
LSTR,173.48,,,52.4109,-0.2407,0.2,NO STICKER,C
JOBY,5.95,,,,-0.7022,0.2,NO STICKER,C
POOL,161.42,114.0941,57.0471,14.8774,-0.4809,0.4,ABOVE STICKER,C
HWC,73.09,26.398,13.199,12.8907,-0.0879,0.25,ABOVE STICKER,C
LYFT,15.46,16.87,8.435,2.2702,-0.3947,0.3636,BELOW STICKER,C
CPB,19.62,,,14.9771,-0.3876,0.1333,NO STICKER,C
QBTS,15.77,,,,-0.6627,0.3636,NO STICKER,C
SPHR,128.25,,,173.3108,-0.2939,0.0909,NO STICKER,C
PI,189.61,,,,-0.2325,0.2667,NO STICKER,C
VNOM,40.64,,,,-0.2052,0.7143,NO STICKER,C
SNDR,32.89,,,55.7458,-0.1625,0.0667,NO STICKER,C
LOAR,61.72,,,82.2933,-0.2602,0.4286,NO STICKER,C
MTG,26.95,18.3204,9.1602,8.4219,-0.1549,0.6,BUY*,C
MKTX,164.14,15.4415,7.7208,24.7199,-0.1624,0.4667,ABOVE STICKER,C
RIG,5.17,,,,-0.3251,0.2,NO STICKER,C
LKQ,22.8,6.6899,3.3449,9.7021,-0.3859,0.2667,ABOVE STICKER,C
ANF,135.91,116.9383,58.4692,12.9933,-0.1244,0.4667,ABOVE STICKER,C
WEX,169.1,146.826,73.413,19.9646,-0.171,0.3333,ABOVE STICKER,C
EPAM,108.29,85.7971,42.8986,14.6934,-0.5134,0.7333,BUY*,B
DLB,58.89,6.4971,3.2486,22.4771,-0.1928,0.0667,ABOVE STICKER,C
INSW,115.81,1.6151,0.8076,18.5891,-0.0028,0.2667,ABOVE STICKER,C
HOMB,28.67,17.6125,8.8063,11.8963,-0.0956,0.3333,ABOVE STICKER,C
GBCI,43.91,,,22.0653,-0.1955,0.3571,NO STICKER,C
WFRD,79.72,1.5159,0.7579,13.4435,-0.2954,0.3333,ABOVE STICKER,C
ORA,92.86,1.2366,0.6183,45.9703,-0.3657,0.0667,ABOVE STICKER,C
MGY,24.07,52.575,26.2875,13.7347,-0.2653,0.6667,BELOW MOS,C
ACI,11.75,,,29.375,-0.4125,0.2308,NO STICKER,C
SRRK,46.81,,,,-0.2421,0.0,NO STICKER,C
BGC,11.78,0.9028,0.4514,38.0,-0.0861,0.2667,ABOVE STICKER,C
MCY,102.27,57.1454,28.5727,10.4678,-0.0954,0.4,ABOVE STICKER,C
CROX,118.09,,,,-0.1641,0.5333,NO STICKER,C
TTD,11.95,25.2,12.6,14.2262,-0.7881,0.7857,BUY,C
NOVT,149.27,3.6001,1.8,101.5442,-0.1537,0.3333,ABOVE STICKER,C
JBTM,108.6,,,,-0.3619,0.5333,NO STICKER,C
VFC,14.33,,,22.3906,-0.3565,0.1333,NO STICKER,C
AXTI,85.87,,,,-0.4002,0.0667,NO STICKER,C
ACMR,83.38,41.1,20.55,60.8613,-0.3444,0.4545,ABOVE STICKER,C
EXLS,35.75,47.1,23.55,22.7707,-0.1853,0.7857,ON DECK,B
EPRT,25.9,35.7287,17.8643,20.2344,-0.2542,0.5455,BELOW STICKER,C
ORKA,84.52,,,,-0.2684,0.0,NO STICKER,C
G,33.29,33.9394,16.9697,10.6358,-0.3156,0.4286,BELOW STICKER,C
PEGA,33.93,30.6988,15.3494,15.9296,-0.5018,0.5333,ABOVE STICKER,C
AUB,38.82,2.5619,1.2809,19.1232,-0.11,0.25,ABOVE STICKER,C
MMED,19.7,,,,-0.1936,0.1429,NO STICKER,C
FTDR,77.24,27.442,13.721,20.3799,-0.1733,0.7273,ABOVE STICKER,B
CVI,54.83,,,203.0741,-0.0251,0.2857,NO STICKER,C
RDNT,69.93,,,,-0.1853,0.4667,NO STICKER,C
BXSL,23.61,,,9.5976,-0.1742,0.0,NO STICKER,C
KGS,54.33,,,61.0449,-0.3006,0.4286,NO STICKER,C
ASB,29.0,6.3427,3.1713,10.4693,-0.1066,0.0833,ABOVE STICKER,C
CACC,527.5,285.3685,142.6842,14.4997,-0.2113,0.3333,ABOVE STICKER,C
SXT,128.59,8.0722,4.0361,40.693,-0.0737,0.0667,ABOVE STICKER,C
ABCB,81.44,58.2956,29.1478,13.5733,-0.1264,0.5,ABOVE STICKER,C
VRNS,47.57,,,,-0.2556,0.4667,NO STICKER,C
BB,9.3,,,103.3333,-0.3157,0.0667,NO STICKER,C
CAKE,109.65,5.829,2.9145,35.8333,-0.0744,0.3333,ABOVE STICKER,C
AGX,383.83,211.1449,105.5724,30.3183,-0.5236,0.7857,BUY*,B
VAL,78.39,69.5619,34.781,5.6558,-0.3131,0.4286,ABOVE STICKER,C
RYN,18.06,4.7553,2.3776,11.9208,-0.3316,0.2667,ABOVE STICKER,C
ESNT,60.22,50.9496,25.4748,8.7275,-0.1442,0.5333,ABOVE STICKER,C
BKH,70.96,4.0851,2.0425,17.8291,-0.0982,0.0,ABOVE STICKER,C
MUR,37.66,1.7103,0.8551,52.3056,-0.1311,0.0,ABOVE STICKER,C
PL,17.5,,,,-0.6619,0.2727,NO STICKER,C
MIRM,82.93,,,,-0.3621,0.2727,NO STICKER,C
COGT,31.02,,,,-0.2906,0.1111,NO STICKER,C
OTEX,22.22,34.0203,17.0102,8.6124,-0.4431,0.2667,BELOW STICKER,C
HRB,41.68,31.6193,15.8096,7.364,-0.2896,0.6,BUY*,C
AN,162.46,122.9021,61.4511,9.534,-0.3111,0.4667,ABOVE STICKER,C
TVTX,56.93,,,,-0.1717,0.2667,NO STICKER,C
CRSP,55.43,,,,-0.2937,0.1333,NO STICKER,C
OLLI,88.055,62.3582,31.1791,19.6991,-0.3393,0.7333,ABOVE STICKER,B
GXO,46.56,8.4,4.2,166.2857,-0.3035,0.1818,ABOVE STICKER,C
DOCS,27.93,25.2,12.6,33.25,-0.6222,0.8182,ABOVE STICKER,A
HNGE,97.67,,,,-0.0207,0.2857,NO STICKER,C
WH,71.79,2.8527,1.4263,28.716,-0.2054,0.3636,ABOVE STICKER,C
LAUR,38.62,3.4666,1.7333,20.4339,-0.0563,0.4,ABOVE STICKER,C
AROC,30.33,14.4942,7.2471,16.5738,-0.2818,0.3333,ABOVE STICKER,C
HIMX,15.24,,,190.5,-0.3926,0.0,NO STICKER,C
BCPC,166.56,54.2005,27.1002,35.0653,-0.0943,0.4667,ABOVE STICKER,C
CHDN,76.05,119.1086,59.5543,14.2569,-0.3574,0.3333,BELOW STICKER,C
PTCT,63.46,75.53,37.765,8.1568,-0.3016,0.2143,BELOW STICKER,C
CORZ,16.45,,,,-0.4599,0.1818,NO STICKER,C
KLIC,100.77,,,25192.5,-0.258,0.2,NO STICKER,C
PSMT,170.68,44.4671,22.2336,35.4108,-0.1459,0.4,ABOVE STICKER,C
CWST,82.77,,,689.75,-0.2333,0.4667,NO STICKER,C
TFX,124.12,,,,-0.144,0.0667,NO STICKER,C
EXP,171.36,104.465,52.2325,13.0213,-0.3021,0.4,ABOVE STICKER,C
GVA,119.92,17.5962,8.7981,31.0674,-0.2601,0.4,ABOVE STICKER,C
SAIC,125.26,90.6444,45.3222,16.2675,-0.122,0.5333,ABOVE STICKER,C
POR,44.55,16.9281,8.4641,16.083,-0.1844,0.2143,ABOVE STICKER,C
GOSS,10.71,,,,-0.9654,0.0,NO STICKER,C
NJR,51.59,34.9252,17.4626,15.4925,-0.1523,0.2857,ABOVE STICKER,C
SHC,18.22,1.9706,0.9853,67.4815,-0.0821,0.3636,ABOVE STICKER,C
IRDM,48.96,8.5876,4.2938,46.1887,-0.1438,0.0667,ABOVE STICKER,C
VSH,38.18,,,,-0.4504,0.0667,NO STICKER,C
IBP,193.0,265.5994,132.7997,20.8198,-0.447,0.7333,ON DECK,B
RRR,50.31,23.2305,11.6153,16.125,-0.2708,0.4667,ABOVE STICKER,C
RLI,55.94,73.9752,36.9876,11.7521,-0.1666,0.6667,BUY*,C
PAGP,26.06,,,,-0.092,0.4286,NO STICKER,C
ERAS,14.74,,,,-0.3929,0.0,NO STICKER,C
QH,3.68,,,,-0.7127,0.0,NO STICKER,C
AMRN,12.35,,,,-0.4091,0.0667,NO STICKER,C
MLCO,4.19,1.6249,0.8125,27.2078,-0.5603,0.3333,ABOVE STICKER,C
MRCY,84.87,,,,-0.3393,0.1818,NO STICKER,C
SIGI,85.59,90.6206,45.3103,11.4272,-0.1475,0.6,BELOW STICKER,C
MMSI,85.37,28.1246,14.0623,40.0798,-0.099,0.4667,ABOVE STICKER,C
BYD,67.25,279.11,139.555,2.9836,-0.2643,0.7333,BUY,B
RGTI,15.25,,,,-0.7377,0.1429,NO STICKER,C
ACIW,50.15,21.4187,10.7093,23.2176,-0.1789,0.4,ABOVE STICKER,C
OUT,28.7,3.3527,1.6763,35.0,-0.1791,0.1333,ABOVE STICKER,C
GTX,27.07,2.3996,1.1998,17.8092,-0.2532,0.4545,ABOVE STICKER,C
ROAD,91.08,55.2,27.6,49.5,-0.3968,0.7273,ABOVE STICKER,C
AX,88.93,99.3871,49.6935,10.487,-0.159,0.9286,ON DECK,A
MTN,141.16,8.0732,4.0366,34.2621,-0.1358,0.1333,ABOVE STICKER,C
GHC,1149.61,116.7673,58.3837,17.2952,-0.0893,0.2667,ABOVE STICKER,C
DFTX,37.4,,,,-0.2475,0.1111,NO STICKER,C
DAVE,346.57,,,25.6149,-0.2437,0.7143,NO STICKER,C
VIRT,58.79,34.0743,17.0371,11.46,-0.145,0.4,ABOVE STICKER,C
GLNG,49.21,10.0448,5.0224,82.0421,-0.1485,0.2222,ABOVE STICKER,C
CNO,53.86,3.5592,1.7796,23.4174,-0.0648,0.2667,ABOVE STICKER,C
BTC,37.25,,,,-0.3343,0.0,NO STICKER,
CSW,302.69,219.3,109.65,41.4077,-0.1485,0.7333,ABOVE STICKER,C
DNTH,88.21,,,,-0.2517,0.1,NO STICKER,C
FND,45.49,29.7545,14.8773,21.257,-0.4127,0.6,ABOVE STICKER,C
YSG,2.64,,,,-0.7086,0.1818,NO STICKER,C
NIQ,16.64,,,,-0.1549,0.2857,NO STICKER,C
MOGU,1.86,,,,-0.464,0.0,NO STICKER,C
EBC,21.465,11.0669,5.5334,49.9186,-0.0972,0.4545,ABOVE STICKER,C
SBRA,19.16,,,29.9375,-0.1585,0.3333,NO STICKER,C
KRG,24.39,41.1,20.55,17.8029,-0.1848,0.3571,BELOW STICKER,C
GOLF,83.65,28.9034,14.4517,26.8971,-0.3009,0.3333,ABOVE STICKER,C
MANE,116.76,,,,-0.1103,0.0,NO STICKER,
BROS,38.67,19.2,9.6,60.4219,-0.4776,0.6667,ABOVE STICKER,C
SKY,88.1,78.8657,39.4328,25.7602,-0.1116,0.8,ABOVE STICKER,A
PECO,37.76,10.8389,5.4195,42.427,-0.1491,0.4,ABOVE STICKER,C
CLMT,55.28,,,,-0.0767,0.0,NO STICKER,C
FLG,11.7,,,,-0.2422,0.0,NO STICKER,C
CE,44.19,,,,-0.375,0.1333,NO STICKER,C
HESM,37.75,,,,-0.089,0.0,NO STICKER,
CNK,36.05,,,34.6635,-0.0773,0.125,NO STICKER,C
STWD,13.05,,,11.3478,-0.3284,0.1333,NO STICKER,C
WTM,2020.92,2943.3995,1471.6997,4.6983,-0.1338,0.7333,BELOW STICKER,C
SON,48.74,147.8469,73.9234,4.8401,-0.1966,0.4667,BELOW MOS,C
MYRG,304.77,147.1396,73.5698,28.943,-0.3948,0.9286,ABOVE STICKER,A
NXST,155.42,,,51.8067,-0.3888,0.2,NO STICKER,C
DIOD,103.84,2.8379,1.419,72.6154,-0.1758,0.4,ABOVE STICKER,C
HAE,104.68,10.1951,5.0976,51.0634,-0.0522,0.1333,ABOVE STICKER,C
WAY,24.81,,,40.6721,-0.3851,0.2857,NO STICKER,C
CHEF,116.42,22.8242,11.4121,69.2976,-0.0176,0.4667,ABOVE STICKER,C
IEP,6.67,,,,-0.2843,0.0,NO STICKER,C
SYNA,121.1,,,,-0.1878,0.0667,NO STICKER,C
BOX,34.49,10.1326,5.0663,59.4655,-0.0509,0.2667,ABOVE STICKER,C
MIDD,104.57,,,,-0.2961,0.0667,NO STICKER,C
RSI,20.01,9.3,4.65,64.5484,-0.4205,0.6364,ABOVE STICKER,C
HCC,89.35,5.5187,2.7593,82.7315,-0.1981,0.4545,ABOVE STICKER,C
TFSL,16.82,0.3555,0.1778,52.5625,-0.137,0.0833,ABOVE STICKER,C
NSIT,160.66,17.7482,8.8741,33.0576,-0.0465,0.2,ABOVE STICKER,C
REYN,22.32,,,15.6084,-0.183,0.0,NO STICKER,C
SYM,43.28,,,,-0.5075,0.2222,NO STICKER,C
VSEC,167.28,,,304.1455,-0.3251,0.3333,NO STICKER,C
UNF,251.78,12.3659,6.1829,31.5514,-0.179,0.0,ABOVE STICKER,C
ALIT,8.85,,,,-0.8693,0.125,NO STICKER,C
HASI,36.27,30.9321,15.466,25.7234,-0.1781,0.4,ABOVE STICKER,C
CNX,31.5,14.1253,7.0627,7.9146,-0.2779,0.2,ABOVE STICKER,C
CRC,52.43,9.915,4.9575,12.6337,-0.2716,0.3636,ABOVE STICKER,C
PIPR,65.36,51.8107,25.9054,15.1504,-0.3125,0.6,BUY*,C
GNTX,22.08,6.185,3.0925,12.6897,-0.2014,0.2667,ABOVE STICKER,C
HRI,138.37,,,4612.3333,-0.2654,0.3333,NO STICKER,C
CHH,102.5,121.6312,60.8156,12.9747,-0.1722,0.5333,BELOW STICKER,C
CUZ,28.01,,,116.7083,-0.1499,0.2667,NO STICKER,C
UEC,9.3,,,,-0.5428,0.2,NO STICKER,C
RELY,21.77,9.3,4.65,70.2258,-0.2078,0.3636,ABOVE STICKER,C
FFIN,32.15,7.7505,3.8752,18.1638,-0.1197,0.5,ABOVE STICKER,C
FBIN,38.56,,,15.6113,-0.4053,0.1333,NO STICKER,C
ACLS,147.77,62.3966,31.1983,49.5872,-0.2374,0.7333,ABOVE STICKER,B
CIGI,89.78,36.0956,18.0478,42.5498,-0.4765,0.6667,ABOVE STICKER,C
SR,77.54,75.4858,37.7429,17.7437,-0.1864,0.2,ABOVE STICKER,C
KVYO,15.71,,,,-0.529,0.2857,NO STICKER,C
OGS,72.57,18.6721,9.336,16.6064,-0.2006,0.1667,ABOVE STICKER,C
TPC,86.73,,,57.4371,-0.1522,0.3571,NO STICKER,C
CVCO,585.13,418.9266,209.4633,25.4515,-0.1794,0.9333,ABOVE STICKER,A
ENVA,172.89,129.3391,64.6696,12.8447,-0.3536,0.8,BUY*,C
LPX,65.1,,,31.2981,-0.3512,0.3333,NO STICKER,C
CON,35.65,,,27.4231,-0.0289,0.7143,NO STICKER,B
DK,74.19,,,,-0.0982,0.0667,NO STICKER,C
KRMN,34.14,,,262.6154,-0.7116,0.8571,NO STICKER,A
ADPT,28.35,,,,-0.0537,0.1818,NO STICKER,C
LFST,11.83,,,478.8512,-0.1276,0.3333,NO STICKER,C
TREX,43.56,21.8878,10.9439,25.6235,-0.1978,0.7333,ABOVE STICKER,B
NNI,123.87,55.6117,27.8058,10.5064,-0.1421,0.1667,ABOVE STICKER,C
EWTX,41.4,,,,-0.1466,0.0,NO STICKER,C
PRM,27.45,,,,-0.2808,0.3636,NO STICKER,C
AMTM,18.14,,,67.1852,-0.524,0.4286,NO STICKER,C
CRGY,13.39,,,,-0.1345,0.8571,NO STICKER,C
CNR,88.96,,,,-0.2251,0.5333,NO STICKER,C
ALK,39.53,,,47.6265,-0.348,0.1333,NO STICKER,C
OII,44.32,10.4951,5.2475,12.6991,-0.183,0.4667,ABOVE STICKER,C
ENPH,33.47,30.3,15.15,33.1386,-0.5461,0.6154,ABOVE STICKER,C
BDC,112.46,65.8139,32.907,19.0288,-0.2971,0.4667,ABOVE STICKER,C
OTF,9.58,52.7852,26.3926,5.4447,-0.3613,0.3333,BELOW MOS,C
OPLN,35.53,,,,-0.1718,0.2143,NO STICKER,C
MAT,15.27,23.064,11.532,12.3145,-0.3207,0.2667,BELOW STICKER,C
FELE,98.65,28.8714,14.4357,30.6366,-0.1482,0.2667,ABOVE STICKER,C
PSN,40.79,29.2089,14.6045,18.5409,-0.5442,0.3636,ABOVE STICKER,C
FULT,22.81,6.7498,3.3749,10.9663,-0.0959,0.2857,ABOVE STICKER,C
ESAB,69.9,24.8226,12.4113,19.0463,-0.4913,0.1818,ABOVE STICKER,C
IBOC,69.84,38.8844,19.4422,10.5498,-0.1099,0.5,ABOVE STICKER,C
MARA,11.23,,,,-0.5211,0.3333,NO STICKER,C
EPR,56.45,2.0599,1.03,17.2104,-0.1311,0.2,ABOVE STICKER,C
KBR,34.24,13.9317,6.9658,10.6667,-0.2886,0.2667,ABOVE STICKER,C
CECO,73.66,33.4323,16.7161,53.7664,-0.2724,0.4,ABOVE STICKER,C
RDN,32.57,22.8487,11.4243,7.8671,-0.2066,0.4667,ABOVE STICKER,C
ITGR,126.45,9.6755,4.8377,43.7543,-0.0028,0.1333,ABOVE STICKER,C
HTFL,49.32,,,,-0.0556,0.1429,NO STICKER,C
VNT,31.66,16.4086,8.2043,11.471,-0.3432,0.5455,ABOVE STICKER,C
PTEN,11.21,,,,-0.1628,0.1333,NO STICKER,C
SLM,22.745,21.3855,10.6927,6.5737,-0.2677,0.3333,ABOVE STICKER,C
CVSA,125.48,108.5248,54.2624,17.8239,-0.197,0.4667,ABOVE STICKER,C
NWE,69.27,,,23.5612,-0.0786,0.0,NO STICKER,C
PRIM,79.08,69.1608,34.5804,15.753,-0.6152,0.7143,ABOVE STICKER,C
GFF,93.97,0.7117,0.3558,86.211,-0.1345,0.1333,ABOVE STICKER,C
UFPI,77.15,46.1509,23.0755,15.43,-0.3462,0.4667,ABOVE STICKER,C
BYND,8.25,,,,-0.9642,0.0,NO STICKER,C
HHH,71.04,,,32.1448,-0.2199,0.2857,NO STICKER,C
BC,65.43,,,,-0.275,0.2,NO STICKER,C
ALH,21.3,,,38.0357,-0.2455,0.7143,NO STICKER,B
INDV,35.71,,,21.7744,-0.1658,0.2857,NO STICKER,C
ABCL,13.74,,,,-0.0849,0.0909,NO STICKER,C
FHI,56.07,32.5656,16.2828,10.9298,-0.1656,0.4667,ABOVE STICKER,C
TDS,35.39,,,,-0.2795,0.0,NO STICKER,C
BCO,101.8,65.933,32.9665,21.7058,-0.2535,0.4667,ABOVE STICKER,C
AZZ,139.39,234.6113,117.3056,13.2752,-0.1406,0.6667,BELOW STICKER,C
EQPT,18.5,,,1850.0,-0.4789,0.4286,NO STICKER,C
PARR,84.0,143.8382,71.9191,4.9296,-0.0424,0.6,BUY*,C
MTH,63.85,30.5933,15.2967,10.0551,-0.2522,0.4167,ABOVE STICKER,C
RLAY,18.96,,,,-0.1086,0.0909,NO STICKER,C
CMCM,2.7,,,,-0.7049,0.0909,NO STICKER,C
LIVN,75.07,,,,-0.1247,0.2727,NO STICKER,C
ONDS,7.24,,,,-0.5262,0.3333,NO STICKER,C
FBP,27.04,12.9312,6.4656,12.5767,-0.095,0.5333,ABOVE STICKER,C
GEO,31.36,6.2348,3.1174,17.2308,-0.054,0.1333,ABOVE STICKER,C
AIR,102.51,81.6397,40.8198,21.0926,-0.3344,0.5333,ABOVE STICKER,C
UCB,34.11,19.8197,9.9099,13.0191,-0.0826,0.4,ABOVE STICKER,C
FSLY,25.81,,,,-0.2588,0.2727,NO STICKER,C
TDW,82.42,107.6266,53.8133,12.4127,-0.1886,0.4,BELOW STICKER,C
SIVR,57.57,335.83,167.915,1.2231,-0.5005,0.8889,BELOW MOS,A
MRP,24.61,,,10.0861,-0.2652,0.0,NO STICKER,
TCBI,93.76,53.167,26.5835,13.8085,-0.1392,0.25,ABOVE STICKER,C
LOPE,155.79,27.2039,13.6019,20.2062,-0.3015,0.2667,ABOVE STICKER,C
CATY,60.84,30.9929,15.4965,13.4009,-0.0677,0.4286,ABOVE STICKER,C
TENB,36.85,,,,-0.1562,0.4545,NO STICKER,C
BRC,84.78,46.376,23.188,19.7112,-0.1461,0.4167,ABOVE STICKER,C
FIGR,28.53,,,64.8409,-0.6342,0.2857,NO STICKER,C
MNDY,78.8,67.2,33.6,35.1786,-0.6256,0.3636,ABOVE STICKER,C
WK,71.23,,,,-0.2664,0.3077,NO STICKER,C
WIX,72.62,26.4,13.2,82.5227,-0.5269,0.4286,ABOVE STICKER,C
COLD,13.97,,,,-0.1724,0.0,NO STICKER,C
LAZ,36.07,,,16.6221,-0.386,0.2,NO STICKER,C
WSFS,78.03,34.843,17.4215,15.3301,-0.0592,0.75,ABOVE STICKER,B
ICUI,159.38,,,5312.6667,-0.1736,0.2,NO STICKER,C
PAY,30.83,15.6,7.8,59.2885,-0.3196,0.8182,ABOVE STICKER,C
CBT,76.95,68.3006,34.1503,12.7824,-0.186,0.4,ABOVE STICKER,C
AQN,5.1,,,23.1818,-0.2827,0.0833,NO STICKER,C
CAR,111.22,,,,-0.8688,0.2143,NO STICKER,C
CVBF,22.28,4.6138,2.3069,14.6579,-0.0483,0.0833,ABOVE STICKER,C
TNGX,23.24,,,,-0.3242,0.3636,NO STICKER,C
MDU,18.61,,,20.0108,-0.1902,0.0,NO STICKER,C
KRC,33.63,5.5481,2.774,14.4957,-0.2283,0.0714,ABOVE STICKER,C
SITE,89.56,10.3831,5.1916,26.5757,-0.4687,0.5333,ABOVE STICKER,C
SUNC,75.87,,,,-0.0914,1.0,NO STICKER,
FLY,23.32,,,,-0.6249,0.1429,NO STICKER,C
VVV,30.58,1.4191,0.7095,18.6463,-0.2556,0.4,ABOVE STICKER,C
APLE,16.51,0.5436,0.2718,22.3108,-0.0446,0.1333,ABOVE STICKER,C
FINV,2.9,1.5048,0.7524,10.7407,-0.6115,0.5455,ABOVE STICKER,C
CCC,6.56,,,,-0.3127,0.3636,NO STICKER,C
RXO,23.38,,,,-0.2181,0.2727,NO STICKER,C
SEB,4024.28,4485.298,2242.649,7.8223,-0.3281,0.4,BELOW STICKER,C
SIG,100.58,7.9868,3.9934,14.2062,-0.0873,0.4,ABOVE STICKER,C
HP,38.56,,,,-0.1995,0.1333,NO STICKER,C
TNL,62.92,,,18.2907,-0.2232,0.3333,NO STICKER,C
CRVL,75.47,52.4818,26.2409,33.5422,-0.0499,0.9286,ABOVE STICKER,A
MSGE,79.87,41.4,20.7,57.8768,-0.1166,0.5455,ABOVE STICKER,C
WDH,1.03,,,51.5,-0.4926,0.4286,NO STICKER,C
MIR,14.6,2.8746,1.4373,132.7273,-0.5178,0.2727,ABOVE STICKER,C
RUSHA,47.18,12.1761,6.0881,14.4281,-0.1536,0.3333,ABOVE STICKER,C
CDP,33.57,2.9312,1.4656,25.0522,-0.137,0.0,ABOVE STICKER,C
NTSK,17.75,,,,-0.2894,0.1429,NO STICKER,C
INDB,80.06,17.7854,8.8927,18.0315,-0.085,0.25,ABOVE STICKER,C
ITRI,86.51,98.3025,49.1513,13.3092,-0.3908,0.5333,BELOW STICKER,C
AVNT,41.17,,,46.2584,-0.1173,0.1333,NO STICKER,C
NVST,23.46,1.8886,0.9443,83.7857,-0.2288,0.0,ABOVE STICKER,C
BFH,98.05,77.9765,38.9882,9.0037,-0.1439,0.3333,ABOVE STICKER,C
FCN,136.4,77.1695,38.5848,16.5534,-0.2795,0.2667,ABOVE STICKER,C
ACHR,4.89,,,,-0.6655,0.2,NO STICKER,C
COE,10.58,,,,-0.8115,0.2,NO STICKER,C
FRSH,12.78,10.78,5.39,20.2857,-0.0865,0.3636,ABOVE STICKER,C
ARX,19.73,,,,-0.0085,0.2857,NO STICKER,C
CNS,73.0,43.1487,21.5744,24.5791,-0.1567,0.3333,ABOVE STICKER,C
CRK,12.78,14.9513,7.4757,8.9371,-0.5452,0.4286,BELOW STICKER,C
SKYW,96.43,72.2673,36.1337,9.3169,-0.1809,0.4667,ABOVE STICKER,C
OTTR,88.87,63.1258,31.5629,19.1944,-0.0654,0.6,ABOVE STICKER,C
GPGI,12.9,,,,-0.5183,0.2222,NO STICKER,C
BMI,127.77,92.075,46.0375,29.9227,-0.3737,0.8571,ABOVE STICKER,A
LRN,78.89,88.0826,44.0413,11.049,-0.4912,0.7333,BUY*,C
BOOT,121.88,152.695,76.3475,15.4278,-0.4203,1.0,ON DECK,A
ATMU,45.7,,,18.28,-0.3128,0.8571,NO STICKER,B
JOE,65.38,59.7,29.85,32.8543,-0.111,0.5333,ABOVE STICKER,C
DQ,11.0,,,,-0.6994,0.3333,NO STICKER,C
BILL,43.62,,,,-0.2375,0.3636,NO STICKER,C
DORM,123.06,129.8806,64.9403,17.068,-0.2496,0.6,ON DECK,C
RHI,36.12,,,27.1579,-0.2266,0.1429,NO STICKER,C
OLED,80.37,74.815,37.4075,15.8209,-0.476,0.4667,ABOVE STICKER,C
WT,24.38,1.2484,0.6242,32.5067,-0.0591,0.5714,ABOVE STICKER,C
KFY,71.92,56.5875,28.2937,13.6212,-0.1782,0.6,BUY*,C
SLGN,34.87,5.6172,2.8086,12.9148,-0.2963,0.2667,ABOVE STICKER,C
USAC,25.42,,,,-0.1679,0.5,NO STICKER,C
VCYT,45.81,24.6,12.3,55.8659,-0.2479,0.4667,ABOVE STICKER,C
XENE,38.02,,,,-0.4767,0.0,NO STICKER,C
BATRA,57.62,,,,-0.0473,0.2857,NO STICKER,C
WSBC,38.11,3.6117,1.8058,17.0897,-0.1141,0.25,ABOVE STICKER,C
IPAR,113.95,156.9,78.45,21.7878,-0.1186,0.8,BUY*,A
RNST,39.92,5.8216,2.9108,19.285,-0.1037,0.1667,ABOVE STICKER,C
IRTC,110.37,,,,-0.4794,0.3333,NO STICKER,C
BANF,108.08,74.1757,37.0878,15.2011,-0.1618,0.9167,ABOVE STICKER,A
SEZL,107.41,66.25,33.125,28.8737,-0.4512,0.6364,ABOVE STICKER,C
GNW,9.55,,,17.6852,-0.1066,0.0667,NO STICKER,C
KTB,64.71,71.329,35.6645,13.5094,-0.2726,0.8182,BUY*,A
IDYA,37.36,,,,-0.1246,0.1818,NO STICKER,C
OGN,13.72,,,19.0556,-0.0047,0.2727,NO STICKER,C
LMND,46.49,,,,-0.5346,0.1818,NO STICKER,C
LXP,60.95,,,33.489,-0.0107,0.0714,NO STICKER,C
THO,69.55,,,20.5769,-0.4338,0.1333,NO STICKER,C
TNK,103.1,24.1895,12.0948,10.2079,-0.0085,0.4,ABOVE STICKER,C
VAC,104.2,,,,-0.2066,0.0667,NO STICKER,C
STEP,45.27,,,,-0.4181,0.4,NO STICKER,C
IPGP,84.05,,,115.137,-0.4606,0.0,NO STICKER,C
NHC,227.66,66.9221,33.4611,29.6819,-0.0486,0.2857,ABOVE STICKER,C
BNL,18.56,0.6224,0.3112,37.12,-0.1965,0.2,ABOVE STICKER,C
MHO,134.76,89.4443,44.7222,11.3149,-0.1766,0.6,ABOVE STICKER,C
MGNI,24.73,28.5,14.25,26.0316,-0.0786,0.4,BELOW STICKER,C
STKH,0.65,,,,-0.9505,0.1667,NO STICKER,C
CELC,72.1,,,,-0.5226,0.1111,NO STICKER,C
CENX,35.62,2.272,1.136,84.8095,-0.4942,0.3333,ABOVE STICKER,C
QTWO,56.38,24.0,12.0,70.475,-0.2605,0.4667,ABOVE STICKER,C
LIF,43.1,53.1,26.55,24.3503,-0.617,0.4545,BELOW STICKER,C
VECO,57.38,2.8432,1.4216,97.2542,-0.3376,0.2667,ABOVE STICKER,C
SXI,288.59,79.5697,39.7848,33.286,-0.2069,0.4,ABOVE STICKER,C
AEHR,107.21,,,,-0.2727,0.2667,NO STICKER,C
VKTX,29.94,,,,-0.3061,0.1333,NO STICKER,C
NIC,166.47,100.4796,50.2398,17.0215,-0.0752,0.6667,ABOVE STICKER,C
SBLK,30.75,5.613,2.8065,42.1233,-0.0648,0.3333,ABOVE STICKER,C
PVH,75.53,,,145.25,-0.2503,0.0,NO STICKER,C
COHU,73.48,,,,-0.0162,0.1333,NO STICKER,C
CDNA,67.15,,,,-0.038,0.2667,NO STICKER,C
SLG,48.81,,,,-0.1877,0.2,NO STICKER,C
PLMR,126.49,183.694,91.847,17.0013,-0.1431,1.0,BUY*,A
ELVN,46.97,,,,-0.2463,0.1111,NO STICKER,C
ACAD,19.95,28.3437,14.1718,8.6739,-0.3556,0.4,BELOW STICKER,C
FIBK,36.0,6.6571,3.3286,12.2449,-0.1133,0.1667,ABOVE STICKER,C
KN,40.05,,,80.1,-0.0671,0.0833,NO STICKER,C
IRT,14.51,3.0289,1.5145,60.4583,-0.1844,0.5333,ABOVE STICKER,C
PLSE,47.9,,,,-0.1868,0.0,NO STICKER,C
OPCH,22.64,28.8714,14.4357,17.8268,-0.3848,0.2143,BELOW STICKER,C
MWA,21.66,15.3686,7.6843,17.7541,-0.3013,0.4286,ABOVE STICKER,C
WRBY,27.03,0.3,0.15,2703.0,-0.1281,0.3636,ABOVE STICKER,C
COCO,55.97,54.3,27.15,30.9227,-0.3479,0.8182,ABOVE STICKER,A
HNI,46.82,,,42.1802,-0.1131,0.4,NO STICKER,C
RGC,6.82,,,,-0.9012,0.0,NO STICKER,C
SHOO,45.97,,,72.9683,-0.0751,0.3333,NO STICKER,C
NATL,45.42,,,21.2243,-0.0635,0.4286,NO STICKER,C
FFBC,31.87,14.1834,7.0917,11.9812,-0.1208,0.5,ABOVE STICKER,C
AAMI,94.17,,,42.6109,-0.0442,0.375,NO STICKER,C
LION,11.16,,,,-0.3317,0.1429,NO STICKER,C
SFNC,22.9,,,,-0.0584,0.1667,NO STICKER,C
PRK,183.15,56.9651,28.4826,16.4851,-0.1481,0.4615,ABOVE STICKER,C
CSTM,24.4,,,12.7083,-0.3404,0.8571,NO STICKER,C
CXW,33.43,1.8613,0.9307,30.9537,-0.0854,0.2,ABOVE STICKER,C
PPLI,41.28,,,,-0.1457,0.0,NO STICKER,C
KNTK,52.53,48.4457,24.2229,19.9734,-0.0771,0.5,ABOVE STICKER,C
UCTT,72.69,,,,-0.496,0.1333,NO STICKER,C
ABG,175.88,228.154,114.077,6.5456,-0.3203,0.8,BUY*,C
AWR,82.82,26.9167,13.4584,24.5757,-0.097,0.2667,ABOVE STICKER,C
MIAX,33.01,,,,-0.4223,0.4286,NO STICKER,C
CLSK,12.74,34.4092,17.2046,11.1075,-0.4604,0.4545,BELOW MOS,C
HIW,29.67,,,20.4621,-0.1628,0.2857,NO STICKER,C
AB,35.0,,,,-0.2065,0.0,NO STICKER,
GBDC,12.54,,,8.831,-0.1298,0.1111,NO STICKER,C
CURB,28.27,,,76.4054,-0.1207,0.4286,NO STICKER,C
NAMI,2.28,,,,-0.9148,0.0,NO STICKER,C
BBWI,16.06,,,5.164,-0.4139,0.2667,NO STICKER,C
NHI,65.72,,,21.7616,-0.2808,0.1333,NO STICKER,C
PFSI,62.0,,,6.6667,-0.6134,0.4545,NO STICKER,C
NMRK,12.65,9.8208,4.9104,18.6029,-0.3622,0.5455,ABOVE STICKER,C
TARS,73.0,,,,-0.2024,0.1818,NO STICKER,C
OUST,44.39,,,,-0.3041,0.2727,NO STICKER,C
EXPO,67.3,14.4261,7.2131,32.5121,-0.1788,0.2,ABOVE STICKER,C
DNLI,20.0,,,,-0.2674,0.0,NO STICKER,C
ATKR,94.62,,,,-0.0027,0.4667,NO STICKER,C
USLM,111.01,92.1915,46.0957,23.7709,-0.2151,1.0,ABOVE STICKER,A
CBU,60.69,2.7758,1.3879,15.2872,-0.1465,0.3846,ABOVE STICKER,C
LBRT,19.31,11.8361,5.9181,21.6966,-0.4399,0.4545,ABOVE STICKER,C
YJ,1.62,,,,-0.884,0.0,NO STICKER,C
POST,72.56,54.547,27.2735,13.1688,-0.3813,0.1333,ABOVE STICKER,C
ASH,69.52,,,,-0.1116,0.0,NO STICKER,C
KAI,268.83,163.3383,81.6692,28.9065,-0.2407,0.8,ABOVE STICKER,C
SBCF,32.68,7.0879,3.544,20.8153,-0.099,0.4167,ABOVE STICKER,C
ARQT,25.16,,,,-0.2081,0.1818,NO STICKER,C
ARLP,24.53,,,,-0.1671,0.3333,NO STICKER,C
PENG,61.36,3.6423,1.8211,219.1429,-0.3172,0.2667,ABOVE STICKER,C
BHE,87.39,0.5667,0.2834,128.5147,-0.1297,0.0667,ABOVE STICKER,C
OSIS,196.78,87.1105,43.5553,21.9866,-0.3687,0.4667,ABOVE STICKER,C
WSC,17.3,,,,-0.4189,0.4,NO STICKER,C
HTGC,16.74,,,9.0486,-0.1249,0.1,NO STICKER,C
PK,15.53,,,,-0.0414,0.0667,NO STICKER,C
BFAM,64.26,48.969,24.4845,19.125,-0.4151,0.3333,ABOVE STICKER,C
DBVT,10.55,,,,-0.5971,0.1818,NO STICKER,C
BITB,45.75,,,,-0.3344,0.0,NO STICKER,
KRKR,2.94,,,,-0.5959,0.0,NO STICKER,C
CALM,66.67,98.7388,49.3694,10.0558,-0.3024,0.5333,BELOW STICKER,C
RCUS,24.44,,,,-0.2299,0.0909,NO STICKER,C
MCHB,14.9,38.1,19.05,11.7323,-0.1427,0.5385,BELOW MOS,C
FA,18.09,,,,-0.2807,0.3636,NO STICKER,C
AMLX,27.79,,,,-0.3245,0.1429,NO STICKER,C
BKU,43.38,17.1871,8.5935,12.289,-0.1675,0.1429,ABOVE STICKER,C
FHB,25.26,5.8691,2.9346,11.4818,-0.174,0.0714,ABOVE STICKER,C
CPK,127.38,46.4576,23.2288,21.3367,-0.0955,0.4,ABOVE STICKER,C
PGEN,8.54,,,,-0.049,0.0667,NO STICKER,C
PII,53.71,,,,-0.3112,0.2,NO STICKER,C
LBTYA,8.92,,,,-0.3402,0.0769,NO STICKER,C
USCI,108.938,,,,-0.0261,0.0,NO STICKER,
POWI,54.46,,,139.641,-0.4027,0.1333,NO STICKER,C
AMBA,68.65,,,,-0.29,0.2667,NO STICKER,C
BTU,24.81,,,,-0.3969,0.2667,NO STICKER,C
EXTR,23.12,2.2073,1.1036,74.5806,-0.3146,0.3333,ABOVE STICKER,C
DAC,165.15,64.2808,32.1404,6.1715,-0.0006,0.5333,ABOVE STICKER,C
AGO,68.47,55.6658,27.8329,6.6735,-0.259,0.4,ABOVE STICKER,C
DXPE,193.98,67.935,33.9675,36.1229,-0.0674,0.2667,ABOVE STICKER,C
AD,34.39,,,61.4107,-0.4346,0.0667,NO STICKER,C
LXEH,1.57,,,,-0.943,0.0,NO STICKER,C
ASO,48.73,24.215,12.1075,8.796,-0.2196,0.4545,ABOVE STICKER,C
DBRG,16.0,,,34.7826,0.0,0.2667,NO STICKER,C
DAN,27.88,,,43.5625,-0.2952,0.0667,NO STICKER,C
NMIH,38.83,49.0057,24.5029,7.6437,-0.1692,0.8,BUY*,A
YETI,40.87,3.6685,1.8342,20.133,-0.243,0.4545,ABOVE STICKER,C
NTCT,40.96,,,31.5077,-0.0954,0.2,NO STICKER,C
AVPT,14.07,4.5,2.25,93.8,-0.0969,0.3636,ABOVE STICKER,C
WOR,60.66,,,19.3185,-0.1019,0.2,NO STICKER,C
AEO,17.71,,,16.2477,-0.3777,0.2,NO STICKER,C
CBZ,54.69,16.0689,8.0345,29.8852,-0.0377,0.6,ABOVE STICKER,C
SPSC,82.35,73.8,36.9,33.4756,-0.2831,0.8,ABOVE STICKER,C
ARCB,132.61,3.2341,1.617,50.6145,-0.2495,0.2143,ABOVE STICKER,C
INFQ,13.15,,,,-0.382,0.25,NO STICKER,
GPI,249.84,202.1751,101.0876,10.2984,-0.4584,0.6667,ABOVE STICKER,C
AVA,35.31,5.2829,2.6414,14.8361,-0.1883,0.0667,ABOVE STICKER,C
PFS,22.58,15.169,7.5845,10.1256,-0.1142,0.2857,ABOVE STICKER,C
COLM,57.27,13.3814,6.6907,17.6759,-0.1707,0.2667,ABOVE STICKER,C
WING,106.89,126.9,63.45,25.2695,-0.647,0.7333,ON DECK,B
DKL,54.93,,,,-0.1068,0.5,NO STICKER,C
BULL,7.34,,,,-0.494,0.2857,NO STICKER,C
TNET,63.24,14.798,7.399,19.7625,-0.1346,0.3333,ABOVE STICKER,C
FRPT,60.26,79.2,39.6,22.8258,-0.2993,0.5333,BELOW STICKER,C
IMAX,52.72,,,83.6825,-0.0868,0.3333,NO STICKER,C
BRZE,25.42,,,,-0.319,0.3636,NO STICKER,C
GRBK,66.66,57.7038,28.8519,10.0392,-0.1986,0.8,ABOVE STICKER,A
BHF,50.02,,,8.7601,-0.2512,0.2308,NO STICKER,C
NG,6.55,,,,-0.5451,0.0,NO STICKER,C
MGRC,117.56,84.6647,42.3323,18.5134,-0.0657,0.4667,ABOVE STICKER,C
ABM,48.97,17.1846,8.5923,18.9073,-0.0452,0.0714,ABOVE STICKER,C
FG,21.92,,,11.6596,-0.3796,0.4286,NO STICKER,C
DGII,75.61,10.0283,5.0141,70.0093,-0.1293,0.4,ABOVE STICKER,C
NP,27.43,,,,-0.2196,0.25,NO STICKER,
ROG,160.0,,,,-0.0533,0.0,NO STICKER,C
KNF,50.33,,,18.2355,-0.4773,0.4286,NO STICKER,C
FOUR,36.17,3306.6254,1653.3127,0.3282,-0.5533,0.625,BELOW MOS,C
SMG,49.02,,,19.8462,-0.3493,0.0667,NO STICKER,C
DNOW,15.76,,,,-0.0869,0.2667,NO STICKER,C
CWT,45.96,9.162,4.581,21.3767,-0.146,0.0714,ABOVE STICKER,C
ADEA,25.74,,,26.0,-0.2504,0.4545,NO STICKER,C
DYN,15.2,,,,-0.4433,0.0,NO STICKER,C
FIZZ,30.32,11.2979,5.6489,15.4694,-0.2065,0.4667,ABOVE STICKER,C
SPNT,24.42,22.5881,11.2941,6.7088,-0.0785,0.5333,ABOVE STICKER,C
MBX,58.51,,,,-0.1945,0.0,NO STICKER,C
CXT,48.78,,,19.512,-0.293,0.3333,NO STICKER,C
PPBT,1.51,,,,-0.8929,0.0,NO STICKER,
KBH,45.75,55.6251,27.8126,7.439,-0.3229,0.4667,BELOW STICKER,C
ATRC,55.14,,,,-0.1063,0.2667,NO STICKER,C
TDC,30.14,,,22.3259,-0.2786,0.3333,NO STICKER,C
BANC,17.74,5.7908,2.8954,15.1624,-0.1911,0.3333,ABOVE STICKER,C
TALO,16.78,,,,-0.1039,0.3333,NO STICKER,C
AGYS,99.26,41.1,20.55,72.4526,-0.3166,0.6667,ABOVE STICKER,C
CWK,11.92,5.7961,2.898,31.3684,-0.3149,0.2727,ABOVE STICKER,C
CHRN,19.21,,,,-0.3597,0.1333,NO STICKER,C
CARG,30.02,54.6,27.3,16.4945,-0.2717,0.7333,BUY*,B
INTA,36.49,,,,-0.2387,0.2727,NO STICKER,C
REZI,18.35,,,,-0.4178,0.0909,NO STICKER,C
LEU,139.27,22.3618,11.1809,35.7103,-0.7,0.4667,ABOVE STICKER,C
NAMS,23.2,,,,-0.4503,0.0,NO STICKER,C
TR,37.99,7.5907,3.7954,27.7299,-0.1569,0.2,ABOVE STICKER,C
FUBO,8.66,,,,-0.8356,0.2,NO STICKER,C
TWOD,26.33,,,,-0.0003,0.0,NO STICKER,C
TMDX,79.795,146.1,73.05,16.385,-0.4885,0.6364,BELOW STICKER,C
CLBT,11.07,3.1364,1.5682,48.1304,-0.4459,0.8182,ABOVE STICKER,A
KWR,160.73,,,,-0.1217,0.0667,NO STICKER,C
SLDE,23.61,,,7.0268,-0.1174,1.0,NO STICKER,A
MMS,52.65,64.7466,32.3733,9.5554,-0.4735,0.4667,BELOW STICKER,C
UNFI,45.59,,,34.0224,-0.2005,0.1429,NO STICKER,C
AVAH,12.59,5.4994,2.7497,11.9905,-0.1441,0.3636,ABOVE STICKER,C
SDRL,43.85,,,,-0.2095,0.2222,NO STICKER,C
HWKN,131.41,55.6658,27.8329,34.044,-0.2941,0.9333,ABOVE STICKER,A
APPN,36.68,0.6,0.3,1834.0,-0.2036,0.2667,ABOVE STICKER,C
BOH,69.28,9.1735,4.5868,14.9633,-0.1973,0.3846,ABOVE STICKER,C
GPOR,154.4,72.0405,36.0202,7.1881,-0.3161,0.4667,ABOVE STICKER,C
DX,11.02,,,8.9231,-0.2619,0.3333,NO STICKER,C
WDFC,203.02,63.2175,31.6087,30.3468,-0.3208,0.4,ABOVE STICKER,C
RDW,10.88,,,,-0.5916,0.2727,NO STICKER,C
MZTI,99.53,31.7781,15.8891,14.2593,-0.4353,0.3333,ABOVE STICKER,C
HGV,34.86,,,39.1685,-0.3708,0.4,NO STICKER,C
FUL,50.2,8.1829,4.0914,18.2545,-0.2685,0.1333,ABOVE STICKER,C
ALRM,54.68,31.3248,15.6624,22.2276,-0.0596,0.4667,ABOVE STICKER,C
UUUU,10.73,,,,-0.6154,0.1333,NO STICKER,C
NBTB,51.53,14.8701,7.4351,15.4745,-0.0545,0.4286,ABOVE STICKER,C
OUNZ,39.85,,,,-0.253,1.0,NO STICKER,
FBK,53.42,5.614,2.807,21.8041,-0.1474,0.25,ABOVE STICKER,C
TRMK,45.93,14.8068,7.4034,12.4135,-0.0627,0.25,ABOVE STICKER,C
PLUG,1.9,,,,-0.5852,0.1333,NO STICKER,C
NMM,92.53,,,,-0.026,0.625,NO STICKER,C
NEOG,12.15,,,,-0.148,0.2,NO STICKER,C
RLX,1.71,2.31,1.155,17.1,-0.3423,0.3636,BELOW STICKER,C
DCO,175.39,,,,-0.1664,0.0667,NO STICKER,C
FIGS,13.52,,,40.9697,-0.2265,0.6364,NO STICKER,C
QS,4.57,,,,-0.7604,0.0,NO STICKER,C
PONY,6.07,,,,-0.7534,0.2857,NO STICKER,C
HAYW,12.4,2.8127,1.4064,18.2353,-0.3006,0.4545,ABOVE STICKER,C
BCC,74.99,6.691,3.3455,21.2436,-0.1846,0.4,ABOVE STICKER,C
ACHC,28.06,,,,-0.2169,0.0,NO STICKER,C
NOAH,7.79,,,33.8696,-0.3743,0.2667,NO STICKER,C
MGEE,70.77,18.2468,9.1234,19.0242,-0.1952,0.0833,ABOVE STICKER,C
GPK,8.78,22.5019,11.251,5.9324,-0.547,0.2667,BELOW MOS,C
BKD,10.86,,,,-0.3645,0.0667,NO STICKER,C
PRVA,20.3,,,112.7778,-0.2956,0.6364,NO STICKER,C
FRMI,4.03,,,,-0.8756,0.0,NO STICKER,
HURN,162.15,54.1806,27.0903,27.7654,-0.1319,0.2667,ABOVE STICKER,C
CALY,14.45,,,,-0.2875,0.2,NO STICKER,C
FBNC,62.33,6.0007,3.0003,23.2575,-0.0666,0.3846,ABOVE STICKER,C
GCMG,13.05,1.8623,0.9312,31.0714,-0.1222,0.5455,ABOVE STICKER,C
DRH,12.57,0.1113,0.0556,28.5682,-0.0885,0.1429,ABOVE STICKER,C
FIVN,34.36,13.5,6.75,76.3556,-0.141,0.4667,ABOVE STICKER,C
LQDA,28.64,,,,-0.694,0.1818,NO STICKER,C
AKR,18.63,,,186.3,-0.1911,0.2143,NO STICKER,C
HOG,24.55,25.1106,12.5553,8.8309,-0.1493,0.2,BELOW STICKER,C
SHAK,60.98,32.7,16.35,55.945,-0.4325,0.5333,ABOVE STICKER,C
GLTR,186.15,673.245,336.6225,1.8664,-0.3699,0.6667,BELOW MOS,C
CUBI,75.47,49.7224,24.8612,12.0559,-0.1056,0.9167,ABOVE STICKER,A
PPTA,20.38,,,,-0.4546,0.2222,NO STICKER,C
NVTS,12.4,,,,-0.6371,0.1818,NO STICKER,C
CENT,39.81,17.4999,8.75,15.6118,-0.1524,0.2,ABOVE STICKER,C
NOG,23.83,1.6255,0.8128,61.1026,-0.2355,0.4,ABOVE STICKER,C
BEAM,24.5,,,,-0.3596,0.3636,NO STICKER,C
WLY,47.5,,,11.4183,-0.1732,0.2667,NO STICKER,C
FRME,40.15,18.0725,9.0363,10.3479,-0.1143,0.1667,ABOVE STICKER,C
MAN,54.16,,,,-0.1522,0.0714,NO STICKER,C
EZPW,30.2,10.8737,5.4368,21.2676,-0.1866,0.2667,ABOVE STICKER,C
KD,11.56,,,13.6,-0.627,0.0,NO STICKER,C
HTO,60.13,13.7172,6.8586,20.5925,-0.1037,0.1429,ABOVE STICKER,C
AHG,1.15,0.0307,0.0153,115.0,-0.54,0.2143,ABOVE STICKER,C
NGVT,72.41,,,,-0.0868,0.3333,NO STICKER,C
NESR,24.67,6.2704,3.1352,47.4423,-0.3322,0.2727,ABOVE STICKER,C
ATRO,68.19,,,84.1852,-0.2781,0.2667,NO STICKER,C
KALU,152.025,123.8795,61.9398,22.4557,-0.2395,0.2667,ABOVE STICKER,C
CLDX,31.65,,,,-0.2988,0.0,NO STICKER,C
KMT,32.6,19.0714,9.5357,7.3756,-0.2559,0.3333,ABOVE STICKER,C
UE,19.7,1.2639,0.6319,26.6216,-0.1829,0.2,ABOVE STICKER,C
IRON,64.51,,,,-0.3517,0.1111,NO STICKER,C
DJT,8.91,,,,-0.5042,0.1429,NO STICKER,C
AMC,2.77,,,,-0.1853,0.0667,NO STICKER,C
CAN,0.35,,,,-0.8423,0.2727,NO STICKER,C
SUPN,42.38,,,,-0.2899,0.2,NO STICKER,C
MH,12.85,,,67.6316,-0.2861,0.4286,NO STICKER,C
BUSE,29.73,,,20.2245,-0.0621,0.2308,NO STICKER,C
LPG,57.21,15.7904,7.8952,12.6013,-0.046,0.3333,ABOVE STICKER,C
SYBT,78.64,66.0228,33.0114,16.5558,-0.1186,1.0,ABOVE STICKER,A
SKWD,55.01,,,13.516,-0.1626,1.0,NO STICKER,A
PLUS,93.4,63.9749,31.9874,20.393,-0.0483,0.6667,ABOVE STICKER,C
PAYO,7.15,5.7,2.85,37.6316,-0.0056,0.4545,ABOVE STICKER,C
INOD,70.07,27.6,13.8,76.163,-0.4401,0.6667,ABOVE STICKER,C
HSAI,15.38,,,35.7674,-0.476,0.4286,NO STICKER,C
IOSP,97.41,35.0393,17.5196,20.8587,-0.0306,0.2667,ABOVE STICKER,C
OSW,23.62,19.65,9.825,34.2319,-0.1924,0.1818,ABOVE STICKER,C
SOUN,5.84,,,,-0.7366,0.2857,NO STICKER,C
NRIX,22.99,,,,-0.1856,0.1818,NO STICKER,C
BBT,28.34,1.0679,0.5339,27.5146,-0.1368,0.3333,ABOVE STICKER,C
EEFT,63.5,91.4967,45.7483,9.2836,-0.2926,0.5333,BELOW STICKER,C
IMNM,20.9,,,,-0.3047,0.2,NO STICKER,C
NEO,18.47,,,,-0.0788,0.3333,NO STICKER,C
SLS,11.74,,,,-0.2607,0.0833,NO STICKER,C
IVT,30.4,5.8274,2.9137,21.4085,-0.1832,0.2667,ABOVE STICKER,C
VC,88.77,,,12.1937,-0.3007,0.2,NO STICKER,C
OPEN,2.44,,,,-0.7482,0.1818,NO STICKER,C
FCPT,21.55,23.6439,11.8219,19.7706,-0.1977,0.4667,BELOW STICKER,C
HLIO,71.71,29.8161,14.908,49.4552,-0.2456,0.2667,ABOVE STICKER,C
BKV,21.57,,,10.522,-0.3426,0.4286,NO STICKER,C
NN,13.98,,,,-0.4275,0.0909,NO STICKER,C
AGM,214.79,122.8821,61.4411,12.9236,-0.1349,0.4167,ABOVE STICKER,C
ICHR,62.92,,,,-0.446,0.1333,NO STICKER,C
HCI,184.25,318.1975,159.0988,7.9418,-0.1247,0.9333,BUY*,C
PURR,11.89,,,3.704,-0.1944,1.0,NO STICKER,
PRLB,98.21,,,111.6023,-0.0122,0.0667,NO STICKER,C
NTB,58.76,20.2009,10.1005,10.7422,-0.0843,0.5,ABOVE STICKER,C
UFPT,300.7,227.2229,113.6114,32.5081,-0.1122,1.0,ABOVE STICKER,A
PLGO,24.25,,,11.4929,-0.0793,0.4286,NO STICKER,C
PDFS,55.5,,,,-0.2258,0.2,NO STICKER,C
COTY,2.66,,,,-0.4049,0.1333,NO STICKER,C
LASR,40.58,,,,-0.5333,0.1818,NO STICKER,C
AAP,38.68,,,52.9863,-0.4067,0.0,NO STICKER,C
GRND,13.43,,,31.2326,-0.2741,0.7143,NO STICKER,B
CNXN,92.38,26.2672,13.1336,28.2508,-0.0161,0.1333,ABOVE STICKER,C
HRMY,39.64,47.7288,23.8644,12.8285,-0.0885,0.7273,BUY*,B
TAL,12.06,29.6012,14.8006,4.3855,-0.098,0.4667,BELOW MOS,C
LTC,43.0,2.5614,1.2807,17.0635,-0.0138,0.2667,ABOVE STICKER,C
BANR,67.88,6.7473,3.3736,12.0355,-0.093,0.4167,ABOVE STICKER,C
ANDE,67.72,63.3682,31.6841,24.2945,-0.1753,0.0833,ABOVE STICKER,C
NWL,5.4,,,,-0.2426,0.0,NO STICKER,C
PBI,16.76,,,19.9524,-0.1211,0.1333,NO STICKER,C
MBIN,49.95,10.0213,5.0107,13.2143,-0.1217,0.4167,ABOVE STICKER,C
RAMP,37.65,12.6298,6.3149,16.808,-0.0152,0.1333,ABOVE STICKER,C
APAM,34.88,20.552,10.276,8.6123,-0.2504,0.4,ABOVE STICKER,C
LIND,34.78,,,,-0.02,0.3333,NO STICKER,C
PRCH,17.31,,,,-0.0577,0.1818,NO STICKER,C
RH,120.46,4.5973,2.2987,19.0903,-0.4968,0.4667,ABOVE STICKER,C
WAFD,30.8,7.3363,3.6681,11.711,-0.2201,0.0,ABOVE STICKER,C
HG,34.13,,,6.1495,-0.0852,1.0,NO STICKER,A
BLLN,105.9,,,756.4286,-0.2961,0.1429,NO STICKER,C
FLYW,17.58,3.3,1.65,159.8182,-0.109,0.2727,ABOVE STICKER,C
CLOV,4.38,,,,-0.2165,0.2222,NO STICKER,C
ETH,25.46,,,,-0.4321,0.0,NO STICKER,
KEEL,3.62,,,,-0.5088,0.1429,NO STICKER,C
SDGR,30.31,,,,-0.0659,0.1818,NO STICKER,C
CTOS,9.78,,,,-0.2003,0.2727,NO STICKER,C
NWBI,15.19,4.829,2.4145,16.5109,-0.06,0.2222,ABOVE STICKER,C
UPST,22.81,13.5,6.75,50.6889,-0.5869,0.2727,ABOVE STICKER,C
VVX,70.79,18.3855,9.1928,28.8939,-0.2468,0.4286,ABOVE STICKER,C
BFLY,8.95,,,,-0.1095,0.1818,NO STICKER,C
BKE,42.9,14.4246,7.2123,10.3623,-0.2688,0.2,ABOVE STICKER,C
RXRX,4.12,,,,-0.4262,0.1818,NO STICKER,C
HTH,38.45,,,14.5644,-0.0485,0.0833,NO STICKER,C
VRDN,19.4,,,,-0.4342,0.3333,NO STICKER,C
SFBS,40.15,35.28,17.64,7.9348,-0.1279,1.0,ABOVE STICKER,A
VERA,30.42,,,,-0.4573,0.0,NO STICKER,C
CALX,34.81,,,133.8846,-0.5112,0.4,NO STICKER,C
PHIN,59.78,,,18.4506,-0.3124,0.2857,NO STICKER,C
USO,147.37,,,,-0.0978,0.0,NO STICKER,C
SAH,62.83,19.604,9.802,18.3713,-0.4473,0.4,ABOVE STICKER,C
WGS,73.09,,,,-0.5722,0.2727,NO STICKER,C
ADMA,9.72,14.6315,7.3157,16.2,-0.5249,0.4667,BELOW STICKER,C
AMR,171.54,,,,-0.3242,0.2727,NO STICKER,C
EFSC,60.08,39.594,19.797,11.3145,-0.1259,0.5833,ABOVE STICKER,C
BHC,5.8,0.6429,0.3215,13.8095,-0.275,0.0,ABOVE STICKER,C
OFG,51.29,25.4589,12.7294,11.1987,-0.0584,0.5,ABOVE STICKER,C
DBD,63.77,1.8009,0.9005,25.1063,-0.3075,0.2667,ABOVE STICKER,C
BWIN,31.77,,,,-0.0286,0.0,NO STICKER,C
PATK,67.16,8.6411,4.3205,17.2205,-0.5477,0.4,ABOVE STICKER,C
PEB,19.07,,,,-0.0432,0.0714,NO STICKER,C
PTON,4.92,,,35.1429,-0.4409,0.1818,NO STICKER,C
PBH,45.26,19.0878,9.5439,11.5754,-0.3632,0.0667,ABOVE STICKER,C
MCRI,117.55,117.2901,58.6451,19.9237,-0.1352,0.7143,BUY*,B
KSS,18.81,,,7.9034,-0.2542,0.2,NO STICKER,C
BLX,54.78,,,19.92,-0.1332,0.3333,NO STICKER,C
ALGT,77.61,,,,-0.3722,0.2667,NO STICKER,C
WERN,35.35,,,,-0.2556,0.0,NO STICKER,C
SHO,11.39,,,284.75,-0.0563,0.0714,NO STICKER,C
CTRI,20.91,,,83.64,-0.5136,0.2857,NO STICKER,C
MD,25.97,,,13.3866,-0.0705,0.2143,NO STICKER,C
AUPH,15.83,62.1,31.05,7.6473,-0.1777,0.5455,BELOW MOS,C
PGNY,25.23,5.8281,2.914,27.4239,-0.237,0.8182,ABOVE STICKER,C
NAVN,21.43,,,,-0.306,0.1429,NO STICKER,C
CHA,10.98,,,12.4773,-0.3783,1.0,NO STICKER,
SONO,17.7,,,,-0.107,0.0,NO STICKER,C
SRCE,86.85,41.6465,20.8232,13.5491,-0.0504,0.6667,ABOVE STICKER,C
DV,13.49,9.0,4.5,44.9667,-0.0117,0.5455,ABOVE STICKER,C
MLYS,23.63,,,,-0.5041,0.1667,NO STICKER,C
BCRX,8.17,6.58,3.29,6.7521,-0.2718,0.2143,ABOVE STICKER,C
TRN,26.13,,,8.5672,-0.3179,0.2667,NO STICKER,C
ADUS,111.27,148.5096,74.2548,21.3161,-0.1058,0.5714,BELOW STICKER,C
FCF,20.56,8.4706,4.2353,13.9864,-0.0797,0.3333,ABOVE STICKER,C
MTX,66.43,,,,-0.2124,0.0,NO STICKER,C
CC,13.71,,,,-0.5218,0.0,NO STICKER,C
TBBK,48.81,69.9284,34.9642,9.1748,-0.4022,0.7143,BUY*,B
VCEL,40.15,9.6,4.8,125.4688,-0.1859,0.6,ABOVE STICKER,C
TRLV,10.72,,,,-0.1928,0.2727,NO STICKER,C
PLPC,419.45,50.4615,25.2307,58.7465,-0.1689,0.4667,ABOVE STICKER,C
PLBL,5.65,,,,-0.5191,0.0,NO STICKER,
STGW,8.36,0.8426,0.4213,72.207,-0.1246,0.3636,ABOVE STICKER,C
ASAN,8.62,,,,-0.4432,0.1818,NO STICKER,C
GRC,77.26,25.1173,12.5586,38.2475,-0.1673,0.5333,ABOVE STICKER,C
SEDG,33.09,,,,-0.5927,0.2,NO STICKER,C
ECPG,95.92,27.2072,13.6036,8.7919,-0.0863,0.2667,ABOVE STICKER,C
NGL,16.29,,,,-0.1453,0.1667,NO STICKER,C
SBET,9.35,,,,-0.5215,0.2857,NO STICKER,C
ETHE,21.43,,,,-0.4528,0.0,NO STICKER,
PRDO,31.91,20.2322,10.1161,11.6036,-0.1712,0.6,BUY*,C
URGN,41.4,,,,-0.1852,0.1429,NO STICKER,C
INSP,69.97,146.7,73.35,14.3088,-0.5241,0.4545,BELOW MOS,C
TILE,34.89,10.2666,5.1333,17.801,-0.1385,0.4,ABOVE STICKER,C
UWMC,1.26,,,10.5,-0.7951,0.3,NO STICKER,C
LCII,82.81,48.3386,24.1693,10.9392,-0.4813,0.4667,ABOVE STICKER,C
ALNT,118.3,3.7032,1.8516,89.6212,-0.0257,0.4,ABOVE STICKER,C
AXGN,37.39,,,,-0.2933,0.3333,NO STICKER,C
UAA,4.71,,,,-0.4221,0.0,NO STICKER,C
ATEN,27.63,9.9164,4.9582,48.4737,-0.2822,0.3333,ABOVE STICKER,C
CHCO,142.82,49.2359,24.618,15.9933,-0.0414,0.4286,ABOVE STICKER,C
ASTH,35.88,,,78.0,-0.3047,0.4667,NO STICKER,C
NWN,47.38,3.3203,1.6602,17.1047,-0.1538,0.4545,ABOVE STICKER,C
LIFE,34.12,,,27.9672,-0.1981,0.5,NO STICKER,
PTRN,17.33,,,,-0.4185,0.7143,NO STICKER,C
TRVI,13.91,,,,-0.3121,0.2222,NO STICKER,C
PENN,14.77,,,,-0.3394,0.2,NO STICKER,C
PRGO,14.26,,,,-0.3657,0.0,NO STICKER,C
IDT,78.98,17.3172,8.6586,22.8266,-0.0344,0.5333,ABOVE STICKER,C
WHR,30.31,,,5.3551,-0.6803,0.0,NO STICKER,C
NCNO,18.68,1.5,0.75,373.6,-0.3207,0.4545,ABOVE STICKER,C
PPLT,15.43,92.0452,46.0226,1.4652,-0.4102,0.5556,BELOW MOS,C
GCT,53.75,40.7628,20.3814,12.7976,-0.0448,1.0,BUY*,A
ALG,161.01,116.4307,58.2153,18.7439,-0.2677,0.4667,ABOVE STICKER,C
MPT,3.27,,,,-0.4946,0.0,NO STICKER,C
UNIT,8.04,,,1.6509,-0.3786,0.5714,NO STICKER,C
SFL,13.45,,,,-0.0379,0.0,NO STICKER,C
BHVN,12.87,,,,-0.3068,0.0,NO STICKER,C
LMAT,78.96,85.8,42.9,27.6084,-0.3309,1.0,ON DECK,A
RUM,7.575,,,,-0.285,0.0,NO STICKER,C
DBC,32.54,,,,-0.0367,0.0,NO STICKER,C
DRVN,11.68,25.5,12.75,13.7412,-0.3249,0.3636,BELOW MOS,C
ARR,13.59,10.1089,5.0545,4.1182,-0.2962,0.25,ABOVE STICKER,C
AMPL,14.52,,,,-0.0163,0.2727,NO STICKER,C
JKS,9.15,,,,-0.713,0.2,NO STICKER,C
BAND,63.74,,,,-0.194,0.3333,NO STICKER,C
INVX,27.31,,,22.7583,-0.1899,0.2,NO STICKER,C
ESTA,64.06,,,,-0.3436,0.1818,NO STICKER,C
PVLA,132.47,,,,-0.1791,0.0,NO STICKER,C
FTRE,20.0,,,,-0.065,0.0,NO STICKER,C
ABSI,11.07,,,,-0.0817,0.0,NO STICKER,C
AGIO,31.8,,,,-0.3087,0.1333,NO STICKER,C
BLKB,41.76,9.8126,4.9063,17.6203,-0.4094,0.2667,ABOVE STICKER,C
ZD,55.2,,,48.0,-0.0873,0.0667,NO STICKER,C
BLBD,56.53,71.0419,35.5209,6.6899,-0.3221,0.7333,ON DECK,B
VIR,11.17,,,,-0.0645,0.0,NO STICKER,C
WS,36.97,,,217.4706,-0.2481,0.1429,NO STICKER,C
TH,18.84,,,,-0.1342,0.2727,NO STICKER,C
NFE,6.57,,,,-0.9506,0.0909,NO STICKER,C
MBLY,7.42,,,,-0.5307,0.3636,NO STICKER,C
DHC,7.73,,,,-0.1998,0.0,NO STICKER,C
WU,6.0,,,3.9474,-0.4203,0.3333,NO STICKER,C
WOLF,35.28,,,,-0.5635,0.0,NO STICKER,
PLAB,31.49,21.0757,10.5378,13.8114,-0.4377,0.4,ABOVE STICKER,C
RUN,7.71,37.5868,18.7934,4.5088,-0.6564,0.2,BELOW MOS,C
GABC,49.4,18.0723,9.0362,16.1438,-0.0542,0.4615,ABOVE STICKER,C
RBCAA,93.695,48.4864,24.2432,14.1338,-0.0834,0.6364,ABOVE STICKER,C
CMRE,15.44,14.1221,7.0611,5.3986,-0.1451,0.5,ABOVE STICKER,C
VSTS,14.03,,,,-0.1698,0.0,NO STICKER,C
QUBT,8.18,,,,-0.6574,0.3,NO STICKER,C
SRPT,17.5,,,,-0.3088,0.2,NO STICKER,C
XNCR,24.84,,,,-0.1885,0.0714,NO STICKER,C
ZBIO,28.295,,,,-0.3656,0.1429,NO STICKER,C
BRSL,9.85,,,13.3108,-0.465,0.0,NO STICKER,C
BXMT,10.9,,,17.0312,-0.4727,0.0,NO STICKER,C
WKC,35.85,,,,-0.1299,0.1333,NO STICKER,C
HMN,45.26,15.7181,7.8591,11.6051,-0.1854,0.3333,ABOVE STICKER,C
WMK,74.04,1.3435,0.6717,20.2849,-0.1158,0.0667,ABOVE STICKER,C
SAM,167.5,,,16.9363,-0.3666,0.2,NO STICKER,C
CMPR,75.04,30.1987,15.0993,19.7995,-0.2959,0.2,ABOVE STICKER,C
BLFS,37.3,,,,-0.0619,0.4,NO STICKER,C
EPAC,35.64,1.4131,0.7066,20.9647,-0.208,0.4,ABOVE STICKER,C
DAO,15.15,2.2826,1.1413,116.5385,-0.2001,0.2222,ABOVE STICKER,C
OLN,15.9,,,,-0.478,0.1333,NO STICKER,C
SNDA,37.7,,,,-0.1507,0.0667,NO STICKER,C
NUVB,5.14,,,,-0.4728,0.2,NO STICKER,C
TIC,8.26,,,,-0.4362,0.0,NO STICKER,
SPB,78.32,63.2998,31.6499,20.2902,-0.2094,0.2667,ABOVE STICKER,C
SMA,32.51,,,,-0.1597,0.6667,NO STICKER,C
ZYME,25.15,,,,-0.1975,0.1818,NO STICKER,C
NAT,8.42,,,140.3333,-0.0012,0.0,NO STICKER,C
NTST,17.52,2.4,1.2,219.0,-0.2203,0.4545,ABOVE STICKER,C
NSP,46.48,,,,-0.1685,0.2,NO STICKER,C
HAPN,15.38,29.0644,14.5322,13.2586,-0.2903,0.2308,BELOW STICKER,C
ACVA,10.45,,,,-0.0048,0.3636,NO STICKER,C
DXC,11.1,,,111.0,-0.2921,0.2667,NO STICKER,C
STRA,79.72,26.1074,13.0537,14.7357,-0.1116,0.2143,ABOVE STICKER,C
YQ,3.52,,,,-0.4543,0.0,NO STICKER,C
DCOM,39.88,70.0204,35.0102,16.8983,-0.0498,0.6429,BELOW STICKER,C
SEPN,37.71,,,,-0.262,0.1429,NO STICKER,C
CTS,61.6,17.7574,8.8787,28.1279,-0.1143,0.4667,ABOVE STICKER,C
ATLC,91.89,63.8763,31.9381,11.9338,-0.1963,0.9286,BUY*,A
STBA,49.64,14.3613,7.1806,14.2235,-0.0721,0.25,ABOVE STICKER,C
HOPE,13.68,,,27.9184,-0.0624,0.0833,NO STICKER,C
GTY,28.2,,,20.8889,-0.2343,0.0,NO STICKER,C
SGRY,13.32,,,,-0.4317,0.2667,NO STICKER,C
HYMC,18.71,,,,-0.6814,0.1111,NO STICKER,C
FORTY,113.5,,,,-0.4044,1.0,NO STICKER,
GNL,8.25,,,,-0.1779,0.0,NO STICKER,C
NVCR,14.94,,,,-0.3035,0.0667,NO STICKER,C
PSNL,16.28,,,,-0.1382,0.0,NO STICKER,C
INVA,20.5,19.0846,9.5423,4.7564,-0.1849,0.6,BUY*,C
AIN,60.88,,,,-0.2094,0.0,NO STICKER,C
XRAY,8.67,,,,-0.4126,0.0,NO STICKER,C
STUB,5.41,,,,-0.7483,0.1429,NO STICKER,C
NVAX,10.46,8.85,4.425,4.0543,-0.1261,0.4,ABOVE STICKER,C
NEXT,6.48,,,,-0.2987,0.0,NO STICKER,C
GEL,14.05,,,,-0.2462,0.0,NO STICKER,C
NTLA,12.26,,,,-0.566,0.0714,NO STICKER,C
MNR,10.29,,,9.4404,-0.3149,0.3333,NO STICKER,
TSLX,18.01,,,9.9503,-0.2234,0.1111,NO STICKER,C
RLJ,11.22,,,1122.0,-0.1296,0.0667,NO STICKER,C
BY,37.74,17.0289,8.5144,13.0588,-0.0572,0.3333,ABOVE STICKER,C
TOUR,4.968,,,496.8,-0.4771,0.0667,NO STICKER,C
CCS,59.87,8.5197,4.2599,12.3189,-0.2122,0.4,ABOVE STICKER,C
LILA,8.53,,,,-0.0506,0.0714,NO STICKER,C
WB,6.33,24.2823,12.1412,3.7235,-0.5043,0.4667,BELOW MOS,C
LUNR,14.71,,,,-0.6853,0.0,NO STICKER,
LOB,36.68,31.0291,15.5145,16.4484,-0.1763,0.5833,ABOVE STICKER,C
AZTA,38.75,,,,-0.0774,0.3333,NO STICKER,C
NBHC,38.06,21.7257,10.8628,13.3544,-0.195,0.0714,ABOVE STICKER,C
CBL,54.7,,,12.6037,-0.0944,0.4615,NO STICKER,C
BFC,152.6,51.4847,25.7423,21.1065,-0.0409,0.5556,ABOVE STICKER,C
FLNG,31.24,18.63,9.315,22.6377,-0.0647,0.1818,ABOVE STICKER,C
EVTC,27.23,13.2612,6.6306,17.6818,-0.2087,0.6,BUY*,C
TCBK,52.59,24.1429,12.0714,14.2135,-0.1478,0.2857,ABOVE STICKER,C
XHR,18.2,,,28.4375,-0.175,0.1429,NO STICKER,C
FLOC,18.46,,,14.8871,-0.3468,0.8571,NO STICKER,A
TMC,3.79,4.1819,2.091,4.5663,-0.6661,0.25,BELOW STICKER,C
IE,10.44,,,13.2152,-0.5155,0.2857,NO STICKER,C
TRIN,17.59,,,8.9745,-0.0691,0.0,NO STICKER,C
BETA,22.17,,,,-0.4387,0.2857,NO STICKER,C
GIC,43.61,,,23.573,-0.0067,0.4667,NO STICKER,C
XERS,9.08,,,,-0.1986,0.2727,NO STICKER,C
OBK,53.62,18.9619,9.4809,22.3417,-0.0351,0.2222,ABOVE STICKER,C
STOK,25.62,,,,-0.363,0.2,NO STICKER,C
QCRH,100.95,65.4371,32.7185,13.478,-0.0662,0.9167,ABOVE STICKER,A
AMBQ,68.18,,,,-0.2558,0.0,NO STICKER,C
CMPS,11.9,,,,-0.2502,0.0,NO STICKER,C
ALHC,7.94,,,,-0.6839,0.5,NO STICKER,C
GSHD,45.51,31.2,15.6,43.7596,-0.4301,0.7273,ABOVE STICKER,B
DEI,9.82,,,109.1111,-0.3673,0.0,NO STICKER,C
GSL,45.79,,,,-0.0167,0.8889,NO STICKER,A
ATEX,84.33,48.32,24.16,17.4596,-0.2537,0.2,ABOVE STICKER,C
CPRI,14.44,,,12.6667,-0.4892,0.0667,NO STICKER,C
KMTS,27.43,,,,-0.0857,0.2857,NO STICKER,C
LCID,4.13,,,,-0.8363,0.1818,NO STICKER,C
QURE,23.46,,,,-0.6719,0.0,NO STICKER,C
OCFC,16.78,0.799,0.3995,14.3419,-0.1858,0.0833,ABOVE STICKER,C
DSGR,34.98,,,194.3333,-0.0023,0.4,NO STICKER,C
API,4.08,0.0121,0.0061,204.0,-0.2575,0.0909,ABOVE STICKER,C
CASH,73.96,63.3724,31.6862,9.2566,-0.2696,0.6429,BUY*,C
MOMO,4.72,2.0696,1.0348,13.8824,-0.3694,0.4,ABOVE STICKER,C
PWP,15.82,3.7297,1.8648,33.6596,-0.3898,0.0,ABOVE STICKER,C
GLP,46.9,,,,-0.1361,0.5,NO STICKER,C
BL,27.41,11.7,5.85,70.2821,-0.5399,0.2667,ABOVE STICKER,C
ETON,55.36,,,,-0.1659,0.2727,NO STICKER,C
EVCM,8.94,1.7723,0.8861,89.4,-0.3796,0.1818,ABOVE STICKER,C
WWW,19.2,,,16.8421,-0.3076,0.2,NO STICKER,C
STC,51.55,,,12.7284,-0.3442,0.2667,NO STICKER,C
SNDX,17.6,,,,-0.3122,0.2,NO STICKER,C
WLTH,10.03,,,,-0.32,0.7143,NO STICKER,C
JBLU,4.15,,,,-0.3731,0.0714,NO STICKER,C
NVGS,23.84,,,16.2177,-0.0644,0.2667,NO STICKER,C
ATEC,10.03,,,,-0.5693,0.2667,NO STICKER,C
CNOB,30.78,,,18.8834,-0.0984,0.0833,NO STICKER,C
AI,11.01,,,,-0.4555,0.0,NO STICKER,C
TGLS,34.74,40.9071,20.4536,12.1895,-0.4851,0.8,ON DECK,B
RAPP,32.17,,,,-0.3922,0.1667,NO STICKER,C
HE,8.9,,,12.5352,-0.4879,0.0,NO STICKER,C
OMCL,33.6,,,840.0,-0.3891,0.0667,NO STICKER,C
ANIP,72.18,39.8863,19.9431,21.741,-0.2559,0.5333,ABOVE STICKER,C
IMCR,29.71,,,,-0.2703,0.1429,NO STICKER,C
OCUL,6.96,,,,-0.5766,0.2667,NO STICKER,C
SAFT,103.92,,,15.5104,-0.0009,0.4,NO STICKER,C
PAHC,37.24,17.0519,8.526,15.3251,-0.3802,0.5333,ABOVE STICKER,C
SBH,16.24,8.3774,4.1887,8.5926,-0.0938,0.5333,ABOVE STICKER,C
CNXC,24.91,,,,-0.4954,0.1818,NO STICKER,C
ENR,22.11,9.0269,4.5135,6.6596,-0.1278,0.1333,ABOVE STICKER,C
KMPR,25.67,,,11.2096,-0.4967,0.1333,NO STICKER,C
TSHA,4.63,,,,-0.3658,0.2,NO STICKER,C
PRGS,36.9,,,22.2289,-0.22,0.3333,NO STICKER,C
SLN,10.64,,,,-0.3946,0.0,NO STICKER,C
TEN,50.05,,,11.2472,-0.0704,0.0,NO STICKER,C
AESI,12.04,,,,-0.4019,0.2857,NO STICKER,C
YMT,1.12,,,,-0.9979,0.0,NO STICKER,
RARE,15.22,,,,-0.6185,0.1538,NO STICKER,C
CSWC,23.52,,,12.3789,-0.0866,0.1111,NO STICKER,C
ARCO,7.11,19.2811,9.6405,5.7805,-0.2708,0.7333,BUY,B
RVLV,20.75,1.0233,0.5117,20.3431,-0.345,0.7273,ABOVE STICKER,B
UROY,3.97,,,41.069,-0.2808,0.4286,NO STICKER,C
HUN,8.53,,,,-0.4699,0.0667,NO STICKER,C
KOS,2.51,,,,-0.2485,0.0667,NO STICKER,C
PGY,17.98,19.39,9.695,19.3333,-0.4299,0.6364,BELOW STICKER,C
EFC,11.59,,,9.7395,-0.1792,0.0909,NO STICKER,C
CRSR,13.79,,,,-0.0793,0.1818,NO STICKER,C
NKTR,43.58,,,,-0.6002,0.1333,NO STICKER,C
TFIN,62.18,,,66.8602,-0.2555,0.3333,NO STICKER,C
ALKT,13.89,,,,-0.4397,0.2727,NO STICKER,C
NUTX,216.5,100.1516,50.0758,20.6584,-0.0347,0.6667,ABOVE STICKER,C
XNET,4.71,99.375,49.6875,1.4219,-0.573,0.4667,BELOW MOS,C
FCEL,18.47,,,,-0.5124,0.1333,NO STICKER,C
PRKS,32.46,46.1143,23.0572,10.6078,-0.4171,0.2667,BELOW STICKER,C
LKFN,59.07,14.8901,7.445,14.7307,-0.0972,0.5,ABOVE STICKER,C
MAZE,26.43,,,,-0.5074,0.0,NO STICKER,C
ICFI,81.86,37.5912,18.7956,16.5374,-0.1649,0.0667,ABOVE STICKER,C
JJSF,78.25,23.1492,11.5746,23.2887,-0.2066,0.1333,ABOVE STICKER,C
ARDT,10.34,,,10.7708,-0.332,0.1429,NO STICKER,C
AMSC,30.01,53.54,26.77,9.8393,-0.5743,0.2667,BELOW STICKER,C
ESQ,119.92,84.8551,42.4275,20.4293,-0.1105,0.7778,ABOVE STICKER,B
NRP,109.5,,,,-0.1485,0.3333,NO STICKER,
ANAB,48.53,,,,-0.3293,0.4,NO STICKER,C
ARHS,10.24,10.18,5.09,21.3333,-0.1523,0.5455,ABOVE STICKER,C
AMAL,48.19,19.541,9.7705,14.132,-0.0659,0.6667,ABOVE STICKER,C
HCSG,20.87,,,25.7654,-0.1895,0.2857,NO STICKER,C
VISN,6.21,,,0.6449,-0.6978,0.1333,NO STICKER,C
SCL,63.0,,,30.7317,-0.0735,0.0,NO STICKER,C
REX,43.37,39.1258,19.5629,11.8822,-0.1872,0.7333,ABOVE STICKER,C
MBC,7.02,,,33.4286,-0.497,0.0,NO STICKER,C
PRSU,52.38,,,65.475,-0.0732,0.3333,NO STICKER,C
CERT,9.36,,,,-0.3163,0.2727,NO STICKER,C
INBX,96.99,,,,-0.3754,0.1429,NO STICKER,C
ULCC,6.19,,,,-0.2635,0.0909,NO STICKER,C
WBTN,10.5,,,,-0.4477,0.0,NO STICKER,C
SVV,9.25,,,66.0714,-0.3336,0.4286,NO STICKER,C
TMP,98.89,65.3916,32.6958,8.798,-0.0361,0.5,ABOVE STICKER,C
AMN,36.63,,,,-0.0159,0.1333,NO STICKER,C
CRCT,6.52,,,18.6286,-0.021,0.3636,NO STICKER,C
USAS,4.42,,,,-0.579,0.0,NO STICKER,
AGL,84.14,,,,-0.3676,0.1111,NO STICKER,C
AMPX,9.67,,,,-0.6008,0.2857,NO STICKER,C
BHRB,69.86,,,9.0492,-0.0696,0.8333,NO STICKER,A
PNTG,39.24,11.8174,5.9087,43.1209,-0.0819,0.6364,ABOVE STICKER,C
DMLP,28.64,11.347,5.6735,24.6897,-0.0622,0.625,ABOVE STICKER,C
EFOR,34.25,,,13.1731,-0.3766,0.1429,NO STICKER,C
UFCS,54.62,6.7794,3.3897,12.192,-0.0374,0.3333,ABOVE STICKER,C
TRS,39.12,9.9436,4.9718,13.261,-0.1389,0.1333,ABOVE STICKER,C
IAUX,1.62,,,,-0.2768,0.1429,NO STICKER,C
DMC,29.67,3.4398,1.7199,15.7819,-0.3192,0.1333,ABOVE STICKER,C
SHLS,8.3,6.0,3.0,41.5,-0.3703,0.4444,ABOVE STICKER,C
AVBP,28.27,,,,-0.211,0.0,NO STICKER,C
GT,4.84,,,,-0.5443,0.0667,NO STICKER,C
IIPR,50.52,10.5108,5.2554,12.855,-0.2273,0.1818,ABOVE STICKER,C
MLKN,20.24,,,15.3333,-0.1809,0.0,NO STICKER,C
CNMD,46.32,13.5585,6.7793,30.6755,-0.1368,0.2,ABOVE STICKER,C
CTBI,76.21,24.8224,12.4112,14.035,-0.0464,0.5833,ABOVE STICKER,C
WABC,59.6,15.0235,7.5117,13.1858,-0.063,0.25,ABOVE STICKER,C
ARLO,12.78,1.2443,0.6221,91.2857,-0.3591,0.1818,ABOVE STICKER,C
HLMN,7.04,6.0,3.0,35.2,-0.3512,0.1818,ABOVE STICKER,C
OPY,120.13,87.5635,43.7817,9.2124,-0.0457,0.4,ABOVE STICKER,C
QMCO,34.5,,,,-0.0191,0.0,NO STICKER,C
LQDT,43.23,11.282,5.641,49.6897,-0.0393,0.4667,ABOVE STICKER,C
APPS,11.17,,,,-0.2718,0.3333,NO STICKER,C
BAR,40.83,,,5.7265,-0.2525,0.0,NO STICKER,
OMER,18.61,,,,-0.1238,0.0833,NO STICKER,C
PEBO,37.48,36.3821,18.1911,12.5351,-0.1137,0.2857,ABOVE STICKER,C
HUIZ,1.33,,,,-0.6807,0.1,NO STICKER,C
CXM,5.2,2.7,1.35,57.7778,-0.3716,0.3636,ABOVE STICKER,C
ADNT,17.31,,,,-0.3664,0.1333,NO STICKER,C
USAR,13.59,,,,-0.691,0.0,NO STICKER,C
DCH,5.6,,,,-0.3946,0.1333,NO STICKER,C
FMBH,49.98,13.8568,6.9284,13.0496,-0.0633,0.3333,ABOVE STICKER,C
COUR,5.02,,,,-0.5482,0.1818,NO STICKER,C
RYZ,25.57,,,,-0.2009,0.2,NO STICKER,C
RDWR,30.7,1.1439,0.572,68.2222,-0.0637,0.1333,ABOVE STICKER,C
AAT,21.55,3.4503,1.7251,23.4239,-0.1702,0.0667,ABOVE STICKER,C
HBT,36.34,13.9976,6.9988,14.8934,-0.0312,0.6667,ABOVE STICKER,C
UAN,124.82,4.7391,2.3695,13.3783,-0.1052,0.4444,ABOVE STICKER,C
BJRI,61.93,2.9927,1.4964,28.6713,-0.1698,0.2667,ABOVE STICKER,C
HLF,12.56,,,5.7091,-0.3843,0.2667,NO STICKER,C
UMH,15.41,0.8729,0.4364,220.1429,-0.0811,0.1429,ABOVE STICKER,C
FOR,25.75,28.6157,14.3078,7.8267,-0.1968,0.4,BELOW STICKER,C
DRTS,14.77,,,,-0.0646,0.0,NO STICKER,C
RES,5.86,0.9171,0.4585,39.0667,-0.2819,0.3333,ABOVE STICKER,C
NSSC,36.17,36.0,18.0,30.1417,-0.3013,0.8667,ABOVE STICKER,A
XZO,14.4,,,14.5455,-0.4146,1.0,NO STICKER,A
EYE,16.4,1.3808,0.6904,44.3243,-0.4537,0.0667,ABOVE STICKER,C
SLVM,32.48,,,10.0247,-0.4282,0.2727,NO STICKER,C
TK,14.84,,,13.1327,-0.006,0.2,NO STICKER,C
DMRA,20.65,,,259.4221,-0.4612,0.1111,NO STICKER,C
RDVT,79.27,27.3,13.65,87.1099,-0.0309,0.7273,ABOVE STICKER,C
NBR,79.64,22.6608,11.3304,4.5796,-0.2946,0.2667,ABOVE STICKER,C
BBAI,2.65,,,,-0.7178,0.0,NO STICKER,C
UVE,43.95,47.4174,23.7087,5.7753,-0.0266,0.6,BUY*,C
OSBC,24.95,15.5871,7.7936,15.4012,-0.0426,0.75,ABOVE STICKER,C
SMR,7.75,,,,-0.865,0.1,NO STICKER,C
EMAT,2.04,,,,-0.9153,0.0,NO STICKER,
ORIC,12.205,,,,-0.1825,0.1111,NO STICKER,C
VIPS,12.33,15.3743,7.6872,1.2184,-0.402,0.5,BELOW STICKER,C
GBX,40.58,35.1999,17.6,6.3906,-0.3144,0.2667,ABOVE STICKER,C
ASIC,26.17,,,16.5633,-0.0976,1.0,NO STICKER,A
UTZ,14.27,,,1427.0,-0.0042,0.1429,NO STICKER,C
IBTA,41.61,,,346.75,-0.0419,0.2857,NO STICKER,C
GRML,7.88,,,,-0.787,0.1667,NO STICKER,C
USPH,83.72,,,58.9577,-0.1046,0.2667,NO STICKER,C
CCEC,20.99,38.3046,19.1523,7.2882,-0.1254,0.5,BELOW STICKER,C
OMDA,20.37,,,,-0.2432,0.1429,NO STICKER,C
CBRL,55.76,,,39.8286,-0.0747,0.0667,NO STICKER,C
ALX,243.86,,,44.3382,-0.1574,0.2857,NO STICKER,C
VOYG,30.93,,,,-0.4097,0.1429,NO STICKER,C
XPEL,44.97,59.4,29.7,22.7121,-0.1957,1.0,ON DECK,A
SCSC,61.73,18.5961,9.2981,16.9588,-0.0756,0.2,ABOVE STICKER,C
EPC,26.97,,,50.8868,-0.0995,0.0,NO STICKER,C
RSKD,7.86,,,,-0.0379,0.125,NO STICKER,C
PRG,31.0,13.3282,6.6641,8.6351,-0.3505,0.4545,ABOVE STICKER,C
XYF,4.94,8.6724,4.3362,5.881,-0.6676,0.7273,BUY*,B
ZOOZ,7.6,,,,-0.8423,0.1429,NO STICKER,C
INNV,8.96,,,,-0.2911,0.1818,NO STICKER,C
MNKD,3.8,0.6,0.3,190.0,-0.4163,0.2,ABOVE STICKER,C
TYRA,20.43,,,,-0.4974,0.0,NO STICKER,C
DBA,28.21,,,,-0.0444,0.0,NO STICKER,C
HLIT,11.17,,,,-0.3682,0.2,NO STICKER,C
CCO,2.39,,,59.75,-0.0205,0.1333,NO STICKER,C
AIP,24.66,,,,-0.5094,0.3,NO STICKER,C
PD,15.34,7.06,3.53,8.2032,-0.0853,0.2727,ABOVE STICKER,C
GNK,27.67,,,,-0.0264,0.0,NO STICKER,C
DOLE,12.75,,,24.0566,-0.2305,0.0909,NO STICKER,C
LNN,114.35,62.8926,31.4463,21.9482,-0.2274,0.7333,ABOVE STICKER,C
BORR,3.91,4.68,2.34,23.0,-0.4125,0.2727,BELOW STICKER,C
LZB,29.94,5.1436,2.5718,12.1215,-0.3332,0.1333,ABOVE STICKER,C
VTOL,40.26,86.0396,43.0198,9.3194,-0.2009,0.5333,BELOW MOS,C
LBRX,36.99,,,,-0.2626,0.0,NO STICKER,C
ROCK,40.15,,,,-0.4652,0.1333,NO STICKER,C
MYE,31.63,0.858,0.429,34.0108,-0.1554,0.3333,ABOVE STICKER,C
CRON,3.225,,,,-0.1062,0.2727,NO STICKER,C
FUN,11.6,,,,-0.5762,0.1429,NO STICKER,C
FLO,5.57,,,13.925,-0.5758,0.0,NO STICKER,C
TBN,33.65,,,,-0.3555,0.1429,NO STICKER,C
GIII,27.37,10.0447,5.0224,18.1258,-0.2709,0.2,ABOVE STICKER,C
GDRX,3.28,0.7145,0.3572,36.4444,-0.4355,0.0909,ABOVE STICKER,C
EOSE,3.21,,,,-0.8384,0.2,NO STICKER,C
WEN,6.12,1.7626,0.8813,7.2,-0.3953,0.0667,ABOVE STICKER,C
BCAX,17.63,,,,-0.4311,0.0,NO STICKER,C
WD,33.97,,,20.7134,-0.6226,0.2,NO STICKER,C
OPK,1.56,,,,-0.1086,0.0,NO STICKER,C
CRI,31.59,,,12.4862,-0.2892,0.1333,NO STICKER,C
AMTB,29.56,3.2998,1.6499,23.4603,-0.034,0.2222,ABOVE STICKER,C
HZO,52.35,,,,-0.004,0.4,NO STICKER,C
TE,3.92,,,,-0.6861,0.1429,NO STICKER,C
UVSP,41.81,16.1385,8.0692,13.3578,-0.0803,0.2667,ABOVE STICKER,C
GOLD,42.29,,,14.0033,-0.366,0.6,BUY*,C
HFWA,28.14,6.5329,3.2664,14.3571,-0.0995,0.1667,ABOVE STICKER,C
GO,11.62,,,,-0.3161,0.0909,NO STICKER,C
TNDM,16.5,,,,-0.4435,0.1333,NO STICKER,C
AMRC,21.57,13.6965,6.8482,20.1589,-0.5199,0.5333,ABOVE STICKER,C
DFIN,46.56,,,40.487,-0.1724,0.2667,NO STICKER,C
TNC,67.12,7.574,3.787,28.4407,-0.2699,0.0667,ABOVE STICKER,C
HROW,30.48,,,,-0.4443,0.2,NO STICKER,C
MRVI,7.9,,,,-0.1614,0.1818,NO STICKER,C
PUMP,9.27,0.0652,0.0326,927.0,-0.4989,0.2143,ABOVE STICKER,C
MSDL,13.53,12.1045,6.0523,9.6643,-0.2446,0.1429,ABOVE STICKER,C
STAA,22.47,,,,-0.3736,0.2,NO STICKER,C
PDM,9.0,,,,-0.1115,0.0,NO STICKER,C
ESRT,4.17,,,16.68,-0.4813,0.2,NO STICKER,C
AVO,12.81,1.2091,0.6046,24.1698,-0.1751,0.1818,ABOVE STICKER,C
FTK,30.94,20.1115,10.0557,36.8333,-0.2201,0.3333,ABOVE STICKER,C
WLDN,73.54,93.6544,46.8272,21.0716,-0.4632,0.7333,BELOW STICKER,C
LGIH,48.14,,,15.4295,-0.2734,0.2667,NO STICKER,C
HOS,7.59,2.2932,1.1466,36.1429,-0.3181,0.1333,ABOVE STICKER,C
UMAC,22.37,,,,-0.3595,0.2857,NO STICKER,C
BOW,33.77,,,21.239,-0.0371,0.7143,NO STICKER,C
SPH,16.67,2.8112,1.4056,10.2901,-0.1986,0.3333,ABOVE STICKER,C
MGRT,103.01,,,605.9412,-0.3941,0.8571,NO STICKER,B
ECVT,10.12,,,,-0.3291,0.1333,NO STICKER,C
DEA,23.4,3.517,1.7585,86.6667,-0.0986,0.4286,ABOVE STICKER,C
MCB,89.25,50.2405,25.1202,13.4819,-0.1254,0.3571,ABOVE STICKER,C
VOR,18.69,,,,-0.5121,0.0,NO STICKER,C
JCAP,19.25,,,6.8262,-0.2124,1.0,NO STICKER,
TPB,55.64,60.9943,30.4971,24.0866,-0.6212,0.6,ON DECK,C
FSUN,39.52,18.9493,9.4746,11.389,-0.0666,0.3333,ABOVE STICKER,C
IRMD,85.4,53.7,26.85,47.7095,-0.2085,0.8,ABOVE STICKER,A
REPL,13.07,,,,-0.1996,0.0,NO STICKER,C
MRTN,13.34,,,63.5238,-0.2781,0.0,NO STICKER,C
DFH,10.75,18.39,9.195,5.0234,-0.5946,0.4,BELOW STICKER,C
MUX,17.74,10.8661,5.433,30.0678,-0.4027,0.2,ABOVE STICKER,C
AORT,22.31,0.6444,0.3222,106.2381,-0.5376,0.4667,ABOVE STICKER,C
KRT,54.57,9.7919,4.8959,34.9808,-0.0062,0.5455,ABOVE STICKER,C
CSTL,35.56,,,,-0.1969,0.1818,NO STICKER,C
REAL,8.9,,,,-0.4883,0.3,NO STICKER,C
MMI,28.57,,,,-0.1484,0.2667,NO STICKER,C
AMPH,25.43,32.3294,16.1647,12.5271,-0.1386,0.5333,BELOW STICKER,C
GTM,3.71,11.4,5.7,9.7632,-0.6986,0.4,BELOW MOS,C
CFFN,8.58,0.1348,0.0674,16.5,-0.0734,0.1429,ABOVE STICKER,C
NPK,150.73,,,32.5551,-0.047,0.0667,NO STICKER,C
SG,9.1,,,,-0.1439,0.0909,NO STICKER,C
FSBC,43.65,,,15.0517,-0.1315,0.5556,NO STICKER,C
CDRE,25.0,,,24.5098,-0.4873,0.3636,NO STICKER,C
GHM,91.49,33.6,16.8,81.6875,-0.2729,0.3333,ABOVE STICKER,C
CRAI,170.38,71.5359,35.768,20.9312,-0.2504,0.3846,ABOVE STICKER,C
WINA,297.69,30.8114,15.4057,26.3442,-0.4223,0.1429,ABOVE STICKER,C
UTI,19.38,33.9,16.95,17.1504,-0.6225,0.6,BELOW STICKER,C
GPRE,15.23,,,,-0.2249,0.0667,NO STICKER,C
BGM,9.34,,,,-0.97,0.2727,NO STICKER,C
FMC,8.44,,,,-0.7363,0.0,NO STICKER,C
IGIC,24.62,23.5395,11.7697,8.519,-0.1678,0.375,ABOVE STICKER,C
VPG,79.07,,,197.675,-0.479,0.0,NO STICKER,C
UVV,42.2,,,32.4615,-0.2893,0.0,NO STICKER,C
RXT,4.12,,,,-0.5209,0.0909,NO STICKER,C
OCSL,11.905,,,30.5256,-0.1681,0.1667,NO STICKER,C
CEVA,37.1,,,,-0.281,0.0667,NO STICKER,C
ITRN,52.53,31.9842,15.9921,17.9897,-0.2309,0.5333,ABOVE STICKER,C
ESBA,3.85,,,15.4,-0.5145,0.0,NO STICKER,C
DLX,22.61,3.1575,1.5788,12.5611,-0.295,0.2,ABOVE STICKER,C
MGTX,10.79,,,,-0.2971,0.2,NO STICKER,C
TDAY,7.05,,,705.0,-0.2345,0.1333,NO STICKER,C
JANX,16.93,,,,-0.5209,0.0,NO STICKER,C
TRUP,23.58,13.5,6.75,52.4,-0.4981,0.4667,ABOVE STICKER,C
PSIX,44.85,69.439,34.7195,9.0789,-0.5789,0.4667,BELOW STICKER,C
GSG,35.73,13.5957,6.7978,28.3571,-0.0421,0.2222,ABOVE STICKER,C
TUYA,1.69,1.6534,0.8267,18.7778,-0.3741,0.1818,ABOVE STICKER,C
NMAX,9.52,,,,-0.2777,0.1429,NO STICKER,C
AEVA,14.76,,,,-0.5284,0.1818,NO STICKER,C
MBWM,59.5,33.9312,16.9656,10.8775,-0.0548,0.6667,ABOVE STICKER,C
CWEN,29.34,144.8571,72.4286,6.0763,-0.2971,0.0909,BELOW MOS,C
ENOV,17.77,,,,-0.4816,0.1333,NO STICKER,C
NWPX,105.99,40.5739,20.2869,29.7725,-0.3028,0.2667,ABOVE STICKER,C
GSBD,9.07,,,8.8058,-0.1258,0.3333,NO STICKER,C
ORC,5.11,15.1973,7.5986,4.121,-0.3917,0.75,BELOW MOS,C
MCBS,35.23,24.4106,12.2053,13.3447,-0.0595,0.6667,ABOVE STICKER,C
BVC,11.48,,,,-0.3622,0.4286,NO STICKER,C
HRTG,33.99,40.2191,20.1095,5.3782,-0.0688,0.3333,BELOW STICKER,C
CCNE,34.1,9.614,4.807,13.6948,-0.0572,0.1667,ABOVE STICKER,C
MSEX,53.56,7.419,3.7095,22.6949,-0.1386,0.0,ABOVE STICKER,C
BFST,30.9,29.1628,14.5814,11.0753,-0.05,0.5714,ABOVE STICKER,C
UPWK,8.05,14.3697,7.1849,9.5833,-0.6475,0.5455,BELOW STICKER,C
PCRX,25.21,,,157.5625,-0.0886,0.4,NO STICKER,C
TDOC,5.52,,,,-0.4417,0.1333,NO STICKER,C
NPKI,11.79,,,26.2,-0.2855,0.1333,NO STICKER,C
HBNC,19.48,,,,-0.0741,0.0833,NO STICKER,C
CGEM,15.51,,,,-0.3312,0.0,NO STICKER,
TRIP,8.51,,,27.4516,-0.5224,0.2,NO STICKER,C
EE,32.54,33.7276,16.8638,25.4219,-0.2463,0.4,BELOW STICKER,C
HPK,7.85,,,56.0714,-0.1401,0.2857,NO STICKER,C
FLNC,7.61,,,,-0.7729,0.2222,NO STICKER,C
YELP,18.26,32.1714,16.0857,8.1518,-0.4706,0.5333,BELOW STICKER,C
NBBK,22.57,,,16.8433,-0.0383,0.5,NO STICKER,C
SVRA,4.81,,,,-0.3133,0.0,NO STICKER,C
IART,12.68,,,,-0.3812,0.0,NO STICKER,C
EQBK,47.73,,,38.8049,-0.0869,0.0833,NO STICKER,C
PRCT,17.16,,,,-0.5497,0.1818,NO STICKER,C
XIFR,10.39,,,,-0.2158,0.0,NO STICKER,C
RCAT,6.4,,,,-0.6592,0.2727,NO STICKER,C
ANRO,24.8,,,,-0.3383,0.0,NO STICKER,C
ZEPP,3.82,,,,-0.9382,0.0909,NO STICKER,C
MLTX,11.41,,,,-0.5101,0.0,NO STICKER,C
FEIM,86.03,,,,-0.0416,0.0,NO STICKER,C
ASTE,42.0,,,25.0,-0.3606,0.1333,NO STICKER,C
VIA,29.33,,,,-0.4687,0.1429,NO STICKER,C
CAC,57.19,10.7336,5.3668,14.8932,-0.0561,0.4286,ABOVE STICKER,C
WLFC,45.67,60.76,30.38,8.9025,-0.4399,0.6,BELOW STICKER,C
TC,1.69,,,2977.6749,-0.9155,0.0,NO STICKER,C
THRM,31.3,,,53.0508,-0.3526,0.1333,NO STICKER,C
KODK,9.81,,,,-0.3403,0.1333,NO STICKER,C
LZ,5.6,0.4164,0.2082,70.0,-0.5484,0.3636,ABOVE STICKER,C
YALA,5.32,6.4554,3.2277,7.0,-0.3206,0.7273,BUY*,B
BV,10.28,0.2204,0.1102,79.0769,-0.3147,0.0909,ABOVE STICKER,C
DEC,13.42,,,2.9301,-0.2899,0.8571,NO STICKER,B
TRST,55.69,8.7218,4.3609,17.1354,-0.0606,0.0833,ABOVE STICKER,C
KURA,10.65,,,,-0.2338,0.0769,NO STICKER,C
CLVT,1.48,,,,-0.6215,0.1818,NO STICKER,C
KFRC,52.86,,,26.9694,-0.143,0.2143,NO STICKER,C
NXDR,2.44,,,,-0.3441,0.0909,NO STICKER,C
HAFC,31.67,12.5908,6.2954,12.6175,-0.0546,0.4615,ABOVE STICKER,C
CPF,36.42,30.8099,15.405,12.7343,-0.1115,0.5,ABOVE STICKER,C
FET,83.14,,,,-0.049,0.0667,NO STICKER,C
PLOW,40.51,0.4895,0.2447,20.6684,-0.2635,0.4,ABOVE STICKER,C
REPX,42.19,36.1397,18.0699,5.5586,-0.0689,0.5333,ABOVE STICKER,C
UTL,51.2,14.3708,7.1854,17.2391,-0.1058,0.1429,ABOVE STICKER,C
CMP,22.2,,,,-0.3565,0.1667,NO STICKER,C
UPBD,15.91,,,12.728,-0.3365,0.3333,NO STICKER,C
LAC,2.55,,,,-0.7576,0.1667,NO STICKER,C
VYX,6.7,0.077,0.0385,22.3333,-0.479,0.0,ABOVE STICKER,C
NRDY,7.65,,,,-0.6577,0.1,NO STICKER,C
MPB,36.4,1.265,0.6325,14.2745,-0.0702,0.25,ABOVE STICKER,C
HTLD,11.9,,,,-0.2849,0.0,NO STICKER,C
CRVS,10.9,,,,-0.5955,0.0833,NO STICKER,C
SBSI,30.73,1.3085,0.6543,13.4192,-0.1511,0.0,ABOVE STICKER,C
CSR,54.5,,,53.4314,-0.2171,0.0,NO STICKER,C
AOSL,30.24,,,,-0.4435,0.0667,NO STICKER,C
KOPN,4.91,,,491.0,-0.2572,0.1333,NO STICKER,C
CBLL,23.69,,,,-0.0756,0.1429,NO STICKER,C
FMNB,15.34,2.24,1.12,10.5793,-0.068,0.4615,ABOVE STICKER,C
CVLG,33.76,,,125.037,-0.3232,0.2,NO STICKER,C
SB,8.81,0.9578,0.4789,29.3667,-0.0537,0.25,ABOVE STICKER,C
FCBC,48.0,,,76.1905,-0.0433,0.0,NO STICKER,C
RHLD,115.91,,,,-0.5093,0.5714,NO STICKER,C
BVS,13.13,6.1331,3.0665,39.7879,-0.1739,0.4444,ABOVE STICKER,C
DJCO,656.44,1107.9901,553.9951,8.0634,-0.0521,0.6,BELOW STICKER,C
BBDC,8.63,,,7.7054,-0.0954,0.2222,NO STICKER,C
HSTM,30.82,1.8634,0.9317,50.5246,-0.0093,0.0667,ABOVE STICKER,C
ASM,5.55,,,,-0.5371,0.0,NO STICKER,
RPC,7.62,,,44.8235,-0.3357,0.2727,NO STICKER,C
JBIO,14.12,,,,-0.4957,0.0,NO STICKER,C
BKSY,21.92,,,,-0.5855,0.0,NO STICKER,C
GLUE,10.5,,,,-0.5925,0.125,NO STICKER,C
KRO,7.78,,,,-0.1516,0.0,NO STICKER,C
MHLA,8.95,,,,-0.4131,0.0,NO STICKER,C
INMD,14.09,16.9229,8.4615,9.8531,-0.1583,0.5455,BELOW STICKER,C
THFF,74.99,28.1814,14.0907,11.226,-0.1091,0.5,ABOVE STICKER,C
BZH,33.4,,,21.9737,-0.033,0.1429,NO STICKER,C
BLZE,14.36,,,,-0.4014,0.3636,NO STICKER,C
TTI,6.0,0.0328,0.0164,300.0,-0.5215,0.2,ABOVE STICKER,C
VRTS,133.81,144.4473,72.2237,6.7006,-0.3138,0.3333,BELOW STICKER,C
TBPH,17.03,22.1412,11.0706,8.267,-0.1902,0.1333,BELOW STICKER,C
CYRX,17.43,9.51,4.755,12.45,-0.0349,0.3333,ABOVE STICKER,C
EIG,49.13,,,106.8043,-0.0658,0.0,NO STICKER,C
PCT,4.39,,,,-0.7166,0.0,NO STICKER,C
RIGL,47.15,230.431,115.2155,2.4204,-0.0974,0.5,BELOW MOS,C
ABUS,4.45,,,,-0.1835,0.1333,NO STICKER,C
ACEL,10.84,16.4927,8.2463,18.0667,-0.2257,0.3636,BELOW STICKER,C
QFIN,6.46,15.7191,7.8595,1.4781,-0.7888,0.8182,BUY,A
LWLG,5.7,,,,-0.6954,0.3077,NO STICKER,C
BRBR,7.43,42.6,21.3,5.2324,-0.7917,0.7273,BUY,B
SCHL,36.2,2.3608,1.1804,15.4701,-0.2469,0.0,ABOVE STICKER,C
SMBK,50.99,11.9516,5.9758,17.1107,-0.0582,0.5833,ABOVE STICKER,C
NX,19.0,,,,-0.1856,0.3333,NO STICKER,C
KOP,46.04,,,16.8029,-0.1313,0.2,NO STICKER,C
SMPL,9.83,19.3905,9.6952,9.6373,-0.6169,0.2727,BELOW STICKER,C
PUBM,18.42,,,,-0.0544,0.4545,NO STICKER,C
SANA,2.89,,,,-0.5588,0.0,NO STICKER,C
EGBN,28.38,,,,-0.0311,0.0,NO STICKER,C
GSBC,79.27,,,12.8061,-0.0439,0.5,NO STICKER,C
DAKT,17.96,7.5587,3.7793,19.5217,-0.3647,0.4667,ABOVE STICKER,C
NAVI,9.19,,,,-0.3182,0.0833,NO STICKER,C
BRCC,9.05,,,,-0.5121,0.2222,NO STICKER,C
OI,5.6,,,,-0.6688,0.2667,NO STICKER,C
SBGI,12.43,,,,-0.3048,0.4286,NO STICKER,C
QNST,14.97,4.0872,2.0436,10.6929,-0.3284,0.4667,ABOVE STICKER,C
SAFE,12.06,42.4977,21.2488,7.5849,-0.3089,0.2667,BELOW MOS,C
AMBR,1.81,,,,-0.4629,0.0,NO STICKER,C
BBNX,18.96,,,,-0.4204,0.1429,NO STICKER,C
HIPO,32.24,29.8,14.9,14.5225,-0.1675,0.3636,ABOVE STICKER,C
CCBG,49.66,31.8843,15.9422,13.7944,-0.0735,0.75,ABOVE STICKER,C
BW,5.7,,,,-0.7413,0.0714,NO STICKER,C
HSHP,18.17,,,47.8158,-0.0706,0.0,NO STICKER,C
AEBI,10.91,,,64.1765,-0.3164,0.2857,NO STICKER,C
MCS,27.06,11.9275,5.9637,66.6937,-0.1653,0.1,ABOVE STICKER,C
TRNS,90.39,,,158.5789,-0.0961,0.4,NO STICKER,C
SXC,9.9,,,,-0.073,0.0,NO STICKER,C
OBX,13.59,,,,-0.728,0.0,NO STICKER,
NNE,15.62,,,,-0.7434,0.1667,NO STICKER,C
SMP,37.52,,,20.3913,-0.1843,0.2,NO STICKER,C
MTW,23.22,,,116.1,-0.0144,0.0,NO STICKER,C
KBDC,12.67,,,7.5868,-0.2016,0.0,NO STICKER,C
ACDC,4.58,,,,-0.4428,0.2222,NO STICKER,C
SGP,24.92,,,,-0.2318,0.0,NO STICKER,
ARDX,3.34,,,,-0.6024,0.2,NO STICKER,C
PLTK,2.18,,,,-0.5068,0.2727,NO STICKER,C
CAPL,21.78,11.5787,5.7894,21.3529,-0.1157,0.375,ABOVE STICKER,C
EVLV,4.57,,,,-0.4813,0.1818,NO STICKER,C
NXTT,5.61,1853.1208,926.5604,0.0908,-0.998,0.375,BELOW MOS,C
SVC,6.38,,,,-0.5185,0.0667,NO STICKER,C
RJET,17.64,56.1,28.05,9.4332,-0.3393,0.7273,BELOW MOS,C
MTUS,19.89,,,,-0.1191,0.0,NO STICKER,C
CMMB,1.43,,,79.4444,-0.6006,0.0,NO STICKER,C
CODI,10.93,,,,-0.1751,0.0,NO STICKER,C
RPD,12.19,10.8,5.4,33.8611,-0.3956,0.4,ABOVE STICKER,C
DSP,12.24,,,34.0,-0.173,0.6364,NO STICKER,C
ORRF,41.67,45.9592,22.9796,9.9689,-0.0488,0.7143,BELOW STICKER,C
HIVE,2.975,,,,-0.6205,0.4286,NO STICKER,C
ZH,3.39,,,,-0.3341,0.0,NO STICKER,C
ALRS,32.67,,,48.0441,-0.0503,0.1111,NO STICKER,C
WRLD,174.44,,,25.3547,-0.2338,0.0,NO STICKER,C
SPFI,43.02,15.0519,7.526,12.5058,-0.0835,0.7778,ABOVE STICKER,B
SIBN,18.08,,,,-0.1741,0.1818,NO STICKER,C
LXRX,1.82,,,,-0.3209,0.1333,NO STICKER,C
KRNT,17.49,,,,-0.1158,0.0667,NO STICKER,C
HYLN,4.53,,,,-0.4664,0.0909,NO STICKER,C
ABX,8.27,,,22.9722,-0.3352,0.1429,NO STICKER,C
IBCP,36.37,17.4984,8.7492,11.1223,-0.0731,0.5,ABOVE STICKER,C
JBSS,68.52,1.3459,0.6729,13.0266,-0.2559,0.3636,ABOVE STICKER,C
AVTX,14.99,,,,-0.3824,0.0769,NO STICKER,C
PAYS,14.23,3.9,1.95,109.4615,-0.0469,0.6429,ABOVE STICKER,C
BUR,3.65,,,13.0357,-0.6953,0.0,NO STICKER,C
MITK,17.75,0.7789,0.3894,93.4211,-0.1568,0.6,ABOVE STICKER,C
HOV,116.2,4.5664,2.2832,15.6393,-0.2174,0.1333,ABOVE STICKER,C
APEI,43.73,,,32.1544,-0.29,0.2143,NO STICKER,C
SMBC,72.59,41.1128,20.5564,11.2893,-0.091,0.6667,ABOVE STICKER,C
NABL,4.23,,,,-0.5157,0.1818,NO STICKER,C
SABR,1.97,,,1.4701,-0.212,0.0667,NO STICKER,C
ARI,6.2,,,7.6543,-0.4484,0.0714,NO STICKER,C
WEST,8.14,,,,-0.2012,0.1818,NO STICKER,C
DC,5.92,,,,-0.1834,0.0,NO STICKER,C
GYRE,7.11,0.6,0.3,355.5,-0.2452,0.2143,ABOVE STICKER,C
FDMT,13.67,,,,-0.1926,0.1818,NO STICKER,C
LYTS,21.25,11.6604,5.8302,31.7164,-0.2233,0.4,ABOVE STICKER,C
ROOT,46.26,70.8,35.4,19.6017,-0.4916,0.4545,BELOW STICKER,C
PGC,44.58,14.0732,7.0366,21.2286,-0.0928,0.2,ABOVE STICKER,C
PACB,2.54,,,,-0.0696,0.0667,NO STICKER,C
FISI,39.98,6.086,3.043,11.0748,-0.0696,0.0,ABOVE STICKER,C
INR,12.91,,,14.5056,-0.3408,0.6667,NO STICKER,C
ASC,19.3,,,21.9318,-0.0364,0.2,NO STICKER,C
GRPN,19.31,,,,-0.3542,0.0667,NO STICKER,C
FOXF,18.65,,,,-0.2735,0.2,NO STICKER,C
BNO,63.1,,,,-0.0138,0.0,NO STICKER,
BITW,55.19,,,,-0.3634,1.0,NO STICKER,
CADL,10.18,,,,-0.2729,0.0,NO STICKER,C
HTB,46.59,21.3333,10.6666,12.5242,-0.1126,0.4167,ABOVE STICKER,C
VREX,18.46,,,,-0.0091,0.0667,NO STICKER,C
CIM,9.26,,,5.3837,-0.347,0.1667,NO STICKER,C
MFA,7.65,,,5.8846,-0.2665,0.1667,NO STICKER,C
LPTH,11.04,,,,-0.4171,0.4,NO STICKER,C
DSGN,12.34,,,,-0.2846,0.0,NO STICKER,C
GERN,1.2,,,,-0.403,0.0,NO STICKER,C
CTO,20.54,,,256.75,-0.0956,0.2667,NO STICKER,C
SATL,5.73,,,,-0.5225,0.0909,NO STICKER,C
TXO,13.86,,,,-0.1103,0.3333,NO STICKER,
SHBI,23.0,13.8831,6.9415,12.9213,-0.0759,0.4286,ABOVE STICKER,C
AHCO,5.6,,,,-0.583,0.3636,NO STICKER,C
CTKB,5.87,,,,-0.0502,0.1111,NO STICKER,C
MOV,33.66,,,28.7692,-0.1689,0.1333,NO STICKER,C
CSIQ,11.185,,,,-0.6766,0.1333,NO STICKER,C
CANG,2.67,,,,-0.8915,0.25,NO STICKER,C
SWIM,6.41,,,71.2222,-0.2851,0.0,NO STICKER,C
AVR,7.71,,,,-0.3026,0.0,NO STICKER,C
TASK,8.06,32.3492,16.1746,7.3273,-0.5369,0.7273,BELOW MOS,C
WLKP,21.27,,,,-0.1093,0.0,NO STICKER,C
SSYS,8.7,,,,-0.3208,0.0667,NO STICKER,C
BFS,30.16,,,27.6697,-0.215,0.2,NO STICKER,C
ACHV,7.24,,,,-0.162,0.0,NO STICKER,C
WVE,3.78,,,,-0.826,0.2,NO STICKER,C
WGO,26.3,,,28.9011,-0.4757,0.4667,NO STICKER,C
APOG,35.615,33.54,16.77,14.1329,-0.3,0.2667,ABOVE STICKER,C
MLAB,132.55,1.9129,0.9564,109.5455,-0.0441,0.2667,ABOVE STICKER,C
GILT,10.03,,,29.5,-0.5208,0.2667,NO STICKER,C
BBSI,30.51,22.9212,11.4606,14.6683,-0.3299,0.4667,ABOVE STICKER,C
QDEL,10.77,,,,-0.6973,0.2727,NO STICKER,C
BWMN,42.6,21.9,10.95,58.3562,-0.0705,0.6364,ABOVE STICKER,C
EVER,19.5,40.908,20.454,7.4144,-0.3213,0.6364,BELOW MOS,C
SLDB,6.85,,,,-0.4017,0.1111,NO STICKER,C
WASH,38.46,,,14.1919,-0.0513,0.2857,NO STICKER,C
CGBD,10.65,0.6391,0.3195,10.5446,-0.198,0.1111,ABOVE STICKER,C
FTH,28.35,,,,-0.3273,0.0,NO STICKER,C
FDUS,19.26,7.1004,3.5502,9.2596,-0.0894,0.0,ABOVE STICKER,C
BLMN,8.48,1.5245,0.7623,84.8,-0.3286,0.4286,ABOVE STICKER,C
LUCK,5.29,,,,-0.5047,0.1818,NO STICKER,C
SKYH,9.29,,,103.2222,-0.2057,0.1429,NO STICKER,C
TCBX,43.36,30.9896,15.4948,11.4406,-0.0646,0.5556,ABOVE STICKER,C
CRTO,14.73,18.3469,9.1734,5.5795,-0.4176,0.5333,BELOW STICKER,C
CWBC,26.53,5.2696,2.6348,13.265,-0.0582,0.3333,ABOVE STICKER,C
OLMA,8.225,,,,-0.7732,0.0,NO STICKER,C
COLL,22.02,44.2022,22.1011,12.7283,-0.5664,0.5714,BELOW MOS,C
BCSF,11.05,,,7.2222,-0.2483,0.1111,NO STICKER,C
NRGV,3.94,,,,-0.4071,0.1,NO STICKER,C
NVCT,21.92,,,,-0.2512,0.1667,NO STICKER,C
GDOT,12.5,,,,-0.0909,0.3333,NO STICKER,C
JBGS,10.56,,,,-0.5196,0.0,NO STICKER,C
BALY,14.09,,,,-0.3206,0.1818,NO STICKER,C
PRAA,18.87,,,,-0.1632,0.1333,NO STICKER,C
VTS,16.87,19.2,9.6,26.3594,-0.2912,0.5,BELOW STICKER,C
MFIC,8.62,,,12.6765,-0.3104,0.0,NO STICKER,C
LXU,9.86,2.1845,1.0923,29.0,-0.4274,0.2667,ABOVE STICKER,C
RGR,44.37,,,,-0.0797,0.1333,NO STICKER,C
OABI,4.87,,,,-0.1031,0.0,NO STICKER,C
NGVC,30.61,12.028,6.014,15.305,-0.2547,0.4667,ABOVE STICKER,C
ADAM,7.81,,,7.1,-0.2461,0.1667,NO STICKER,C
TDTH,0.98,,,,-0.9677,0.0,NO STICKER,C
BCAL,21.78,,,11.285,-0.0281,0.5,NO STICKER,C
AROW,37.79,4.3996,2.1998,14.2604,-0.115,0.3333,ABOVE STICKER,C
LEGH,29.35,2.195,1.0975,16.8678,-0.0635,0.3636,ABOVE STICKER,C
VSTM,7.7,,,,-0.2884,0.0714,NO STICKER,C
WYFI,17.93,,,,-0.6175,0.4286,NO STICKER,C
PFIS,69.29,17.7155,8.8578,11.784,-0.0556,0.25,ABOVE STICKER,C
RZLV,2.06,,,,-0.7094,0.1429,NO STICKER,C
IMMX,9.68,,,,-0.3589,0.1111,NO STICKER,C
CASS,54.06,11.0067,5.5033,20.7126,-0.0934,0.2667,ABOVE STICKER,C
SMWB,7.96,,,,-0.1639,0.1818,NO STICKER,C
KE,28.79,,,25.4779,-0.1003,0.0667,NO STICKER,C
MSBI,33.14,,,,-0.0558,0.0,NO STICKER,C
LINC,21.91,,,30.0137,-0.6111,0.7333,NO STICKER,C
PKOH,47.37,,,27.8647,-0.1113,0.2667,NO STICKER,C
PSTL,22.69,14.1,7.05,48.2766,-0.1003,0.5455,ABOVE STICKER,C
DNA,12.35,,,,-0.2975,0.0909,NO STICKER,C
CARE,30.75,2.1395,1.0697,22.2826,-0.1473,0.2727,ABOVE STICKER,C
RRBI,103.41,35.6767,17.8383,16.2085,-0.0139,0.8889,ABOVE STICKER,A
PMT,7.8,0.2528,0.1264,7.8788,-0.4352,0.0667,ABOVE STICKER,C
PFLT,6.84,,,,-0.2985,0.0,NO STICKER,
STTK,6.73,,,,-0.1921,0.0,NO STICKER,C
CNNE,15.54,,,,-0.1825,0.0,NO STICKER,C
SOC,3.51,,,,-0.8308,0.0,NO STICKER,C
EVC,7.38,,,,-0.4629,0.0667,NO STICKER,C
NUAI,6.29,,,,-0.334,0.1667,NO STICKER,C
MDXG,4.59,0.4085,0.2043,14.3438,-0.4241,0.5333,ABOVE STICKER,C
TRON,1.41,,,,-0.6968,0.1429,NO STICKER,C
OSPN,18.12,1.5184,0.7592,9.6383,-0.0195,0.2667,ABOVE STICKER,C
ABR,3.56,,,6.3571,-0.7138,0.1667,NO STICKER,C
PKE,30.42,0.4794,0.2397,54.3214,-0.2368,0.3333,ABOVE STICKER,C
BHB,39.45,3.1773,1.5887,17.0779,-0.0406,0.1667,ABOVE STICKER,C
CBNK,40.45,25.3762,12.6881,11.8622,-0.0061,0.6667,ABOVE STICKER,C
MG,20.65,,,38.9623,-0.0514,0.0667,NO STICKER,C
MATV,11.9,,,,-0.2313,0.2,NO STICKER,C
SWBI,14.64,,,35.7073,-0.1663,0.4,NO STICKER,C
NMFC,6.94,,,43.375,-0.2947,0.1111,NO STICKER,C
FWRG,10.57,9.3,4.65,34.0968,-0.4385,0.1818,ABOVE STICKER,C
GDYN,8.02,3.3,1.65,72.9091,-0.2145,0.5455,ABOVE STICKER,C
ANNX,4.19,,,,-0.4164,0.0,NO STICKER,C
INN,6.02,,,,-0.1604,0.1333,NO STICKER,C
DMII,10.19,,,,-0.0136,0.0,NO STICKER,
ACNB,63.78,20.2874,10.1437,17.7167,-0.0565,0.4615,ABOVE STICKER,C
CCSI,35.36,,,8.1287,-0.1459,0.3636,NO STICKER,C
STLN,6.35,,,,-0.1094,0.1818,NO STICKER,C
ACRS,4.39,,,,-0.3348,0.0,NO STICKER,C
TIPT,17.35,2.5727,1.2863,22.8289,-0.1024,0.0,ABOVE STICKER,C
IBEX,43.58,38.2109,19.1054,13.9233,-0.0375,0.9091,ABOVE STICKER,A
YEXT,6.51,1.0932,0.5466,93.0,-0.2791,0.2667,ABOVE STICKER,C
THM,2.46,,,,-0.326,0.0,NO STICKER,C
MAX,9.62,9.611,4.8055,24.6667,-0.3456,0.5455,ABOVE STICKER,C
PRTH,7.78,11.1049,5.5524,11.4412,-0.0164,0.5455,BELOW STICKER,C
NTGR,23.56,,,,-0.3608,0.0,NO STICKER,C
PZZA,19.43,,,21.5889,-0.6514,0.2667,NO STICKER,C
CGNT,8.74,,,,-0.29,0.0909,NO STICKER,C
CLDT,13.68,,,97.7143,-0.0151,0.0714,NO STICKER,C
HNRG,13.49,2.3508,1.1754,14.0521,-0.4538,0.3333,ABOVE STICKER,C
ANGO,15.11,,,,-0.0724,0.0,NO STICKER,C
ANGX,4.08,,,,-0.5364,0.1429,NO STICKER,C
AURA,6.09,,,,-0.3613,0.0,NO STICKER,C
AMCX,11.16,,,6.7229,-0.1369,0.0,NO STICKER,C
SLRC,11.55,20.3391,10.1696,6.7941,-0.294,0.25,BELOW STICKER,
CLYM,10.94,,,,-0.4032,0.0,NO STICKER,C
ARRY,4.08,,,,-0.6664,0.0909,NO STICKER,C
DDD,3.78,,,19.8947,-0.0825,0.0,NO STICKER,C
RSVR,9.52,,,73.2308,-0.289,0.3636,NO STICKER,C
TROX,3.93,,,,-0.6289,0.0,NO STICKER,C
JFU,2.66,,,26.6,-0.7194,0.2727,NO STICKER,C
WOOF,2.19,0.0852,0.0426,73.0,-0.4356,0.0909,ABOVE STICKER,C
GOOD,12.94,0.3978,0.1989,92.4286,-0.0256,0.1429,ABOVE STICKER,C
PHR,10.07,1.2,0.6,251.75,-0.5847,0.4545,ABOVE STICKER,C
GAIN,15.66,44.5296,22.2648,3.2814,-0.0863,0.5714,BELOW MOS,C
HELE,26.74,,,,-0.1284,0.0667,NO STICKER,C
HPP,11.48,,,,-0.4164,0.0,NO STICKER,C
MYPS,4.95,,,,-0.5005,0.0909,NO STICKER,C
MLR,54.39,,,27.4697,-0.0889,0.2667,NO STICKER,C
IVR,5.71,,,4.3258,-0.3989,0.1667,NO STICKER,C
ENVX,2.8,,,,-0.803,0.1818,NO STICKER,C
CCB,40.17,50.2179,25.1089,13.1275,-0.6654,0.5556,BELOW STICKER,C
AGNT,3.65,,,,-0.7015,0.4,NO STICKER,C
LITB,2.81,,,70.25,-0.3261,0.0,NO STICKER,C
EVEX,1.74,,,,-0.6628,0.0,NO STICKER,C
KRNY,9.32,,,16.3509,-0.0898,0.25,NO STICKER,C
EGY,5.73,,,,-0.1473,0.5714,NO STICKER,C
FWDI,8.16,,,,-0.6938,0.2,NO STICKER,C
MATW,19.29,,,,-0.3763,0.0,NO STICKER,C
IRWD,3.64,,,24.2667,-0.3702,0.1429,NO STICKER,C
SHEN,10.86,,,,-0.3741,0.2,NO STICKER,C
CLMB,32.8,16.186,8.093,29.1612,-0.0953,0.7333,BUY*,B
TITN,25.42,,,,-0.055,0.2,NO STICKER,C
UAMY,3.99,,,,-0.7976,0.4,NO STICKER,C
FBIZ,70.93,42.493,21.2465,11.9411,-0.0381,0.8333,ABOVE STICKER,A
ZVRA,9.99,9.0,4.5,7.4,-0.3356,0.2,ABOVE STICKER,C
SPT,10.09,,,,-0.1998,0.3636,NO STICKER,C
LMB,49.1,55.9362,27.9681,19.5618,-0.5729,0.6667,BUY*,C
FLGT,21.48,,,,-0.308,0.25,NO STICKER,C
RERE,3.64,,,12.1333,-0.4374,0.3333,NO STICKER,C
WEAV,7.37,,,,-0.0429,0.3636,NO STICKER,C
PAR,14.25,,,,-0.6485,0.2667,NO STICKER,C
BUUU,39.2,,,784.0,-0.2591,0.5714,NO STICKER,C
BTBT,1.63,,,,-0.6418,0.2727,NO STICKER,C
INDI,2.97,,,,-0.5091,0.0909,NO STICKER,C
GRNT,4.47,,,,-0.2726,0.6364,BUY*,C
NRDS,8.63,25.3902,12.6951,9.5889,-0.4686,0.8182,BUY,C
GCBC,34.26,29.754,14.877,14.2158,-0.057,0.9167,ABOVE STICKER,A
ALMS,6.85,,,,-0.7815,0.1667,NO STICKER,C
BXC,73.64,,,3682.0,-0.2149,0.2,NO STICKER,C
KIDS,22.16,,,,-0.1713,0.2,NO STICKER,C
BWB,20.71,11.7344,5.8672,13.8993,-0.0844,0.5556,ABOVE STICKER,C
SFST,60.85,36.1284,18.0642,16.3575,-0.0651,0.3571,ABOVE STICKER,C
VEL,14.59,18.2896,9.1448,5.3055,-0.3181,0.6667,BELOW STICKER,C
PALL,21.25,33.9367,16.9683,1.6221,-0.4618,0.4444,BELOW STICKER,C
JBI,4.21,,,11.0789,-0.5921,0.4545,NO STICKER,C
YDES,8.11,,,,-0.6314,0.1667,NO STICKER,C
OOMA,20.8,3.5628,1.7814,90.4348,-0.2058,0.2667,ABOVE STICKER,C
ADTN,7.04,,,,-0.6476,0.3333,NO STICKER,C
IBO,5.32,,,,-0.4936,0.1667,NO STICKER,C
MAMA,12.93,0.1592,0.0796,76.0588,-0.3843,0.6667,ABOVE STICKER,C
IIIN,29.56,12.3171,6.1585,14.0762,-0.2426,0.4,ABOVE STICKER,C
WNC,14.04,10.5005,5.2502,2.7692,-0.0297,0.2,ABOVE STICKER,C
AQST,4.55,,,,-0.3974,0.0,NO STICKER,C
EBF,22.56,0.9163,0.4582,13.5904,-0.0166,0.2667,ABOVE STICKER,C
TOP,15.37,,,,-0.1176,0.3636,NO STICKER,C
TMS,7.62,,,,-0.4227,0.0,NO STICKER,
MEI,15.74,,,,-0.2277,0.0714,NO STICKER,C
CIVB,26.98,13.0262,6.5131,10.2197,-0.0998,0.3571,ABOVE STICKER,C
CRMD,7.19,7.76,3.88,3.5245,-0.4478,0.4667,BELOW STICKER,C
TMQ,3.09,,,,-0.7263,0.0,NO STICKER,C
YI,3.22,,,,-0.7117,0.0,NO STICKER,C
ALOY,8.12,,,,-0.6981,0.0667,NO STICKER,C
PHAT,6.92,,,,-0.6221,0.1111,NO STICKER,C
NRIM,24.76,21.8833,10.9416,8.1447,-0.1966,0.7692,BUY*,B
CTMX,2.56,,,,-0.6882,0.0833,NO STICKER,C
CTGO,16.68,,,,-0.5148,0.5,NO STICKER,C
UNTY,55.34,54.921,27.4605,9.7601,-0.1146,0.8333,ABOVE STICKER,C
HTZ,1.76,,,,-0.7848,0.1429,NO STICKER,C
XMAX,8.59,,,,-0.0862,0.1333,NO STICKER,C
HNST,5.16,,,,-0.1414,0.0909,NO STICKER,C
PANL,8.43,0.1875,0.0938,28.1,-0.1022,0.2667,ABOVE STICKER,C
HY,31.23,,,,-0.2438,0.0,NO STICKER,C
KELYA,15.72,,,,-0.1144,0.1429,NO STICKER,C
ITIC,290.2,65.9359,32.968,15.6274,-0.0625,0.3333,ABOVE STICKER,C
LOT,0.8528,,,,-0.6227,0.0,NO STICKER,C
BZUN,3.155,,,,-0.2132,0.2667,NO STICKER,C
NCDL,11.02,,,5.9247,-0.2687,0.0,NO STICKER,C
PRME,2.98,,,,-0.5706,0.1818,NO STICKER,C
NVEC,111.42,3.5111,1.7555,35.4841,-0.1747,0.2667,ABOVE STICKER,C
FWRD,15.91,,,,-0.4897,0.1333,NO STICKER,C
WTI,3.56,,,,-0.2992,0.2,NO STICKER,C
CARS,10.03,,,31.3437,-0.2673,0.0,NO STICKER,C
JF,0.92,,,,-0.2581,0.0,NO STICKER,C
CD,6.74,,,,-0.8167,0.2,NO STICKER,C
SSII,2.67,,,,-0.733,0.2,NO STICKER,C
ALT,2.735,,,,-0.5753,0.2143,NO STICKER,C
CBIO,14.32,,,,-0.4776,0.0,NO STICKER,C
SLDP,2.33,,,,-0.737,0.1818,NO STICKER,C
HBCP,67.53,34.3244,17.1622,11.5043,-0.0936,0.5833,ABOVE STICKER,C
MSIF,11.72,,,8.812,-0.1895,0.0,NO STICKER,C
BWFG,66.65,55.1315,27.5658,14.9775,-0.0422,0.6429,ABOVE STICKER,C
NPB,15.35,,,7.2749,-0.2212,0.8333,NO STICKER,A
ETD,21.06,,,13.5,-0.274,0.1333,NO STICKER,C
BSVN,55.48,40.5899,20.295,12.3289,-0.0381,0.7778,ABOVE STICKER,B
HUYA,2.3,,,,-0.5335,0.0909,NO STICKER,C
DCTH,15.13,2.1,1.05,216.1429,-0.1315,0.2857,ABOVE STICKER,C
MASS,12.69,6.31,3.155,23.5,-0.0186,0.2727,ABOVE STICKER,C
SBC,5.09,,,10.18,-0.0387,0.7143,NO STICKER,B
MNPR,77.97,,,,-0.3753,0.2,NO STICKER,C
SENS,9.88,,,,-0.1468,0.2,NO STICKER,C
FBRT,6.27,,,9.7969,-0.4331,0.4,NO STICKER,C
CAPR,8.95,,,,-0.7783,0.1333,NO STICKER,C
ALLO,1.5,,,,-0.6637,0.0,NO STICKER,C
HBB,37.99,,,19.4821,-0.05,0.3333,NO STICKER,C
BSRR,39.76,13.0902,6.5451,12.7846,-0.0781,0.1667,ABOVE STICKER,C
OPFI,5.97,29.0845,14.5423,5.0541,-0.4893,0.9,BUY,A
NGNE,25.65,,,,-0.4125,0.1538,NO STICKER,C
WTBA,30.08,1.6343,0.8172,15.6667,-0.0138,0.5,ABOVE STICKER,C
CSV,32.17,14.5448,7.2724,9.8985,-0.3825,0.5333,ABOVE STICKER,C
AII,26.06,,,4.6124,-0.0348,0.8571,NO STICKER,A
TJGC,33.28,,,,-0.0947,0.0,NO STICKER,C
UHT,36.62,,,28.8346,-0.2091,0.0,NO STICKER,C
NB,3.47,,,,-0.7242,0.25,NO STICKER,C
OBT,37.73,18.9088,9.4544,11.3303,-0.0591,0.8889,ABOVE STICKER,A
SD,13.62,14.5862,7.2931,7.1684,-0.2618,0.5333,BELOW STICKER,C
MNTN,9.89,,,,-0.4684,0.2857,NO STICKER,C
ESEA,72.42,47.3794,23.6897,3.7119,-0.091,0.8,BUY*,A
DNUT,2.89,,,,-0.4344,0.0,NO STICKER,C
TCMD,22.1,24.5971,12.2986,26.9512,-0.4149,0.4,BELOW STICKER,C
YORW,30.76,2.4703,1.2351,22.1295,-0.1163,0.0,ABOVE STICKER,C
MTC,5.01,,,,-0.4491,0.1111,NO STICKER,C
ORBS,1.16,,,,-0.9104,0.1429,NO STICKER,C
SHAZ,50.81,,,,-0.4788,0.1667,NO STICKER,C
UNG,10.47,,,,-0.3852,0.3333,NO STICKER,
OIS,8.23,,,,-0.4324,0.0667,NO STICKER,C
BBCP,9.85,0.3887,0.1944,109.4444,-0.192,0.0,ABOVE STICKER,C
BRRR,23.753,,,,-0.3346,0.0,NO STICKER,
ENTX,2.86,,,45.76,-0.319,0.0909,NO STICKER,C
COFS,33.11,0.7146,0.3573,16.4726,-0.0647,0.3077,ABOVE STICKER,C
KRUS,41.53,,,,-0.4863,0.4545,NO STICKER,C
PDLB,20.35,34.6174,17.3087,16.9583,-0.0355,0.4444,BELOW STICKER,C
TLRY,3.61,,,,-0.8444,0.2727,NO STICKER,C
PBYI,9.51,0.1552,0.0776,15.5902,-0.0584,0.2857,ABOVE STICKER,C
RGNX,7.43,,,,-0.5411,0.1333,NO STICKER,C
FPI,11.24,0.1856,0.0928,18.4262,-0.1501,0.0714,ABOVE STICKER,C
MCFT,20.1,,,,-0.2932,0.3333,NO STICKER,C
FMAO,35.49,12.2322,6.1161,14.6049,-0.0174,0.1667,ABOVE STICKER,C
IIIV,14.28,17.0886,8.5443,19.8333,-0.5796,0.1818,BELOW STICKER,C
PNRG,204.66,174.6604,87.3302,19.7548,-0.2662,0.6,BUY*,C
ULH,18.46,,,,-0.2845,0.3333,NO STICKER,C
WEYS,50.89,6.2797,3.1399,21.1162,-0.0118,0.0667,ABOVE STICKER,C
ARVN,7.41,,,,-0.4893,0.0909,NO STICKER,C
BDN,2.78,,,,-0.322,0.0,NO STICKER,C
CWCO,30.15,16.7403,8.3701,26.4474,-0.2293,0.2667,ABOVE STICKER,C
TKNO,8.99,,,,-0.0517,0.0,NO STICKER,C
CMCO,16.735,,,,-0.3141,0.3333,NO STICKER,C
BRSP,3.81,,,,-0.382,0.0,NO STICKER,C
RYAM,7.12,,,,-0.3992,0.0,NO STICKER,C
GLRE,14.75,26.8785,13.4392,6.7972,-0.2393,0.4,BELOW STICKER,C
OLP,22.03,,,19.1565,-0.1488,0.25,NO STICKER,C
NXRT,18.67,,,,-0.4231,0.0667,NO STICKER,C
GRVY,68.5,,,2283.3333,-0.0987,0.1429,NO STICKER,C
MCTA,29.355,,,,-0.074,0.4286,NO STICKER,C
AUTL,1.78,,,,-0.3101,0.1,NO STICKER,C
ILPT,7.08,,,,-0.2492,0.1111,NO STICKER,C
ASPN,5.69,,,,-0.3913,0.2,NO STICKER,C
EOLS,7.14,,,,-0.2331,0.1818,NO STICKER,C
TRTX,6.14,,,10.7719,-0.3447,0.0,NO STICKER,C
QUAD,9.42,,,17.4444,-0.1552,0.1333,NO STICKER,C
SGHT,8.53,,,,-0.1218,0.0909,NO STICKER,C
ARKO,4.17,3.7093,1.8546,27.8,-0.5237,0.3636,ABOVE STICKER,C
SVA,6.47,,,,0.0,0.3333,NO STICKER,C
OVID,2.38,,,,-0.2335,0.125,NO STICKER,C
MFI,9.47,,,43.4815,-0.7827,0.3333,NO STICKER,C
LXFR,17.27,,,61.6786,-0.1121,0.0,NO STICKER,C
CIX,37.4,6.8263,3.4131,23.6709,-0.0717,0.2667,ABOVE STICKER,C
JOUT,44.91,,,,-0.1612,0.1667,NO STICKER,C
CZNC,25.63,1.3218,0.6609,17.5548,-0.0281,0.0833,ABOVE STICKER,C
CERS,2.28,,,,-0.3429,0.2667,NO STICKER,C
SPCE,3.03,,,,-0.6596,0.0909,NO STICKER,C
ASMB,22.54,,,,-0.4324,0.1429,NO STICKER,C
MRAM,18.83,,,,-0.6344,0.1333,NO STICKER,C
NHP,16.09,,,,-0.0785,0.0,NO STICKER,C
TATT,35.185,10.6518,5.3259,25.6825,-0.4545,0.4,ABOVE STICKER,C
CLB,9.92,,,15.746,-0.5128,0.2857,NO STICKER,C
CLFD,33.48,,,,-0.3651,0.5333,NO STICKER,C
ACIC,9.33,,,4.3395,-0.2856,0.3333,NO STICKER,C
LAES,2.37,,,,-0.7279,0.4286,NO STICKER,C
UUP,28.89,,,,-0.0038,0.1667,NO STICKER,C
TWI,6.99,,,,-0.4026,0.1333,NO STICKER,C
XRN,34.01,,,,-0.1201,0.1333,NO STICKER,C
NRC,20.35,53.1561,26.578,0.407,-0.1406,0.3846,BELOW MOS,C
GLAS,5.49,,,,-0.6059,0.0909,NO STICKER,C
AHRT,6.03,,,,-0.1774,0.0667,NO STICKER,C
BMRC,27.71,,,,-0.1038,0.0833,NO STICKER,C
ONT,12.71,,,,-0.5887,0.3636,NO STICKER,C
MBUU,23.01,,,255.6667,-0.342,0.3333,NO STICKER,C
AVBC,22.24,,,,-0.0287,0.25,NO STICKER,
ROMA,8.6,,,,-0.2693,0.1429,NO STICKER,C
DMAC,8.23,,,,-0.2102,0.1111,NO STICKER,C
RWT,3.53,,,,-0.4935,0.0,NO STICKER,C
MNRO,14.18,,,472.6667,-0.4069,0.0,NO STICKER,C
RBB,26.19,6.0799,3.04,14.3115,-0.0726,0.0714,ABOVE STICKER,C
TRC,16.38,,,,-0.2313,0.0667,NO STICKER,C
DFNS,7.34,,,5.5327,-0.9962,0.0,NO STICKER,C
PBFS,17.77,7.155,3.5775,21.4096,-0.1075,0.3636,ABOVE STICKER,C
FXY,58.07,,,,-0.0545,0.0,NO STICKER,C
IPI,32.76,0.3302,0.1651,38.5412,-0.3492,0.1538,ABOVE STICKER,C
TECX,22.54,,,,-0.4298,0.2222,NO STICKER,C
GTN,4.54,,,,-0.295,0.2,NO STICKER,C
RLGT,9.36,,,24.0,-0.0824,0.1429,NO STICKER,C
ASIX,16.22,0.4538,0.2269,9.0111,-0.3932,0.2667,ABOVE STICKER,C
IDR,27.64,28.9025,14.4513,24.2456,-0.4947,0.6429,BELOW STICKER,C
AMSF,23.59,,,9.5506,-0.4571,0.2,NO STICKER,C
CBK,31.88,,,10.8068,-0.109,0.5,NO STICKER,C
GNE,16.43,5.0644,2.5322,18.2556,-0.0238,0.3333,ABOVE STICKER,C
NPCE,12.7,,,,-0.352,0.2727,NO STICKER,C
PLBC,62.54,34.1784,17.0892,13.7753,-0.0228,0.75,ABOVE STICKER,B
MYGN,4.54,,,,-0.4715,0.0,NO STICKER,C
CBAN,20.45,,,53.8158,-0.0895,0.0833,NO STICKER,C
CCOI,8.46,,,,-0.8148,0.0667,NO STICKER,C
LOCO,14.22,3.3941,1.697,15.8,-0.1828,0.0667,ABOVE STICKER,C
ATNI,27.91,,,,-0.1646,0.0,NO STICKER,C
PRTA,8.36,,,,-0.2915,0.1333,NO STICKER,C
VSA,2.21,,,1.7428,-0.9987,0.0,NO STICKER,C
NGS,33.17,35.5488,17.7744,21.1274,-0.2564,0.3333,BELOW STICKER,C
FGDL,55.1475,,,,-0.2572,0.75,NO STICKER,
VRRM,2.81,25.5,12.75,3.3059,-0.8896,0.6364,BELOW MOS,C
ACTG,4.34,,,19.7273,-0.1765,0.2857,NO STICKER,C
SGU,12.88,3.0832,1.5416,6.0069,-0.048,0.0,ABOVE STICKER,C
VHI,14.89,,,,-0.2241,0.2,NO STICKER,C
CAL,12.22,,,,-0.1875,0.2,NO STICKER,C
FXF,106.23,,,,-0.0866,0.0,NO STICKER,C
MEC,16.44,,,,-0.5759,0.0,NO STICKER,C
SRTA,4.73,4.88,2.44,9.46,-0.2723,0.3636,BELOW STICKER,C
MAGN,11.67,,,,-0.2481,0.2,NO STICKER,C
URG,1.05,,,,-0.5532,0.1333,NO STICKER,C
MPLT,9.82,,,,-0.7571,0.0,NO STICKER,C
USCB,22.55,,,16.9549,-0.0559,0.5714,NO STICKER,C
GOTU,2.55,,,,-0.2273,0.1818,NO STICKER,C
NATH,101.49,56.5535,28.2768,20.9258,-0.0965,0.4,ABOVE STICKER,C
BOC,13.21,,,,-0.1321,0.2667,NO STICKER,C
TWIN,28.505,19.3736,9.6868,15.3253,-0.0085,0.2667,ABOVE STICKER,C
CCM,3.17,,,,-0.5445,0.1333,NO STICKER,C
LAND,9.56,,,,-0.2646,0.0,NO STICKER,C
AVIR,5.13,,,,-0.2047,0.0,NO STICKER,C
ALLT,8.43,,,105.375,-0.2928,0.2667,NO STICKER,C
MNTK,2.87,0.1821,0.0911,287.0,-0.059,0.1111,ABOVE STICKER,C
PHOE,18.9,,,,-0.858,0.4286,NO STICKER,C
FVR,16.68,,,,-0.2517,0.0,NO STICKER,
BNED,11.71,0.5067,0.2534,23.898,-0.2061,0.0,ABOVE STICKER,C
ISTR,29.41,9.7506,4.8753,13.8075,-0.0743,0.2143,ABOVE STICKER,C
SPRY,4.07,,,,-0.6905,0.0,NO STICKER,C
EDIT,2.62,,,,-0.4225,0.0714,NO STICKER,C
FOSL,6.8,,,,-0.0368,0.0,NO STICKER,C
CTEV,23.72,,,,-0.6781,0.0,NO STICKER,C
GFUZ,7.58,,,11.2296,-0.4896,0.0,NO STICKER,
IMSR,3.78,,,,-0.88,0.0,NO STICKER,C
SERV,4.615,,,,-0.7524,0.2857,NO STICKER,C
CTRN,47.91,,,76.0476,-0.3851,0.1333,NO STICKER,C
STRZ,23.25,,,,-0.2864,0.0,NO STICKER,C
TTRX,13.33,,,,-0.497,0.0,NO STICKER,C
ACCO,4.3,,,9.7727,-0.057,0.0667,NO STICKER,C
XRX,3.02,,,,-0.2094,0.0909,NO STICKER,C
RMNI,4.24,2.3891,1.1946,10.8718,-0.2535,0.2,ABOVE STICKER,C
SI,19.01,,,,-0.2271,0.1429,NO STICKER,C
CHMG,81.93,,,26.0924,-0.0473,0.4167,NO STICKER,C
MVBF,30.46,1.5933,0.7967,14.7864,-0.0478,0.1667,ABOVE STICKER,C
ZURA,4.11,,,,-0.4476,0.0,NO STICKER,C
RCEL,12.72,,,,-0.0031,0.2,NO STICKER,C
PCB,28.01,19.3923,9.6961,10.8566,-0.0918,0.4545,ABOVE STICKER,C
GALT,3.9,,,,-0.453,0.0,NO STICKER,C
FSTR,37.27,,,54.0145,-0.1864,0.1333,NO STICKER,C
EVH,3.46,,,,-0.591,0.1429,NO STICKER,C
CHCT,13.62,,,170.25,-0.2893,0.0714,NO STICKER,C
VGZ,2.67,,,,-0.147,0.0,NO STICKER,C
VITL,9.06,,,,-0.7994,0.9091,NO STICKER,A
CARL,14.27,,,,-0.1718,0.1429,NO STICKER,C
TCI,44.4,48.0,24.0,27.75,-0.2557,0.2857,BELOW STICKER,C
DGXX,3.84,,,,-0.5826,0.1429,NO STICKER,C
FRPH,20.28,,,112.6667,-0.2121,0.0667,NO STICKER,C
CZFS,80.9,35.231,17.6155,10.6168,-0.0443,0.5714,ABOVE STICKER,C
CPS,21.83,,,,-0.545,0.0,NO STICKER,C
NKLR,3.51,,,0.7207,-0.8398,0.0,NO STICKER,
RZLT,4.01,,,,-0.65,0.0,NO STICKER,C
FRST,15.62,6.4049,3.2025,6.2731,-0.0746,0.25,ABOVE STICKER,C
NIPG,11.05,,,,-0.7954,0.0,NO STICKER,
PKBK,32.87,14.3175,7.1588,10.4019,-0.0793,0.6667,ABOVE STICKER,C
FNLC,34.21,11.0817,5.5408,11.1433,-0.0576,0.5,ABOVE STICKER,C
KYTX,6.22,,,,-0.545,0.0,NO STICKER,C
RLMD,3.6,,,,-0.55,0.0833,NO STICKER,C
OPRT,8.35,4.0625,2.0313,15.7547,-0.0358,0.1818,ABOVE STICKER,C
CYH,2.72,2.4119,1.2059,0.7215,-0.386,0.2143,ABOVE STICKER,C
YXT,2.14,,,,-0.9334,0.0,NO STICKER,C
IRD,4.58,,,,-0.3522,0.0714,NO STICKER,C
VALU,40.5,28.3906,14.1953,17.6087,-0.0165,0.2667,ABOVE STICKER,C
DIN,29.92,,,26.955,-0.246,0.0,NO STICKER,C
SDEV,7.48,,,,-0.925,0.0,NO STICKER,C
ENTA,12.96,,,,-0.2443,0.0667,NO STICKER,C
AIOT,2.81,,,,-0.5221,0.2727,NO STICKER,C
ORN,9.3,,,155.0,-0.4655,0.0714,NO STICKER,C
GCO,34.8,,,27.84,-0.2018,0.0667,NO STICKER,C
AGEN,8.36,,,,-0.1891,0.2143,NO STICKER,C
SMC,30.84,,,,-0.1544,0.2857,NO STICKER,C
SLP,18.5,,,,-0.1195,0.4,NO STICKER,C
OXM,24.93,,,,-0.4972,0.2,NO STICKER,C
VMD,9.13,,,25.3611,-0.276,0.6364,NO STICKER,C
NAAS,3.3,,,,-0.2244,0.0,NO STICKER,
NNBR,4.51,,,,-0.0585,0.0,NO STICKER,C
LSAK,4.33,,,144.3333,-0.2184,0.1333,NO STICKER,C
TWFG,24.61,,,46.434,-0.2137,1.0,NO STICKER,A
ARCT,13.03,,,,-0.4609,0.0909,NO STICKER,C
OFIX,9.09,,,,-0.465,0.1333,NO STICKER,C
CGC,0.8754,,,,-0.6322,0.0,NO STICKER,
GTE,10.44,,,,-0.0938,0.2857,NO STICKER,C
JILL,24.84,8.1268,4.0634,13.6484,-0.0117,0.2727,ABOVE STICKER,C
FXE,103.82,,,117.9773,-0.0692,0.0,NO STICKER,C
OPTX,9.14,,,,-0.3874,0.0,NO STICKER,C
NWFL,33.7,12.8348,6.4174,11.196,-0.0502,0.4286,ABOVE STICKER,C
NECB,26.65,27.7517,13.8759,8.2,-0.0791,0.6667,BELOW STICKER,C
ASPI,2.91,,,,-0.7992,0.2857,NO STICKER,C
CMDB,22.37,,,,-0.0965,0.2857,NO STICKER,C
SHIP,17.82,6.1021,3.051,17.6436,-0.0728,0.2667,ABOVE STICKER,C
CRNC,8.09,,,,-0.4003,0.0909,NO STICKER,C
FOA,13.5,47.5521,23.7761,3.6096,-0.5468,0.3333,BELOW MOS,C
CTNM,13.12,,,,-0.2623,0.0,NO STICKER,C
FLXS,88.82,1.5552,0.7776,14.6326,-0.0202,0.3333,ABOVE STICKER,C
CCCC,2.95,,,,-0.4294,0.0,NO STICKER,C
KREF,6.16,,,,-0.3234,0.0833,NO STICKER,C
VELO,11.2,,,,-0.6472,0.1818,NO STICKER,C
DBB,24.89,,,,-0.0681,0.0,NO STICKER,C
NBP,1.355,,,,-0.8004,0.0,NO STICKER,C
WSBF,19.94,,,13.473,-0.0794,0.1667,NO STICKER,C
AERT,7.41,,,148.2,-0.0691,0.0,NO STICKER,C
FENC,10.2,,,,-0.2302,0.1333,NO STICKER,C
OBIO,5.95,,,,-0.0846,0.2857,NO STICKER,C
RNGR,15.66,10.1946,5.0973,29.0,-0.1677,0.3077,ABOVE STICKER,C
SPIR,11.11,11.45,5.725,7.4564,-0.5715,0.0909,BELOW STICKER,C
ADV,27.64,,,,-0.4175,0.0,NO STICKER,C
TSBK,45.49,19.4794,9.7397,12.3951,-0.0788,0.6667,ABOVE STICKER,C
BRBS,3.93,,,35.7273,-0.1787,0.0,NO STICKER,C
TPTS,14.48,,,,-0.3967,0.0,NO STICKER,C
PACK,4.09,,,,-0.4763,0.0,NO STICKER,C
SFIX,2.61,,,,-0.5457,0.0667,NO STICKER,C
RCKY,46.74,18.937,9.4685,15.7905,-0.1183,0.2,ABOVE STICKER,C
BKKT,7.75,,,,-0.8357,0.2222,NO STICKER,C
IMXI,11.51,3.3623,1.6811,10.6574,-0.2784,0.5455,ABOVE STICKER,C
GASS,9.34,3.1831,1.5915,5.6951,-0.1147,0.2,ABOVE STICKER,C
VFF,2.84,1.0519,0.526,10.5185,-0.4309,0.3636,ABOVE STICKER,C
GBLI,24.35,0.4479,0.224,13.9143,-0.2016,0.0,ABOVE STICKER,C
ARTNA,33.62,9.0107,4.5054,15.2127,-0.0909,0.1429,ABOVE STICKER,C
OPI,15.79,,,,-0.6822,0.0,NO STICKER,C
TREE,24.64,140.1878,70.0939,2.2857,-0.6425,0.3333,BELOW MOS,C
OCGN,1.02,,,,-0.6257,0.1111,NO STICKER,C
IA,18.99,24.709,12.3545,17.9151,-0.3862,0.8,ON DECK,C
ERII,6.77,,,16.119,-0.6305,0.1333,NO STICKER,C
SRZN,29.32,,,,-0.225,0.0,NO STICKER,C
CION,7.0,,,,-0.3269,0.1429,NO STICKER,C
CLNE,1.56,,,,-0.4984,0.0667,NO STICKER,C
NNDM,1.63,,,,-0.2974,0.1429,NO STICKER,C
AVBH,31.26,,,,-0.0854,0.3333,NO STICKER,C
CVEO,33.17,,,,-0.0912,0.0,NO STICKER,C
SILC,60.03,,,,-0.0115,0.0,NO STICKER,C
SHOE,12.58,20.9975,10.4987,6.6211,-0.4341,0.4,BELOW STICKER,C
NL,6.98,,,,-0.1884,0.0,NO STICKER,C
REI,1.31,,,,-0.345,0.2857,NO STICKER,C
BCML,31.19,15.3253,7.6627,14.3073,-0.1083,0.2222,ABOVE STICKER,C
CABA,2.0,,,,-0.5272,0.0,NO STICKER,C
FBYD,8.565,,,285.5,-0.7049,0.1429,NO STICKER,C
LTRX,7.19,,,,-0.1783,0.4667,NO STICKER,C
MPTI,77.11,,,29.4313,-0.2646,0.8571,NO STICKER,A
ARTV,6.83,,,,-0.5299,0.0,NO STICKER,C
CCAP,9.02,,,4.9834,-0.4056,0.1111,NO STICKER,C
CLPT,10.895,,,,-0.638,0.2667,NO STICKER,C
PERI,8.5,,,,-0.2458,0.2667,NO STICKER,C
DSX,2.86,0.3096,0.1548,26.0,-0.1063,0.1333,ABOVE STICKER,C
PESI,15.56,,,,-0.2702,0.0,NO STICKER,C
FSBW,44.33,16.7455,8.3728,10.3333,-0.0332,0.5,ABOVE STICKER,C
EGHT,2.28,0.1292,0.0646,228.0,-0.2083,0.0667,ABOVE STICKER,C
VIOT,1.56,,,15.6,-0.5679,0.1818,NO STICKER,C
KDK,1.64,,,,-0.8555,0.0,NO STICKER,
FISN,5.57,,,,-0.7068,0.0,NO STICKER,
OEC,5.79,,,,-0.3299,0.4545,NO STICKER,C
CYPH,3.03,0.745,0.3725,43.2857,-0.2768,0.2222,ABOVE STICKER,C
LWAY,21.21,9.1331,4.5666,30.7391,-0.3516,0.6667,ABOVE STICKER,C
JMSB,23.01,,,15.443,-0.0515,0.3333,NO STICKER,C
EBS,6.33,,,6.8065,-0.5498,0.1333,NO STICKER,C
SOHU,12.45,13.96,6.98,0.8918,-0.2803,0.1818,BELOW STICKER,C
CDZI,3.83,,,,-0.4497,0.25,NO STICKER,C
GEVO,1.31,,,,-0.5589,0.2,NO STICKER,C
NEWT,11.18,,,5.1284,-0.2874,0.3333,NO STICKER,C
COSO,26.98,,,12.4907,-0.0553,0.4286,NO STICKER,C
LVWR,1.57,,,,-0.7562,0.0909,NO STICKER,C
MOVE,11.65,,,,-0.564,0.0,NO STICKER,C
FDBC,55.315,18.8503,9.4252,11.3817,-0.0279,0.75,ABOVE STICKER,B
FVCB,17.79,,,14.7025,-0.0691,0.3,NO STICKER,C
SMTI,34.85,,,,-0.0139,0.2667,NO STICKER,C
EMBC,5.65,,,3.4877,-0.6211,0.4545,NO STICKER,C
GAME,3.08,,,,-0.5523,0.2857,NO STICKER,C
CFFI,98.3,38.3733,19.1867,11.8577,-0.018,0.4,ABOVE STICKER,C
ONMD,5.39,,,,-0.8723,0.25,NO STICKER,
CLW,19.81,,,,-0.1602,0.1333,NO STICKER,C
ZIP,3.55,,,,-0.3672,0.0,NO STICKER,C
FNKO,5.86,,,,-0.2027,0.0,NO STICKER,C
PPHC,10.54,,,,-0.3043,0.2857,NO STICKER,C
FIP,2.685,,,,-0.5987,0.1818,NO STICKER,C
INDP,2.38,,,,-0.6007,0.0,NO STICKER,C
RBBN,1.77,,,8.0455,-0.5672,0.0667,NO STICKER,C
ATII,10.68,,,,-0.0632,0.0,NO STICKER,
ELA,12.16,18.06,9.03,14.1395,-0.5903,0.8,BUY*,A
ASYS,18.01,,,,-0.2995,0.0,NO STICKER,C
CATX,2.76,,,,-0.5519,0.0833,NO STICKER,C
BBW,25.56,28.4175,14.2088,6.406,-0.6459,0.5333,BELOW STICKER,C
QNRX,4.47,,,,-0.8931,0.0,NO STICKER,
BNTC,8.98,,,,-0.4642,0.2222,NO STICKER,C
TLS,4.19,,,,-0.4988,0.1538,NO STICKER,C
ABAT,2.19,,,,-0.8094,0.2143,NO STICKER,C
MLP,15.71,,,,-0.2113,0.2667,NO STICKER,C
BBOT,3.89,,,,-0.7384,0.0,NO STICKER,C
PINE,17.68,,,,-0.196,0.2727,NO STICKER,C
JAKK,27.15,,,31.5698,-0.0026,0.1333,NO STICKER,C
CBNA,47.27,,,15.3474,-0.0491,0.5,NO STICKER,C
SVCO,9.15,,,,-0.3641,0.0,NO STICKER,C
HRZN,4.62,,,,-0.3255,0.125,NO STICKER,C
FLX,1.41,,,20.1429,-0.6831,0.3333,NO STICKER,C
CV,6.17,,,,-0.5986,0.1429,NO STICKER,C
FVRR,8.54,16.8,8.4,15.25,-0.6498,0.5455,BELOW STICKER,C
LRMR,2.96,,,,-0.5389,0.0,NO STICKER,C
RCMT,42.01,26.7375,13.3688,18.2652,-0.0251,0.6667,BUY*,C
FCCO,32.67,,,13.2267,-0.0859,0.5,NO STICKER,C
QSI,1.55,,,,-0.5,0.0,NO STICKER,C
NODK,14.99,,,,-0.1024,0.0,NO STICKER,C
IH,1.14,0.3566,0.1783,22.8,-0.6311,0.0,ABOVE STICKER,C
LE,10.29,,,57.1667,-0.4865,0.0,NO STICKER,C
ZJYL,1.94,,,194.0,-0.8383,0.2857,NO STICKER,C
BIOA,6.61,,,,-0.7453,0.0,NO STICKER,C
MREO,0.3798,,,,-0.8397,0.0,NO STICKER,C
SWKHL,25.06,,,,-0.0331,0.0667,NO STICKER,C
AFRI,11.24,,,,-0.0565,0.1111,NO STICKER,C
TSSI,10.24,9.4714,4.7357,19.6923,-0.5296,0.6,ABOVE STICKER,C
AUDC,11.09,0.9003,0.4501,35.7742,-0.0168,0.0667,ABOVE STICKER,C
NIU,1.88,,,,-0.6684,0.2727,NO STICKER,C
PSBD,9.77,,,5.8855,-0.2548,0.0,NO STICKER,C
IHRT,1.94,,,,-0.7043,0.0667,NO STICKER,C
NREF,15.81,15.5333,7.7667,2.7737,-0.1422,0.2222,ABOVE STICKER,C
BPRN,43.72,,,16.1328,-0.0174,0.3333,NO STICKER,C
DBI,6.06,,,,-0.3391,0.2,NO STICKER,C
FRD,41.08,,,,-0.1577,0.6667,NO STICKER,
SGMT,9.14,,,,-0.2017,0.0,NO STICKER,C
IRHO,10.065,,,,-0.0074,0.0,NO STICKER,
RMR,17.73,,,17.2136,-0.1734,0.3333,NO STICKER,C
MYFW,30.09,,,22.4552,-0.1243,0.0909,NO STICKER,C
RM,31.8,29.0182,14.5091,7.1461,-0.2822,0.4,ABOVE STICKER,C
PRLD,3.67,,,,-0.4627,0.1,NO STICKER,C
SES,0.8847,,,,-0.7628,0.1,NO STICKER,C
BDSX,27.72,,,,-0.1329,0.1818,NO STICKER,C
ALTO,3.77,,,23.5625,-0.383,0.0,NO STICKER,C
LAB,0.7447,,,,-0.567,0.0667,NO STICKER,C
FNRN,17.78,4.5393,2.2697,14.0,-0.0764,0.0833,ABOVE STICKER,C
MTRX,10.28,,,,-0.3563,0.0667,NO STICKER,C
ISBA,38.12,5.242,2.621,14.8906,-0.352,0.3333,ABOVE STICKER,C
ECX,0.8584,,,,-0.6821,0.0,NO STICKER,
ALTI,2.91,,,,-0.4656,0.1667,NO STICKER,C
LXEO,3.53,,,,-0.6788,0.1667,NO STICKER,C
DSY,3.56,,,,-0.8352,0.0,NO STICKER,C
EPRX,7.24,,,,-0.2232,0.1429,NO STICKER,C
DBO,24.0,,,,-0.0984,0.0,NO STICKER,C
UCFI,5.51,,,,-0.0002,0.0,NO STICKER,
ABEO,5.03,1.9106,0.9553,4.9802,-0.3425,0.1429,ABOVE STICKER,C
AIRJ,3.92,,,,-0.4193,0.0,NO STICKER,
EFTY,15.02,,,,0.0,0.5714,NO STICKER,C
OVLY,34.09,18.2969,9.1484,11.8368,-0.0523,0.6667,ABOVE STICKER,C
DUOT,9.11,,,,-0.4038,0.3333,NO STICKER,C
SEG,22.38,,,,-0.2442,0.1429,NO STICKER,C
PMTS,24.86,,,19.888,-0.2045,0.4667,NO STICKER,C
ATLO,32.36,2.1669,1.0834,15.1215,-0.0152,0.25,ABOVE STICKER,C
BKTI,75.97,62.7012,31.3506,22.0843,-0.2734,0.7333,ABOVE STICKER,C
GOGO,2.11,2.1258,1.0629,23.4444,-0.7875,0.5333,BELOW STICKER,C
TMCI,4.39,,,,-0.3799,0.1818,NO STICKER,C
ALCO,38.31,,,,-0.1489,0.0667,NO STICKER,C
FRAF,63.16,12.5072,6.2536,13.3249,-0.0344,0.5833,ABOVE STICKER,C
ETHW,19.08,,,,-0.4406,0.0,NO STICKER,
HLLY,2.34,,,14.625,-0.4777,0.0,NO STICKER,C
FULC,3.69,,,,-0.7656,0.0909,NO STICKER,C
FUNC,43.62,20.4568,10.2284,11.5703,-0.0579,0.2857,ABOVE STICKER,C
NXDT,5.3,,,,-0.1092,0.0,NO STICKER,C
ANGI,6.05,7.8435,3.9217,6.4362,-0.6331,0.2667,BELOW STICKER,C
RCKT,2.56,,,,-0.5303,0.0714,NO STICKER,C
HERE,1.7,,,5.6667,-0.7988,0.5714,NO STICKER,C
XFOR,2.83,,,,-0.4141,0.2727,NO STICKER,C
EYPT,3.25,,,,-0.8299,0.1333,NO STICKER,C
VNDA,4.63,,,,-0.5342,0.0,NO STICKER,C
BMBL,2.54,,,,-0.5749,0.3636,NO STICKER,C
TBI,9.18,,,,-0.1677,0.0667,NO STICKER,C
WNEB,13.93,3.2395,1.6198,18.5733,-0.072,0.25,ABOVE STICKER,C
IKT,2.0,,,,-0.2337,0.2222,NO STICKER,C
PSFE,5.39,,,,-0.6012,0.0,NO STICKER,C
FATE,2.32,,,,-0.2817,0.0667,NO STICKER,C
AIV,1.93,,,0.4987,-0.7591,0.2667,NO STICKER,C
IPSC,1.53,,,,-0.4967,0.1,NO STICKER,C
UPB,5.04,,,,-0.8504,0.1429,NO STICKER,C
III,5.7,0.2062,0.1031,30.0,-0.1163,0.2857,ABOVE STICKER,C
GTBP,6.1,,,,-0.8219,0.0,NO STICKER,C
NCIQ,21.08,,,,-0.3847,0.0,NO STICKER,
RWAY,6.55,,,7.043,-0.361,0.1111,NO STICKER,C
PC,9.4,,,,-0.2906,0.0,NO STICKER,C
MGPI,12.79,,,,-0.5222,0.4667,NO STICKER,C
USNA,14.82,,,25.5517,-0.4561,0.2,NO STICKER,C
JFIN,1.31,6.7571,3.3785,1.2476,-0.8875,0.7273,BUY,B
OSUR,3.965,,,,-0.1343,0.0,NO STICKER,C
MFIN,11.91,6.2157,3.1079,6.691,-0.0285,0.3333,ABOVE STICKER,C
KWY,9.43,,,,-0.4288,0.2,NO STICKER,C
CXAI,2.33,,,,-0.9552,0.0,NO STICKER,
FXNC,30.06,16.3406,8.1703,15.3367,-0.0957,0.4286,ABOVE STICKER,C
NKSH,42.66,0.6459,0.3229,17.1325,-0.015,0.2857,ABOVE STICKER,C
LAW,4.18,,,,-0.5412,0.0909,NO STICKER,C
NC,36.25,,,15.4255,-0.3899,0.2,NO STICKER,C
SABS,2.98,,,,-0.4214,0.1818,NO STICKER,C
FBLA,16.96,,,242.2857,-0.0035,0.1667,NO STICKER,C
LCNB,18.94,1.952,0.976,11.6196,-0.1116,0.25,ABOVE STICKER,C
SVRN,36.16,,,,-0.5162,0.125,NO STICKER,C
CMRC,3.25,,,,-0.4139,0.1818,NO STICKER,C
SAR,16.48,,,7.1342,-0.3309,0.2222,NO STICKER,C
HCKT,10.78,1.0366,0.5183,23.4348,-0.4787,0.2667,ABOVE STICKER,C
KINS,18.5,35.9935,17.9968,6.4236,-0.1148,0.6667,BELOW STICKER,C
BLND,1.03,,,,-0.7151,0.0,NO STICKER,C
HWBK,38.63,13.6458,6.8229,11.2624,-0.0485,0.5,ABOVE STICKER,C
POWW,2.29,,,,-0.1423,0.0,NO STICKER,C
TLSI,4.32,,,,-0.4566,0.25,NO STICKER,
OFLX,26.33,,,17.9116,-0.3056,0.2,NO STICKER,C
ESCA,19.26,,,19.4545,-0.1651,0.0667,NO STICKER,C
XPER,5.43,,,,-0.3794,0.0,NO STICKER,C
AVNW,20.68,,,108.8421,-0.2346,0.1818,NO STICKER,C
TDUP,2.17,,,,-0.783,0.2727,NO STICKER,C
LFT,5.02,,,,-0.7399,0.1667,NO STICKER,C
NXH,2.76,,,,-0.7743,0.0,NO STICKER,C
PDYN,5.33,0.2105,0.1053,22.2083,-0.5032,0.0,ABOVE STICKER,C
PCYO,10.9,11.1394,5.5697,20.1852,-0.1238,0.3333,BELOW STICKER,C
BGIN,2.32,,,,-0.6431,0.0,NO STICKER,C
STRT,65.8,,,13.16,-0.2925,0.0,NO STICKER,C
INFU,13.16,,,42.4516,-0.003,0.2667,NO STICKER,C
LIMN,3.9,,,,-0.9724,0.0,NO STICKER,
SLNH,1.07,,,,-0.7918,0.2667,NO STICKER,C
HQI,18.81,4.2908,2.1454,41.8,-0.0974,0.5333,ABOVE STICKER,C
PPIH,31.86,22.672,11.336,15.244,-0.1324,0.5333,ABOVE STICKER,C
GBFH,17.93,,,12.4514,-0.5754,0.5,NO STICKER,C
ARL,16.04,11.9323,5.9661,16.5361,-0.3437,0.2143,ABOVE STICKER,C
RMBI,15.44,,,13.1966,-0.0693,0.2222,NO STICKER,C
TTGT,3.57,,,,-0.4672,0.1429,NO STICKER,C
REFI,10.06,,,5.9881,-0.2543,0.6667,NO STICKER,C
CNDT,1.65,,,,-0.4107,0.0,NO STICKER,C
PAMT,12.24,,,,-0.3104,0.0667,NO STICKER,C
ANIK,19.1,,,,-0.1652,0.0667,NO STICKER,C
VABK,47.06,7.9789,3.9894,13.2563,-0.0588,0.5833,ABOVE STICKER,C
STRO,15.35,,,,-0.6499,0.2,NO STICKER,C
CTSO,4.05,,,,-0.7975,0.0667,NO STICKER,C
PTLE,7.54,,,,-0.7906,0.1429,NO STICKER,C
ALMU,13.12,,,,-0.5873,0.1429,NO STICKER,C
VUZI,2.98,,,,-0.4698,0.0,NO STICKER,C
EVMN,6.92,,,,-0.7916,0.1429,NO STICKER,C
CAMP,4.0,,,,-0.4839,0.1429,NO STICKER,C
PALI,1.44,,,,-0.4965,0.1333,NO STICKER,C
TBCH,13.99,,,18.1688,-0.1954,0.2,NO STICKER,C
BRT,13.3,,,,-0.1588,0.0667,NO STICKER,C
OPTU,0.9158,,,,-0.6658,0.0,NO STICKER,C
PTLO,3.51,8.1,4.05,13.0,-0.4753,0.1818,BELOW MOS,C
CHPT,9.29,,,,-0.2633,0.0909,NO STICKER,C
NAUT,1.96,,,,-0.5452,0.0,NO STICKER,C
CURV,2.5,,,,-0.1243,0.2727,NO STICKER,C
GLSI,16.98,,,,-0.5021,0.0,NO STICKER,C
EVI,19.29,0.2708,0.1354,40.1875,-0.394,0.3333,ABOVE STICKER,C
MVST,0.645,,,,-0.9094,0.4545,NO STICKER,C
MSB,18.9,69.3323,34.6661,2.6586,-0.554,1.0,BELOW MOS,A
LFCR,6.54,,,,-0.2717,0.0,NO STICKER,C
DBP,94.9,,,,-0.3258,0.0,NO STICKER,C
EAF,9.44,,,,-0.5354,0.0769,NO STICKER,C
EFSI,45.51,,,28.6226,-0.0552,0.25,NO STICKER,C
AIAI,3.5,,,,-0.8212,0.0,NO STICKER,
TG,7.03,4.401,2.2005,7.3229,-0.3324,0.3333,ABOVE STICKER,C
IMMR,7.39,,,52.7857,-0.082,0.5333,NO STICKER,C
QTTB,8.23,3.88,1.94,3.4008,-0.6508,0.3636,ABOVE STICKER,C
ACU,63.5,7.5777,3.7888,25.502,-0.0211,0.2667,ABOVE STICKER,C
LX,0.685,20.2613,10.1306,1.0143,-0.8847,0.6667,BELOW MOS,C
SIGA,3.38,,,10.5625,-0.6223,0.2857,NO STICKER,C
NNNN,5.55,,,37.7551,-0.8759,0.7143,NO STICKER,B
IVVD,0.8221,,,,-0.7322,0.2857,NO STICKER,C
PEBK,44.27,12.525,6.2625,12.2293,-0.033,0.5833,ABOVE STICKER,C
INBK,27.62,,,,-0.1116,0.0,NO STICKER,C
SSP,2.74,,,,-0.4917,0.1333,NO STICKER,C
RELL,18.99,2.0636,1.0318,37.7539,-0.1797,0.0,ABOVE STICKER,C
NEGG,11.49,,,,-0.8807,0.3333,NO STICKER,C
BNC,5.85,2.92,1.46,2.3214,-0.5125,0.2,ABOVE STICKER,C
ASLE,5.04,,,28.0,-0.4126,0.1818,NO STICKER,C
IMPP,5.38,3.1195,1.5597,4.1705,-0.1811,0.3636,ABOVE STICKER,C
AKBA,0.865,,,,-0.7297,0.1333,NO STICKER,C
LTBR,6.39,,,,-0.7961,0.1667,NO STICKER,C
USAU,14.47,,,,-0.3907,0.1667,NO STICKER,C
JACK,12.45,,,,-0.4782,0.2,NO STICKER,C
AGCC,15.0,,,391.6449,-0.4169,0.5714,NO STICKER,C
FUFU,1.4,,,,-0.6552,0.2857,NO STICKER,C
CURR,3.1,,,,-0.3898,0.25,NO STICKER,
UTMD,74.13,4.7876,2.3938,21.3017,-0.0359,0.1333,ABOVE STICKER,C
LCTX,0.9303,,,,-0.5549,0.1333,NO STICKER,C
PLAY,6.75,,,,-0.6946,0.2,NO STICKER,C
ELMD,28.1,32.8716,16.4358,21.6154,-0.4072,0.9333,ON DECK,A
BCYC,3.38,,,,-0.631,0.2727,NO STICKER,C
CMTV,41.8,13.4986,6.7493,13.887,-0.0448,0.5833,ABOVE STICKER,C
GWRS,8.13,,,73.9091,-0.2722,0.3333,NO STICKER,C
OPBK,15.48,15.8957,7.9478,9.0,-0.0802,0.7273,BELOW STICKER,B
SNFCA,9.07,,,7.1984,-0.1134,0.2,NO STICKER,C
SMRT,1.2,,,,-0.4545,0.0909,NO STICKER,C
AENT,4.49,,,17.2692,-0.4898,0.25,NO STICKER,C
MGNX,3.58,,,,-0.2953,0.0,NO STICKER,C
SPOK,10.89,,,14.52,-0.338,0.0,NO STICKER,C
ONIT,27.26,38.8786,19.4393,1.2703,-0.4961,0.2,BELOW STICKER,C
PRPL,2.1,,,4.375,-0.9152,0.0,NO STICKER,C
RGCO,21.8,2.489,1.2445,16.8992,-0.2212,0.2857,ABOVE STICKER,C
QNBC,45.61,0.9712,0.4856,12.0661,-0.0085,0.5,ABOVE STICKER,C
LYEL,9.26,,,,-0.7942,0.0,NO STICKER,C
SND,5.34,,,178.0,-0.098,0.3333,NO STICKER,C
FF,5.16,,,,-0.2618,0.0,NO STICKER,C
MRBK,18.97,,,10.037,-0.1246,0.7,NO STICKER,B
RAIL,6.9,,,6.3303,-0.5369,0.0714,NO STICKER,C
JZ,0.436,,,,-0.9956,0.1429,NO STICKER,C
KROS,11.36,,,2.4696,-0.4962,0.0909,NO STICKER,C
MBI,4.4,,,,-0.4409,0.0769,NO STICKER,C
NUS,4.61,0.7951,0.3976,1.4497,-0.605,0.0667,ABOVE STICKER,C
SMHI,8.27,,,,-0.173,0.0,NO STICKER,C
RNAC,7.36,,,,-0.3309,0.0,NO STICKER,C
SION,4.91,,,,-0.9107,0.0,NO STICKER,C
ASUR,7.68,,,,-0.2471,0.3333,NO STICKER,C
NAGE,2.79,6.0,3.0,13.95,-0.6491,0.6,BELOW MOS,C
KLC,1.86,,,,-0.7297,0.4286,NO STICKER,C
HDSN,5.23,2.7863,1.3931,14.1351,-0.458,0.4667,ABOVE STICKER,C
NVA,5.76,,,,-0.6462,0.1667,NO STICKER,C
NATR,12.45,0.9334,0.4667,11.7453,-0.5576,0.3333,ABOVE STICKER,C
BGS,2.69,,,,-0.5784,0.0,NO STICKER,C
CGEN,2.31,1.84,0.92,6.0789,-0.287,0.3333,ABOVE STICKER,C
PLX,2.71,,,,-0.1505,0.1333,NO STICKER,C
CFBK,34.42,0.6901,0.345,12.7955,-0.0968,0.5833,ABOVE STICKER,C
QUIK,11.87,,,,-0.5121,0.0,NO STICKER,C
LMNR,11.99,,,,-0.2229,0.0,NO STICKER,C
LIEN,9.5,,,6.5068,-0.1571,0.6667,NO STICKER,C
OSS,8.66,0.3061,0.153,39.3636,-0.5852,0.1818,ABOVE STICKER,C
ANTX,5.71,,,,-0.2058,0.0,NO STICKER,C
GSIT,5.61,,,,-0.6909,0.1333,NO STICKER,C
SY,2.75,,,,-0.4211,0.0,NO STICKER,C
GPRO,1.35,,,,-0.5055,0.0,NO STICKER,C
FORR,11.22,,,,-0.12,0.0,NO STICKER,C
WHK,25.49,,,,-0.1232,0.4286,NO STICKER,C
PROF,5.84,,,4.1418,-0.3475,0.2857,NO STICKER,C
MKDW,1.51,,,,-0.8833,0.1429,NO STICKER,C
ACRE,3.83,,,,-0.3497,0.0,NO STICKER,C
PNNT,3.25,,,6.4845,-0.5127,0.0,NO STICKER,C
LOVE,14.7,,,52.5,-0.2362,0.4545,NO STICKER,C
ALTG,6.48,,,,-0.2543,0.0909,NO STICKER,C
HKD,1.71,0.1139,0.0569,3.8864,-0.6874,0.3636,ABOVE STICKER,C
FEDU,9.35,,,46.75,-0.3652,0.1818,NO STICKER,C
SCM,7.41,,,7.8,-0.4531,0.0,NO STICKER,C
WHWK,3.7,,,,-0.3267,0.0714,NO STICKER,C
ZSQR,3.97,,,,-0.8146,0.0,NO STICKER,C
FCAP,62.9,16.7497,8.3748,12.863,-0.1141,0.5714,ABOVE STICKER,C
OVBC,44.61,12.8707,6.4354,13.4773,-0.1883,0.2727,ABOVE STICKER,C
TROO,1.72,,,,-0.6742,0.2,NO STICKER,C
LCUT,9.12,,,,-0.1032,0.0,NO STICKER,C
TRDA,5.38,,,,-0.6729,0.0,NO STICKER,C
BAFN,7.76,,,,-0.2624,0.0,NO STICKER,C
DHX,4.81,,,,-0.0732,0.0,NO STICKER,C
AIRO,6.59,,,,-0.7067,0.0,NO STICKER,C
EXFY,2.25,,,,-0.1993,0.1818,NO STICKER,C
OSG,4.6,,,,-0.5568,0.0,NO STICKER,C
VEEA,3.33,,,,-0.8217,0.1667,NO STICKER,C
SGC,12.98,,,28.2174,-0.1103,0.0667,NO STICKER,C
GCTS,2.25,,,,-0.4275,0.0,NO STICKER,
USBC,0.533,,,,-0.5868,0.0,NO STICKER,C
AOUT,16.35,,,,-0.0757,0.0909,NO STICKER,C
RBKB,13.15,4.3517,2.1759,14.2935,-0.006,0.2727,ABOVE STICKER,C
CZWI,21.3,,,14.589,-0.1281,0.0833,NO STICKER,C
ESOA,11.01,,,550.5,-0.4478,0.4,NO STICKER,C
PDEX,64.07,59.4842,29.7421,15.551,-0.1679,0.8667,ABOVE STICKER,A
RR,1.68,,,,-0.7739,0.2857,NO STICKER,C
RDNW,5.38,,,,-0.3708,0.0667,NO STICKER,C
ZUMZ,13.29,,,17.0385,-0.5808,0.0667,NO STICKER,C
CMT,23.02,1.3916,0.6958,17.845,-0.1976,0.0,ABOVE STICKER,C
RICK,26.62,2.7635,1.3817,21.6423,-0.1681,0.3333,ABOVE STICKER,C
ELDN,2.49,,,,-0.4587,0.0833,NO STICKER,C
ALEC,1.81,,,,-0.4676,0.0,NO STICKER,C
SLGL,72.0,,,,-0.2651,0.1429,NO STICKER,C
AP,9.7,,,,-0.2428,0.0,NO STICKER,C
KLTR,1.31,,,,-0.361,0.1818,NO STICKER,C
TPVG,4.9,,,4.6667,-0.295,0.0,NO STICKER,C
MPAA,10.53,,,16.9839,-0.4189,0.2,NO STICKER,C
AMWL,12.39,,,,-0.1268,0.0,NO STICKER,C
NCMI,2.11,,,,-0.5373,0.0667,NO STICKER,C
ACOG,9.1,,,,-0.1026,0.0,NO STICKER,C
EU,1.02,,,,-0.756,0.0,NO STICKER,C
XGN,8.17,,,,-0.332,0.1818,NO STICKER,C
CXDO,5.92,,,37.0,-0.4728,0.5333,NO STICKER,C
VLN,1.91,,,,-0.4852,0.0909,NO STICKER,C
TONX,3.57,,,,-0.5,0.2143,NO STICKER,C
CHCI,18.77,10.1103,5.0551,11.525,-0.1495,0.6364,ABOVE STICKER,C
CPSS,9.09,,,11.3625,-0.1335,0.3333,NO STICKER,C
FC,17.33,,,72.2083,-0.3536,0.0667,NO STICKER,C
RILY,4.86,78.1947,39.0974,0.4959,-0.5676,0.3333,BELOW MOS,C
RXST,4.68,,,,-0.646,0.0909,NO STICKER,C
FIRY,12.47,,,,-0.3765,0.1818,NO STICKER,C
CRNT,2.18,,,,-0.3374,0.1333,NO STICKER,C
ESP,63.23,33.3131,16.6566,16.2545,-0.1543,0.5333,ABOVE STICKER,C
SRI,6.72,,,,-0.3079,0.0,NO STICKER,C
AREC,1.79,3.16,1.58,2.8413,-0.7482,0.0714,BELOW STICKER,C
LARK,31.36,,,10.215,-0.0936,0.3333,NO STICKER,C
STRW,13.5,,,22.5,-0.0847,0.4286,NO STICKER,C
HLP,2.55,,,85.0,-0.0267,0.3636,NO STICKER,C
CBFV,36.85,,,40.0543,-0.0517,0.0833,NO STICKER,C
ORMP,4.49,8.4942,4.2471,2.9933,-0.1792,0.2308,BELOW STICKER,C
UGA,149.27,,,,-0.0273,0.0,NO STICKER,C
WHG,19.61,,,24.8228,-0.0649,0.0667,NO STICKER,C
CUE,25.57,,,,-0.438,0.1818,NO STICKER,C
WYHG,3.69,,,23.0625,-0.859,0.0,NO STICKER,C
LZMH,1.2,,,,-0.9836,0.1429,NO STICKER,C
NKTX,2.575,,,,-0.3078,0.0,NO STICKER,C
EVGO,1.38,,,,-0.732,0.2222,NO STICKER,C
SBFG,29.4,,,13.4247,-0.1072,0.3333,NO STICKER,C
ATOM,4.71,,,,-0.6191,0.0,NO STICKER,C
FNWD,42.38,,,22.5426,-0.0767,0.0833,NO STICKER,C
MITT,5.76,,,6.4,-0.3786,0.1667,NO STICKER,C
SWMR,15.36,,,,-0.8156,0.0,NO STICKER,
BETR,11.79,,,,-0.8728,0.1429,NO STICKER,C
HNVR,25.64,,,25.64,-0.0823,0.2222,NO STICKER,C
AMPY,4.36,0.6307,0.3154,4.233,-0.3579,0.2667,ABOVE STICKER,C
ZNTL,2.52,,,,-0.6374,0.0,NO STICKER,C
NEOV,3.05,,,,-0.5722,0.3636,NO STICKER,C
BVFL,21.23,,,14.8462,-0.0424,0.3333,NO STICKER,C
SITC,3.42,,,1.0179,-0.6179,0.2857,NO STICKER,C
CNTN,2.25,,,,-0.6734,0.1111,NO STICKER,C
CIA,3.54,,,,-0.4587,0.125,NO STICKER,C
BSET,20.72,,,29.6,-0.0692,0.0833,NO STICKER,C
CHRS,1.16,,,0.8112,-0.5566,0.1333,NO STICKER,C
IMRX,4.07,,,,-0.52,0.1111,NO STICKER,C
ECBK,20.43,,,21.734,-0.062,0.2857,NO STICKER,C
PYXS,2.14,,,,-0.6144,0.0,NO STICKER,C
PLTM,16.35,,,,-0.4095,0.0,NO STICKER,
MNSB,24.935,,,14.1676,-0.0361,0.0,NO STICKER,C
TAYD,54.97,19.2501,9.6251,20.9809,-0.3917,0.25,ABOVE STICKER,C
NUCL,5.93,,,,-0.583,0.0,NO STICKER,
GEMI,4.67,,,,-0.8254,0.1429,NO STICKER,C
DTIL,6.31,,,,-0.3441,0.1818,NO STICKER,C
EPSN,5.74,,,,-0.1368,0.5455,NO STICKER,C
CMTG,1.23,,,,-0.6602,0.0,NO STICKER,C
LODE,2.28,,,,-0.5422,0.1333,NO STICKER,C
NAKA,9.66,,,,-0.7918,0.1429,NO STICKER,C
MRLN,1.71,,,,-0.8994,0.0,NO STICKER,
CURI,2.91,,,,-0.4591,0.2727,NO STICKER,C
QTRX,3.64,,,,-0.5849,0.0,NO STICKER,C
ORGO,1.33,,,8.8667,-0.8121,0.4545,NO STICKER,C
RDCM,10.29,18.3714,9.1857,14.493,-0.3853,0.5333,BELOW STICKER,C
HTLM,1.9,,,10.5556,-0.5465,1.0,NO STICKER,A
PED,12.81,,,,-0.3219,0.4286,NO STICKER,C
OCG,1.73,,,,-0.9999,0.2727,NO STICKER,C
AOMR,7.32,,,4.0667,-0.2295,0.3333,NO STICKER,C
EBMT,21.25,0.8141,0.4071,11.1842,-0.1383,0.5,ABOVE STICKER,C
ADAG,2.85,,,,-0.4124,0.1818,NO STICKER,C
AVXL,1.82,,,,-0.8247,0.1667,NO STICKER,C
ALXO,1.22,,,,-0.5414,0.0,NO STICKER,C
YRD,0.957,,,21.4574,-0.8591,0.3333,NO STICKER,C
MRT,1.94,,,,-0.2945,0.1429,NO STICKER,C
TLIH,5.675,,,37.8333,-0.158,1.0,NO STICKER,A
MYND,0.36,,,,-0.6207,0.0667,NO STICKER,C
UIS,2.28,,,,-0.5422,0.2,NO STICKER,C
MENS,2.18,,,,-0.9654,0.0,NO STICKER,
TOYO,4.37,,,3.8673,-0.7493,0.8571,NO STICKER,A
STIM,2.16,,,,-0.3721,0.1818,NO STICKER,C
ZCSH,34.04,,,,-0.2247,0.0,NO STICKER,
JELD,1.89,,,,-0.6197,0.0,NO STICKER,C
FLWS,2.56,,,,-0.6394,0.0,NO STICKER,C
XPOF,4.7,,,,-0.4919,0.2222,NO STICKER,C
DERM,6.61,,,,-0.3082,0.1818,NO STICKER,C
FEAM,3.88,,,,-0.4827,0.0,NO STICKER,C
EDRY,55.88,,,,-0.2353,0.3333,NO STICKER,C
OPRX,8.57,8.1,4.05,31.7407,-0.6148,0.4667,ABOVE STICKER,C
JRVR,3.49,0.8668,0.4334,4.4177,-0.5153,0.0667,ABOVE STICKER,C
OCC,18.24,,,,-0.3481,0.0,NO STICKER,C
SKYX,1.18,,,,-0.6413,0.1,NO STICKER,C
TARA,2.7,,,,-0.6547,0.0833,NO STICKER,C
HSDT,2.63,,,,-0.8717,0.1429,NO STICKER,C
INGN,5.97,,,,-0.3461,0.0,NO STICKER,C
DFDV,5.25,,,,-0.7128,0.2857,NO STICKER,C
PEPG,2.28,,,,-0.7077,0.0,NO STICKER,C
FOCL,4.2,,,,-0.3438,0.0,NO STICKER,C
FRSX,1.12,,,,-0.8591,0.0,NO STICKER,C
NERV,3.28,,,,-0.7368,0.0,NO STICKER,C
ELME,1.76,,,,-0.9005,0.0714,NO STICKER,C
GSOL,8.96,,,,-0.508,0.0,NO STICKER,
FINW,11.17,,,9.885,-0.4376,0.5,NO STICKER,C
INTT,12.3,,,,-0.385,0.3333,NO STICKER,C
CMPX,0.8567,,,,-0.8755,0.2,NO STICKER,C
BCBP,8.5,,,,-0.2741,0.0833,NO STICKER,C
EGAN,5.87,3.2286,1.6143,18.3438,-0.632,0.2,ABOVE STICKER,C
SEVN,6.75,,,6.75,-0.3813,0.125,NO STICKER,C
TNXP,8.91,,,,-0.6388,0.2308,NO STICKER,C
OZ,40.9,,,,-0.4072,0.3333,NO STICKER,C
MRDN,11.95,,,,-0.2573,0.2667,NO STICKER,C
VYGR,2.45,,,,-0.5586,0.0,NO STICKER,C
RRGB,7.95,,,,-0.274,0.1333,NO STICKER,C
WHF,6.98,,,11.2581,-0.1097,0.1111,NO STICKER,C
LEE,6.71,,,,-0.4352,0.0,NO STICKER,C
CDXS,1.36,,,,-0.5436,0.0667,NO STICKER,C
COOK,53.1,,,,-0.3868,0.0,NO STICKER,C
EML,24.61,,,21.0342,-0.1772,0.0,NO STICKER,C
CURX,4.72,,,,-0.7214,0.1667,NO STICKER,C
OWLT,5.06,,,,-0.7013,0.0909,NO STICKER,C
SIF,23.62,,,,-0.1855,0.0667,NO STICKER,C
ENHA,1.47,,,,-0.8555,0.0,NO STICKER,
ABOS,2.04,,,,-0.4333,0.0,NO STICKER,C
WW,14.74,,,,-0.6159,1.0,NO STICKER,
TRAK,8.09,1.4437,0.7219,20.7436,-0.488,0.3333,ABOVE STICKER,C
SRBK,18.5,,,42.0455,-0.1169,0.1667,NO STICKER,C
VRA,5.11,,,,-0.0058,0.0,NO STICKER,C
DVLT,0.1541,,,,-0.9624,0.2727,NO STICKER,C
FRNM,16.32,,,,-0.0674,0.0,NO STICKER,
HUMA,0.5215,,,,-0.7955,0.0,NO STICKER,C
NLOP,9.76,,,,-0.6775,0.0,NO STICKER,C
OTLK,0.593,,,,-0.7664,0.0,NO STICKER,C
HURC,22.29,,,,-0.0898,0.0,NO STICKER,C
LSBK,18.38,,,18.9485,-0.0372,0.5,NO STICKER,C
ADCT,1.13,,,,-0.7731,0.1667,NO STICKER,C
EPM,3.58,,,,-0.2883,0.3333,NO STICKER,C
KRSA,30.49,,,,-0.4864,0.0,NO STICKER,C
KRRO,9.64,,,,-0.8275,0.1818,NO STICKER,C
GLNK,12.02,,,,-0.6661,0.0,NO STICKER,
DOUG,1.55,0.8231,0.4115,9.1176,-0.4884,0.1818,ABOVE STICKER,C
HOFT,13.17,,,,-0.272,0.0,NO STICKER,C
SSTK,3.81,0.3099,0.1549,3.048,-0.8708,0.3571,ABOVE STICKER,C
AGPU,12.08,,,,-0.2016,0.2,NO STICKER,C
EDHL,5.23,,,,-0.7579,0.4286,NO STICKER,C
CAAS,4.62,,,3.2535,-0.1809,1.0,NO STICKER,A
EGG,5.37,,,268.5,-0.5891,0.5714,NO STICKER,C
TLYS,4.58,,,,-0.2672,0.0,NO STICKER,C
DLNG,3.77,2.4804,1.2402,2.7319,-0.1528,0.2,ABOVE STICKER,C
ONL,2.41,,,,-0.2098,0.0909,NO STICKER,C
FGBI,8.31,,,,-0.2456,0.0,NO STICKER,C
KRMD,2.96,,,,-0.5521,0.2,NO STICKER,C
DLTH,3.93,,,,-0.2279,0.0,NO STICKER,C
VNCE,10.5,,,21.4286,-0.1917,0.0667,NO STICKER,C
SAFX,0.329,,,1.8981,-0.7508,0.0,NO STICKER,
DIBS,4.02,,,,-0.3932,0.0,NO STICKER,C
TUSK,2.8,,,28.0,-0.2857,0.0,NO STICKER,C
HYNE,16.6,,,553.3333,-0.0154,0.0,NO STICKER,
MX,3.68,,,,-0.6268,0.0,NO STICKER,C
DOYU,4.45,,,,-0.4135,0.0,NO STICKER,C
RGP,3.89,,,,-0.2756,0.0,NO STICKER,C
TISI,28.9,,,,-0.0227,0.0,NO STICKER,C
CLAR,3.45,,,,-0.1332,0.0,NO STICKER,C
LFMD,2.74,3.24,1.62,10.96,-0.6152,0.2857,BELOW STICKER,C
HCAT,1.75,,,,-0.5159,0.0909,NO STICKER,C
SPRB,45.71,,,,-0.8095,0.1,NO STICKER,C
MED,11.73,,,,-0.171,0.1333,NO STICKER,C
HUCK,3.2,,,,-0.7945,0.0,NO STICKER,C
ARMP,3.52,,,,-0.7846,0.0,NO STICKER,C
CRBU,1.22,,,,-0.6549,0.0909,NO STICKER,C
GHI,5.53,,,,-0.4703,0.2222,NO STICKER,C
SHIM,3.15,,,,-0.5342,0.0,NO STICKER,C
ENGN,1.94,,,0.8472,-0.8416,0.1667,NO STICKER,C
RTB,9.26,,,,-0.5537,0.0667,NO STICKER,C
VWAV,4.48,,,,-0.9858,0.0,NO STICKER,
NRSN,3.935,,,,-0.8523,0.0,NO STICKER,
AIRS,1.77,,,,-0.8525,0.1111,NO STICKER,C
LUCD,0.6273,,,,-0.6149,0.1,NO STICKER,C
BANL,4.63,,,,-0.7176,0.2857,NO STICKER,C
KVHI,7.01,,,,-0.4608,0.0667,NO STICKER,C
UP,3.5,,,,-0.9186,0.0,NO STICKER,C
TNYA,0.5641,,,,-0.76,0.1111,NO STICKER,C
NXL,5.73,,,,-0.9045,0.2857,NO STICKER,C
SUIG,1.64,,,,-0.6518,0.3,NO STICKER,C
NRXP,2.905,,,,-0.4253,0.0,NO STICKER,C
CODA,11.14,1.1919,0.5959,30.1081,-0.3553,0.5455,ABOVE STICKER,C
MGYR,19.315,21.7641,10.8821,12.3814,-0.0342,0.5,BELOW STICKER,C
PLBY,1.04,,,,-0.6218,0.0,NO STICKER,C
SEER,2.25,,,,-0.0664,0.2857,NO STICKER,C
OESX,30.44,,,,-0.0382,0.0667,NO STICKER,C
AMTX,1.72,,,,-0.5474,0.0,NO STICKER,C
ACNT,13.77,,,153.0,-0.2316,0.0,NO STICKER,C
BOTJ,27.3,12.9611,6.4806,13.7186,-0.0836,0.7143,ABOVE STICKER,B
NXXT,0.735,,,,-0.9745,0.2,NO STICKER,C
MPU,2.7,,,,-0.3041,0.0,NO STICKER,C
SMXT,2.16,,,,-0.8583,0.25,NO STICKER,
LGCY,9.58,,,14.5152,-0.3483,0.8571,NO STICKER,A
KULR,2.65,,,,-0.5583,0.3636,NO STICKER,C
EPOW,4.22,,,,-0.8859,0.0909,NO STICKER,C
CTW,2.03,,,33.8333,-0.3535,0.5714,NO STICKER,C
HURA,1.91,,,,-0.4431,0.0769,NO STICKER,C
UFI,6.54,,,,-0.2279,0.0,NO STICKER,C
RVSB,5.99,,,,-0.037,0.0833,NO STICKER,C
WTF,2.5,,,,-0.6051,0.2857,NO STICKER,C
CVGI,2.96,,,,-0.4966,0.0,NO STICKER,C
WSBK,12.91,,,26.3469,-0.0355,0.1667,NO STICKER,C
FHTX,2.02,,,,-0.7346,0.2,NO STICKER,C
INO,1.16,,,,-0.5735,0.0,NO STICKER,C
AKA,10.85,,,,-0.3376,0.1818,NO STICKER,C
BOOM,5.8,,,,-0.3696,0.3333,NO STICKER,C
SFBC,46.21,,,16.6823,-0.061,0.1667,NO STICKER,C
CRBP,6.13,,,,-0.7018,0.0,NO STICKER,C
ABLV,2.4,,,120.0,-0.0283,0.2857,NO STICKER,C
BRCB,6.96,,,,-0.7372,0.2,NO STICKER,
STXS,1.18,,,,-0.6713,0.1333,NO STICKER,C
VRME,8.98,,,,-0.5395,0.1333,NO STICKER,C
ZJK,1.85,,,11.5625,-0.5432,1.0,NO STICKER,A
SMID,22.19,43.6377,21.8189,9.4025,-0.4735,1.0,ON DECK,A
UNCY,4.22,,,,-0.5172,0.1111,NO STICKER,C
PDC,3.46,,,,-0.6082,0.25,NO STICKER,C
DBE,37.17,,,,-0.0469,0.0,NO STICKER,C
HOST,3.6,,,,-0.8669,0.2857,NO STICKER,C
RDGT,0.874,,,,-0.9989,0.2727,NO STICKER,C
BSBK,9.09,,,53.4706,-0.0482,0.0,NO STICKER,C
GNLX,2.56,,,,-0.7001,0.0,NO STICKER,C
TORO,5.38,,,67.25,-0.3671,0.0,NO STICKER,C
ICCM,1.57,,,6.5417,-0.9524,0.0,NO STICKER,C
HUHU,4.76,,,,-0.6098,0.1429,NO STICKER,C
AXR,21.54,5.6862,2.8431,11.2775,-0.2575,0.2,ABOVE STICKER,C
PROV,18.31,0.6184,0.3092,17.7767,-0.0358,0.1667,ABOVE STICKER,C
ICG,0.94,,,,-0.5877,0.0,NO STICKER,C
BHR,1.66,,,,-0.4796,0.1333,NO STICKER,C
UNB,23.03,,,9.556,-0.128,0.5,NO STICKER,C
COYA,4.81,,,,-0.3794,0.1429,NO STICKER,C
IMDX,3.44,,,,-0.5958,0.1429,NO STICKER,C
LENZ,3.58,,,,-0.9273,0.0,NO STICKER,C
HOVR,1.68,,,,-0.5981,0.0,NO STICKER,
QUCY,1.33,,,,-0.7302,0.0,NO STICKER,C
VANI,1.23,,,,-0.3594,0.0,NO STICKER,C
CPIX,7.39,,,,-0.2037,0.1333,NO STICKER,C
PNBK,0.9302,,,,-0.5349,0.0833,NO STICKER,C
MXCT,1.07,,,,-0.4263,0.0909,NO STICKER,C
OPHC,9.04,3.4921,1.746,12.7324,-0.1536,0.5833,ABOVE STICKER,C
FTFT,3.41,,,,-0.978,0.2667,NO STICKER,C
SSTI,8.33,,,,-0.3138,0.2,NO STICKER,C
NPWR,1.39,,,,-0.7327,0.0,NO STICKER,C
AARD,4.99,,,,-0.7219,0.0,NO STICKER,C
IMUX,7.96,,,,-0.5433,0.0,NO STICKER,C
BDTX,1.89,,,4.8462,-0.6174,0.0909,NO STICKER,C
EP,2.61,,,,-0.4301,0.0769,NO STICKER,C
ANNA,2.67,,,66.75,-0.7491,0.2857,NO STICKER,C
ULBI,6.51,,,,-0.2109,0.1333,NO STICKER,C
ALP,4.6,,,0.8333,-0.9933,0.6667,NO STICKER,C
APYX,2.55,,,,-0.498,0.0667,NO STICKER,C
UDN,17.82,,,,-0.0546,0.0,NO STICKER,C
BEEP,2.57,,,,-0.3201,0.0,NO STICKER,C
AMBO,1.831,,,77.5847,-0.7287,0.1538,NO STICKER,C
NINE,7.56,,,,-0.4286,0.0909,NO STICKER,C
TCX,9.39,,,,-0.6269,0.0,NO STICKER,C
UCL,0.2763,,,13.815,-0.8949,0.2727,NO STICKER,C
KAZR,2.55,,,,-0.4796,0.4286,NO STICKER,C
MAAS,13.7,,,,-0.4498,0.1429,NO STICKER,C
PLYX,2.08,,,,-0.9575,0.0,NO STICKER,C
OKUR,2.56,,,,-0.5242,0.0,NO STICKER,C
AIFU,10.22,,,,-0.9113,0.1667,NO STICKER,C
PZG,1.2,,,,-0.5572,0.0,NO STICKER,C
MF,14.17,,,,-0.8303,0.1429,NO STICKER,C
RDZN,1.22,,,,-0.5234,0.25,NO STICKER,
JYNT,7.28,,,38.3158,-0.3177,0.0667,NO STICKER,C
VIRC,6.51,,,40.6875,-0.1445,0.2,NO STICKER,C
ANIX,2.95,,,,-0.4597,0.1667,NO STICKER,C
STHO,8.48,,,,-0.1469,0.0,NO STICKER,C
VATE,7.5,,,,-0.6479,0.2857,NO STICKER,C
LAKE,10.27,,,,-0.4294,0.0667,NO STICKER,C
SRG,1.81,,,,-0.5868,0.0,NO STICKER,C
MIST,0.8097,,,,-0.7354,0.0,NO STICKER,C
BWEN,4.25,,,18.4783,-0.2544,0.2,NO STICKER,C
WALD,0.8794,,,,-0.7269,0.0909,NO STICKER,C
SUPX,6.65,,,,-0.9131,0.2857,NO STICKER,C
AIXI,1.81,,,,-0.9952,0.125,NO STICKER,C
PAL,3.56,,,,-0.6755,0.0,NO STICKER,
FXA,68.8637,,,93.0591,-0.0438,0.1111,NO STICKER,C
DH,0.9333,,,,-0.7318,0.2222,NO STICKER,C
SERA,2.09,,,,-0.4709,0.0909,NO STICKER,C
CSTE,2.87,,,,-0.2526,0.0,NO STICKER,C
KEQU,34.16,24.9528,12.4764,10.6087,-0.2665,0.5333,ABOVE STICKER,C
BYFC,11.42,,,,-0.0753,0.2143,NO STICKER,C
HMR,1.67,,,,-0.1712,0.5714,NO STICKER,C
CHMI,2.64,,,,-0.1141,0.0,NO STICKER,C
SOTK,6.2,1.4249,0.7124,56.3636,-0.0282,0.4667,ABOVE STICKER,C
GCL,0.758,,,,-0.7244,0.1429,NO STICKER,C
BUDA,7.71,,,38.55,-0.3575,0.7143,NO STICKER,B
UPXI,1.17,,,,-0.849,0.1,NO STICKER,C
PMVP,1.79,,,,-0.0628,0.0,NO STICKER,C
ATRA,9.48,,,3.6887,-0.5048,0.0,NO STICKER,C
GSIW,9.51,,,6.8913,-0.8143,0.4286,NO STICKER,C
EARN,4.03,,,14.3929,-0.2955,0.0,NO STICKER,C
MWC,1.69,,,9.3889,-0.8789,1.0,NO STICKER,
CTNT,2.62,,,,-1.0,0.1429,NO STICKER,C
FNWB,9.95,,,,-0.2053,0.0,NO STICKER,C
PYPD,5.19,,,2.4833,-0.0942,0.2222,NO STICKER,C
FLNT,2.98,,,,-0.3363,0.0667,NO STICKER,C
AUBN,26.979,,,12.9707,-0.0658,0.2308,NO STICKER,C
NMRA,0.5,,,,-0.863,0.0,NO STICKER,C
LINK,5.95,,,,-0.3339,0.0667,NO STICKER,C
CEPL,4.495,,,,-0.6354,0.0714,NO STICKER,C
GLOO,4.12,,,,-0.5872,0.1429,NO STICKER,C
QXL,4.31,,,1.8904,-0.4403,0.1667,NO STICKER,C
SDHC,10.08,,,8.4706,-0.5709,0.5714,NO STICKER,C
SAMG,10.54,,,18.8214,-0.3478,0.2,NO STICKER,C
GRWG,1.57,,,,-0.3458,0.1333,NO STICKER,C
BMEA,1.27,,,,-0.5753,0.0,NO STICKER,C
ENLV,0.3873,15.15,7.575,0.076,-0.9857,0.25,BELOW MOS,C
TANH,14.79,,,,-0.8491,0.0,NO STICKER,C
AMPG,3.05,,,,-0.6983,0.3333,NO STICKER,C
USGO,6.52,,,,-0.6374,0.1667,NO STICKER,C
ECOR,10.14,,,,-0.2016,0.1818,NO STICKER,C
INSE,3.465,,,,-0.6518,0.1333,NO STICKER,C
LGL,7.23,,,131.4545,-0.0825,0.0667,NO STICKER,C
RFIL,8.4,,,840.0,-0.6233,0.3333,NO STICKER,C
FDSB,17.4,,,21.75,-0.0692,0.0,NO STICKER,C
FUSB,16.5,4.0786,2.0393,16.5,-0.0288,0.2308,ABOVE STICKER,C
RLYB,17.08,,,,-0.0281,0.1,NO STICKER,C
SLNG,4.87,,,,-0.3112,0.2,NO STICKER,C
SIEB,2.2,0.2258,0.1129,16.9231,-0.4686,0.3333,ABOVE STICKER,C
SPAI,4.42,,,,-0.5116,0.1429,NO STICKER,C
ORIQ,10.41,,,,-0.0038,1.0,NO STICKER,
EQ,1.41,,,,-0.6017,0.0,NO STICKER,C
NRXS,7.11,,,,-0.2379,0.2857,NO STICKER,C
AUC,8.67,,,,-0.2031,0.0,NO STICKER,C
CGTL,3.76,,,,-0.9608,0.4286,NO STICKER,C
ICCC,9.75,,,,-0.1942,0.2667,NO STICKER,C
NTRB,7.28,,,,-0.2074,0.0909,NO STICKER,C
CTOR,0.95,,,,-0.5778,0.0,NO STICKER,C
EMPD,3.13,,,,-0.6141,0.1429,NO STICKER,C
CGTX,0.9251,,,,-0.5487,0.1111,NO STICKER,C
HFFG,1.63,,,,-0.4147,0.1818,NO STICKER,C
MNOV,1.78,,,,-0.5436,0.0,NO STICKER,C
CRDF,1.12,,,,-0.6616,0.1333,NO STICKER,C
AEYE,6.92,,,,-0.5778,0.2667,NO STICKER,C
MGLD,2.03,,,,-0.0425,0.0,NO STICKER,C
LUD,3.82,,,127.3333,-0.8421,0.4286,NO STICKER,C
PFX,44.875,,,21.784,-0.2054,0.0,NO STICKER,C
FTLF,9.22,,,46.1,-0.5605,0.2,NO STICKER,C
BDL,46.51,23.2322,11.6161,17.1624,-0.1076,0.3333,ABOVE STICKER,C
RPT,11.1,,,,-0.3813,0.0,NO STICKER,C
MHH,7.15,,,143.0,-0.1458,0.2,NO STICKER,C
CCLD,2.02,1.375,0.6875,20.2,-0.4753,0.2143,ABOVE STICKER,C
DWSN,2.76,,,,-0.6484,0.0,NO STICKER,C
ATGL,5.2,,,,-0.896,0.0,NO STICKER,C
BCIC,6.89,,,6.625,-0.4896,0.1111,NO STICKER,C
MMLP,2.18,,,,-0.3333,0.0,NO STICKER,C
ACRV,1.99,,,,-0.441,0.0,NO STICKER,C
PUSA,3.16,,,,-0.617,0.1429,NO STICKER,C
ZSTK,4.86,,,,-0.7623,0.1429,NO STICKER,C
MDIA,1.07,,,,-0.3476,0.1818,NO STICKER,C
UBCP,14.79,2.0299,1.0149,11.0373,-0.1471,0.4167,ABOVE STICKER,C
ARQ,1.94,,,,-0.7368,0.1333,NO STICKER,C
PMN,9.4,,,,-0.6569,0.0,NO STICKER,
CPBI,20.075,,,19.119,-0.0806,0.1667,NO STICKER,C
SUNS,6.2,,,6.6667,-0.4067,0.4286,NO STICKER,C
USIO,2.93,,,,-0.0425,0.1333,NO STICKER,C
LNSR,6.75,,,,-0.4784,0.1,NO STICKER,C
SKK,4.4,,,,-0.7549,0.4286,NO STICKER,C
WRAP,1.47,,,,-0.5449,0.0909,NO STICKER,C
SKIN,0.63,,,,-0.642,0.2727,NO STICKER,C
CHGG,0.738,,,,-0.5299,0.0,NO STICKER,C
CPHC,15.75,,,,-0.0948,0.2,NO STICKER,C
HNNA,10.31,1.3868,0.6934,8.1181,-0.0644,0.3333,ABOVE STICKER,C
MNTS,3.71,,,,-0.8924,0.0909,NO STICKER,C
JLHL,3.99,,,22.1667,-0.9311,1.0,NO STICKER,
BLNK,0.561,,,,-0.7883,0.1333,NO STICKER,C
TELO,1.18,,,,-0.4357,0.1667,NO STICKER,C
FSEA,17.25,,,,0.0,0.1667,NO STICKER,C
GXRP,28.49,,,,-0.3874,0.0,NO STICKER,
DTI,2.29,,,,-0.5117,0.4286,NO STICKER,C
PXS,7.73,,,40.6842,-0.0687,0.1429,NO STICKER,C
ONCY,0.631,,,,-0.5556,0.0,NO STICKER,
AIRT,29.8,131.2751,65.6376,1.0329,-0.1486,0.2667,BELOW MOS,C
TGEN,2.65,,,,-0.7804,0.1333,NO STICKER,C
NDLS,13.4,,,,-0.2947,0.0,NO STICKER,C
ZVIA,1.21,,,,-0.5647,0.0,NO STICKER,C
MAYS,39.54,,,,-0.3622,0.0714,NO STICKER,C
ISPR,1.38,,,,-0.6434,0.0,NO STICKER,C
JEM,3.62,,,,-0.9732,0.0,NO STICKER,
OBTC,27.049,,,,-0.2825,0.0,NO STICKER,
AFCG,3.5,,,,-0.1117,0.0,NO STICKER,C
SKYA,1.84,,,,-0.7314,0.0,NO STICKER,C
LNZA,6.04,,,,-0.8627,0.1667,NO STICKER,C
BYRN,3.48,12.0,6.0,8.7,-0.8863,0.4667,BELOW MOS,C
ASRV,4.645,0.5861,0.2931,13.6618,-0.1366,0.2143,ABOVE STICKER,C
PTHS,20.6,,,,-0.4507,0.0,NO STICKER,C
FATN,5.58,,,15.9429,-0.3517,0.8571,NO STICKER,B
EEIQ,5.085,,,,-0.5996,0.0909,NO STICKER,C
VENU,1.4,,,,-0.8997,0.1429,NO STICKER,C
LUNG,1.83,,,,-0.3668,0.0909,NO STICKER,C
ETS,1.61,,,,-0.4145,0.2,NO STICKER,
CBUS,1.71,,,,-0.592,0.0667,NO STICKER,C
JRSH,6.15,,,22.7778,-0.0049,0.3636,NO STICKER,C
GIBO,32.447,,,,-0.5813,0.0,NO STICKER,
ROC,4.09,,,,-0.4756,0.1667,NO STICKER,C
MBOT,1.16,,,,-0.6647,0.0833,NO STICKER,C
ACR,10.9,0.1393,0.0696,363.3333,-0.5571,0.0667,ABOVE STICKER,C
NTHI,2.99,,,,-0.7698,0.0,NO STICKER,
INVZ,0.3616,,,,-0.8576,0.0909,NO STICKER,C
FSI,6.05,,,100.8333,-0.3883,0.2667,NO STICKER,C
HFBL,25.385,11.5243,5.7621,12.5668,-0.0934,0.3571,ABOVE STICKER,C
FXB,127.247,92.4,46.2,41.314,-0.044,0.2222,ABOVE STICKER,C
CSPI,7.57,,,,-0.4953,0.0667,NO STICKER,C
LFVN,6.07,,,15.175,-0.4816,0.2667,NO STICKER,C
FJET,1.72,,,,-0.9454,0.0,NO STICKER,C
DCX,3.88,,,,-0.9999,0.0,NO STICKER,C
INSG,4.61,,,,-0.7895,0.0,NO STICKER,C
WYY,7.56,,,,-0.6889,0.1333,NO STICKER,C
FXC,68.54,4.3915,2.1957,207.697,-0.0542,0.1111,ABOVE STICKER,C
VERI,0.7491,,,,-0.9205,0.0909,NO STICKER,C
VRCA,4.38,,,,-0.554,0.1,NO STICKER,C
ARBE,0.613,,,,-0.7872,0.2727,NO STICKER,C
LSE,4.5,,,56.25,-0.3553,0.2857,NO STICKER,C
BTCS,1.43,,,,-0.7675,0.2857,NO STICKER,C
YDDL,1.43,,,6.3443,-0.9119,0.8571,NO STICKER,A
NSTS,14.26,,,,-0.0014,0.0,NO STICKER,C
SRFM,0.972,,,,-0.8425,0.0,NO STICKER,
OSTX,1.62,,,,-0.28,0.0,NO STICKER,
GANX,1.71,,,,-0.606,0.1111,NO STICKER,C
BSIN,1.42,,,,-0.1497,0.2143,NO STICKER,C
MSGY,4.395,,,7.8482,-0.9168,0.5714,NO STICKER,C
CPSH,3.84,,,128.0,-0.7331,0.2,NO STICKER,C
OM,3.96,,,,-0.7549,0.1818,NO STICKER,C
TENX,1.98,,,,-0.8979,0.1,NO STICKER,C
WATT,13.34,,,,-0.6393,0.1333,NO STICKER,C
TSQ,4.55,,,,-0.4291,0.0,NO STICKER,C
DTCX,1.83,,,,-0.6764,0.2,NO STICKER,C
BARK,8.12,,,,-0.6096,0.0,NO STICKER,C
NTIC,7.7,,,,-0.2323,0.1333,NO STICKER,C
HYPR,0.8938,,,,-0.5974,0.0909,NO STICKER,C
UEIC,5.67,,,,-0.0534,0.0667,NO STICKER,C
AISP,2.12,,,2.7895,-0.7056,0.0,NO STICKER,
ASPS,6.37,,,42.4667,-0.5564,0.0,NO STICKER,C
OPXS,10.45,10.3362,5.1681,14.1216,-0.4116,0.8,ABOVE STICKER,A
RSSS,2.15,2.7,1.35,23.8889,-0.4327,0.4,BELOW STICKER,C
RGS,29.05,14.5376,7.2688,12.0539,-0.0778,0.0667,ABOVE STICKER,C
SLQT,0.411,,,,-0.8149,0.0909,NO STICKER,C
ATLX,2.41,,,,-0.7079,0.1538,NO STICKER,C
MAIA,1.19,,,,-0.627,0.0,NO STICKER,C
IBIO,1.125,,,,-0.7055,0.1333,NO STICKER,C
LEXX,2.88,,,,-0.8667,0.2,NO STICKER,C
STEX,0.6123,,,,-0.9148,0.0833,NO STICKER,C
RNXT,1.58,,,,-0.39,0.1,NO STICKER,C
NTWK,5.95,0.7726,0.3863,23.8,-0.023,0.2667,ABOVE STICKER,C
GOAI,1.81,,,6.9615,-0.8994,0.4286,NO STICKER,C
PODC,2.35,,,,-0.5481,0.1429,NO STICKER,C
ALDX,1.17,,,,-0.8027,0.0,NO STICKER,C
AIFC,0.5037,,,,-0.8375,0.2667,NO STICKER,C
PSIG,4.58,,,,-0.6183,0.0,NO STICKER,C
PRTS,8.63,,,,-0.214,0.0,NO STICKER,C
BZAI,0.48,,,,-0.929,0.1429,NO STICKER,C
SPRO,1.19,1.3601,0.6801,7.9333,-0.6136,0.2857,BELOW STICKER,C
CABO,12.21,,,,-0.9324,0.0667,NO STICKER,C
CING,4.76,,,,-0.5997,0.0,NO STICKER,C
IOR,17.0,3.2143,1.6071,17.3469,-0.2111,0.0833,ABOVE STICKER,C
RNTX,0.8007,,,,-0.6327,0.0,NO STICKER,C
CSBR,4.94,,,,-0.4055,0.0714,NO STICKER,C
CVU,5.17,,,,-0.1355,0.1333,NO STICKER,C
TTEC,1.38,,,,-0.6541,0.0,NO STICKER,C
AMCI,3.01,,,,-0.8115,0.0,NO STICKER,C
KNDI,0.82,,,,-0.3926,0.0,NO STICKER,C
PN,2.59,,,,-0.9353,0.4286,NO STICKER,C
THRY,1.52,,,152.0,-0.8791,0.0,NO STICKER,C
GEG,2.16,,,,-0.2367,0.0909,NO STICKER,C
ZONE,0.1316,,,,-0.948,0.2,NO STICKER,
XBIT,2.19,,,,-0.3634,0.0,NO STICKER,C
TYGO,0.8671,,,,-0.8372,0.25,NO STICKER,C
IPWR,4.05,,,,-0.5645,0.0,NO STICKER,C
CITR,2.95,,,,-0.7155,0.2,NO STICKER,C
GAUZ,5.145,,,,-0.9637,0.1429,NO STICKER,C
ASST,30.03,,,,-0.452,0.2857,NO STICKER,C
NMAD,4.12,,,,-0.5084,0.1667,NO STICKER,C
GNSS,1.45,,,,-0.413,0.0667,NO STICKER,C
HRTX,0.3476,,,,-0.78,0.0714,NO STICKER,C
DIT,67.56,,,73.4348,-0.2932,0.2,NO STICKER,C
PSHG,1.69,1.1158,0.5579,1.3203,-0.345,0.5333,ABOVE STICKER,C
CLST,16.3,,,29.1071,-0.2049,0.1429,NO STICKER,C
HOUR,1.86,,,37.2,-0.4151,0.6364,NO STICKER,C
WWR,0.5089,,,,-0.8643,0.0,NO STICKER,C
KBSX,1.45,,,,-0.1899,0.1429,NO STICKER,C
GUTS,0.4066,,,,-0.8337,0.0,NO STICKER,C
MYO,1.63,,,,-0.1353,0.1818,NO STICKER,C
SCOR,4.24,8.45,4.225,2.9929,-0.546,0.2667,BELOW STICKER,C
KLRS,2.7,,,,-0.7727,0.0,NO STICKER,C
PLRX,1.035,,,,-0.4692,0.0,NO STICKER,C
TRT,6.16,,,,-0.7119,0.4,NO STICKER,C
FRMM,4.83,,,,-0.8214,0.1111,NO STICKER,C
TKLF,1.5,,,75.0,-0.6032,0.1818,NO STICKER,C
INKT,12.44,,,,-0.2651,0.0,NO STICKER,C
WFCF,12.73,1.9281,0.9641,42.4333,-0.4253,0.2,ABOVE STICKER,C
DRIO,6.46,,,0.6383,-0.6097,0.1333,NO STICKER,C
SPWR,0.3,,,,-0.8678,0.1818,NO STICKER,C
ELOX,15.51,,,,-0.3372,0.0,NO STICKER,C
GEOS,4.8,,,,-0.8394,0.0,NO STICKER,C
ACET,6.5,,,,-0.6273,0.0,NO STICKER,C
AIRG,4.61,,,,-0.398,0.0,NO STICKER,C
MGN,3.71,,,371.0,-0.9994,0.0,NO STICKER,
UAVS,0.957,,,,-0.6723,0.1429,NO STICKER,C
GENI,6.02,,,,-0.5141,0.3636,NO STICKER,C
COPR,3.2,,,,-0.2471,0.0,NO STICKER,C
INTG,27.87,,,39.2535,-0.464,0.1429,NO STICKER,C
YIBO,1.05,,,,-0.4231,0.2857,NO STICKER,C
CTM,0.63,,,,-0.5368,0.2727,NO STICKER,C
BOLD,2.62,,,,-0.1719,0.0,NO STICKER,C
BOF,3.89,,,,-0.259,0.2857,NO STICKER,C
SKYE,1.68,,,,-0.9087,0.0833,NO STICKER,C
YARW,22.27,,,,-0.5257,0.0714,NO STICKER,C
BATL,1.03,,,,-0.9653,0.1333,NO STICKER,C
OMH,2.65,,,,-0.9758,0.1667,NO STICKER,C
ZYBT,1.24,,,,-0.8452,0.0,NO STICKER,C
DLHC,4.05,,,45.0,-0.5,0.3571,NO STICKER,C
TLPH,1.13,,,,-0.2803,0.0667,NO STICKER,C
FBDT,1.05,,,,-0.9125,0.1429,NO STICKER,C
CNTB,0.927,,,,-0.7573,0.0,NO STICKER,C
HYPD,3.73,,,,-0.6731,0.1818,NO STICKER,C
SLSN,0.82,,,41.0,-0.8043,0.4,NO STICKER,C
ANTA,2.32,,,3.0933,-0.8321,0.5714,NO STICKER,C
VBIO,2.59,,,,-0.9671,0.1667,NO STICKER,C
PEW,1.93,,,,-0.631,0.4286,NO STICKER,C
INVE,2.35,,,,-0.5566,0.1333,NO STICKER,C
FBIO,2.03,,,,-0.5519,0.1333,NO STICKER,C
LFS,2.14,,,19.4545,-0.8287,1.0,NO STICKER,
SORA,2.23,,,4.4502,-0.681,0.1429,NO STICKER,C
SELF,4.85,1.1341,0.567,26.9444,-0.1565,0.1818,ABOVE STICKER,C
PAAI,1.16,1.0663,0.5332,0.4427,-0.805,0.1429,ABOVE STICKER,C
TEAD,0.559,,,,-0.6929,0.1818,NO STICKER,C
ALGS,5.54,,,,-0.5953,0.0,NO STICKER,C
CALC,1.6,,,,-0.9556,0.0,NO STICKER,C
SCWO,3.08,,,,-0.7174,0.1333,NO STICKER,C
BRTX,2.14,,,,-0.9382,0.0667,NO STICKER,C
DOMH,2.24,,,,-0.7029,0.1429,NO STICKER,C
XPL,0.573,,,,-0.4153,0.0,NO STICKER,C
ROLR,4.89,,,14.8182,-0.8548,0.1429,NO STICKER,C
SGA,8.47,,,,-0.3578,0.0,NO STICKER,C
INMB,1.93,,,,-0.2577,0.1818,NO STICKER,C
EXOZ,5.77,,,,-0.6864,0.0,NO STICKER,C
ELTK,7.969,,,66.4083,-0.3124,0.3333,NO STICKER,C
SEGG,2.345,,,,-0.9346,0.0,NO STICKER,C
MDAI,1.66,,,,-0.4411,0.0,NO STICKER,C
TZOO,5.21,,,12.7073,-0.5795,0.1538,NO STICKER,C
TPCS,5.28,,,,-0.1632,0.1333,NO STICKER,C
BGSF,4.92,,,,-0.2711,0.0,NO STICKER,C
AIOS,11.32,,,,-0.8742,0.0667,NO STICKER,C
CLNN,4.08,,,,-0.6978,0.0,NO STICKER,C
RENT,1.55,5.97,2.985,2.4734,-0.847,0.0909,BELOW MOS,C
COCH,0.678,,,,-0.6413,0.0,NO STICKER,
MATH,1.11,,,,-0.7293,0.2727,NO STICKER,C
IMA,4.6,,,,-0.4945,0.0,NO STICKER,C
XLO,9.01,,,,-0.2841,0.2,NO STICKER,C
LIDR,1.12,,,,-0.72,0.1818,NO STICKER,C
SKIL,5.71,,,,-0.6905,0.0,NO STICKER,C
APT,5.09,,,15.4242,-0.3213,0.2,NO STICKER,C
USL,57.6935,,,,-0.0037,0.0,NO STICKER,C
CELU,1.6,,,,-0.3725,0.1,NO STICKER,C
FTEK,1.66,,,,-0.5188,0.0,NO STICKER,C
FBGL,3.81,,,,-0.7279,0.2857,NO STICKER,C
AVD,1.74,,,,-0.6865,0.0,NO STICKER,C
TELA,1.14,,,,-0.2875,0.1818,NO STICKER,C
VSME,0.93,,,,-0.9826,0.1429,NO STICKER,C
REKR,0.3714,,,,-0.8914,0.0909,NO STICKER,C
SCYX,5.12,,,,-0.4386,0.1429,NO STICKER,C
FLL,1.39,,,,-0.5875,0.0667,NO STICKER,C
OPAL,1.74,,,11.6,-0.3937,0.4286,NO STICKER,C
NCEW,17.63,,,,-0.1538,0.0,NO STICKER,C
BRID,5.59,,,,-0.3515,0.1333,NO STICKER,C
CLPR,3.14,,,,-0.2731,0.0,NO STICKER,C
SPCB,9.41,17.9766,8.9883,12.5467,-0.2688,0.3333,BELOW STICKER,C
CSAI,2.68,,,,-0.9612,0.1429,NO STICKER,C
ELTX,1.92,,,,-0.88,0.0,NO STICKER,C
ANVS,1.18,,,,-0.7855,0.0,NO STICKER,C
CHGA,2.51,,,,-0.949,0.0,NO STICKER,C
SER,1.96,,,,-0.6638,0.1,NO STICKER,C
TACT,4.81,,,,-0.201,0.2,NO STICKER,C
DWTX,1.46,,,,-0.7972,0.0,NO STICKER,C
WOK,1.71,,,,-1.0,0.0,NO STICKER,C
CULP,3.89,,,,-0.1239,0.0,NO STICKER,C
STKS,1.56,,,,-0.4639,0.3333,NO STICKER,C
AACG,0.77,,,,-0.4867,0.0,NO STICKER,C
TCBS,17.13,,,17.13,-0.1435,0.0,NO STICKER,C
SRTS,2.98,,,,-0.4572,0.2667,NO STICKER,C
BIAF,6.055,,,,-0.925,0.1429,NO STICKER,C
MKTW,20.11,,,8.7056,-0.1191,0.0,NO STICKER,C
TIL,7.22,,,,-0.6715,0.0,NO STICKER,C
POCI,4.46,,,,-0.2748,0.4,NO STICKER,C
NPT,2.44,,,,-0.891,0.1429,NO STICKER,C
DSWL,3.07,2.1465,1.0733,4.5821,-0.2438,0.1333,ABOVE STICKER,C
BSEM,2.73,,,,-0.675,0.4286,NO STICKER,C
APUS,3.22,,,,-0.9461,0.0,NO STICKER,C
YHNA,11.21,,,,-0.0658,0.0,NO STICKER,
NXB,1.91,,,,-0.5103,0.5714,NO STICKER,C
SMJF,1.85,,,,-0.8389,0.0,NO STICKER,
XTNT,0.3411,0.8134,0.4067,11.37,-0.6409,0.2,BELOW MOS,C
ACFN,19.02,17.72,8.86,19.2121,-0.3563,0.4667,ABOVE STICKER,C
SEV,1.655,,,,-0.9262,0.0,NO STICKER,C
HAIN,0.5191,,,,-0.6835,0.0667,NO STICKER,C
ODYS,2.81,,,,-0.7513,0.1429,NO STICKER,C
LNAI,1.3,,,,-0.9021,0.0,NO STICKER,C
VRM,9.03,,,,-0.6746,0.1111,NO STICKER,C
XOS,3.3,,,,-0.601,0.0909,NO STICKER,C
SMTK,1.65,,,,-0.9913,0.2,NO STICKER,C
CAST,1.18,,,,-0.9642,0.1429,NO STICKER,C
IPDN,3.22,,,,-0.5818,0.0667,NO STICKER,C
IDN,2.27,1.6101,0.805,37.8333,-0.75,0.2667,ABOVE STICKER,C
AVX,6.2,,,,-0.8798,0.1,NO STICKER,C
SOWG,2.28,,,,-0.8566,0.0,NO STICKER,C
CRVO,3.02,,,,-0.698,0.0,NO STICKER,C
KFFB,5.64,,,282.0,-0.1269,0.0,NO STICKER,C
TVGN,6.98,,,,-0.821,0.0,NO STICKER,
LONA,4.82,,,,-0.6608,0.0,NO STICKER,C
SAIH,24.71,,,,-0.2512,0.2,NO STICKER,C
RFL,1.54,,,,-0.6111,0.0909,NO STICKER,C
MBBC,15.03,0.2142,0.1071,22.7727,-0.0481,0.3333,ABOVE STICKER,C
CPOP,3.2,,,,-0.9916,0.2727,NO STICKER,C
HIT,0.783,,,39.15,-0.8052,0.8571,NO STICKER,C
STI,5.31,,,,-0.8846,0.0,NO STICKER,
HOWL,0.9281,,,,-0.5683,0.0,NO STICKER,C
CATO,2.4,,,,-0.4794,0.0,NO STICKER,C
BNAI,6.02,,,,-0.9302,0.1429,NO STICKER,C
FLNA,0.931,,,,-0.8131,0.0,NO STICKER,C
SIDU,1.81,,,,-0.7334,0.1818,NO STICKER,C
HGBL,1.29,,,12.9,-0.2182,0.4667,NO STICKER,C
CNVS,1.905,,,,-0.4634,0.0667,NO STICKER,C
RDI,1.965,,,,-0.1846,0.0667,NO STICKER,C
GROV,1.04,,,,-0.3376,0.0,NO STICKER,C
CLGN,3.46,,,,-0.8709,0.0909,NO STICKER,C
PLCE,1.99,,,,-0.7918,0.0,NO STICKER,C
NNOX,0.6357,,,,-0.8649,0.2,NO STICKER,C
SPWH,1.13,,,,-0.6627,0.0667,NO STICKER,C
VHC,10.48,,,,-0.6386,0.2143,NO STICKER,C
AGIG,1.0,,,,-0.8507,0.0714,NO STICKER,C
NA,2.2,,,2.268,-0.6315,0.1429,NO STICKER,C
VHUB,0.4754,,,,-0.9882,0.0,NO STICKER,
LOAN,3.775,0.4787,0.2394,8.3889,-0.3491,0.2,ABOVE STICKER,C
AMIX,3.78,,,,-0.8839,0.0,NO STICKER,C
VERU,2.51,,,,-0.6576,0.0,NO STICKER,C
RYM,19.6,,,,-0.6347,0.0909,NO STICKER,C
NCT,1.68,,,16.8,-0.9983,0.7143,NO STICKER,B
IZEA,2.45,,,,-0.5818,0.0667,NO STICKER,C
INV,0.504,,,,-0.9359,0.0,NO STICKER,
SFHG,2.1,,,,-0.5758,0.0,NO STICKER,C
PXLW,7.03,,,,-0.5441,0.0,NO STICKER,C
PROP,0.3759,,,,-0.8526,0.4667,NO STICKER,C
ATHR,3.45,,,,-0.4971,0.1429,NO STICKER,C
BTMD,1.15,,,1.5541,-0.6472,0.5714,NO STICKER,C
AXIL,6.17,6.7,3.35,18.697,-0.3742,0.5455,BELOW STICKER,C
BZFD,1.11,,,,-0.4977,0.0,NO STICKER,C
LITS,1.38,,,,-0.5354,0.0833,NO STICKER,C
PDSB,0.7485,,,,-0.5171,0.0,NO STICKER,C
LASE,0.8329,,,,-0.8265,0.2,NO STICKER,C
TCRX,0.3205,,,,-0.8753,0.1818,NO STICKER,C
CIRC,0.511,,,,-0.8879,0.1,NO STICKER,C
SNWV,4.82,12.3,6.15,11.7561,-0.8821,0.4667,BELOW MOS,C
SYPR,1.8,,,,-0.6203,0.0,NO STICKER,C
PRPO,23.13,,,,-0.3122,0.2667,NO STICKER,C
CVRX,1.55,,,,-0.8628,0.1818,NO STICKER,C
ZDGE,3.0,,,,-0.3617,0.3333,NO STICKER,C
SDA,0.429,,,,-0.8411,0.1429,NO STICKER,C
RPID,0.92,,,,-0.8138,0.1818,NO STICKER,C
INDO,2.67,,,,-0.6859,0.0,NO STICKER,C
STEM,4.26,,,,-0.8678,0.1,NO STICKER,C
KG,5.24,,,0.6485,-0.8029,0.4286,NO STICKER,C
MIND,4.51,0.4613,0.2306,50.1111,-0.689,0.2,ABOVE STICKER,C
PHUN,2.0,,,,-0.3614,0.0,NO STICKER,C
CYCU,3.82,,,,-0.9567,0.1429,NO STICKER,C
PLUT,2.65,,,,-0.3375,0.1429,NO STICKER,C
XAIR,2.82,,,,-0.9493,0.1818,NO STICKER,C
CVM,2.31,,,,-0.7841,0.0,NO STICKER,C
MAMO,0.969,,,24.225,-0.8267,0.4286,NO STICKER,C
LCCC,10.54,,,34.0,-0.0019,0.0,NO STICKER,
IXHL,3.21,,,,-0.7851,0.1429,NO STICKER,C
BAER,0.68,,,,-0.8023,0.5,NO STICKER,
NEPH,3.67,3.3,1.65,33.3636,-0.4283,0.4,ABOVE STICKER,C
SEAT,3.52,,,,-0.7721,0.5714,NO STICKER,C
CMTL,1.32,,,,-0.7874,0.0,NO STICKER,C
QTEX,1.1,,,,-0.7143,0.0,NO STICKER,C
BCHT,1.5,,,,-0.6875,0.0714,NO STICKER,C
DXST,2.42,,,,-0.961,0.5714,NO STICKER,C
LVLU,13.64,,,,-0.578,0.0,NO STICKER,C
QTI,2.67,,,,-0.9273,0.1429,NO STICKER,C
NOEM,10.51,,,,-0.1672,0.0,NO STICKER,
OMEX,0.6639,,,,-0.8501,0.0,NO STICKER,C
ACH,0.5052,,,,-0.9098,0.0,NO STICKER,C
MTNB,2.64,,,,-0.9107,0.0,NO STICKER,C
LSF,3.46,,,,-0.4126,0.1818,NO STICKER,C
MGX,1.02,,,,-0.7418,0.0,NO STICKER,C
AFJK,12.11,,,,-0.9071,0.0,NO STICKER,
ENGS,3.05,,,,-0.7556,0.0,NO STICKER,
COSM,0.38,,,,-0.7121,0.1333,NO STICKER,C
RMCO,2.52,,,,-0.496,0.4286,NO STICKER,C
MLCI,3.4,,,,-0.6083,0.0,NO STICKER,C
HBIO,8.34,,,,-0.1128,0.1333,NO STICKER,C
XBP,3.165,,,7.7195,-0.6298,0.0,NO STICKER,
AHMA,1.32,,,33.0,-0.9666,0.5714,NO STICKER,C
WNW,2.385,,,,-0.9982,0.2727,NO STICKER,C
NTIP,1.63,,,,-0.0686,0.0667,NO STICKER,C
EDSA,3.86,,,,-0.81,0.25,NO STICKER,C
KAPA,1.56,,,,-0.8373,0.0,NO STICKER,C
LBGJ,2.03,,,,-0.9999,0.1429,NO STICKER,C
ELWT,5.57,,,,-0.427,0.1429,NO STICKER,C
ATNM,1.17,,,,-0.3276,0.0,NO STICKER,C
PPSI,3.31,,,,-0.4738,0.1333,NO STICKER,C
GPMT,0.7607,,,,-0.7447,0.0,NO STICKER,C
DCGO,0.3695,,,,-0.7761,0.0909,NO STICKER,C
KOSS,3.86,,,,-0.3228,0.0,NO STICKER,C
STFS,3.65,,,,-0.8261,0.0,NO STICKER,
SLND,0.67,,,,-0.8745,0.1429,NO STICKER,C
STRR,9.76,,,,-0.1839,0.2857,NO STICKER,C
SNT,1.54,,,11.0,-0.7116,0.2857,NO STICKER,C
GSUI,16.29,,,,-0.1538,0.0,NO STICKER,
ELUT,0.779,,,0.8954,-0.4375,0.0,NO STICKER,C
LVO,2.63,,,,-0.6342,0.0,NO STICKER,C
FTCI,2.15,,,,-0.8314,0.1,NO STICKER,C
FGC,6.94,,,,-0.7818,0.2,NO STICKER,C
NSRX,3.92,,,,-0.5874,0.0,NO STICKER,C
MVIS,1.48,,,,-0.9359,0.0,NO STICKER,C
BCTX,4.04,,,,-0.7248,0.0,NO STICKER,C
HOLO,1.56,,,,-0.7239,0.25,NO STICKER,C
NTCL,1.95,,,,-0.9874,0.1429,NO STICKER,C
GETY,0.0829,,,,-0.9742,0.0,NO STICKER,C
TOON,0.561,,,,-0.5651,0.2,NO STICKER,C
RMTI,8.65,,,,-0.3295,0.0,NO STICKER,C
GAIA,1.39,,,,-0.7825,0.0667,NO STICKER,C
SJ,0.8259,,,,-0.4933,0.0,NO STICKER,C
SCLX,4.06,,,,-0.7585,0.0,NO STICKER,C
FSP,0.33,,,,-0.8059,0.0,NO STICKER,C
BODI,4.92,,,,-0.7084,0.0909,NO STICKER,C
FLYX,1.25,,,,-0.8592,0.1667,NO STICKER,C
HHS,4.56,,,,-0.0236,0.0667,NO STICKER,C
NIKI,4.6,,,,-0.8224,0.0,NO STICKER,C
CREX,2.5,,,,-0.4344,0.2,NO STICKER,C
GRCE,2.07,,,,-0.6004,0.0,NO STICKER,C
ARAY,0.281,,,,-0.8662,0.0,NO STICKER,C
MLSS,0.378,,,,-0.37,0.0667,NO STICKER,C
EHLD,11.84,,,2.2467,-0.2506,0.7143,NO STICKER,B
BHST,1.47,,,,-0.8852,0.1667,NO STICKER,C
BXBL,3.23,,,,-0.7866,0.0,NO STICKER,
NSYS,11.58,,,,-0.357,0.1333,NO STICKER,C
TAOX,4.41,,,,-0.559,0.2,NO STICKER,C
DDI,13.31,,,0.3269,-0.0067,0.2857,NO STICKER,C
RYOJ,2.85,,,285.0,-0.7507,0.4286,NO STICKER,C
DLXY,2.01,,,,-0.9097,0.0,NO STICKER,C
RAVE,2.31,3.0861,1.5431,11.55,-0.3583,0.4,BELOW STICKER,C
UG,7.13,,,15.5,-0.1562,0.2,NO STICKER,C
NAII,1.48,,,,-0.7016,0.0,NO STICKER,C
NNVC,1.28,,,,-0.426,0.0,NO STICKER,C
WPRT,1.88,,,,-0.2627,0.0,NO STICKER,C
SRXH,1.61,,,,-0.9622,0.0,NO STICKER,C
VAI,2.24,,,,-0.0667,0.0,NO STICKER,C
EUDA,17.2363,,,,-0.7996,0.1667,NO STICKER,C
GMHS,0.6102,,,7.6275,-0.5932,0.2857,NO STICKER,C
BOSC,4.63,2.7797,1.3899,8.1228,-0.311,0.4667,ABOVE STICKER,C
ACCL,2.6,,,31.3253,-0.48,0.8571,NO STICKER,A
WKHS,2.97,,,,-0.7903,0.2667,NO STICKER,C
BYSI,0.7873,,,,-0.6773,0.0,NO STICKER,C
CCEL,3.99,,,,-0.1857,0.1429,NO STICKER,C
RYDE,0.716,,,,-0.5381,0.2857,NO STICKER,C
YSXT,1.232,,,11.2,-0.6076,0.4286,NO STICKER,C
VTSI,2.79,,,139.5,-0.5564,0.2727,NO STICKER,C
COHN,9.78,,,1.1241,-0.7,0.5333,NO STICKER,C
FIEE,3.67,,,36.7,-0.6534,0.1333,NO STICKER,C
BHM,8.01,,,,-0.3977,0.2857,NO STICKER,C
BGDE,5.47,,,,-0.8633,0.0714,NO STICKER,C
DAIO,2.98,,,,-0.3363,0.0,NO STICKER,C
BDMD,0.7511,,,,-0.797,0.2857,NO STICKER,C
MIRA,0.73,,,,-0.702,0.1667,NO STICKER,C
RYET,0.86,,,,-0.5764,0.1429,NO STICKER,C
SPRU,1.58,,,,-0.7659,0.1818,NO STICKER,C
FAC,6.0,,,,-0.7631,0.0,NO STICKER,
CVV,4.33,,,,-0.5242,0.0,NO STICKER,C
GROW,2.86,,,11.9167,-0.2164,0.0714,NO STICKER,C
FLD,0.541,,,,-0.8724,0.1429,NO STICKER,C
NOMA,1.945,,,,-0.8658,0.0,NO STICKER,C
QNCX,29.2,,,,-0.9679,0.0,NO STICKER,C
XTIA,0.77,,,,-0.7586,0.2,NO STICKER,C
PETS,1.36,,,,-0.6683,0.0,NO STICKER,C
KLXE,1.38,,,,-0.6933,0.0909,NO STICKER,C
CNTY,1.04,,,,-0.619,0.2667,NO STICKER,C
MCRB,2.94,,,4.5938,-0.9019,0.0667,NO STICKER,C
KUST,4.48,,,,-0.9862,0.0,NO STICKER,C
NTRP,1.95,,,,-0.625,0.3333,NO STICKER,C
NSPR,0.6225,,,,-0.7578,0.2,NO STICKER,C
QRHC,1.37,,,,-0.4315,0.2,NO STICKER,C
YOUL,0.396,,,4.95,-0.8141,0.0,NO STICKER,
AEI,0.7415,,,,-0.8136,0.0909,NO STICKER,C
ATCH,0.188,,,9.4,-0.6933,0.1429,NO STICKER,C
AIFA,4.47,,,,-0.2475,0.1,NO STICKER,C
CNTX,0.3097,,,,-0.9144,0.0,NO STICKER,C
IGC,0.275,,,,-0.3889,0.0,NO STICKER,C
BLNE,0.8634,,,,-0.7763,0.1333,NO STICKER,C
CLPS,1.03,,,,-0.4521,0.1818,NO STICKER,C
CPHI,0.657,,,,-0.9658,0.0667,NO STICKER,C
ATYR,0.2872,,,,-0.7436,0.0,NO STICKER,C
FKWL,2.39,,,,-0.5639,0.0,NO STICKER,C
VTIX,1.2,,,,-0.9871,0.1429,NO STICKER,C
MSS,1.555,,,22.2143,-0.9704,0.2857,NO STICKER,C
BIRD,3.365,,,,-0.8616,0.0,NO STICKER,C
SWAG,1.47,,,,-0.58,0.2727,NO STICKER,C
APWC,1.32,,,1.6709,-0.4211,0.0,NO STICKER,
ELAB,3.36,,,,-0.9987,0.0,NO STICKER,
GRDX,3.81,,,,-0.4501,0.0,NO STICKER,C
SPHL,2.35,,,,-0.9064,0.1429,NO STICKER,C
ABVC,1.01,,,,-0.7029,0.2,NO STICKER,C
CRWS,2.48,,,14.5882,-0.2102,0.0,NO STICKER,C
RNAZ,1.57,,,,-0.9252,0.0,NO STICKER,C
BRLS,1.21,,,,-0.716,0.0,NO STICKER,C
AAME,1.27,,,,-0.608,0.0667,NO STICKER,C
CEPS,10.28,,,,-0.0163,0.0,NO STICKER,
PRHI,6.86,,,,-0.6537,0.0,NO STICKER,C
LOCL,1.095,,,,-0.7259,0.1818,NO STICKER,C
BEEM,1.13,,,,-0.7203,0.2667,NO STICKER,C
KYNB,6.31,,,0.1391,-0.4798,0.0,NO STICKER,C
REFR,0.7286,,,,-0.7301,0.0,NO STICKER,C
KTCC,2.26,,,,-0.4887,0.0,NO STICKER,C
BEAT,0.435,,,,-0.8912,0.1111,NO STICKER,C
MLGO,3.17,,,1.4953,-0.7236,0.25,NO STICKER,C
KMRK,1.15,,,171.6418,-0.8255,0.4286,NO STICKER,C
DXLG,0.4342,,,,-0.7252,0.0667,NO STICKER,C
JAGU,1.19,,,,-0.7836,0.0,NO STICKER,C
AWRE,1.1,,,,-0.6127,0.0,NO STICKER,C
CIIT,2.48,,,,-0.9653,0.25,NO STICKER,C
CLIR,3.51,,,,-0.6866,0.1333,NO STICKER,C
EOCN,3.61,,,1.5105,-0.7265,0.0909,NO STICKER,C
TXMD,2.05,,,,-0.3051,0.2,NO STICKER,C
USEA,2.665,,,,-0.1672,0.0,NO STICKER,C
PAPL,0.9326,,,,-0.8502,0.1429,NO STICKER,C
MSGM,4.86,,,3.3986,-0.1256,0.3333,NO STICKER,C
ATOS,2.34,,,,-0.8791,0.0833,NO STICKER,C
LIVE,7.599,10.0119,5.006,1.5414,-0.6652,0.4,BELOW STICKER,C
VIP,1.52,1.29,0.645,4.4706,-0.5476,0.125,ABOVE STICKER,C
NXTC,5.09,,,,-0.6766,0.0,NO STICKER,C
JOB,0.212,,,,-0.2429,0.1333,NO STICKER,C
WXM,3.76,,,,-0.8975,0.2857,NO STICKER,C
NXPL,8.55,,,,-0.2297,0.1333,NO STICKER,C
MBAI,3.29,,,4.9848,-0.8801,0.0,NO STICKER,C
DRK,2.64,,,,-0.7905,0.1333,NO STICKER,C
PAVM,2.87,,,,-0.8991,0.1538,NO STICKER,C
GRAN,0.94,,,,-0.8409,0.4286,NO STICKER,C
DKI,1.38,,,,-0.8488,0.2857,NO STICKER,C
ANPA,1.97,,,171.3043,-0.9891,0.4286,NO STICKER,C
JVA,3.98,0.478,0.239,15.92,-0.2087,0.0667,ABOVE STICKER,C
INLF,3.55,,,,-0.9992,0.2857,NO STICKER,C
INLX,5.05,,,,-0.5702,0.2667,NO STICKER,C
ASTI,2.31,,,,-0.766,0.0667,NO STICKER,C
AYTU,2.07,,,,-0.3257,0.1333,NO STICKER,C
KPLT,4.52,,,,-0.7187,0.1,NO STICKER,C
WETO,1.08,,,,-0.9957,0.0,NO STICKER,
MWYN,1.1,,,,-0.2361,0.1429,NO STICKER,C
COCP,1.145,,,,-0.436,0.0,NO STICKER,C
CKX,10.63,5.2286,2.6143,7.2313,-0.1455,0.4,ABOVE STICKER,C
SKYQ,2.46,,,,-0.8735,0.0,NO STICKER,
LOOP,0.4477,,,,-0.775,0.0,NO STICKER,C
EHTH,0.67,,,,-0.8862,0.0667,NO STICKER,C
HKIT,2.48,,,124.0,-0.9998,0.1818,NO STICKER,C
AIFF,1.36,,,,-0.5683,0.2,NO STICKER,C
RVP,0.697,,,,-0.3886,0.1333,NO STICKER,C
PIII,6.36,,,,-0.6234,0.1111,NO STICKER,C
ICU,4.69,,,,-0.3619,0.1429,NO STICKER,C
HSCS,4.3,,,,-0.181,0.1429,NO STICKER,C
NYC,6.51,,,,-0.534,0.0,NO STICKER,C
MXC,10.06,8.4074,4.2037,15.9683,-0.3896,0.4667,ABOVE STICKER,C
UTSI,2.24,,,,-0.3829,0.0,NO STICKER,C
MNDO,1.01,,,7.7692,-0.2171,0.1333,NO STICKER,C
BRLT,1.39,,,,-0.5207,0.3333,NO STICKER,C
MTEN,1.01,,,,-0.9991,0.2,NO STICKER,
AIXC,1.01,,,,-0.8308,0.0909,NO STICKER,C
ESLA,0.468,,,,-0.8514,0.0,NO STICKER,
JBDI,1.06,,,212.0,-0.7675,0.0,NO STICKER,C
TLF,2.45,1.4728,0.7364,2.2273,-0.2708,0.0667,ABOVE STICKER,C
BBGI,11.08,,,,-0.6218,0.0,NO STICKER,C
CHOW,0.56,,,,-0.9535,0.0,NO STICKER,
SHPH,4.17,,,,-0.9254,0.1667,NO STICKER,C
VNTG,0.638,,,,-0.9167,0.2857,NO STICKER,C
ACTU,0.819,,,,-0.9035,0.1667,NO STICKER,C
BMR,1.26,,,,-0.6062,0.0909,NO STICKER,C
GIFT,0.55,,,,-0.5736,0.0,NO STICKER,C
CCHH,1.02,,,,-0.9934,0.1429,NO STICKER,C
AZIO,1.18,,,,-0.7597,0.1538,NO STICKER,C
CTRM,2.0,2.2787,1.1394,1.1111,-0.2481,0.2727,BELOW STICKER,C
QNME,0.56,,,,-0.6667,0.1429,NO STICKER,C
PMEC,0.5012,,,,-0.7946,0.0,NO STICKER,C
STG,2.85,,,0.3673,-0.6659,0.4545,NO STICKER,C
LEDS,2.32,,,,-0.3591,0.2,NO STICKER,C
SST,2.44,,,,-0.7092,0.0,NO STICKER,C
EFOI,2.985,,,,-0.6966,0.0667,NO STICKER,C
UCAR,4.15,,,,-0.9905,0.0,NO STICKER,C
JSPR,0.565,,,,-0.79,0.0,NO STICKER,C
AIIO,1.19,,,,-0.9708,0.0,NO STICKER,C
REBN,2.18,,,,-0.261,0.2857,NO STICKER,C
NEUP,3.47,,,,-0.8379,0.1429,NO STICKER,C
EXYN,2.34,,,,-0.675,0.0,NO STICKER,C
RECT,1.28,,,6.7368,-0.7124,0.8571,NO STICKER,B
FOXX,2.6,,,,-0.6709,0.0,NO STICKER,
IDAI,3.25,,,,-0.3845,0.1818,NO STICKER,C
KPTI,0.8022,,,,-0.927,0.0714,NO STICKER,C
DUKR,5.32,,,,-0.6254,0.1429,NO STICKER,C
ACCS,4.71,5.1274,2.5637,4.2432,-0.5847,0.2,BELOW STICKER,C
TGHL,0.7859,,,,-0.6831,0.0,NO STICKER,
CUPR,2.42,,,,-0.8365,0.0,NO STICKER,C
UONE,3.98,,,,-0.7651,0.0,NO STICKER,C
INTZ,0.719,,,,-0.6833,0.1333,NO STICKER,C
MRKR,1.05,,,,-0.5732,0.0714,NO STICKER,C
BNGO,1.48,,,,-0.3363,0.1818,NO STICKER,C
RKTO,0.6977,,,,-0.7152,0.0,NO STICKER,C
AMOD,3.49,,,,-0.9329,0.0,NO STICKER,
BCG,1.01,,,25.25,-0.7064,0.4286,NO STICKER,C
MERC,0.2569,,,,-0.9132,0.0,NO STICKER,C
LIQT,0.5219,,,,-0.8442,0.0667,NO STICKER,C
LHAI,1.04,,,,-0.9336,0.5714,NO STICKER,C
FEMY,2.05,,,,-0.9077,0.2727,NO STICKER,C
MDRR,10.41,,,,-0.2831,0.0,NO STICKER,C
ARTL,3.68,,,,-0.9795,0.0,NO STICKER,C
LPCN,2.05,,,,-0.8343,0.0,NO STICKER,C
ESYN,2.18,,,,-0.2595,0.0,NO STICKER,C
CLRB,1.78,,,,-0.727,0.0,NO STICKER,C
FXHO,9.935,,,,-0.9984,0.1111,NO STICKER,C
JL,4.585,,,6.1133,-0.4422,0.4286,NO STICKER,C
MGIH,1.49,,,,-0.3992,0.0,NO STICKER,C
PTN,9.33,,,,-0.699,0.1333,NO STICKER,C
DYAI,0.4558,,,,-0.7151,0.0909,NO STICKER,C
LFWD,5.85,,,,-0.4265,0.1333,NO STICKER,C
ALLR,1.04,,,,-0.4348,0.0,NO STICKER,C
BESS,2.31,,,,-0.8651,0.0833,NO STICKER,C
FABC,2.34,,,,-0.7019,0.0,NO STICKER,C
ARTW,3.125,,,15.625,-0.2506,0.0667,NO STICKER,C
ARKR,4.5,,,,-0.5263,0.0,NO STICKER,C
EDTK,1.0,,,,-0.2647,0.0,NO STICKER,C
IPM,1.78,,,,-0.2124,0.2,NO STICKER,C
ONEG,1.0,,,,-0.9331,0.0,NO STICKER,C
PMA,1.23,,,,-0.5444,0.3333,NO STICKER,C
KTTA,0.476,,,,-0.7689,0.1667,NO STICKER,C
DOGZ,0.89,,,,-0.9433,0.2,NO STICKER,C
GTIM,1.5,0.6387,0.3193,15.0,-0.2823,0.1333,ABOVE STICKER,C
FOFO,2.09,,,,-0.9042,0.2857,NO STICKER,C
PSQH,4.7,,,,-0.8747,0.1429,NO STICKER,C
GIGM,1.43,,,,-0.1686,0.0667,NO STICKER,C
ATTT,2.69,,,2.9239,-0.6828,0.8571,NO STICKER,A
FCHL,0.9274,,,,-0.9967,0.5714,NO STICKER,C
BCDA,1.04,,,,-0.4222,0.0,NO STICKER,C
OPAD,3.255,,,,-0.5383,0.0909,NO STICKER,C
SCAG,0.2173,,,,-0.9361,0.25,NO STICKER,
PLRZ,9.61,,,1.9612,-0.472,0.0,NO STICKER,C
NEON,0.9209,,,1.8057,-0.7663,0.1333,NO STICKER,C
GTEC,0.8101,,,2.6132,-0.4968,0.3636,NO STICKER,C
GPUS,0.1698,,,,-0.9535,0.2667,NO STICKER,C
TVRD,1.15,,,,-0.9737,0.0,NO STICKER,C
AEMD,6.45,,,,-0.8407,0.0,NO STICKER,C
SUNE,2.34,,,,-0.7524,0.1333,NO STICKER,C
UNL,5.635,,,,-0.3814,0.0,NO STICKER,C
FNGR,0.248,,,,-0.8873,0.1818,NO STICKER,C
EONR,0.4866,,,,-0.692,0.1429,NO STICKER,C
BFRI,1.015,,,,-0.3886,0.3636,NO STICKER,C
SOAR,0.281,,,2.8576,-0.9274,0.1667,NO STICKER,C
FGI,7.76,,,,-0.6106,0.2857,NO STICKER,C
WIMI,0.7689,13.7301,6.865,0.3387,-0.8474,0.1818,BELOW MOS,C
CDLX,2.53,,,,-0.9052,0.0,NO STICKER,C
IHT,1.32,,,,-0.3053,0.0667,NO STICKER,C
SMSI,2.65,,,,-0.4301,0.0,NO STICKER,C
UUU,4.88,,,,-0.376,0.0,NO STICKER,C
AHT,2.28,,,,-0.6219,0.0667,NO STICKER,C
SINT,2.21,,,,-0.5237,0.0667,NO STICKER,C
CTXR,0.5316,,,,-0.7573,0.0,NO STICKER,C
SHFS,1.18,,,,-0.9861,0.0,NO STICKER,C
CDTG,1.07,,,,-0.9429,0.0,NO STICKER,C
FUSE,0.496,,,,-0.9802,0.0,NO STICKER,
AXG,0.115,,,,-0.9758,0.2857,NO STICKER,C
ASTC,7.06,,,,-0.8975,0.0667,NO STICKER,C
BRN,0.982,,,,-0.2986,0.0667,NO STICKER,C
SDOT,10.71,,,,-0.9589,0.125,NO STICKER,C
BTLN,5.2,,,,-0.6369,0.0,NO STICKER,C
CJMB,2.44,,,,-0.5651,0.0,NO STICKER,C
BNKK,1.75,,,,-0.8963,0.1818,NO STICKER,C
BRFH,0.854,,,,-0.7717,0.2857,NO STICKER,C
AEON,0.279,,,,-0.8076,0.0,NO STICKER,
IZM,1.2,,,12.0,-0.9121,0.1429,NO STICKER,C
FLUX,0.64,,,,-0.9152,0.0667,NO STICKER,C
INAB,1.4,,,,-0.4872,0.0,NO STICKER,C
NCEL,2.85,,,1.3194,-0.8561,0.0,NO STICKER,C
PMI,5.78,,,,-0.9915,0.0,NO STICKER,
PETZ,1.3,,,7.6471,-0.2877,0.2,NO STICKER,C
DLPN,1.03,,,,-0.4521,0.1333,NO STICKER,C
HIND,1.91,,,,-0.7088,0.0667,NO STICKER,C
WETH,1.0,1.6408,0.8204,1.6667,-0.7283,0.4545,BELOW STICKER,C
TEM,76.63,,,,-0.2654,0.2857,NO STICKER,C
PASG,4.12,,,,-0.794,0.0,NO STICKER,C
LSTA,1.47,,,,-0.7101,0.0,NO STICKER,C
ZDAI,1.5784,,,,-0.8685,0.1429,NO STICKER,C
AIRI,2.72,,,,-0.3114,0.0,NO STICKER,C
RCT,0.1926,,,,-0.9177,0.0,NO STICKER,
EBON,2.085,,,,-0.6301,0.0909,NO STICKER,C
TULP,2.71,,,,-0.5099,0.1818,NO STICKER,C
TMDE,0.6534,,,7.26,-0.863,0.4286,NO STICKER,C
MDBH,2.4,,,,-0.5,0.0,NO STICKER,
NVMI,396.12,238.8,119.4,49.7638,-0.3569,0.9333,BUY*,A
DARE,0.843,,,,-0.777,0.0769,NO STICKER,C
MTEX,6.64,,,,-0.4667,0.0,NO STICKER,C
MI,0.894,,,,-0.9549,0.1667,NO STICKER,C
GCTK,1.21,31.22,15.61,0.0388,-0.9911,0.1667,BELOW MOS,C
DFLI,0.8512,,,,-0.9674,0.1429,NO STICKER,C
HTCO,2.33,,,,-0.9588,0.4545,NO STICKER,C
PLUR,1.01,,,,-0.7926,0.0,NO STICKER,C
SLGB,0.2879,,,,-0.9526,0.0,NO STICKER,
EQS,0.884,,,,-0.614,0.0,NO STICKER,C
ASBP,8.78,,,,-0.532,0.0,NO STICKER,
HODO,0.145,,,,-0.9926,0.0,NO STICKER,C
CNSY,1.6,,,,-0.9319,0.0714,NO STICKER,C
WFF,2.405,,,,-0.7754,0.5714,NO STICKER,C
CABR,1.16,,,,-0.3696,0.0,NO STICKER,
PRZO,0.61,,,1.9677,-0.6789,0.1429,NO STICKER,C
SPPL,2.055,,,,-0.7064,0.1429,NO STICKER,C
CETY,0.975,,,,-0.6803,0.0667,NO STICKER,C
OFAL,0.449,,,,-0.9652,0.2,NO STICKER,
STAK,1.1,,,,-0.9083,0.5714,NO STICKER,C
ATER,0.6547,,,,-0.6499,0.0,NO STICKER,C
TPST,0.8112,,,,-0.9337,0.0833,NO STICKER,C
BTBD,1.87,,,,-0.246,0.0909,NO STICKER,C
VTGN,0.281,,,,-0.9453,0.0667,NO STICKER,C
BFRG,0.6175,,,,-0.6973,0.0,NO STICKER,C
PHIO,0.985,,,,-0.7649,0.1667,NO STICKER,C
ICMB,0.79,,,,-0.7468,0.0,NO STICKER,C
HPAI,0.3041,,,6.082,-0.9335,0.7143,NO STICKER,B
KITT,1.52,,,,-0.9913,0.1429,NO STICKER,C
KPRX,2.56,,,,-0.1322,0.0667,NO STICKER,C
IRIX,0.643,,,,-0.6103,0.0667,NO STICKER,C
MEDS,3.68,,,,-0.9496,0.1429,NO STICKER,C
IQST,1.03,,,,-0.8429,0.1667,NO STICKER,C
TOMZ,1.38,,,,-0.5856,0.0,NO STICKER,C
INTS,3.44,,,,-0.9209,0.1667,NO STICKER,C
CMCT,3.8,,,,-0.9974,0.0,NO STICKER,C
ARAI,0.2155,,,,-0.9686,0.0,NO STICKER,C
EDUC,1.3,,,4.8148,-0.2486,0.0667,NO STICKER,C
FTHM,0.334,,,,-0.826,0.1818,NO STICKER,C
UPLD,3.73,,,,-0.8644,0.0667,NO STICKER,C
BIVI,1.46,,,,-0.6148,0.0833,NO STICKER,C
LTRN,0.86,,,,-0.8171,0.0,NO STICKER,C
NCPL,1.4,,,,-0.4909,0.2,NO STICKER,C
JXG,7.7,,,,-0.5111,0.0,NO STICKER,C
BTCT,1.15,,,,-0.6314,0.0909,NO STICKER,C
CLRO,4.08,,,,-0.7527,0.0,NO STICKER,C
HCTI,0.725,,,,-0.9964,0.1818,NO STICKER,C
CVR,11.2001,,,,-0.2533,0.0,NO STICKER,C
ADIL,4.12,,,,-0.6167,0.0,NO STICKER,C
YAAS,1.16,,,,-0.7671,0.0,NO STICKER,C
AURE,1.03,,,,-0.9295,0.1429,NO STICKER,C
JCTC,2.95,,,,-0.2277,0.0,NO STICKER,C
MSAI,4.705,,,,-0.951,0.1429,NO STICKER,C
TOVX,0.225,,,,-0.7384,0.0,NO STICKER,C
BTOC,0.227,,,,-0.7598,0.0,NO STICKER,C
ZKIN,1.801,,,,-0.4209,0.0,NO STICKER,C
DDS,654.11,395.4795,197.7397,17.9602,-0.1184,0.4667,ABOVE STICKER,C
BLIN,0.8102,,,,-0.4999,0.0,NO STICKER,C
MDCX,0.161,,,,-0.9421,0.0,NO STICKER,
MTVA,1.54,,,,-0.8963,0.0,NO STICKER,C
ATCX,2.91,,,,-0.7923,0.0,NO STICKER,C
SNTI,0.3223,,,,-0.8881,0.0,NO STICKER,C
GYRO,4.5599,,,,-0.5573,0.0,NO STICKER,
AIMD,1.353,,,,-0.6953,0.1333,NO STICKER,C
CLWT,1.34,,,67.0,-0.5,0.0667,NO STICKER,C
BMRA,2.142,,,,-0.3327,0.0,NO STICKER,C
ZTG,0.972,,,9.72,-0.9207,0.8571,NO STICKER,A
PLAG,0.69,,,,-0.8987,0.0,NO STICKER,C
WVVI,1.97,,,,-0.5075,0.0,NO STICKER,C
HUDI,0.6848,,,,-0.5899,0.2727,NO STICKER,C
CYN,0.677,,,,-0.8994,0.1,NO STICKER,C
NMTC,1.12,,,,-0.8391,0.1429,NO STICKER,C
INEO,0.586,,,,-0.5117,0.4286,NO STICKER,C
BURU,1.04,,,,-0.9939,0.0,NO STICKER,C
HLSQ,0.36,,,0.2434,-0.9971,0.0,NO STICKER,C
RGNT,1.85,,,,-0.8806,0.0,NO STICKER,C
MBRX,0.4868,,,,-0.9691,0.0909,NO STICKER,C
CISO,0.208,,,,-0.8595,0.1818,NO STICKER,C
MGRX,0.4371,,,,-0.8411,0.0,NO STICKER,C
INUV,0.57,,,,-0.85,0.0833,NO STICKER,C
AMS,1.41,,,,-0.4535,0.0667,NO STICKER,C
ADVB,6.73,,,,-0.7222,0.1667,NO STICKER,C
CENN,3.7777,,,,-0.9046,0.1818,NO STICKER,C
OPTT,1.02,,,,-0.9528,0.2,NO STICKER,C
OXBR,1.12,,,,-0.4752,0.2,NO STICKER,C
NDRA,6.06,,,,-0.3848,0.1111,NO STICKER,C
SLE,5.3,,,,-0.9137,0.2727,NO STICKER,C
MASK,0.845,,,12.0714,-0.962,0.7143,NO STICKER,B
GDOG,10.72,,,,-0.4258,0.0,NO STICKER,
MYSE,1.7,,,,-0.7054,0.2,NO STICKER,C
SEED,0.74,,,,-0.7028,0.0769,NO STICKER,C
NIXX,0.303,,,,-0.8462,0.1429,NO STICKER,C
CRMT,1.05,,,,-0.9657,0.0667,NO STICKER,C
APRE,0.695,,,,-0.5888,0.0,NO STICKER,C
TRAW,0.5685,2.11,1.055,1.3866,-0.8261,0.1429,BELOW MOS,C
NHTC,1.0,,,,-0.789,0.0667,NO STICKER,C
TPET,1.61,,,,-0.9284,0.1429,NO STICKER,C
JAGX,3.66,,,,-0.9971,0.0714,NO STICKER,C
GYGY,0.5928,,,,-0.9818,0.25,NO STICKER,
RMCF,0.884,,,,-0.7043,0.0,NO STICKER,C
POM,0.86,,,,-0.9926,0.0,NO STICKER,
GENK,1.61,,,,-0.5,0.0,NO STICKER,C
AQMS,2.33,,,,-0.9409,0.0,NO STICKER,C
MSN,0.394,,,,-0.5365,0.0,NO STICKER,C
FBLG,1.24,,,,-0.8912,0.1667,NO STICKER,C
REED,0.696,,,,-0.942,0.1333,NO STICKER,C
AWX,2.48,0.375,0.1875,31.0,-0.5433,0.0667,ABOVE STICKER,C
DTSS,0.839,,,,-0.6336,0.1429,NO STICKER,C
INHD,3.18,,,,-0.9981,0.2857,NO STICKER,C
AZTR,0.132,,,,-0.8789,0.0,NO STICKER,C
SNGX,0.3654,,,,-0.8145,0.0833,NO STICKER,C
GLE,0.445,,,,-0.5917,0.1429,NO STICKER,C
CNSP,5.3248,,,,-0.4971,0.1111,NO STICKER,C
AIRE,1.32,,,,-0.9594,0.2857,NO STICKER,C
DTST,3.32,147.84,73.92,0.4192,-0.3553,0.3333,BELOW MOS,C
SURG,0.1466,,,,-0.9533,0.0714,NO STICKER,C
ENSC,0.395,,,,-0.8564,0.0,NO STICKER,C
LUCY,0.892,,,,-0.5649,0.2857,NO STICKER,C
GITS,1.81,,,,-0.7447,0.0,NO STICKER,C
JCSE,1.42,,,2.9583,-0.432,0.4286,NO STICKER,C
GFAI,0.308,,,,-0.7496,0.0,NO STICKER,
RVSN,3.405,,,,-0.9962,0.2,NO STICKER,C
KALA,0.385,,,,-0.996,0.0,NO STICKER,C
AUID,0.4389,,,,-0.8538,0.0909,NO STICKER,C
XCUR,1.15,,,,-0.8787,0.0,NO STICKER,C
INM,1.33,,,,-0.468,0.0,NO STICKER,C
UZX,1.26,,,,-0.9823,0.1429,NO STICKER,C
YHGJ,2.785,,,,-0.7293,0.0667,NO STICKER,C
XWEL,0.8379,,,,-0.6191,0.0714,NO STICKER,C
IMNN,1.28,,,,-0.763,0.0833,NO STICKER,C
PRSO,0.4733,,,,-0.8003,0.0667,NO STICKER,C
IFBD,0.8632,,,,-0.6031,0.2727,NO STICKER,C
LGCL,2.52,,,4.3401,-0.997,0.5,NO STICKER,C
FEBO,0.635,,,,-0.5651,0.0,NO STICKER,C
AUUD,1.21,,,,-0.9358,0.0,NO STICKER,C
WKSP,0.457,,,,-0.8822,0.4,NO STICKER,C
ACON,2.38,,,,-0.8022,0.1429,NO STICKER,C
CODX,1.08,,,,-0.9768,0.0,NO STICKER,C
VS,1.085,,,,-0.5607,0.1429,NO STICKER,C
KNRX,0.239,,,,-0.9307,0.0,NO STICKER,C
ACXP,1.27,,,,-0.8477,0.1111,NO STICKER,C
BOLT,3.45,,,,-0.5208,0.0909,NO STICKER,C
ENVB,1.48,,,,-0.8883,0.25,NO STICKER,C
NWTG,1.22,,,,-0.3711,0.1429,NO STICKER,C
ALZN,1.37,,,,-0.4888,0.1111,NO STICKER,C
DAIC,2.79,,,,-0.9659,0.1429,NO STICKER,C
SCNX,0.1588,,,,-0.9389,0.2,NO STICKER,C
DSS,0.638,,,,-0.657,0.0833,NO STICKER,C
OBAI,0.213,,,,-0.9945,0.0,NO STICKER,
ELOG,0.497,,,,-0.838,0.1429,NO STICKER,C
KSCP,0.7515,,,,-0.9014,0.1818,NO STICKER,C
ZCMD,1.85,,,,-0.999,0.0,NO STICKER,C
CDT,0.99,,,,-1.0,0.0,NO STICKER,
VEEE,10.87,,,,-0.9148,0.0909,NO STICKER,C
RBNE,2.25,,,,-0.9829,0.7143,NO STICKER,C
CELZ,0.9464,,,,-0.8486,0.0667,NO STICKER,C
AMST,0.94,,,,-0.759,0.0909,NO STICKER,C
QCLS,0.748,,,,-0.9084,0.0833,NO STICKER,C
TWAV,1.57,,,,-0.5109,0.0714,NO STICKER,C
SONM,4.08,,,,-0.7596,0.0,NO STICKER,C
ILAG,2.9,,,,-0.5967,0.0,NO STICKER,C
MTEK,0.741,,,,-0.7372,0.0,NO STICKER,C
LOBO,0.4741,,,,-0.6797,0.0,NO STICKER,C
GDC,1.43,,,,-0.9993,0.1111,NO STICKER,C
SNOA,1.24,,,,-0.7304,0.0667,NO STICKER,C
ORKT,1.015,,,,-0.5924,0.1429,NO STICKER,C
CWD,0.5688,,,,-0.8766,0.0,NO STICKER,C
CNET,1.6,,,,-0.4425,0.0,NO STICKER,C
SCKT,0.707,,,,-0.7466,0.0,NO STICKER,C
XHLD,0.4882,,,,-0.9684,0.0,NO STICKER,C
BGMS,0.88,,,,-0.8687,0.0,NO STICKER,C
JWEL,2.45,,,,-0.5261,0.1818,NO STICKER,C
CDIO,1.96,,,,-0.7522,0.0,NO STICKER,C
CHSN,1.08,0.9,0.45,36.0,-0.9967,0.3636,ABOVE STICKER,C
MITQ,0.578,,,,-0.4839,0.0909,NO STICKER,C
PULM,1.57,,,,-0.7144,0.0,NO STICKER,C
CANF,2.182,,,,-0.8295,0.0909,NO STICKER,C
CHAI,0.2852,,,,-0.9811,0.3333,NO STICKER,C
GXAI,0.5159,,,,-0.8038,0.1429,NO STICKER,C
NVNO,8.1,,,,-0.7697,0.1111,NO STICKER,C
JTAI,1.55,,,1.1742,-0.9749,0.1429,NO STICKER,C
MWG,1.43,,,,-0.7636,0.1818,NO STICKER,C
AIM,0.18,,,,-0.9356,0.0,NO STICKER,C
GURE,3.015,,,,-0.7451,0.1333,NO STICKER,C
LICN,1.0,,,,-0.8947,0.0909,NO STICKER,C
RENX,1.995,,,,-0.9395,0.2857,NO STICKER,C
UK,1.95,,,,-0.83,0.0,NO STICKER,C
XBIO,2.24,,,,-0.8392,0.2,NO STICKER,C
CRE,2.7,,,7.7143,-0.7188,0.8571,NO STICKER,C
LRHC,1.56,,,,-0.9997,0.1429,NO STICKER,C
GWH,0.1567,,,,-0.9887,0.0,NO STICKER,C
SOS,0.3191,,,,-0.8588,0.2,NO STICKER,C
IOTR,1.95,,,,-0.739,0.2857,NO STICKER,C
YDKG,0.93,,,,-0.9975,0.2667,NO STICKER,C
HXHX,0.388,,,1.2933,-0.7634,0.8571,NO STICKER,A
YCBD,0.456,,,,-0.8219,0.0909,NO STICKER,C
ILLR,0.2474,,,,-0.9753,0.0,NO STICKER,C
INBS,1.66,,,,-0.9333,0.2727,NO STICKER,C
BTTC,0.6498,,,,-0.9425,0.0,NO STICKER,
SNTG,1.77,,,,-0.4777,0.1818,NO STICKER,C
HYFM,1.03,,,,-0.704,0.0,NO STICKER,C
SXTP,1.39,,,,-0.8387,0.1429,NO STICKER,C
ERNA,2.96,,,,-0.9586,0.0833,NO STICKER,C
ATHS,23.51,,,,-0.0916,0.6667,NO STICKER,C
AQB,0.925,,,,-0.5786,0.0,NO STICKER,C
YYAI,1.03,,,,-1.0,0.1818,NO STICKER,C
MEGL,0.916,,,,-0.5179,0.0,NO STICKER,C
DBGI,4.87,,,,-0.9932,0.0,NO STICKER,C
OLB,0.189,,,,-0.895,0.1333,NO STICKER,C
PCSA,1.61,,,,-0.887,0.0833,NO STICKER,C
POLA,1.16,,,,-0.7983,0.0,NO STICKER,C
DRMA,1.105,,,,-0.8118,0.1111,NO STICKER,C
XELB,0.657,,,,-0.734,0.0,NO STICKER,C
PMCB,0.4001,,,,-0.735,0.1333,NO STICKER,C
GRI,1.96,,,,-0.9694,0.1111,NO STICKER,C
WAFU,1.45,,,,-0.5261,0.0909,NO STICKER,C
DUO,0.648,,,,-0.842,0.1818,NO STICKER,C
SNES,0.779,,,,-0.8249,0.3333,NO STICKER,C
HIHO,0.9,,,,-0.5928,0.0,NO STICKER,C
XPON,4.2,,,,-0.8023,0.2857,NO STICKER,C
AIDX,0.38,,,,-0.9924,0.1667,NO STICKER,C
WLDS,1.39,,,,-0.9707,0.2727,NO STICKER,C
WHLR,2.07,,,,-1.0,0.3333,NO STICKER,C
ITOC,0.249,,,,-0.7835,0.1429,NO STICKER,C
SGLY,0.731,,,,-0.9546,0.0,NO STICKER,C
NCRA,1.63,,,,-0.9774,0.1,NO STICKER,C
GBR,0.766,,,,-0.4153,0.0667,NO STICKER,C
TAOP,0.407,,,,-0.8803,0.1429,NO STICKER,C
OST,1.695,,,,0.0,0.1818,NO STICKER,C
MOBX,0.8426,,,,-0.9366,0.1429,NO STICKER,C
BJDX,0.8366,,,,-0.9498,0.0,NO STICKER,C
BGLC,1.27,,,,-0.7843,0.0,NO STICKER,C
MKZR,1.339,,,,-0.7768,0.0,NO STICKER,C
IVDA,0.29,,,,-0.8371,0.1333,NO STICKER,C
TRNR,2.21,,,,-0.9915,0.1429,NO STICKER,C
CYAB,0.201,,,,-0.9676,0.25,NO STICKER,
CETX,2.04,,,,-0.979,0.4167,NO STICKER,C
NCI,0.862,,,86.2,-0.9922,0.4286,NO STICKER,C
ADGM,0.153,,,,-0.9407,0.0,NO STICKER,
ATXG,3.28,,,,-0.8012,0.1333,NO STICKER,C
CVKD,0.94,,,,-0.9352,0.0,NO STICKER,C
PPCB,0.507,,,,-0.9903,0.0,NO STICKER,C
VNRX,0.235,,,,-0.9825,0.2,NO STICKER,C
APVO,1.76,,,,-0.9506,0.0,NO STICKER,C
BOXL,4.74,,,,-0.943,0.2,NO STICKER,C
BON,1.14,,,,-0.5128,0.1818,NO STICKER,C
GMEX,2.45,,,,-0.9999,0.1429,NO STICKER,C
TOPP,0.125,,,,-0.9642,0.1429,NO STICKER,C
HCWB,1.68,,,,-0.9426,0.0,NO STICKER,C
FCUV,4.385,,,,-0.9791,0.0,NO STICKER,C
KXIN,1.38,,,,-0.9983,0.2,NO STICKER,C
ZBAO,0.0958,,,,-0.9285,0.1429,NO STICKER,C
REVB,0.764,,,,-0.887,0.2222,NO STICKER,C
BQ,0.802,,,,-0.9857,0.0909,NO STICKER,C
HTCR,1.98,,,0.6,-0.8957,0.1818,NO STICKER,C
CAPS,0.1454,,,,-0.8939,0.1,NO STICKER,C
INTJ,2.86,,,,-0.7716,0.0,NO STICKER,C
ONCO,0.7337,,,,-0.9965,0.1429,NO STICKER,C
ABTS,1.182,,,,-0.8895,0.3636,NO STICKER,C
CLDI,1.08,,,,-0.9612,0.1667,NO STICKER,C
RIME,0.1638,,,,-0.9642,0.0,NO STICKER,C
ISPC,1.08,,,,-0.9767,0.0,NO STICKER,C
KIDZ,2.29,,,,-0.9997,0.0,NO STICKER,
BGL,0.1902,,,,-0.9836,0.0,NO STICKER,
SBFM,0.6665,,,,-0.9726,0.1333,NO STICKER,C
RMSG,0.2901,,,,-0.9256,0.0,NO STICKER,C
VIVK,0.31,,,,-0.9999,0.2727,NO STICKER,C
NUWE,0.694,,,,-0.996,0.0667,NO STICKER,C
TOPS,0.5424,5.11,2.555,0.8096,-0.9267,0.3571,BELOW MOS,C
TNON,3.7,,,,-0.9266,0.1429,NO STICKER,C
PW,6.65,,,,-0.4853,0.0667,NO STICKER,C
TRUG,2.64,,,,-0.9906,0.0,NO STICKER,C
GOVX,0.3201,,,,-0.9797,0.0714,NO STICKER,C
SILO,1.458,,,,-0.8659,0.1818,NO STICKER,C
MBIO,0.4711,,,,-0.7454,0.0,NO STICKER,C
SXTC,2.41,,,,-1.0,0.0,NO STICKER,C
PASW,0.1248,,,,-0.8855,0.0,NO STICKER,
BKYI,2.12,,,,-0.8924,0.2,NO STICKER,C
FLYE,1.385,,,,-0.937,0.1429,NO STICKER,C
EDBL,1.14,,,,-0.9991,0.1429,NO STICKER,C
EZGO,0.85,,,,-0.9992,0.2727,NO STICKER,C
LABT,0.9326,,,,-0.9905,0.0,NO STICKER,
EZRA,2.2,,,,-0.9586,0.1818,NO STICKER,C
OGEN,0.488,,,,-0.6634,0.0,NO STICKER,C
MIMI,0.8847,,,,-0.9905,0.3333,NO STICKER,C
VTAK,0.151,,,,-0.9528,0.0909,NO STICKER,C
NXTS,1.49,,,,-0.9696,0.1111,NO STICKER,C
TGL,1.29,,,,-0.9778,0.0,NO STICKER,C
GNPX,2.63,,,,-0.9978,0.2222,NO STICKER,C
IPST,3.08,,,,-0.9909,0.2857,NO STICKER,C
VVOS,0.152,,,,-0.9556,0.1,NO STICKER,C
ONFO,0.8599,,,,-0.9931,0.1429,NO STICKER,C
TCRT,0.82,,,,-0.8214,0.0,NO STICKER,C
ATPC,2.061,,,,-0.972,0.2727,NO STICKER,C
UPC,4.5,,,,-0.7494,0.3636,NO STICKER,C
WCT,1.29,,,,-0.9879,0.4286,NO STICKER,C
JUNS,2.55,,,,-0.9812,0.0,NO STICKER,C
JYD,0.841,,,,-0.8848,0.1429,NO STICKER,C
GWAV,2.305,,,,-0.904,0.2143,NO STICKER,C
BIYA,1.6,,,,-0.9905,0.2857,NO STICKER,C
GNLN,2.66,,,,-0.9299,0.1818,NO STICKER,C
HUBG,29.77,7.3584,3.6792,17.5118,-0.441,0.2143,ABOVE STICKER,C
EJH,1.49,,,,-0.9438,0.1818,NO STICKER,C
GLXG,0.99,,,,-0.8111,0.1429,NO STICKER,C
POAS,0.14,,,,-0.9811,0.0,NO STICKER,C
CHR,1.65,,,0.0686,-0.9607,0.4545,NO STICKER,C
SPRC,4.72,,,,-0.8921,0.0,NO STICKER,
NXGL,0.174,,,,-0.9398,0.2727,NO STICKER,C
SQFT,1.18,,,,-0.8156,0.2,NO STICKER,C
CRIS,0.8034,,,,-0.9766,0.0,NO STICKER,C
YHC,1.28,,,,-0.9892,0.0,NO STICKER,C
PWCM,0.8972,,,,-0.9749,0.2,NO STICKER,C
AMZE,0.0746,,,,-0.9958,0.2857,NO STICKER,C
LHSW,0.47,,,,-0.9869,0.5714,NO STICKER,C
IVF,0.855,,,,-0.9899,0.2,NO STICKER,C
SLXN,0.26,,,0.1161,-0.9938,0.0,NO STICKER,C
ITP,0.1434,,,,-0.6323,0.0,NO STICKER,C
IPW,1.12,,,,-0.9995,0.0909,NO STICKER,C
OLOX,0.841,,,,-0.991,0.0,NO STICKER,C
DPU,1.551,,,,-0.6475,0.2727,NO STICKER,C
BYAH,2.35,,,,-0.9882,0.1429,NO STICKER,C
LESL,0.146,,,,-0.9883,0.0909,NO STICKER,C
EHGO,0.6396,,,,-0.9429,0.1429,NO STICKER,C
JDZG,4.84,,,,-0.9952,0.1429,NO STICKER,C
BBLG,0.475,,,,-0.8297,0.0833,NO STICKER,C
BRNX,1.82,,,,-0.9956,0.0,NO STICKER,C
AGMH,0.7001,6.6896,3.3448,2.1878,-0.9136,0.4545,BELOW MOS,C
SDST,0.085,,,,-0.9889,0.0,NO STICKER,
MYSZ,1.61,,,,-0.8428,0.2143,NO STICKER,C
MNDR,1.32,,,,-0.9594,0.0,NO STICKER,C
DCOY,1.77,,,,-0.9683,0.0833,NO STICKER,C
WBUY,0.784,,,,-0.8419,0.0,NO STICKER,C
CCTG,0.4536,,,,-0.9826,0.1429,NO STICKER,C
CNEY,0.5406,,,,-0.7941,0.1818,NO STICKER,C
PFSA,1.69,,,,-0.9994,0.0,NO STICKER,
EDVA,0.159,,,,-0.9881,0.0,NO STICKER,C
GDHG,1.17,,,,-0.8498,0.2857,NO STICKER,C
GIPR,0.44,,,,-0.9779,0.2,NO STICKER,C
PRFX,0.92,,,,-0.8843,0.1,NO STICKER,C
RETO,1.55,,,,-0.9968,0.2,NO STICKER,C
RKDA,0.288,,,,-0.9571,0.0,NO STICKER,C
VIVS,0.1964,,,,-0.9445,0.0,NO STICKER,C
VTEX,3.65,,,33.7963,-0.21,0.2857,NO STICKER,C
CLIK,1.06,,,,-0.9102,0.0,NO STICKER,
XXII,0.914,,,,-0.9983,0.0667,NO STICKER,C
GSUN,0.217,,,,-0.9233,0.3,NO STICKER,C
EH,4.14,,,,-0.7903,0.2,NO STICKER,C
SUGP,0.4145,,,,-0.9925,0.0,NO STICKER,C
ZNB,1.54,,,,-0.9996,0.3,NO STICKER,C
IBG,0.85,,,,-0.9656,0.0,NO STICKER,C
HCAI,0.507,,,,-0.9805,0.0,NO STICKER,C
GVH,1.11,,,0.6894,-0.8282,0.5714,NO STICKER,C
SGRX,1.26,,,,-0.9924,0.125,NO STICKER,C
FRGT,0.252,,,,-0.9951,0.1333,NO STICKER,C
RUBI,1.08,,,0.1541,-1.0,0.4286,NO STICKER,C
JZXN,1.13,,,,-0.9386,0.0909,NO STICKER,C
ICON,0.97,,,,-0.9085,0.1429,NO STICKER,C
BAOS,0.235,,,,-0.955,0.0,NO STICKER,C
PAVS,3.75,,,,-1.0,0.2727,NO STICKER,C
CISS,0.831,,,0.2088,-1.0,0.1429,NO STICKER,C
DRCT,0.91,,,,-0.992,0.0,NO STICKER,C
NEXR,1.005,,,,-0.9988,0.3636,NO STICKER,C
FAMI,0.1262,,,,-0.9359,0.0909,NO STICKER,C
RCON,1.25,,,,-0.997,0.2667,NO STICKER,C
RAYA,1.97,,,,-0.9726,0.3636,NO STICKER,C
PARA,0.5224,,,,-0.9934,0.1429,NO STICKER,C
TWG,0.1102,,,0.0285,-0.9958,0.7143,NO STICKER,B
HAO,2.7,,,,-0.9994,0.1429,NO STICKER,C
RANI,0.8108,,,,-0.7905,0.3333,NO STICKER,C
NIVF,0.129,,,0.0047,-0.9999,0.0,NO STICKER,C
XLAB,1.4,,,,-0.8747,0.25,NO STICKER,
QVCG,14.46,,,,-0.277,0.0,NO STICKER,C
BRK-B,502.65,,,,-0.0653,0.3333,NO STICKER,C
ASML,1867.31,,,,-0.0663,,NO STICKER,
V,360.66,,,,-0.0646,1.0,NO STICKER,A
XOM,164.01,,,,-0.0703,,NO STICKER,
HSBC,96.14,,,,-0.1092,,NO STICKER,
SMFG,25.4,,,,-0.0804,,NO STICKER,
RY,195.67,,,,-0.1048,,NO STICKER,
NVS,141.0,,,,-0.1728,,NO STICKER,
SHEL,96.23,,,,-0.0295,,NO STICKER,
MUFG,22.82,,,,-0.0594,,NO STICKER,
AZN,156.9,,,,-0.2624,,NO STICKER,
SAP,208.57,,,,-0.2587,,NO STICKER,
BHP,86.07,,,,-0.1281,,NO STICKER,
SAN,13.36,,,,-0.1123,,NO STICKER,
TD,117.88,,,,-0.0605,,NO STICKER,
TTE,84.4,,,,-0.1037,,NO STICKER,
NVO,37.32,,,,-0.4183,,NO STICKER,
BBVA,26.98,,,,-0.0897,,NO STICKER,
RIO,94.21,,,,-0.1632,,NO STICKER,
UBS,47.71,,,,-0.1478,,NO STICKER,
BUD,73.43,,,,-0.1521,,NO STICKER,
SONY,23.82,,,,-0.2149,,NO STICKER,
MFG,10.89,,,,-0.0522,,NO STICKER,
PBR,21.65,,,,-0.0265,,NO STICKER,
UL,59.7,,,,-0.2038,,NO STICKER,
ASX,47.45,,,,-0.01,,NO STICKER,
BMO,165.7,,,,-0.1149,,NO STICKER,
BTI,52.64,,,,-0.2178,,NO STICKER,
BNS,91.19,,,,-0.0475,,NO STICKER,
BP,44.79,,,,-0.0721,,NO STICKER,
ENB,45.97,,,,-0.2135,,NO STICKER,
ING,34.78,,,,-0.073,,NO STICKER,
SPOT,472.89,,,,-0.3246,,NO STICKER,
CM,111.02,,,,-0.1108,,NO STICKER,
GSK,47.03,,,,-0.2378,,NO STICKER,
EQNR,42.56,,,,-0.0716,,NO STICKER,
IBN,27.44,,,,-0.1692,,NO STICKER,
SNY,39.92,,,,-0.2422,,NO STICKER,
CNQ,48.44,,,,-0.074,,NO STICKER,
ITUB,8.59,,,,-0.1052,,NO STICKER,
LYG,5.5,,,,-0.1325,,NO STICKER,
BCS,23.71,,,,-0.1736,,NO STICKER,
BN,36.92,,,,-0.2552,,NO STICKER,
SU,69.56,,,,-0.0347,,NO STICKER,
E,54.73,,,,-0.0564,,NO STICKER,
CP,85.94,,,,-0.1131,,NO STICKER,
NGG,76.12,,,,-0.1957,,NO STICKER,
CNI,119.77,,,,-0.0895,,NO STICKER,
NWG,17.67,,,,-0.0901,,NO STICKER,
BAM,44.85,,,,-0.2441,1.0,NO STICKER,
MFC,42.93,,,,-0.0529,,NO STICKER,
RACE,388.33,,,,-0.2255,,NO STICKER,
DB,34.97,,,,-0.1598,,NO STICKER,
B,40.23,,,,-0.2644,,NO STICKER,
AMX,21.29,,,,-0.2519,,NO STICKER,
UMC,26.27,,,,-0.0929,,NO STICKER,
WPM,136.28,,,,-0.1778,,NO STICKER,
ARGX,919.21,,,,-0.1431,,NO STICKER,
NU,13.43,,,,-0.2924,,NO STICKER,
TAK,17.86,,,,-0.0649,,NO STICKER,
NOK,10.6,,,,-0.3926,,NO STICKER,
RELX,33.42,,,,-0.2922,,NO STICKER,
CVE,32.4,,,,-0.0515,,NO STICKER,
VALE,13.76,,,,-0.233,0.0,NO STICKER,
MT,64.51,,,,-0.1904,,NO STICKER,
HONA,154.63,,,,-0.4802,,NO STICKER,
FNV,239.3,,,,-0.1623,,NO STICKER,
AU,94.92,,,,-0.265,,NO STICKER,
CBRS,166.43,,,,-0.5692,,NO STICKER,
DEO,84.75,,,,-0.1751,,NO STICKER,
CCEP,101.06,,,,-0.1109,,NO STICKER,
KB,123.88,,,,-0.0706,,NO STICKER,
ABEV,2.99,,,,-0.1333,,NO STICKER,
SLF,78.57,,,,-0.0689,,NO STICKER,
INFY,11.04,,,,-0.632,,NO STICKER,
BSBR,5.4,,,,-0.2623,,NO STICKER,
HMC,31.35,,,,-0.0628,,NO STICKER,
TRI,97.62,,,,-0.4058,,NO STICKER,
FMX,115.68,,,,-0.1823,,NO STICKER,
HLN,8.8,,,,-0.2199,,NO STICKER,
IX,37.12,,,,-0.1243,,NO STICKER,
ARES,117.55,,,,-0.3512,0.6667,NO STICKER,C
FER,53.64,,,,-0.2828,,NO STICKER,
SHG,78.03,,,,-0.0881,,NO STICKER,
CCJ,85.18,,,,-0.3702,,NO STICKER,
VOD,16.82,,,,-0.0503,,NO STICKER,
BBD,3.65,,,,-0.1512,,NO STICKER,
VIK,80.56,,,,-0.2682,,NO STICKER,
CHT,46.16,,,,-0.0069,,NO STICKER,
NTR,70.06,,,,-0.1792,,NO STICKER,
EC,16.6,,,,-0.0968,,NO STICKER,
GFI,35.62,,,,-0.4221,0.0,NO STICKER,
HSY,160.19,,,,-0.3311,0.3333,NO STICKER,C
TECK,68.56,,,,-0.0551,,NO STICKER,
ALC,63.76,,,,-0.2725,,NO STICKER,
PUK,24.57,,,,-0.278,,NO STICKER,
BAP,373.31,,,,-0.0966,,NO STICKER,
ERIC,9.29,,,,-0.3253,,NO STICKER,
BIDU,84.32,,,,-0.4899,0.0,NO STICKER,C
NMR,9.73,,,,-0.1106,,NO STICKER,
KGC,24.06,,,,-0.3848,,NO STICKER,
RYAAY,55.05,,,,-0.2585,,NO STICKER,
TS,55.99,,,,-0.1333,,NO STICKER,
FTS,52.87,,,,-0.1099,,NO STICKER,
GFS,50.17,,,,-0.4579,,NO STICKER,
PBA,45.89,,,,-0.1103,,NO STICKER,
BNTX,96.9,,,,-0.2185,,NO STICKER,
PHG,23.92,,,,-0.2847,,NO STICKER,
IHG,161.74,,,,-0.0804,,NO STICKER,
CIB,91.91,,,,-0.1296,,NO STICKER,
GMAB,34.75,,,,-0.0322,,NO STICKER,
PS,52.76,,,,-0.1198,,NO STICKER,
FWONA,83.39,,,,-0.1621,0.2222,NO STICKER,C
ARXS,50.03,,,,-0.1865,,NO STICKER,
BSP,32.03,,,,-0.4566,,NO STICKER,
BCH,38.49,,,,-0.177,,NO STICKER,
YPF,49.67,,,,-0.1417,,NO STICKER,
WF,75.21,,,,-0.1121,,NO STICKER,
STZ,112.87,,,,-0.3305,0.1111,NO STICKER,C
PAAS,45.51,,,,-0.3498,,NO STICKER,
BCE,19.73,,,,-0.256,,NO STICKER,
SQM,64.52,,,,-0.3416,,NO STICKER,
SBS,5.38,,,,-0.2484,,NO STICKER,
VIV,11.54,,,,-0.3314,,NO STICKER,
KSPI,94.05,,,,-0.1445,,NO STICKER,
PKX,57.59,,,,-0.3767,,NO STICKER,
RCI,30.83,,,,-0.2506,,NO STICKER,
STLA,4.4,,,,-0.6399,,NO STICKER,
BSAC,31.99,,,,-0.1519,,NO STICKER,
WIT,1.72,,,,-0.4434,,NO STICKER,
AS,27.17,,,,-0.3646,,NO STICKER,
TIGO,88.32,,,,-0.1756,,NO STICKER,
RML,5.5,,,,-0.6271,,NO STICKER,
GFL,41.98,,,,-0.107,,NO STICKER,
ASND,227.87,,,,-0.1924,,NO STICKER,
PHYS,31.21,,,,-0.2581,,NO STICKER,
EMA,48.03,,,,-0.1344,,NO STICKER,
WMG,26.815,,,,-0.2429,0.3333,NO STICKER,C
KEP,11.08,,,,-0.5267,,NO STICKER,
GIB,70.19,,,,-0.2627,,NO STICKER,
INIO,19.99,,,,-0.5346,,NO STICKER,
CX,9.53,,,,-0.3029,,NO STICKER,
AGI,32.46,,,,-0.4142,,NO STICKER,
SUN,74.73,,,,-0.0684,0.8333,NO STICKER,B
EMBJ,75.21,,,,-0.0686,,NO STICKER,
SKM,36.79,,,,-0.2202,,NO STICKER,
BEP,28.35,,,,-0.2563,,NO STICKER,
EQX,11.11,,,,-0.414,,NO STICKER,
TLK,12.55,,,,-0.4664,,NO STICKER,
QNT,46.08,,,,-0.4691,,NO STICKER,
AEG,8.45,,,,-0.1207,,NO STICKER,
TME,7.74,,,,-0.6755,,NO STICKER,
TU,8.04,,,,-0.4856,,NO STICKER,
GRAB,3.08,,,,-0.5333,,NO STICKER,
COKE,192.04,,,,-0.1257,0.6667,NO STICKER,C
PAC,200.9,,,,-0.3312,,NO STICKER,
PSLV,19.55,,,,-0.4873,,NO STICKER,
MAIR,25.04,,,,-0.4373,,NO STICKER,
JBS,11.67,,,,-0.3743,,NO STICKER,
HBM,27.2,,,,-0.154,,NO STICKER,
FPS,40.35,,,,-0.3886,0.6,NO STICKER,
ERIE,221.09,,,,-0.3311,0.7778,NO STICKER,B
HMY,17.38,,,,-0.3331,,NO STICKER,
SNN,26.42,,,,-0.2957,,NO STICKER,
MICC,17.48,,,,-0.1549,,NO STICKER,
PAYP,14.92,,,,-0.4006,,NO STICKER,
RDY,12.25,,,,-0.2183,,NO STICKER,
IAG,18.52,,,,-0.2553,,NO STICKER,
SUZ,8.5,,,,-0.2631,,NO STICKER,
XP,21.5,,,,-0.0705,,NO STICKER,
EGO,38.12,,,,-0.2549,,NO STICKER,
RTO,19.95,,,,-0.4246,,NO STICKER,
TFII,118.9,,,,-0.291,,NO STICKER,
ONON,30.85,,,,-0.396,,NO STICKER,
ENLT,66.58,,,,-0.3872,,NO STICKER,
RYAN,37.67,,,,-0.3635,0.5714,NO STICKER,C
PSO,16.12,,,,-0.0918,,NO STICKER,
JAN,29.05,,,,-0.1151,0.0,NO STICKER,
GGB,5.01,,,,-0.0328,,NO STICKER,
KT,18.94,,,,-0.2295,,NO STICKER,
ELPC,12.86,,,,-0.0611,,NO STICKER,
SSL,13.94,,,,-0.0817,,NO STICKER,
LGN,53.61,,,,-0.5001,0.4,NO STICKER,
AG,17.67,,,,-0.4485,,NO STICKER,
ABVX,92.88,,,,-0.3759,,NO STICKER,
TIMB,17.83,,,,-0.3682,,NO STICKER,
BVN,31.39,,,,-0.2973,,NO STICKER,
GIL,41.0,,,,-0.4437,,NO STICKER,
UGP,7.45,,,,-0.0424,,NO STICKER,
CAE,24.005,,,,-0.2989,,NO STICKER,
STN,67.45,,,,-0.411,,NO STICKER,
VFS,3.04,,,,-0.4248,0.3333,NO STICKER,
VIST,64.25,,,,-0.2111,,NO STICKER,
SBSW,9.96,,,,-0.5322,,NO STICKER,
CEF,41.48,,,,-0.3242,,NO STICKER,
BTG,5.2,,,,-0.1733,,NO STICKER,
SEI,74.93,,,,-0.1306,1.0,NO STICKER,B
PDI,14.4,,,,-0.2786,,NO STICKER,
AUGO,81.95,,,,-0.2572,,NO STICKER,
OR,34.47,,,,-0.2828,,NO STICKER,
TFPM,30.61,,,,-0.2659,,NO STICKER,
TBBB,52.65,,,,-0.025,,NO STICKER,
GDS,27.57,,,,-0.4328,,NO STICKER,
GGAL,35.89,,,,-0.4259,,NO STICKER,
PJT,138.69,,,,-0.291,0.7778,NO STICKER,B
DPC,41.35,,,,-0.2777,,NO STICKER,
OGC,27.11,,,,-0.3743,,NO STICKER,
BILI,14.44,11.7,5.85,37.0256,-0.6033,0.4444,ABOVE STICKER,C
NXE,9.0,,,,-0.3553,,NO STICKER,
IFS,53.11,,,,-0.1347,,NO STICKER,
XMTR,102.53,,,,-0.05,0.2857,NO STICKER,C
ENIC,4.17,,,,-0.1203,,NO STICKER,
XE,14.38,,,,-0.6124,,NO STICKER,
CIG,2.15,,,,-0.221,,NO STICKER,
SGHC,11.25,,,,-0.2907,,NO STICKER,
AVAL,4.78,,,,-0.229,,NO STICKER,
HLNE,87.04,,,,-0.4408,0.875,NO STICKER,A
STVN,20.2,,,,-0.2783,,NO STICKER,
MBGL,17.21,,,,-0.3381,,NO STICKER,
YOU,41.55,,,,-0.3984,0.8571,NO STICKER,A
WFG,66.5,,,,-0.1363,,NO STICKER,
CMBT,19.85,,,,-0.0466,,NO STICKER,
BIRK,33.33,,,,-0.343,,NO STICKER,
WPP,24.67,,,,-0.112,,NO STICKER,
BLSH,34.23,,,,-0.5145,,NO STICKER,
CPA,132.48,,,,-0.1744,,NO STICKER,
BBUC,25.6,,,,-0.3307,,NO STICKER,
BEPC,28.52,,,,-0.3687,,NO STICKER,
HAFN,10.25,,,,-0.0029,,NO STICKER,
VEON,75.64,,,,-0.0405,,NO STICKER,
OZK,46.705,,,,-0.1252,,NO STICKER,
OCTV,19.03,,,,-0.3657,,NO STICKER,
GRFS,7.31,,,,-0.2616,,NO STICKER,
MWH,25.25,,,,-0.4783,,NO STICKER,
MDA,29.89,,,,-0.3946,,NO STICKER,
OMAB,94.19,,,,-0.3022,,NO STICKER,
KLAR,12.51,,,,-0.7204,,NO STICKER,
HGTY,13.61,,,,-0.0395,0.8571,NO STICKER,C
MEOH,58.43,,,,-0.1246,,NO STICKER,
GEF,82.18,,,,-0.0926,0.0,NO STICKER,C
VSNT,30.94,,,,-0.4756,0.4,NO STICKER,
ADT,6.25,,,,-0.2966,0.0,NO STICKER,C
SIM,28.0,,,,-0.1905,,NO STICKER,
TKC,5.04,,,,-0.2981,,NO STICKER,
WHD,63.44,,,,-0.1435,0.7143,NO STICKER,B
MMYT,44.62,,,,-0.5381,,NO STICKER,
BIPC,36.65,,,,-0.2914,,NO STICKER,
CGAU,21.43,,,,-0.126,,NO STICKER,
XXI,6.6,,,,-0.7425,,NO STICKER,
MC,56.32,,,,-0.2799,0.8333,NO STICKER,A
CAAP,24.3,,,,-0.2033,,NO STICKER,
BMA,64.55,,,,-0.3919,,NO STICKER,
STNG,86.23,,,,-0.0425,,NO STICKER,
SKT,35.11,,,,-0.1745,,NO STICKER,
AKO-A,23.66,,,,-0.1224,,NO STICKER,
DOO,56.005,,,,-0.3161,,NO STICKER,
PAM,76.39,,,,-0.1916,,NO STICKER,
DLO,13.745,,,,-0.1809,,NO STICKER,
FRVO,14.45,,,,-0.6612,,NO STICKER,
JMKE,16.57,,,,-0.3369,,NO STICKER,
PBLS,30.28,,,,-0.2874,,NO STICKER,
AYA,27.12,,,,-0.1157,,NO STICKER,
TGS,25.01,,,,-0.312,,NO STICKER,
ERO,37.91,,,,-0.0715,,NO STICKER,
TLX,10.55,,,,-0.1953,,NO STICKER,
ALM,13.4,,,,-0.451,,NO STICKER,
SKE,29.94,,,,-0.2278,,NO STICKER,
BWLP,25.64,,,,-0.0314,,NO STICKER,
TAC,12.35,,,,-0.3093,,NO STICKER,
DNP,9.57,,,,-0.1425,,NO STICKER,
TRMD,40.0,,,,0.0,,NO STICKER,
LEGN,18.57,,,,-0.5048,,NO STICKER,
ARIS,17.5,,,,-0.2486,,NO STICKER,
IOND,82.72,,,,-0.0743,,NO STICKER,
DHT,23.68,,,,-0.0017,,NO STICKER,
MANU,20.08,,,,-0.1787,,NO STICKER,
WBI,28.85,,,,-0.2179,0.4,NO STICKER,
SRAD,11.76,,,,-0.5777,,NO STICKER,
ZIM,29.63,,,,-0.043,,NO STICKER,
ZGN,12.52,,,,-0.215,,NO STICKER,
EROC,12.65,,,,-0.3889,,NO STICKER,
FSM,11.25,,,,-0.1877,,NO STICKER,
CSQ,20.47,,,,-0.0331,,NO STICKER,
TGB,8.95,,,,-0.0886,,NO STICKER,
ADX,25.79,,,,-0.029,,NO STICKER,
VGNT,46.43,,,,-0.0876,,NO STICKER,
ECO,87.28,,,,-0.0049,,NO STICKER,
UTG,35.28,,,,-0.1964,,NO STICKER,
SII,116.31,,,,-0.3143,,NO STICKER,
BTE,4.63,,,,-0.1362,,NO STICKER,
SA,26.97,,,,-0.3268,,NO STICKER,
PLNT,42.41,,,,-0.6288,1.0,NO STICKER,B
BSM,14.56,,,,-0.06,0.0,NO STICKER,C
VTMX,32.47,,,,-0.1321,,NO STICKER,
LPL,3.12,,,,-0.4648,,NO STICKER,
BTDR,11.02,,,,-0.6036,,NO STICKER,
AAUC,20.1,,,,-0.3758,,NO STICKER,
KYIV,12.51,,,,-0.2441,,NO STICKER,
CLBK,11.41,,,,-0.0492,,NO STICKER,
NEA,10.09,,,,-0.1521,,NO STICKER,
BELFA,209.31,,,,-0.2869,0.4444,NO STICKER,C
IHS,8.32,,,,-0.0704,,NO STICKER,
EFXT,24.59,,,,-0.1564,,NO STICKER,
WTTR,19.95,,,,-0.1153,0.3333,NO STICKER,C
EROK,21.37,,,,-0.2206,,NO STICKER,
MNSO,8.83,,,,-0.6177,,NO STICKER,
LFTO,15.15,,,,-0.4967,,NO STICKER,
CSQR,17.41,,,,-0.2591,,NO STICKER,
AMBP,4.44,,,,-0.1883,,NO STICKER,
GRDN,42.38,,,,-0.1231,0.6,NO STICKER,
EXK,8.6,,,,-0.4323,,NO STICKER,
BBAR,12.38,,,,-0.449,,NO STICKER,
TTAM,13.37,,,,-0.3168,,NO STICKER,
JPC,6.91,,,,-0.1675,,NO STICKER,
SECZ,12.99,,,,-0.2363,,NO STICKER,
RNW,6.84,,,,-0.1628,,NO STICKER,
GDV,28.37,,,,-0.0848,,NO STICKER,
LCLN,23.58,,,,-0.1441,,NO STICKER,
PAGS,9.02,,,,-0.2679,,NO STICKER,
SVM,10.58,,,,-0.3291,,NO STICKER,
PTY,11.04,,,,-0.2485,,NO STICKER,
IMOS,83.3,,,,-0.0064,,NO STICKER,
TSAT,48.0,,,,-0.22,,NO STICKER,
DNN,2.57,,,,-0.4199,,NO STICKER,
ALMR,34.36,,,,-0.1085,,NO STICKER,
AERO,15.39,,,,-0.3323,,NO STICKER,
KYN,13.91,,,,-0.0831,,NO STICKER,
NAD,10.28,,,,-0.1649,,NO STICKER,
INTR,5.48,,,,-0.471,,NO STICKER,
NVG,10.71,,,,-0.2119,,NO STICKER,
PHVS,31.19,,,,-0.2788,,NO STICKER,
SIND,13.92,,,,-0.2654,,NO STICKER,
BGSI,78.43,,,,-0.5717,,NO STICKER,
CDLR,22.18,,,,-0.2609,,NO STICKER,
STNE,9.55,,,,-0.5137,,NO STICKER,
ALVO,5.45,,,,-0.3975,,NO STICKER,
SSMR,15.38,,,,-0.2157,,NO STICKER,
DRD,24.3,,,,-0.3828,,NO STICKER,
RVT,17.27,,,,-0.0968,,NO STICKER,
AADX,12.63,,,,-0.479,,NO STICKER,
EVT,27.78,,,,-0.0631,,NO STICKER,
NZF,10.96,,,,-0.1582,,NO STICKER,
NWCL,7.99,,,,-0.3112,,NO STICKER,
BSTZ,30.88,,,,-0.0317,,NO STICKER,
ETOR,25.42,,,,-0.425,,NO STICKER,
CLM,6.38,,,,-0.2521,,NO STICKER,
BRVE,21.27,,,,-0.3353,,NO STICKER,
GENB,13.69,,,,-0.3961,,NO STICKER,
IQMX,10.35,,,,-0.3146,,NO STICKER,
LKFT,29.37,,,,-0.2062,,NO STICKER,
STDN,12.52,,,,-0.278,,NO STICKER,
MESO,14.08,,,,-0.3451,,NO STICKER,
GOF,8.74,,,,-0.42,,NO STICKER,
NMZ,8.95,,,,-0.169,,NO STICKER,
KARO,60.0,,,,-0.1279,,NO STICKER,
MFP,41.69,,,,-0.7915,,NO STICKER,
KRP,14.58,,,,-0.0772,0.5,NO STICKER,
TY,34.3,,,,-0.0616,,NO STICKER,
BOBS,14.19,,,,-0.3959,,NO STICKER,
ATS,18.26,,,,-0.4902,,NO STICKER,
LIME,27.22,,,,-0.3867,,NO STICKER,
XPRO,16.3,,,,-0.1524,,NO STICKER,
GAB,5.24,,,,-0.1692,,NO STICKER,
CEPU,11.68,,,,-0.3688,,NO STICKER,
VERX,12.01,,,,-0.5475,0.4286,NO STICKER,C
BXDC,17.27,,,,-0.2459,,NO STICKER,
PICS,9.09,,,,-0.5444,,NO STICKER,
ETG,23.05,,,,-0.0672,,NO STICKER,
ETV,14.94,,,,-0.0355,,NO STICKER,
WRD,5.025,,,,-0.5949,,NO STICKER,
VET,11.68,,,,-0.2119,,NO STICKER,
PDO,12.11,,,,-0.1502,,NO STICKER,
GHRS,22.94,,,,-0.2703,,NO STICKER,
STEW,17.57,,,,-0.0777,,NO STICKER,
NUV,8.28,,,,-0.1058,,NO STICKER,
BDJ,9.41,,,,-0.0543,,NO STICKER,
NYAX,49.0,,,,-0.3625,,NO STICKER,
NEXA,12.24,,,,-0.2753,,NO STICKER,
NBTX,25.75,,,,-0.5494,,NO STICKER,
PAX,10.21,,,,-0.4264,,NO STICKER,
IMKTA,86.65,,,,-0.0938,0.1111,NO STICKER,C
COAG,31.11,,,,-0.4387,,NO STICKER,
OPRA,17.7,,,,-0.1482,,NO STICKER,
HYT,7.84,,,,-0.1791,,NO STICKER,
GAM,63.76,,,,-0.0701,,NO STICKER,
ELE,18.17,,,,-0.326,,NO STICKER,
PBT,31.57,,,,-0.1468,,NO STICKER,
HAWK,14.81,,,,-0.5855,,NO STICKER,
FOIL,16.21,,,,-0.431,,NO STICKER,
AGBK,5.46,,,,-0.5528,,NO STICKER,
RQI,11.06,,,,-0.185,,NO STICKER,
QQQX,30.68,,,,-0.0373,,NO STICKER,
NOMD,10.65,,,,-0.192,,NO STICKER,
XNDU,4.3,,,,-0.8987,,NO STICKER,
GLOB,35.1,,,,-0.5132,,NO STICKER,
LYNX,12.74,,,,-0.2037,,NO STICKER,
ADIG,17.83,,,,-0.4247,,NO STICKER,
KLRA,10.39,,,,-0.632,,NO STICKER,
AGRO,10.1,,,,-0.3644,,NO STICKER,
AAPG,15.365,,,,-0.6181,,NO STICKER,
BCAT,13.73,,,,-0.1525,,NO STICKER,
NFJ,15.11,,,,-0.0406,,NO STICKER,
ECAT,13.99,,,,-0.1638,,NO STICKER,
BTT,21.94,,,,-0.0559,,NO STICKER,
KARD,14.79,,,,-0.4522,,NO STICKER,
VZLA,3.61,,,,-0.4979,,NO STICKER,
SID,1.16,,,,-0.4727,,NO STICKER,
LUXE,9.74,,,,-0.1441,,NO STICKER,
GFR,5.8,,,,-0.1899,,NO STICKER,
POET,7.79,,,,-0.6257,,NO STICKER,
BRUN,16.51,,,,-0.6069,,NO STICKER,
PSQL,6.05,,,,-0.755,,NO STICKER,
IMTX,7.59,,,,-0.3884,,NO STICKER,
TRAX,33.28,,,,-0.3332,,NO STICKER,
PFBC,106.48,,,,-0.0515,,NO STICKER,
APC,15.5,,,,-0.2864,,NO STICKER,
LSPD,9.82,,,,-0.284,,NO STICKER,
TV,2.29,,,,-0.3438,,NO STICKER,
AZUL,7.35,,,,-0.2523,,NO STICKER,
RMIX,12.22,,,,-0.5208,,NO STICKER,
YSS,8.98,,,,-0.7984,,NO STICKER,
SENEA,177.66,,,,-0.154,0.3333,NO STICKER,
NBXG,15.98,,,,-0.0832,,NO STICKER,
AVLN,28.13,,,,-0.2997,,NO STICKER,
LTGO,15.9,,,,-0.3868,,NO STICKER,
IRS,13.36,,,,-0.302,,NO STICKER,
OIG,9.44,,,,-0.2172,,NO STICKER,
NEWP,6.28,,,,-0.1682,,NO STICKER,
AIIR,7.39,,,,-0.517,,NO STICKER,
SLSR,7.09,,,,-0.3824,,NO STICKER,
CNL,12.13,,,,-0.4479,,NO STICKER,
DSL,9.96,,,,-0.1929,,NO STICKER,
EOS,21.34,,,,-0.1236,,NO STICKER,
BRAI,4.63,,,,-0.8597,,NO STICKER,
SGML,9.09,,,,-0.6287,,NO STICKER,
AKTS,18.52,,,,-0.4583,,NO STICKER,
CRML,7.03,,,,-0.7813,,NO STICKER,
HBNB,4.76,,,,-0.5436,,NO STICKER,
BH-A,1819.66,,,,-0.2759,0.1111,NO STICKER,C
LU,1.02,,,,-0.7512,,NO STICKER,
HSLV,5.25,,,,-0.2468,,NO STICKER,
ODTX,20.725,,,,-0.2866,,NO STICKER,
AOD,10.2,,,,-0.0599,,NO STICKER,
VCX,29.83,,,,-0.9481,,NO STICKER,
AVEX,14.48,,,,-0.658,,NO STICKER,
PSNY,6.23,,,,-0.7885,,NO STICKER,
LOMA,9.16,,,,-0.3061,,NO STICKER,
BMEZ,16.47,,,,-0.0452,,NO STICKER,
CII,24.13,,,,-0.078,,NO STICKER,
SLBT,1.57,,,,-0.8917,,NO STICKER,
BTX,9.22,,,,-0.0228,,NO STICKER,
CPAC,12.32,,,,-0.033,,NO STICKER,
FSCO,5.11,,,,-0.2853,,NO STICKER,
CRF,6.12,,,,-0.2582,,NO STICKER,
AFYA,12.22,,,,-0.2438,,NO STICKER,
ETW,9.49,,,,-0.0462,,NO STICKER,
SPTX,18.42,,,,-0.351,,NO STICKER,
ASA,56.69,,,,-0.3186,,NO STICKER,
SBR,70.41,,,,-0.1183,,NO STICKER,
ANDG,57.14,,,,-0.0179,0.4,NO STICKER,
ANL,15.09,,,,-0.1252,,NO STICKER,
PDS,84.91,,,,-0.182,,NO STICKER,
APMD,21.51,,,,-0.3905,,NO STICKER,
VMET,8.51,,,,-0.4327,,NO STICKER,
ITG,6.88,,,,-0.6428,,NO STICKER,
LMRI,10.32,,,,-0.4694,,NO STICKER,
FPF,15.86,,,,-0.1808,,NO STICKER,
SIFY,13.31,,,,-0.2543,,NO STICKER,
TYG,38.11,,,,-0.2554,,NO STICKER,
IQ,0.9921,,,,-0.6047,0.0,NO STICKER,C
PTA,17.34,,,,-0.1623,,NO STICKER,
HELP,11.7,,,,-0.2277,,NO STICKER,
DXYZ,32.8,,,,-0.5499,,NO STICKER,
STK,55.05,,,,-0.0583,,NO STICKER,
CHY,11.72,,,,-0.1574,,NO STICKER,
XTND,3.3,,,,-0.5385,,NO STICKER,
CHI,11.57,,,,-0.143,,NO STICKER,
TBLA,3.23,1.6571,0.8286,24.8462,-0.4343,0.1111,ABOVE STICKER,C
PXED,25.11,,,,-0.4667,,NO STICKER,
BCX,11.9,,,,-0.1414,,NO STICKER,
MUC,9.74,,,,-0.1272,,NO STICKER,
PDX,20.76,,,,-0.1686,,NO STICKER,
JMIA,6.92,,,,-0.5299,,NO STICKER,
LAR,5.49,,,,-0.5444,,NO STICKER,
RNP,18.53,,,,-0.1683,,NO STICKER,
HEPS,2.44,,,,-0.2673,,NO STICKER,
MTA,9.19,,,,-0.2078,,NO STICKER,
BBN,14.42,,,,-0.1736,,NO STICKER,
FSSL,11.86,,,,-0.2093,,NO STICKER,
AIO,25.48,,,,-0.1091,,NO STICKER,
FRBT,17.79,,,,-0.1914,,NO STICKER,
BTGO,7.38,,,,-0.6988,,NO STICKER,
OGG,2.81,,,,-0.414,,NO STICKER,
AWF,9.63,,,,-0.1348,,NO STICKER,
SCZM,8.8,,,,-0.5013,,NO STICKER,
MAKO,9.26,,,,-0.1658,,NO STICKER,
CRESY,11.34,,,,-0.202,,NO STICKER,
ATTO,17.17,,,,-0.3868,,NO STICKER,
NAK,1.33,,,,-0.5537,,NO STICKER,
EOI,19.85,,,,-0.0592,,NO STICKER,
ODD,18.9,,,10.5,-0.6876,0.6667,NO STICKER,C
PCN,10.87,,,,-0.1942,,NO STICKER,
ASGI,19.08,,,,-0.2647,,NO STICKER,
ADSE,10.59,,,,-0.2156,,NO STICKER,
IMC,9.11,,,,-0.2306,,NO STICKER,
IVA,3.56,,,,-0.5541,,NO STICKER,
NRK,9.36,,,,-0.1413,,NO STICKER,
HTD,22.25,,,,-0.1556,,NO STICKER,
ELVR,37.08,,,,-0.6393,,NO STICKER,
HQ,15.79,,,,-0.6491,,NO STICKER,
VLRS,6.49,,,,-0.3991,,NO STICKER,
PEO,27.82,,,,-0.0649,,NO STICKER,
PHK,4.15,,,,-0.17,,NO STICKER,
THQ,17.78,,,,-0.128,,NO STICKER,
RVI,27.44,,,,-0.6454,,NO STICKER,
GOOS,7.66,,,,-0.4757,,NO STICKER,
REF,12.85,,,,-0.2555,,NO STICKER,
BLDP,2.05,,,,-0.688,,NO STICKER,
ETRA,10.37,,,,-0.331,,NO STICKER,
RMT,13.6,,,,-0.0798,,NO STICKER,
PHAR,9.75,,,,-0.5431,,NO STICKER,
FFC,14.94,,,,-0.1212,,NO STICKER,
BTO,36.01,,,,-0.1426,,NO STICKER,
VBNK,22.4,,,,-0.1058,,NO STICKER,
MQY,10.04,,,,-0.1591,,NO STICKER,
SOPH,8.07,,,,-0.1013,,NO STICKER,
GROY,2.97,,,,-0.4555,,NO STICKER,
MEGI,13.35,,,,-0.1598,,NO STICKER,
FPH,4.54,,,,-0.2983,0.1111,NO STICKER,C
NIE,24.89,,,,-0.0863,,NO STICKER,
HDL,11.31,,,,-0.3888,,NO STICKER,
BLSM,19.69,,,,-0.2965,,NO STICKER,
GPRK,10.85,,,,-0.1736,,NO STICKER,
OBE,10.4,,,,-0.2872,,NO STICKER,
VLGEA,46.0,,,,-0.0458,0.2222,NO STICKER,C
IPX,16.97,,,,-0.7238,,NO STICKER,
DGICA,18.27,,,,-0.1325,0.1111,NO STICKER,C
PROK,1.72,,,,-0.5057,0.2,NO STICKER,
BUI,24.87,,,,-0.1925,,NO STICKER,
OFRM,16.22,,,,-0.3993,,NO STICKER,
BWMX,16.5,,,,-0.1662,,NO STICKER,
CSHR,4.95,,,,-0.5254,,NO STICKER,
SUPV,6.86,,,,-0.4937,,NO STICKER,
TBLD,20.21,,,,-0.1221,,NO STICKER,
NFGC,1.62,,,,-0.5487,,NO STICKER,
BOT,29.325,,,,-0.503,,NO STICKER,
RA,11.61,,,,-0.1457,,NO STICKER,
CCD,22.82,,,,-0.1545,,NO STICKER,
BIT,11.32,,,,-0.159,,NO STICKER,
DLY,13.44,,,,-0.1193,,NO STICKER,
WCCB,60.66,,,,-0.0208,,NO STICKER,
MUA,9.53,,,,-0.1536,,NO STICKER,
PAXS,13.39,,,,-0.1914,,NO STICKER,
YSWY,20.53,,,,-0.294,,NO STICKER,
PFN,6.34,,,,-0.1712,,NO STICKER,
WDI,11.85,,,,-0.21,,NO STICKER,
VINP,9.45,,,,-0.3057,,NO STICKER,
ISOU,9.17,,,,-0.3247,,NO STICKER,
BCSS,10.28,,,,-0.0191,,NO STICKER,
IGR,11.64,,,,-0.2524,,NO STICKER,
NKX,10.53,,,,-0.2023,,NO STICKER,
CRD-A,12.67,,,,-0.0885,0.1111,NO STICKER,C
TWN,104.29,,,,-0.0417,,NO STICKER,
CEPF,10.27,,,,-0.0375,0.0,NO STICKER,
ELMT,22.13,,,,-0.1159,,NO STICKER,
OIO,1.9,,,,-0.8421,,NO STICKER,
VALN,5.74,,,,-0.5287,,NO STICKER,
DSU,8.93,,,,-0.1528,,NO STICKER,
EVO,1.6,,,,-0.6253,,NO STICKER,
DCBO,23.33,,,,-0.1877,,NO STICKER,
BAK,1.55,,,,-0.7127,,NO STICKER,
NML,10.03,,,,-0.0865,,NO STICKER,
CDNL,30.73,,,,-0.6812,0.8,NO STICKER,
ACP,4.46,,,,-0.2324,,NO STICKER,
YB,12.94,,,,-0.4697,,NO STICKER,
DBCA,10.015,,,,-0.0084,,NO STICKER,
NVRI,20.21,,,,-0.1649,,NO STICKER,
SPPP,13.31,,,,-0.441,,NO STICKER,
ENRD,3.33,,,,-0.9021,,NO STICKER,
ETJ,8.13,,,,-0.1046,,NO STICKER,
BWAY,12.5,,,,-0.2816,,NO STICKER,
GHXI,10.01,,,,-0.08,,NO STICKER,
METC,8.105,,,,-0.8598,0.2,NO STICKER,C
FAX,12.9,,,,-0.212,,NO STICKER,
BMM,4.93,,,,-0.4287,,NO STICKER,
ITRG,2.64,,,,-0.4579,,NO STICKER,
GMRS,9.89,,,,-0.3811,,NO STICKER,
GUT,5.95,,,,-0.1584,,NO STICKER,
THW,12.35,,,,-0.1483,,NO STICKER,
AUXX,4.72,,,,-0.4201,,NO STICKER,
AGMB,8.56,,,,-0.5196,,NO STICKER,
NDMO,8.94,,,,-0.1738,,NO STICKER,
GAU,1.99,,,,-0.4503,,NO STICKER,
BGY,5.62,,,,-0.0979,,NO STICKER,
GCGR,10.13,,,,-0.0088,,NO STICKER,
OCS,8.73,,,,-0.7468,,NO STICKER,
MTLS,8.5,,,,-0.0363,,NO STICKER,
NEXN,8.81,,,,-0.2204,,NO STICKER,
NWAX,10.07,,,,-0.0308,,NO STICKER,
WRN,2.18,,,,-0.4883,,NO STICKER,
KMDA,8.31,,,,-0.1112,,NO STICKER,
NMCO,8.71,,,,-0.2082,,NO STICKER,
ETO,30.07,,,,-0.0705,,NO STICKER,
DRUG,50.69,,,,-0.5904,,NO STICKER,
SWRD,2.45,,,,-0.5545,,NO STICKER,
IGD,6.07,,,,-0.0994,,NO STICKER,
PBAM,86.9,,,,-0.0564,,NO STICKER,
IIM,10.92,,,,-0.1708,,NO STICKER,
OWLS,5.46,,,,-0.9393,,NO STICKER,
GIW,10.185,,,,0.0,,NO STICKER,
PWRL,11.4,,,,-0.715,,NO STICKER,
BRTM,9.8006,,,,-0.0438,,NO STICKER,
MMU,9.03,,,,-0.1569,,NO STICKER,
NMAI,14.26,,,,-0.0531,,NO STICKER,
DDL,2.15,,,,-0.3695,0.4,NO STICKER,
FTHY,12.61,,,,-0.1255,,NO STICKER,
GTEN,10.47,,,,-0.0473,0.0,NO STICKER,
ECC,3.46,,,,-0.4949,,NO STICKER,
DPG,12.83,,,,-0.1531,,NO STICKER,
APXT,10.15,,,,-0.0039,,NO STICKER,
IFN,10.49,,,,-0.3219,,NO STICKER,
VGM,8.9,,,,-0.1651,,NO STICKER,
GUG,13.9,,,,-0.1555,,NO STICKER,
CMCL,24.01,,,,-0.3804,,NO STICKER,
BLW,11.72,,,,-0.1723,,NO STICKER,
ETB,15.38,,,,-0.0278,,NO STICKER,
EIM,9.04,,,,-0.1014,,NO STICKER,
GHY,10.87,,,,-0.1613,,NO STICKER,
CDRO,9.5,,,,-0.0741,,NO STICKER,
SLI,1.74,,,,-0.7281,,NO STICKER,
FFA,22.21,,,,-0.0676,,NO STICKER,
KBON,10.09,,,,-0.0059,,NO STICKER,
MBVI,10.25,,,,-0.0238,,NO STICKER,
VVR,2.89,,,,-0.1525,,NO STICKER,
SCTX,16.79,,,,-0.576,,NO STICKER,
VCV,8.97,,,,-0.2118,,NO STICKER,
ASTL,4.34,,,,-0.2644,,NO STICKER,
ZKH,2.74,,,,-0.2974,,NO STICKER,
BGR,17.05,,,,-0.0485,,NO STICKER,
KRAQ,10.01,,,,-0.0412,,NO STICKER,
GORO,3.26,,,,-0.503,,NO STICKER,
EIKN,7.33,,,,-0.5787,,NO STICKER,
HVT,27.5,,,,-0.0781,0.2222,NO STICKER,C
ADUR,12.28,,,,-0.3249,,NO STICKER,
KIO,10.35,,,,-0.1733,,NO STICKER,
ARQQ,24.62,,,,-0.6029,,NO STICKER,
BTQ,3.17,,,,-0.8019,,NO STICKER,
NPFD,17.57,,,,-0.1259,,NO STICKER,
TRX,1.2,,,,-0.5714,,NO STICKER,
NXG,55.45,,,,-0.157,,NO STICKER,
FINS,11.96,,,,-0.1108,,NO STICKER,
FCBM,12.66,,,,-0.0552,,NO STICKER,
TRVG,4.68,,,,-0.3118,,NO STICKER,
ISD,11.7,,,,-0.2089,,NO STICKER,
AEF,9.6,,,,-0.0533,,NO STICKER,
JRI,10.9,,,,-0.2324,,NO STICKER,
PRE,20.17,,,,-0.2595,,NO STICKER,
NMG,1.18,,,,-0.8053,,NO STICKER,
DFP,19.1,,,,-0.1361,,NO STICKER,
GRRR,13.17,,,,-0.4393,,NO STICKER,
HPS,12.15,,,,-0.2251,,NO STICKER,
CINT,3.21,,,,-0.4466,,NO STICKER,
QNC,1.59,,,,-0.6419,,NO STICKER,
SDHY,15.29,,,,-0.1016,,NO STICKER,
ALOV,10.02,,,,-0.002,,NO STICKER,
HTT,2.31,,,,-0.5426,0.0,NO STICKER,C
AUNA,5.06,,,,-0.2526,,NO STICKER,
HFRO,6.83,,,,-0.1176,,NO STICKER,
EVN,9.28,,,,-0.1758,,NO STICKER,
SUJA,9.7,,,,-0.4751,,NO STICKER,
MCI,17.8,,,,-0.1721,,NO STICKER,
GIX,10.01,,,,-0.003,,NO STICKER,
KNOP,10.59,,,,-0.101,0.3333,NO STICKER,C
OTLY,10.55,,,,-0.3576,,NO STICKER,
REAX,16.41,,,,-0.6353,,NO STICKER,
ARCI,10.08,,,,-0.0118,,NO STICKER,
HCIC,9.98,,,,-0.004,,NO STICKER,
EAD,6.03,,,,-0.1459,,NO STICKER,
BDCI,10.145,,,,-0.0112,0.0,NO STICKER,
SBXE,10.11,,,,-0.0127,,NO STICKER,
VOXR,5.03,,,,-0.2493,,NO STICKER,
GMTL,8.63,,,,-0.6114,,NO STICKER,
USDE,14.15,,,,-0.2187,,NO STICKER,
JONE,9.82,,,,-0.018,,NO STICKER,
SVIA,4.28,,,,-0.5951,,NO STICKER,
LZM,3.85,,,,-0.3984,,NO STICKER,
GBAB,12.59,,,,-0.2032,,NO STICKER,
FOF,12.5,,,,-0.1689,,NO STICKER,
PFL,6.98,,,,-0.1977,,NO STICKER,
VOGX,18.23,,,,-0.5254,,NO STICKER,
CGCF,9.815,,,,-0.0185,,NO STICKER,
LEO,5.59,,,,-0.1466,,NO STICKER,
SCD,14.66,,,,-0.0939,,NO STICKER,
SNDL,1.24,,,,-0.5709,,NO STICKER,
MYN,8.95,,,,-0.1277,,NO STICKER,
EMF,22.47,,,,-0.0903,,NO STICKER,
CEPV,10.29,,,,-0.02,0.0,NO STICKER,
SPXX,18.74,,,,-0.0335,,NO STICKER,
CWH,5.03,,,,-0.7067,0.2222,NO STICKER,C
PACH,10.4,,,,0.0,0.0,NO STICKER,
MIY,11.17,,,,-0.1341,,NO STICKER,
VKI,7.67,,,,-0.201,,NO STICKER,
AWP,10.18,,,,-0.1991,,NO STICKER,
ALDF,10.8201,,,,-0.0009,0.0,NO STICKER,
NOA,12.18,,,,-0.2943,,NO STICKER,
ASG,5.08,,,,-0.1072,,NO STICKER,
FTW,9.84,,,,-0.4279,,NO STICKER,
NAN,9.89,,,,-0.1619,,NO STICKER,
JGH,11.59,,,,-0.154,,NO STICKER,
CAES,10.05,,,,-0.0118,,NO STICKER,
HIX,3.54,,,,-0.1936,,NO STICKER,
TVA,10.58,,,,-0.1377,0.0,NO STICKER,
ELVA,6.63,,,,-0.4812,,NO STICKER,
BGT,10.44,,,,-0.1498,,NO STICKER,
LEGO,10.08,,,,0.0,,NO STICKER,
KTF,8.1,,,,-0.1355,,NO STICKER,
BRW,6.07,,,,-0.2168,,NO STICKER,
BKT,9.65,,,,-0.149,,NO STICKER,
VHCP,10.07,,,,-0.003,,NO STICKER,
EFR,10.36,,,,-0.103,,NO STICKER,
MOBI,9.18,,,,-0.3996,,NO STICKER,
ELLO,20.81,,,,-0.3141,,NO STICKER,
HVMC,10.26,,,,-0.001,,NO STICKER,
SHMD,4.57,,,,-0.5709,,NO STICKER,
ZTR,5.99,,,,-0.1575,,NO STICKER,
PHOS,14.98,,,,-0.2967,,NO STICKER,
MXF,19.93,,,,-0.1335,,NO STICKER,
BRBI,11.237,,,,-0.3235,,NO STICKER,
MTNE,9.92,,,,-0.0129,,NO STICKER,
XFLT,19.31,,,,-0.2699,,NO STICKER,
CUVL,6.03,,,,-0.324,,NO STICKER,
TEI,6.08,,,,-0.1314,,NO STICKER,
KPET,10.02,,,,-0.0128,,NO STICKER,
HPF,13.65,,,,-0.2032,,NO STICKER,
FUND,9.65,,,,-0.1219,,NO STICKER,
RIV,10.49,,,,-0.1366,,NO STICKER,
SHOT,9.855,,,,-0.0045,,NO STICKER,
CUB,10.91,,,,-0.0281,0.0,NO STICKER,
DSC,6.02,,,,-0.6318,,NO STICKER,
WLCO,9.9,,,,-0.1391,,NO STICKER,
RFI,10.49,,,,-0.1331,,NO STICKER,
RFMZ,11.81,,,,-0.138,,NO STICKER,
IFRX,1.72,,,,-0.4168,,NO STICKER,
KF,68.82,,,,-0.1601,,NO STICKER,
XSLL,10.01,,,,0.0,,NO STICKER,
NHIV,10.05,,,,-0.1261,,NO STICKER,
CEPO,10.75,,,,-0.0201,0.0,NO STICKER,
EOD,6.32,,,,-0.0623,,NO STICKER,
ARDC,11.49,,,,-0.1787,,NO STICKER,
OIA,5.6,,,,-0.125,,NO STICKER,
LDI,0.635,,,,-0.8329,0.1429,NO STICKER,C
TSI,4.29,,,,-0.1386,,NO STICKER,
DNMX,10.08,,,,0.0,,NO STICKER,
CNCK,1.42,,,,-0.8475,,NO STICKER,
AIBZ,4.0,,,,-0.6098,,NO STICKER,
VCRE,9.33,,,,-0.4758,,NO STICKER,
NCZ,13.97,,,,-0.1361,,NO STICKER,
TMCR,3.42,,,,-0.84,,NO STICKER,
NPCT,9.15,,,,-0.1685,,NO STICKER,
TII,2.44,,,,-0.5681,,NO STICKER,
TRGS,9.96,,,,-0.0139,,NO STICKER,
ONEN,1.87,,,,-0.8448,0.0,NO STICKER,
SBMT,8.2,,,,-0.2698,,NO STICKER,
ACIU,2.725,,,,-0.3187,,NO STICKER,
SRV,42.37,,,,-0.1779,,NO STICKER,
ACB,3.92,,,,-0.4119,,NO STICKER,
IPVV,9.84,,,,-0.0061,,NO STICKER,
ACV,24.23,,,,-0.1657,,NO STICKER,
HITI,2.63,,,,-0.3079,,NO STICKER,
GENC,17.59,13.3496,6.6748,16.4393,-0.1288,0.1667,ABOVE STICKER,C
DSM,5.18,,,,-0.1778,,NO STICKER,
IONR,2.93,,,,-0.6427,,NO STICKER,
VLOS,10.75,,,,-0.1012,0.0,NO STICKER,
AZ,6.19,,,,-0.2905,,NO STICKER,
CPZ,12.55,,,,-0.2267,,NO STICKER,
RMM,12.78,,,,-0.148,,NO STICKER,
TDF,9.5,,,,-0.2213,,NO STICKER,
DYNC,10.905,,,,-0.0073,0.0,NO STICKER,
ERC,8.48,,,,-0.1329,,NO STICKER,
MAGH,6.76,,,,-0.0259,,NO STICKER,
RCS,5.01,,,,-0.369,,NO STICKER,
PMM,5.65,,,,-0.1439,,NO STICKER,
TWLV,10.07,,,,-0.0299,0.0,NO STICKER,
CAF,17.69,,,,-0.1738,,NO STICKER,
MMT,4.32,,,,-0.1111,,NO STICKER,
DYOR,10.15,,,,-0.0306,,NO STICKER,
RLTY,13.83,,,,-0.1572,,NO STICKER,
PRQR,1.635,,,,-0.4726,,NO STICKER,
BIII,10.05,,,,-0.0186,,NO STICKER,
DPRO,5.285,,,,-0.633,,NO STICKER,
LTGR,9.96,,,,-0.003,,NO STICKER,
NUW,13.34,,,,-0.0925,,NO STICKER,
PONO,10.03,,,,-0.0059,,NO STICKER,
KGEI,6.16,,,,-0.1124,,NO STICKER,
LGI,16.86,,,,-0.1519,,NO STICKER,
EIC,9.21,,,,-0.3017,,NO STICKER,
PSF,18.26,,,,-0.133,,NO STICKER,
MAMK,13.16,,,,-0.0797,0.6,NO STICKER,
HMH,18.31,,,,-0.2527,,NO STICKER,
SABA,7.93,,,,-0.1362,,NO STICKER,
EXOD,7.33,,,,-0.7724,0.4,NO STICKER,
AESP,9.9899,,,,-0.0,,NO STICKER,
IDAC,10.0,,,,-0.005,,NO STICKER,
QMLS,6.53,,,,-0.8282,,NO STICKER,
REA,10.03,,,,-0.6659,,NO STICKER,
TVIV,9.95,,,,-0.002,,NO STICKER,
NGEN,1.78,,,,-0.7175,,NO STICKER,
GLND,3.73,,,,-0.8378,,NO STICKER,
GLDG,0.94,,,,-0.5859,,NO STICKER,
CRDL,1.41,,,,-0.3974,,NO STICKER,
IIF,21.27,,,,-0.2401,,NO STICKER,
BEBE,10.04,,,,-0.001,,NO STICKER,
MFM,4.89,,,,-0.1376,,NO STICKER,
ETSS,9.96,,,,-0.004,,NO STICKER,
BNR,16.25,,,,-0.6105,0.0,NO STICKER,C
GGT,3.98,,,,-0.0892,,NO STICKER,
GDEV,10.76,,,,-0.745,,NO STICKER,
FJDI,9.87,,,,-0.003,,NO STICKER,
PERF,1.91,,,,-0.1116,,NO STICKER,
BANX,20.0,,,,-0.1111,,NO STICKER,
ETX,17.49,,,,-0.1255,,NO STICKER,
DEFT,0.53,,,,-0.7706,,NO STICKER,
OMSE,4.39,,,,-0.3817,,NO STICKER,
MSLE,8.5,,,,-0.3654,,NO STICKER,
VRXA,1.13,,,,-0.9587,,NO STICKER,
IDE,12.13,,,,-0.1517,,NO STICKER,
IPHA,1.56,,,,-0.4244,,NO STICKER,
MINE,2.65,,,,-0.457,,NO STICKER,
ARCL,10.02,,,,-0.001,,NO STICKER,
MDWD,13.52,,,,-0.325,,NO STICKER,
NPV,9.34,,,,-0.2091,,NO STICKER,
CHEC,10.29,,,,-0.0256,0.0,NO STICKER,
WIA,7.64,,,,-0.1054,,NO STICKER,
RVII,21.55,,,,-0.1462,,NO STICKER,
MSC,1.05,,,,-0.7862,0.2857,NO STICKER,C
NEN,49.01,,,,-0.3332,0.1667,NO STICKER,C
OPP,6.95,,,,-0.19,,NO STICKER,
DMB,9.48,,,,-0.1596,,NO STICKER,
GF,10.55,,,,-0.1553,,NO STICKER,
SPMC,8.44,,,,-0.5363,,NO STICKER,
LAWR,3.75,,,,-0.0132,,NO STICKER,
MPV,15.981,,,,-0.2235,,NO STICKER,
NRO,2.57,,,,-0.2092,,NO STICKER,
SANG,4.876,,,,-0.1004,,NO STICKER,
ONEW,9.82,,,,-0.434,0.5714,NO STICKER,C
PLG,1.26,,,,-0.6881,,NO STICKER,
EHI,5.45,,,,-0.1705,,NO STICKER,
FLC,15.7,,,,-0.1321,,NO STICKER,
VBF,14.16,,,,-0.1072,,NO STICKER,
DHF,2.23,,,,-0.1456,,NO STICKER,
SAGU,10.05,,,,0.0,,NO STICKER,
ECF,11.85,,,,-0.1444,,NO STICKER,
EDF,4.94,,,,-0.1287,,NO STICKER,
WENC,10.01,,,,-0.004,,NO STICKER,
HGLB,6.72,,,,-0.3684,,NO STICKER,
TONT,10.91,,,,-0.0866,0.0,NO STICKER,
OGI,0.9531,,,,-0.5745,,NO STICKER,
MOLN,3.95,,,,-0.2631,,NO STICKER,
APUR,10.035,,,,-0.0064,,NO STICKER,
LANV,0.99,,,,-0.5714,,NO STICKER,
CLLS,1.43,,,,-0.7391,,NO STICKER,
NCO,9.96,,,,0.0,,NO STICKER,
PNI,6.19,,,,-0.1403,,NO STICKER,
NYXH,1.36,,,,-0.8022,,NO STICKER,
PIM,2.99,,,,-0.1308,,NO STICKER,
GNT,8.49,,,,-0.0949,,NO STICKER,
RNA,7.84,,,,-0.5325,,NO STICKER,
MSD,6.71,,,,-0.1549,,NO STICKER,
GRX,9.375,,,,-0.0809,,NO STICKER,
SPE,12.65,,,,-0.1932,,NO STICKER,
GRO,2.15,,,,-0.4612,,NO STICKER,
SCPQ,10.095,,,,-0.0005,,NO STICKER,
PFD,10.69,,,,-0.1187,,NO STICKER,
BMN,22.25,,,,-0.2042,,NO STICKER,
MHF,6.26,,,,-0.162,,NO STICKER,
HEQ,11.0,,,,-0.0833,,NO STICKER,
BGX,10.54,,,,-0.1246,,NO STICKER,
VTN,9.63,,,,-0.2041,,NO STICKER,
BCV,23.04,,,,-0.157,,NO STICKER,
ZENA,1.33,,,,-0.8129,,NO STICKER,
CGO,12.685,,,,-0.1067,,NO STICKER,
HYI,9.78,,,,-0.1634,,NO STICKER,
MPA,9.74,,,,-0.1794,,NO STICKER,
BMHL,4.498,,,,-0.2917,,NO STICKER,
TLSA,1.12,,,,-0.5193,,NO STICKER,
JHS,10.34,,,,-0.1447,,NO STICKER,
VTVT,30.57,,,,-0.3052,0.0,NO STICKER,C
PLCI,9.92,,,,-0.0498,,NO STICKER,
IAF,12.39,,,,-0.1479,,NO STICKER,
VIVO,3.36,,,,-0.5102,,NO STICKER,
HCHL,3.96,,,,-0.208,0.0,NO STICKER,
KZIA,9.27,,,,-0.4672,,NO STICKER,
DMRC,6.36,,,,-0.6359,,NO STICKER,
MCN,5.26,,,,-0.1768,,NO STICKER,
RACD,11.5,,,,-0.1569,,NO STICKER,
RMMZ,13.27,,,,-0.1321,,NO STICKER,
DMO,9.525,,,,-0.2115,,NO STICKER,
PAI,11.38,,,,-0.1212,,NO STICKER,
EVTL,0.5939,,,,-0.919,,NO STICKER,
PBHC,17.43,,,,-0.0475,0.0,NO STICKER,C
NIM,8.75,,,,-0.1197,,NO STICKER,
CBAT,1.39,,,,-0.1032,,NO STICKER,
NICM,5.45,,,,-0.4858,,NO STICKER,
GLU,17.45,,,,-0.1955,,NO STICKER,
CNXU,3.1,,,,-0.835,,NO STICKER,
TP,8.63,,,,-0.2891,,NO STICKER,
FURY,0.5133,,,,-0.4968,,NO STICKER,
GHG,0.94,,,,-0.5924,0.0,NO STICKER,C
RACC,10.72,,,,-0.68,,NO STICKER,
PARK,19.84,,,,-0.2594,,NO STICKER,
SBI,7.01,,,,-0.1248,,NO STICKER,
PCF,5.11,,,,-0.1953,,NO STICKER,
IGI,15.72,,,,-0.0715,,NO STICKER,
PGP,8.42,,,,-0.1052,,NO STICKER,
CIGL,0.374,,,,-0.4946,,NO STICKER,
IAE,8.855,,,,-0.0448,,NO STICKER,
RGT,14.24,,,,-0.0982,,NO STICKER,
LPA,2.99,,,,-0.3676,,NO STICKER,
HDRN,1.24,,,,-0.9008,,NO STICKER,
GDL,8.325,,,,-0.0398,,NO STICKER,
JLS,16.36,,,,-0.138,,NO STICKER,
EVF,4.855,,,,-0.1236,,NO STICKER,
DAVA,1.92,,,,-0.8057,,NO STICKER,
MCAH,10.0461,,,,-0.09,,NO STICKER,
GOW,3.87,,,,-0.7027,,NO STICKER,
RMI,13.78,,,,-0.1577,,NO STICKER,
TRBG,4.04,,,,-0.8811,,NO STICKER,
GCV,4.13,,,,-0.1396,,NO STICKER,
APAC,10.27,,,,0.0,1.0,NO STICKER,
SWVL,3.87,,,,-0.5434,,NO STICKER,
DTF,11.25,,,,-0.031,,NO STICKER,
INCR,5.42,,,,-0.3586,,NO STICKER,
AZI,1.13,,,,-0.9904,0.0,NO STICKER,
SRL,5.0,,,,-0.5188,,NO STICKER,
RFM,13.0,,,,-0.1351,,NO STICKER,
FMN,9.96,,,,-0.1531,,NO STICKER,
VGI,6.75,,,,-0.1604,,NO STICKER,
GLBS,3.5,,,,-0.1379,,NO STICKER,
SWZ,5.765,,,,-0.0864,,NO STICKER,
NRT,8.46,,,,-0.1935,,NO STICKER,
AVAT,1.83,,,,-0.8283,,NO STICKER,
CRT,11.77,,,,-0.1049,,NO STICKER,
GLV,5.79,,,,-0.1293,,NO STICKER,
EEA,10.36,,,,-0.0936,,NO STICKER,
WSHP,4.97,,,,-0.9801,,NO STICKER,
WKEY,6.09,,,,-0.6924,0.1429,NO STICKER,C
OKYO,1.47,,,,-0.5406,,NO STICKER,
CEV,10.38,,,,-0.0424,,NO STICKER,
APLM,23.266,,,,-0.4476,,NO STICKER,
AEC,3.44,,,,-0.7246,,NO STICKER,
NEXM,1.86,,,,-0.7205,,NO STICKER,
STKE,1.71,,,,-0.6275,,NO STICKER,
MB,3.91,,,,-0.802,,NO STICKER,
DMA,7.44,,,,-0.1869,,NO STICKER,
WBX,2.75,,,,-0.6488,,NO STICKER,
AMTD,0.7437,,,,-0.5493,0.8,NO STICKER,
DXR,10.62,,,,-0.2805,,NO STICKER,
OCCI,2.23,,,,-0.6011,,NO STICKER,
NVX,2.63,,,,-0.9319,,NO STICKER,
ALPS,0.395,,,,-0.8638,,NO STICKER,
ATHE,3.45,,,,-0.4143,,NO STICKER,
GGR,3.2,,,,-0.4896,,NO STICKER,
HYFT,1.34,,,,-0.5518,,NO STICKER,
PCLA,6.74,,,,-0.6564,,NO STICKER,
YTRA,0.882,,,,-0.559,,NO STICKER,
SGLD,3.85,,,,-0.7279,,NO STICKER,
NMS,9.99,,,,-0.2008,,NO STICKER,
PCM,5.05,,,,-0.253,,NO STICKER,
PDCC,8.379,,,,-0.4998,,NO STICKER,
PGZ,9.12,,,,-0.138,,NO STICKER,
PVL,1.825,,,,-0.092,,NO STICKER,
MOB,4.21,,,,-0.618,,NO STICKER,
MCHX,1.29,,,,-0.3676,0.0,NO STICKER,C
MXE,12.32,,,,-0.1385,,NO STICKER,
NAMM,1.26,,,,-0.8302,,NO STICKER,
ELBM,0.499,,,,-0.9426,,NO STICKER,
GRSD,1.51,,,,-0.8221,,NO STICKER,
LGO,0.4746,,,,-0.8242,,NO STICKER,
JMM,5.58,,,,-0.1268,,NO STICKER,
CCIF,2.45,,,,-0.5724,,NO STICKER,
SLMT,4.33,,,,-0.9822,,NO STICKER,
FNUC,1.28,,,,-0.8277,,NO STICKER,
CRGO,0.971,,,,-0.771,,NO STICKER,
RSF,14.31,,,,-0.0504,,NO STICKER,
MDXH,0.571,,,,-0.8929,,NO STICKER,
VGAS,1.09,,,,-0.6759,0.0,NO STICKER,
SFWL,8.35,,,,-0.5282,0.4286,NO STICKER,C
WATR,1.9,,,,-0.8348,,NO STICKER,
FMY,11.07,,,,-0.1044,,NO STICKER,
SNSC,1.19,,,,-0.7295,,NO STICKER,
SQNS,2.8,,,,-0.7252,,NO STICKER,
NWGL,1.44,,,,-0.2727,,NO STICKER,
TGE,1.11,,,,-0.6542,,NO STICKER,
BRAG,1.2,,,,-0.5973,,NO STICKER,
TREO,2.98,,,,-0.6761,,NO STICKER,
GRF,10.1586,,,,-0.1427,,NO STICKER,
WAVE,5.84,,,,-0.4627,,NO STICKER,
THCH,1.16,,,,-0.6431,,NO STICKER,
DGNX,1.28,,,,-0.996,,NO STICKER,
JG,6.48,,,,-0.2768,0.2857,NO STICKER,C
BRIA,1.4,,,,-0.3913,,NO STICKER,
ANGH,3.726,,,,-0.5278,,NO STICKER,
GNTA,0.745,,,,-0.9255,,NO STICKER,
IMMP,4.35,,,,-0.9384,,NO STICKER,
CNF,1.93,,,,-0.7026,,NO STICKER,
VIDA,1.59,,,,-0.744,,NO STICKER,
PFAI,2.53,,,,-0.4868,0.4,NO STICKER,
ARBK,2.25,,,,-0.989,,NO STICKER,
MNY,0.6711,,,,-0.5806,,NO STICKER,
HERZ,15.275,,,,-0.4602,,NO STICKER,
ZEO,0.2932,,,,-0.8577,0.0,NO STICKER,
EVAX,3.2,,,,-0.7366,,NO STICKER,
GNS,0.1502,,,,-0.8583,,NO STICKER,
MCRP,0.68,,,,-0.8527,,NO STICKER,
BLIV,2.3,,,,-0.4682,,NO STICKER,
OPTH,4.49,,,,-0.2984,,NO STICKER,
MRNO,0.2681,,,,-0.9079,,NO STICKER,
TNMG,4.76,,,,-0.9515,,NO STICKER,
QNTM,3.44,,,,-0.8177,,NO STICKER,
PRT,1.88,,,,-0.5312,,NO STICKER,
RADX,1.42,,,,-0.9126,,NO STICKER,
ORIO,1.05,,,,-0.4928,,NO STICKER,
BENF,1.43,,,,-0.8854,0.0,NO STICKER,C
BIOX,0.3418,,,,-0.8439,,NO STICKER,
SNAL,2.17,,,,-0.7991,0.0,NO STICKER,
CCG,5.35,,,,-0.7054,,NO STICKER,
TRSG,1.14,,,,-0.3486,0.6,NO STICKER,
CFND,3.05,,,,-0.647,,NO STICKER,
FENG,1.4,,,,-0.5156,0.0,NO STICKER,C
EPSM,1.25,,,,-0.9706,0.4,NO STICKER,
LGPS,0.75,,,,-0.5312,,NO STICKER,
UFG,0.4399,,,,-0.718,0.6,NO STICKER,
LRE,1.1,,,,-0.418,,NO STICKER,
HTOO,2.15,,,,-0.6032,,NO STICKER,
PBK,0.225,,,,-0.9043,,NO STICKER,
COOT,0.458,,,,-0.8982,,NO STICKER,
TURB,1.08,,,,-0.8338,,NO STICKER,
SAGT,0.5732,,,,-0.8309,,NO STICKER,
PLSM,2.19,,,,-0.8311,,NO STICKER,
AUST,0.99,,,,-0.7474,,NO STICKER,
NUR,0.877,,,,-0.8864,,NO STICKER,
ALAR,1.74,,,,-0.8949,,NO STICKER,
RPGL,37.19,,,,-0.9994,,NO STICKER,
FRTT,0.796,,,,-0.8054,,NO STICKER,
DETX,2.11,,,,-0.6986,,NO STICKER,
BLRX,2.37,,,,-0.4803,,NO STICKER,
GIXI,4.36,,,,-0.7187,,NO STICKER,
DDC,0.2196,,,,-0.9775,0.0,NO STICKER,
FMST,0.586,,,,-0.8718,,NO STICKER,
YFOR,1.46,,,,-0.9979,,NO STICKER,
NVNI,0.8813,,,,-0.8216,,NO STICKER,
MMA,0.372,,,,-0.785,,NO STICKER,
BIOT,0.337,,,,-0.9933,,NO STICKER,
AEHL,10.0,,,,-0.9761,,NO STICKER,
GDTC,0.92,,,,-0.75,,NO STICKER,
IMRN,1.09,,,,-0.5439,,NO STICKER,
RAIN,0.7722,,,,-0.9094,0.0,NO STICKER,
MARPS,4.07,,,,-0.3729,,NO STICKER,
GMM,1.81,,,,-0.9823,0.8,NO STICKER,
ARBB,4.4328,,,,-0.5846,,NO STICKER,
SMX,3.82,,,,-0.9993,,NO STICKER,
FFAI,1.23,,,,-0.9951,0.0,NO STICKER,
THH,1.5,,,,-0.9973,,NO STICKER,
TDIC,2.14,,,,-0.9978,,NO STICKER,
GCDT,0.4,,,,-0.9316,,NO STICKER,
SYNX,1.01,,,,-0.4821,,NO STICKER,
EVGN,0.425,,,,-0.7167,,NO STICKER,
YMAT,1.445,,,,-0.8888,,NO STICKER,
GP,0.561,,,,-0.834,,NO STICKER,
GELS,0.5213,,,,-0.7406,,NO STICKER,
XTLB,2.16,,,,-0.7899,,NO STICKER,
HKPD,0.1095,,,,-0.9363,,NO STICKER,
MRM,0.5721,,,,-0.7993,,NO STICKER,
TRIB,5.69,,,,-0.8916,,NO STICKER,
LCFY,2.345,,,,-0.6774,,NO STICKER,
AMSS,0.4201,,,,-0.9753,,NO STICKER,
NCNA,1.09,,,,-0.849,,NO STICKER,
ADXN,3.07,,,,-0.7435,,NO STICKER,
VMAR,6.4,,,,-0.9991,,NO STICKER,
BMGL,3.28,,,,-0.849,,NO STICKER,
CHNR,3.86,,,,-0.5293,,NO STICKER,
SVRE,1.39,,,,-0.9302,,NO STICKER,
MTR,2.4684,,,,-0.5766,,NO STICKER,
DFSC,1.11,,,,-0.815,,NO STICKER,
AGRZ,3.25,,,,-0.9774,,NO STICKER,
MLEC,4.75,,,,-0.7954,,NO STICKER,
PMAX,0.85,,,,-0.9837,,NO STICKER,
FMFC,0.173,,,,-0.989,,NO STICKER,
NXAT,0.875,,,,-0.9912,,NO STICKER,
XRTX,1.714,,,,-0.7569,,NO STICKER,
RDHL,0.5,,,,-0.7685,,NO STICKER,
ELPW,2.97,,,,-0.9999,0.2,NO STICKER,
CMND,0.715,,,,-0.9985,,NO STICKER,
HUBC,1.01,,,,-1.0,,NO STICKER,
VRAX,2.2,,,,-0.8989,,NO STICKER,
IMTE,0.4503,,,,-0.664,,NO STICKER,
SSM,2.635,,,,-0.75,,NO STICKER,
DXF,0.46,,,,-0.8682,,NO STICKER,
IMCC,2.04,,,,-0.9735,,NO STICKER,
LNKS,1.005,,,,-0.9976,,NO STICKER,
AKAN,1.98,,,,-0.9749,,NO STICKER,
VCIG,1.37,,,,-0.9998,,NO STICKER,
BDRX,0.6199,,,,-0.9896,,NO STICKER,
LGHL,4.01,,,,-0.9989,0.0,NO STICKER,C
FGL,4.36,,,,-0.9994,,NO STICKER,
EAI,18.78,,,,-0.135,,NO STICKER,
CET,56.19,,,,-0.0209,,NO STICKER,
GPJA,19.21,,,,-0.1891,,NO STICKER,
IMO,125.68,,,,-0.0987,,NO STICKER,
EMP,18.675,,,,-0.1195,,NO STICKER,
NRUC,20.77,,,,-0.1649,0.1667,NO STICKER,C
ENJ,19.04,,,,-0.1653,,NO STICKER,
ODC,89.66,,,,-0.1621,0.8889,NO STICKER,A
PHI,17.56,,,,-0.2836,,NO STICKER,
SOR,44.95,,,,-0.1083,,NO STICKER,
SJT,3.76,,,,-0.426,,NO STICKER,
JHI,12.18,,,,-0.1465,,NO STICKER,
USA,5.82,,,,-0.1005,,NO STICKER,
HQH,19.8,,,,-0.2032,,NO STICKER,
CIK,2.32,,,,-0.2368,,NO STICKER,
MGF,2.71,,,,-0.1342,,NO STICKER,
NNY,7.83,,,,-0.1242,,NO STICKER,
NCA,8.42,,,,-0.1408,,NO STICKER,
CHSCP,26.2,,,,-0.1178,0.0,NO STICKER,C
MIN,2.33,,,,-0.1306,,NO STICKER,
PPT,3.27,,,,-0.1257,,NO STICKER,
NMI,9.29,,,,-0.1764,,NO STICKER,
FT,7.08,,,,-0.1521,,NO STICKER,
WDS,21.79,,,,-0.135,,NO STICKER,
VLT,9.07,,,,-0.2044,,NO STICKER,
PDT,11.78,,,,-0.137,,NO STICKER,
JOF,12.67,,,,-0.014,,NO STICKER,
CEE,18.12,,,,-0.1756,,NO STICKER,
VKQ,8.6,,,,-0.1494,,NO STICKER,
PFO,8.61,,,,-0.1285,,NO STICKER,
MYI,9.77,,,,-0.1475,,NO STICKER,
NXP,13.29,,,,-0.0928,,NO STICKER,
HQL,17.68,,,,-0.2201,,NO STICKER,
VMO,8.51,,,,-0.1574,,NO STICKER,
SPY,769.64,,,,-0.0125,,NO STICKER,
IQI,8.94,,,,-0.142,,NO STICKER,
CCU,10.59,,,,-0.3105,,NO STICKER,
NAZ,10.85,,,,-0.1915,,NO STICKER,
VPV,10.72,,,,-0.0678,,NO STICKER,
NMT,10.3,,,,-0.2482,,NO STICKER,
PMO,9.21,,,,-0.1527,,NO STICKER,
HIO,3.29,,,,-0.1542,,NO STICKER,
KOF,106.5,,,,-0.0904,,NO STICKER,
RCG,2.9899,,,,-0.0967,,NO STICKER,
TEO,11.72,,,,-0.2827,,NO STICKER,
CYD,31.95,,,,-0.4803,,NO STICKER,
MDY,669.66,,,,-0.0665,,NO STICKER,
ICL,5.04,,,,-0.2769,,NO STICKER,
MHD,10.33,,,,-0.1449,,NO STICKER,
DIA,511.1,,,,-0.0652,,NO STICKER,
TSM,472.78,,,,-0.013,,NO STICKER,
LTM,47.92,,,,-0.3195,,NO STICKER,
MUJ,11.3,,,,-0.1088,,NO STICKER,
DHY,16.07,,,,-0.242,,NO STICKER,
NAC,10.23,,,,-0.1649,,NO STICKER,
ASR,234.41,,,,-0.3856,,NO STICKER,
PCQ,7.76,,,,-0.1556,,NO STICKER,
JRS,7.42,,,,-0.1663,,NO STICKER,
BHK,8.17,,,,-0.1927,,NO STICKER,
AFB,9.59,,,,-0.1661,,NO STICKER,
WEA,9.85,,,,-0.1375,,NO STICKER,
BHV,11.58,,,,-0.2356,,NO STICKER,
PML,6.55,,,,-0.1823,,NO STICKER,
HPI,14.15,,,,-0.1965,,NO STICKER,
NBH,9.15,,,,-0.1465,,NO STICKER,
SPCX,158.96,,,,-0.2955,,NO STICKER,
NCV,15.14,,,,-0.1422,,NO STICKER,
AVK,11.57,,,,-0.1288,,NO STICKER,
EVV,8.43,,,,-0.176,,NO STICKER,
JQC,4.67,,,,-0.1172,,NO STICKER,
EMD,9.28,,,,-0.1788,,NO STICKER,
FTF,5.37,,,,-0.1636,,NO STICKER,
FRA,10.49,,,,-0.1956,,NO STICKER,
IPB,24.93,,,,-0.0858,,NO STICKER,
WIW,7.99,,,,-0.1142,,NO STICKER,
UTF,25.17,,,,-0.1046,,NO STICKER,
JFR,7.35,,,,-0.0982,,NO STICKER,
ERH,10.27,,,,-0.2142,,NO STICKER,
KTN,25.6401,,,,-0.0465,,NO STICKER,
KTH,28.67,,,,-0.0443,,NO STICKER,
JBK,24.75,,,,-0.1466,,NO STICKER,
GJH,9.3214,,,,-0.0669,,NO STICKER,
EVG,10.04,,,,-0.1146,,NO STICKER,
EFT,10.61,,,,-0.1099,,NO STICKER,
PYT,23.7447,,,,-0.0475,,NO STICKER,
GGN,5.25,,,,-0.1071,,NO STICKER,
BME,43.34,,,,-0.0666,,NO STICKER,
GLQ,7.6,,,,-0.1314,,NO STICKER,
BOE,11.69,,,,-0.0707,,NO STICKER,
IGA,10.01,,,,-0.0706,,NO STICKER,
ETY,14.18,,,,-0.1087,,NO STICKER,
GJO,24.62,,,,-0.0265,,NO STICKER,
TX,56.61,,,,-0.0361,,NO STICKER,
GJP,24.4,,,,-0.0259,,NO STICKER,
ELC,18.83,,,,-0.1358,,NO STICKER,
GLO,5.42,,,,-0.123,,NO STICKER,
GJR,23.8,,,,-0.0585,,NO STICKER,
GJS,22.99,,,,-0.0685,,NO STICKER,
GJT,23.0999,,,,-0.0274,,NO STICKER,
AGD,11.35,,,,-0.1881,,NO STICKER,
BTZ,9.37,,,,-0.1619,,NO STICKER,
EXG,9.42,,,,-0.0728,,NO STICKER,
JCE,16.83,,,,-0.0355,,NO STICKER,
EDD,5.34,,,,-0.1359,,NO STICKER,
EDN,19.94,,,,-0.4567,,NO STICKER,
CHW,8.0,,,,-0.1285,,NO STICKER,
BIPH,15.26,,,,-0.1362,,NO STICKER,
EOT,15.53,,,,-0.1372,,NO STICKER,
GDO,9.75,,,,-0.1969,,NO STICKER,
NBB,14.3,,,,-0.1396,,NO STICKER,
BSL,12.98,,,,-0.0729,,NO STICKER,
NHS,5.44,,,,-0.2981,,NO STICKER,
IHD,7.64,,,,-0.0614,,NO STICKER,
LND,3.51,,,,-0.2112,,NO STICKER,
BWG,6.89,,,,-0.2144,,NO STICKER,
VOC,3.42,,,,-0.1094,,NO STICKER,
EMO,50.31,,,,-0.1069,,NO STICKER,
MMD,13.74,,,,-0.1315,,NO STICKER,
BGH,13.13,,,,-0.1502,,NO STICKER,
DBL,13.68,,,,-0.1336,,NO STICKER,
BPYPP,15.16,,,,-0.0938,,NO STICKER,
BGB,11.13,,,,-0.0817,,NO STICKER,
LDP,19.43,,,,-0.1188,,NO STICKER,
BPRE,12.69,,,,-0.3052,,NO STICKER,
GGZ,15.38,,,,-0.0995,,NO STICKER,
BDRY,14.2,,,,-0.1502,1.0,NO STICKER,
KEN,60.49,,,,-0.3694,,NO STICKER,
BST,51.33,,,,-0.0189,,NO STICKER,
GSM,4.26,,,,-0.2578,,NO STICKER,
GDLC,38.68,,,,-0.375,,NO STICKER,
ADRX,18.25,,,,-0.2137,,NO STICKER,
EIIA,25.06,,,,-0.018,,NO STICKER,
CTWO,18.725,,,,-0.1964,,NO STICKER,
PBM,5.16,,,,-0.9706,,NO STICKER,
MRX,72.75,,,,-0.0804,,NO STICKER,
PSUS,37.14,,,,-0.1559,,NO STICKER,
VSOL,15.8953,,,,-0.1781,,NO STICKER,
GAVA,25.839,,,,-0.0953,,NO STICKER,
XRP,16.44,,,,-0.3884,,NO STICKER,
SOLC,23.855,,,,-0.1677,,NO STICKER,
BSOL,16.28,,,,-0.388,,NO STICKER,
BWOW,14.9947,,,,-0.4162,,NO STICKER,
SOEZ,20.388,,,,-0.1951,,NO STICKER,
XRPZ,15.98,,,,-0.3875,,NO STICKER,
SUIS,29.093,,,,-0.1521,,NO STICKER,
VAVX,22.15,,,,-0.114,,NO STICKER,
TSUI,22.39,,,,-0.1576,,NO STICKER,
FSOL,13.92,,,,-0.2037,,NO STICKER,
TDOG,18.408,,,,-0.2807,,NO STICKER,
VBNB,29.781,,,,-0.0494,,NO STICKER,
NRR,24.18,,,,-0.1659,,NO STICKER,
AIB,1.64,,,,-0.7389,,NO STICKER,
RZAI,19.9,,,,-0.4402,,NO STICKER,
IVAI,10.17,,,,-0.0145,,NO STICKER,
CLNK,24.64,,,,-0.1222,,NO STICKER,
ADBT,0.1397,,,,-0.9894,,NO STICKER,
BAVA,28.8373,,,,-0.0986,,NO STICKER,
BHYP,48.76,,,,-0.1065,,NO STICKER,
TKNZ,33.0562,,,,-0.0474,,NO STICKER,
BITA,62.9153,,,,-0.0393,,NO STICKER,
THYP,50.1,,,,-0.1098,,NO STICKER,
ETHB,34.32,,,,-0.0389,,NO STICKER,
MSOL,32.05,,,,-0.0598,,NO STICKER,
MSBT,24.17,,,,-0.0409,,NO STICKER,
MSSE,28.705,,,,-0.0358,,NO STICKER,
HYPG,30.71,,,,-0.1054,,NO STICKER,
SCOP,12.17,,,,-0.1887,,NO STICKER,
SKHY,195.13,,,,-0.0237,,NO STICKER,
FTRA,9.865,,,,-0.0115,,NO STICKER,
ACCV,17.72,,,,-0.021,,NO STICKER,
TRP,59.07,,,,-0.1735,,NO STICKER,
CSAN,2.75,,,,-0.5098,,NO STICKER,
SBXD,11.39,,,,-0.0421,0.0,NO STICKER,
NHIC,8.64,,,,-0.2552,0.0,NO STICKER,
BTA,25.5393,,,,-0.0097,,NO STICKER,
TVE,23.22,,,,-0.0611,0.3333,NO STICKER,
CTGG,15.6,,,,-0.1875,0.0,NO STICKER,C
TCPA,20.0,,,,-0.1997,,NO STICKER,
DJP,51.55,,,,-0.0386,,NO STICKER,
GLDI,140.565,,,,-0.2344,,NO STICKER,
AMUB,22.0943,,,,-0.096,,NO STICKER,
BTCK,27.875,,,,-0.1151,0.0,NO STICKER,
YSAG,60.694,,,,-0.1355,,NO STICKER,
