ticker,name,exchange,sector,industry,status,tier,price,price_date,market_cap,sticker,mos_price,payback_price,ten_cap_price,price_to_sticker,buy_signals,methods_agree,marker_score,markers,windage_growth,future_pe,hist_pe_median,pe_ttm,eps_ttm,fcf_ttm,fcf_yield,ttm_end,div_ttm,div_yield,div_growth_5y,tr_5y,tr_10y,debt,debt_payoff_years,debt_years_total,owner_earnings_ttm,net_debt,cash_conversion,big5_score,big5_tests,roic10,roic5,roic1,sales_g10,sales_g5,sales_g1,eps_g10,eps_g5,eps_g1,bvps_g10,bvps_g5,bvps_g1,ocf_g10,ocf_g5,ocf_g1,chg_1w,chg_1m,chg_3m,drawdown_52w,event_score,events,next_report_est,flags,rank_score,cik
OPFI,OppFi Inc.,NYSE,Financials,Finance Services,BUY,A,5.93,2026-10-09,510677118.94,29.0845,14.5423,66.6399,48.9549,0.2039,MOS+PaybackTime+TenCap,3,0.5714,roic_consistent=?|roic_not_falling=?|growth_coherent=0|margin_stable=0|fcf_margin=1|cash_real=1|low_debt=1|no_dilution=0|predictable=?|recession_tested=1,0.1374,27.4846,28.2242,5.0202,1.1812,384904000.0,0.7537,2026-06-30,,,,-0.0006,,50000000.0,0.0,0.1299,421588000.0,-14347000.0,3.9397,0.9,9/10,5.3009,2.7504,2.6695,,0.1374,0.1857,,,1.75,,,0.3562,,0.1587,0.2393,-0.0067,-0.2569,-0.3718,-0.4927,3.11,"-49% off 52w high; insider buying (8 Form 4s, $0.22M); 13D: SCHEDULE 13D/A 2026-04-30; 8-K: 2026-09-21: 2.03 New debt obligation; 8.01 Other event; next report ~2026-11-09",2026-11-09,financial (bank/insurer/broker): OCF-based tests less meaningful;micro-cap,6.491,1818502
QFIN,"Qfin Holdings, Inc.",Nasdaq,Financials,Finance Services,BUY,A,6.2,2026-10-09,843732821.8,15.7685,7.8842,180.3688,136.5215,0.3932,MOS+PaybackTime+TenCap,3,0.875,roic_consistent=1|roic_not_falling=1|growth_coherent=?|margin_stable=0|fcf_margin=1|cash_real=1|low_debt=1|no_dilution=1|predictable=?|recession_tested=1,0.1406,3.9034,3.9034,1.4142,4.3843,1622505760.8858,1.923,2025-12-31,1.24,0.2,,-0.1603,,37028579.9791,0.0,0.0228,1857866078.1086,-665772108.3346,1.8391,0.8182,9/11,0.2647,0.2426,0.2244,,0.072,0.1188,,0.1406,0.0664,,0.2344,0.1115,,0.1579,0.1863,-0.0402,-0.268,-0.5303,-0.7784,2.0,-78% off 52w high; next report ~2027-01-04,2027-01-04,"PE<5: check one-off gains;financial (bank/insurer/broker): OCF-based tests less meaningful;reports in CNY, converted at 6.683 CNY/USD; ADR: 1 ADS = 2 shares; EPS from yahoo TTM to 2026-06-30;micro-cap",5.975,1741530
KNSL,"KINSALE CAPITAL GROUP, INC.",NYSE,Financials,"Fire, Marine & Casualty Insurance",BUY,A,336.98,2026-10-09,7723918580.0,739.2,369.6,689.2375,511.7052,0.4559,MOS+PaybackTime+TenCap,3,1.0,roic_consistent=1|roic_not_falling=1|growth_coherent=1|margin_stable=?|fcf_margin=1|cash_real=1|low_debt=1|no_dilution=1|predictable=1|recession_tested=1,0.15,30.0,37.1795,13.6761,24.64,1000771000.0,0.1296,2026-06-30,0.92,0.0027,0.1698,0.1263,0.2859,224535000.0,0.2267,0.2244,1174282000.0,14024000.0,1.8108,0.9231,12/13,0.1763,0.2193,0.2306,0.3698,0.3244,0.1804,,0.4111,0.2177,,0.2729,0.325,0.295,0.3011,0.0691,0.022,-0.064,-0.0105,-0.2936,0.77,-29% off 52w high; next report ~2026-10-22,2026-10-22,financial (bank/insurer/broker): OCF-based tests less meaningful,5.877,1669162
LULU,lululemon athletica inc.,Nasdaq,Consumer Discretionary,Apparel & Other Finishd Prods of  Fabrics & Similar Matl,BUY,B,94.5,2026-10-09,10791994500.0,364.5,182.25,187.2079,178.0053,0.2593,MOS+PaybackTime+TenCap,3,0.9,roic_consistent=1|roic_not_falling=1|growth_coherent=1|margin_stable=0|fcf_margin=1|cash_real=1|low_debt=1|no_dilution=1|predictable=1|recession_tested=1,0.15,30.0,41.6676,7.7778,12.15,1354336000.0,0.1255,2026-08-02,,,,-0.2722,0.0522,0,0.0,0.0,2032838000.0,-1389737000.0,1.0172,0.7333,11/15,0.3072,0.3389,0.3142,0.1683,0.1215,0.0486,0.1962,0.121,-0.0943,0.1545,0.1466,0.1944,0.1529,0.029,-0.2949,0.0004,-0.0452,-0.2076,-0.5818,2.43,"-58% off 52w high; 13D: SCHEDULE 13D/A 2026-09-03, SCHEDULE 13D/A 2026-08-03; 8-K: 2026-10-07: 5.02 Director/officer change; 7.01 Reg FD disclosure; next report ~2026-12-03",2026-12-03,,5.706,1397187
BRBR,"BellRing Brands, Inc.",NYSE,Consumer Staples,Food and Kindred Products,BUY,B,8.55,2026-10-09,1008900000.0,42.6,21.3,30.1001,15.0941,0.2007,MOS+PaybackTime+TenCap,3,0.5,roic_consistent=?|roic_not_falling=1|growth_coherent=?|margin_stable=1|fcf_margin=0|cash_real=1|low_debt=0|no_dilution=0|predictable=?|recession_tested=?,0.15,30.0,32.9379,6.0211,1.42,225000000.0,0.223,2026-06-30,,,,-0.2036,,1135300000.0,4.2372,5.0458,286600000.0,1084900000.0,1.3127,0.7273,8/11,0.3438,0.3993,0.4241,,0.1857,0.1605,,0.2287,-0.0968,,,,,0.218,0.3056,0.1507,-0.0646,-0.3149,-0.7603,3.0,"-76% off 52w high; insider buying (1 Form 4s, $0.02M); next report ~2026-11-03",2026-11-03,debt > 3 years of FCF,5.553,1772016
INTU,INTUIT INC.,Nasdaq,Information Technology,Services-Prepackaged Software,BUY*,A,302.75,2026-10-09,83861750000.0,493.8,246.9,493.6922,354.426,0.6131,PaybackTime+TenCap,2,0.9,roic_consistent=1|roic_not_falling=0|growth_coherent=1|margin_stable=1|fcf_margin=1|cash_real=1|low_debt=1|no_dilution=1|predictable=1|recession_tested=1,0.15,30.0,49.4347,18.3931,16.46,8663000000.0,0.1033,2026-07-31,4.98,0.0164,0.1524,-0.1278,0.1126,7669000000.0,0.7411,0.8853,10114000000.0,2964000000.0,1.8973,0.9333,14/15,0.2331,0.1308,0.1757,0.1641,0.1736,0.139,0.1613,0.1684,0.2041,0.284,0.1366,-0.0156,0.1973,0.2215,0.4239,0.0771,-0.0585,0.1011,-0.5607,1.84,-56% off 52w high; 8-K: 2026-08-25: 2.02 Earnings release; 8.01 Other event; next report ~2026-11-18,2026-11-18,,5.5,896878
FUTU,Futu Holdings Ltd,Nasdaq,Financials,"Security Brokers, Dealers & Flotation Companies",BUY*,A,113.71,2026-10-09,16073572296.3387,194.1049,97.0525,579.6822,388.4889,0.5858,PaybackTime+TenCap,2,0.7143,roic_consistent=?|roic_not_falling=1|growth_coherent=?|margin_stable=0|fcf_margin=1|cash_real=1|low_debt=1|no_dilution=0|predictable=?|recession_tested=1,0.15,19.369,19.369,11.3467,10.0214,5190819782.8525,0.3229,2025-12-31,2.6,0.0229,,0.171,,0,0.0,0.0,5491517229.0753,-1333709858.2934,3.5927,1.0,11/11,0.1677,0.1898,0.2914,,0.4716,0.6811,,0.5142,1.0638,,0.3492,0.4149,,0.148,0.3159,0.1129,0.0087,0.1804,-0.4386,1.35,-44% off 52w high; next report ~2026-12-23,2026-12-23,"financial (bank/insurer/broker): OCF-based tests less meaningful;reports in HKD, converted at 7.847 HKD/USD; ADR: 1 ADS = 8 shares; EPS from yahoo TTM to 2026-06-30",5.38,1754581
PGR,PROGRESSIVE CORP/OH/,NYSE,Financials,"Fire, Marine & Casualty Insurance",BUY*,A,217.43,2026-10-09,127327008000.0,361.8468,180.9234,429.9863,321.9927,0.6009,PaybackTime+TenCap,2,1.0,roic_consistent=1|roic_not_falling=1|growth_coherent=1|margin_stable=?|fcf_margin=1|cash_real=1|low_debt=1|no_dilution=1|predictable=1|recession_tested=1,0.15,18.1559,18.1559,10.9097,19.93,15951000000.0,0.1253,2026-06-30,13.9,0.0639,0.2319,0.2059,0.2421,2664100000.0,0.0,0.167,19103000000.0,2471100000.0,1.3696,1.0,15/15,0.2294,0.2252,0.3729,0.1544,0.155,0.1632,0.245,0.1476,0.3354,0.1534,0.122,0.1841,0.2257,0.2051,0.1607,0.0339,-0.0009,-0.0576,-0.0978,0.0,8-K: 2026-09-18: 7.01 Reg FD disclosure; next report ~2026-11-02,2026-11-02,financial (bank/insurer/broker): OCF-based tests less meaningful;cheap without an event (near 52w high): value-trap check,5.298,80661
ELA,ENVELA CORPORATION,NYSE,Consumer Discretionary,Retail-Jewelry Stores,BUY*,A,11.94,2026-10-09,310003903.44,18.06,9.03,14.6116,11.6623,0.6611,PaybackTime,1,0.7778,roic_consistent=1|roic_not_falling=1|growth_coherent=?|margin_stable=1|fcf_margin=0|cash_real=1|low_debt=1|no_dilution=1|predictable=0|recession_tested=1,0.15,21.0,21.0,13.8837,0.86,24032133.0,0.0775,2026-06-30,,,,0.2216,0.2901,9668723.0,1.5484,0.4023,30279432.0,-33773133.0,1.0745,0.8,12/15,0.1072,0.1745,0.204,0.1474,0.1617,0.3362,,0.1847,1.1538,0.3225,0.3166,0.2835,0.3443,-0.1785,-0.7467,-0.0181,-0.1129,-0.4717,-0.5977,2.99,"-60% off 52w high; insider buying (1 Form 4s, $0.00M); next report ~2026-11-04",2026-11-04,micro-cap,5.053,701719
ADBE,ADOBE INC.,Nasdaq,Information Technology,Services-Prepackaged Software,BUY,B,242.27,2026-10-09,97610583000.0,537.3,268.65,415.0003,307.4857,0.4509,MOS+PaybackTime+TenCap,3,0.9,roic_consistent=1|roic_not_falling=1|growth_coherent=0|margin_stable=1|fcf_margin=1|cash_real=1|low_debt=1|no_dilution=1|predictable=1|recession_tested=1,0.15,30.0,45.2771,13.5271,17.91,10592000000.0,0.1085,2026-08-28,,,,-0.1785,0.0901,6363000000.0,0.6303,0.6007,12589000000.0,2004000000.0,1.4541,0.7333,11/15,0.2488,0.2982,0.3985,0.1736,0.1306,0.1053,0.297,0.0905,0.3511,0.0702,-0.0007,-0.1322,0.2118,0.1186,0.2452,0.0193,-0.0395,0.0833,-0.3339,0.94,-33% off 52w high; 8-K: 2026-09-10: 2.02 Earnings release; next report ~2026-12-22,2026-12-22,,4.95,796343
DECK,DECKERS OUTDOOR CORP,NYSE,Consumer Discretionary,Rubber & Plastics Footwear,BUY*,A,82.89,2026-10-09,11485155510.0,117.9612,58.9806,123.1498,102.2778,0.7027,PaybackTime+TenCap,2,0.8,roic_consistent=1|roic_not_falling=1|growth_coherent=0|margin_stable=0|fcf_margin=1|cash_real=1|low_debt=1|no_dilution=1|predictable=1|recession_tested=1,0.1426,17.8971,17.8971,11.7909,7.03,1117808000.0,0.0973,2026-06-30,,,,0.0468,0.2383,0,0.0,0.0,1417151000.0,-1602589000.0,1.1033,0.8667,13/15,0.2609,0.3399,0.3991,0.113,0.1654,0.0976,0.2753,0.2561,0.109,0.1339,0.1513,0.0415,0.2511,0.1467,0.1316,0.0476,0.0199,-0.2179,-0.3222,0.89,-32% off 52w high; 8-K: 2026-08-31: 1.01 Material agreement; 2.03 New debt obligation; next report ~2026-10-29,2026-10-29,,4.85,910521
PLMR,"Palomar Holdings, Inc.",Nasdaq,Financials,"Fire, Marine & Casualty Insurance",BUY*,A,130.76,2026-10-09,3557732855.88,183.694,91.847,240.6437,165.8923,0.7118,PaybackTime+TenCap,2,0.5,roic_consistent=0|roic_not_falling=1|growth_coherent=0|margin_stable=?|fcf_margin=1|cash_real=1|low_debt=1|no_dilution=0|predictable=?|recession_tested=0,0.15,24.6901,24.6901,17.5753,7.44,414768000.0,0.1166,2026-06-30,0.45,0.0034,,0.0746,,295773000.0,0.0,0.7131,474670000.0,233084000.0,2.0416,1.0,11/11,0.1215,0.1581,0.2091,,0.3906,0.5816,,0.9727,0.6004,,0.1927,0.2337,,0.4806,0.5666,0.0338,-0.0217,-0.066,-0.1142,1.06,"insider buying (1 Form 4s, $0.00M); 8-K: 2026-08-11: 7.01 Reg FD disclosure; next report ~2026-11-04",2026-11-04,financial (bank/insurer/broker): OCF-based tests less meaningful,4.841,1761312
TTD,"The Trade Desk, Inc.",Nasdaq,Information Technology,"Services-Computer Programming, Data Processing, Etc.",BUY,C,12.08,2026-10-09,5718635760.0,25.2,12.6,28.7791,25.1365,0.4794,MOS+PaybackTime+TenCap,3,0.8,roic_consistent=0|roic_not_falling=1|growth_coherent=1|margin_stable=0|fcf_margin=1|cash_real=1|low_debt=1|no_dilution=1|predictable=1|recession_tested=1,0.15,30.0,117.0348,14.381,0.84,863049000.0,0.1509,2026-06-30,,,,-0.3047,0.1646,0,0.0,0.0,1189954000.0,-1122979000.0,2.3471,0.7857,11/14,0.1443,0.0901,0.1596,,0.2821,0.1847,0.3687,0.1293,0.1538,0.5053,0.1947,-0.1433,,0.1964,0.3425,0.0109,-0.1576,-0.3815,-0.7808,2.5,-78% off 52w high; neg 8-K: 2026-09-04: Restructuring/exit costs; next report ~2026-11-05,2026-11-05,,4.788,1671933
ACGL,ARCH CAPITAL GROUP LTD.,Nasdaq,Financials,"Fire, Marine & Casualty Insurance",BUY*,A,95.57,2026-10-09,33850894000.0,133.3701,66.6851,269.8568,190.9797,0.7166,PaybackTime+TenCap,2,0.8889,roic_consistent=0|roic_not_falling=1|growth_coherent=1|margin_stable=?|fcf_margin=1|cash_real=1|low_debt=1|no_dilution=1|predictable=1|recession_tested=1,0.15,10.4358,10.4358,7.4781,12.78,6055000000.0,0.1789,2026-06-30,,,,0.1908,0.139,0,0.0,0.0,6764500000.0,-1109000000.0,1.2953,0.8667,13/15,0.1386,0.1809,0.1817,0.1761,0.1856,0.1427,0.2388,0.2843,0.0366,0.1472,0.1505,0.1809,0.1999,0.1642,-0.0751,0.021,-0.0054,-0.0543,-0.1076,0.03,next report ~2026-11-03,2026-11-03,financial (bank/insurer/broker): OCF-based tests less meaningful,4.697,947484
FIVE,"Five Below, Inc.",Nasdaq,Consumer Discretionary,Retail-Variety Stores,ON DECK,A,214.73,2026-10-09,11926218436.36,334.5,167.25,170.32,144.6405,0.6419,,0,1.0,roic_consistent=1|roic_not_falling=1|growth_coherent=1|margin_stable=1|fcf_margin=1|cash_real=1|low_debt=1|no_dilution=1|predictable=1|recession_tested=1,0.15,30.0,36.7129,19.2583,11.15,599250000.0,0.0502,2026-08-01,,,,0.017,0.1862,0,0.0,0.0,803341000.0,-561083000.0,0.9744,0.9333,14/15,0.2015,0.1967,0.1557,0.1907,0.1941,0.3385,0.1994,0.2408,0.1959,0.2439,0.2026,0.3884,0.209,0.0989,0.1738,-0.0292,-0.1221,0.1338,-0.1863,0.35,8-K: 2026-09-23: 5.02 Director/officer change; 7.01 Reg FD disclosure; next report ~2026-12-03,2026-12-03,,4.67,1177609
GOOGL,Alphabet Inc.,Nasdaq,Information Technology,"Services-Computer Programming, Data Processing, Etc.",ON DECK,A,351.66,2026-10-09,4316274840000.0005,547.1713,273.5856,68.5155,171.9706,0.6427,,0,0.8,roic_consistent=1|roic_not_falling=1|growth_coherent=1|margin_stable=0|fcf_margin=1|cash_real=0|low_debt=1|no_dilution=1|predictable=1|recession_tested=1,0.15,27.4547,27.4547,17.6448,19.93,53273000000.0,0.0123,2026-06-30,0.86,0.0024,,0.1903,0.2496,100164000000.0,0.6353,1.8802,215502000000.0,44253000000.0,0.657,1.0,12/12,0.1902,0.2473,0.2325,0.1831,0.1715,0.1509,,0.2983,0.3445,,,0.3001,0.2001,0.2039,0.3146,0.0238,0.0389,-0.0155,-0.1394,0.16,next report ~2026-10-22,2026-10-22,cash not real: owner earnings < 75% of net income,4.555,1652044
NTES,"NETEASE, INC.",Nasdaq,Information Technology,Services-Prepackaged Software,BUY*,A,124.24,2026-10-09,79965187552.0,148.0083,74.0042,182.3012,129.5089,0.8394,PaybackTime+TenCap,2,0.9,roic_consistent=1|roic_not_falling=1|growth_coherent=1|margin_stable=0|fcf_margin=1|cash_real=1|low_debt=1|no_dilution=1|predictable=1|recession_tested=1,0.15,19.6453,19.6453,16.4905,7.534,7432952865.4796,0.093,2025-12-31,2.93,0.0236,0.2981,0.0723,0.1282,64042645.5185,0.0,0.0086,8335644171.7791,-6993851114.7688,1.4714,0.8667,13/15,0.1861,0.1685,0.1905,0.1732,0.0886,0.0696,0.1778,0.2383,0.1404,0.1886,0.1523,0.1603,0.2017,0.1531,0.2788,0.06,0.0746,-0.0296,-0.1908,0.36,next report ~2026-12-23,2026-12-23,"reports in CNY, converted at 6.683 CNY/USD; ADR: 1 ADS = 5 shares; EPS from yahoo TTM to 2026-06-30",4.545,1110646
CARG,"CarGurus, Inc.",Nasdaq,Information Technology,Services-Computer Processing & Data Preparation,BUY*,B,28.85,2026-10-09,2685226934.45,54.6,27.3,53.4603,39.6468,0.5284,PaybackTime+TenCap,2,0.8889,roic_consistent=1|roic_not_falling=1|growth_coherent=?|margin_stable=0|fcf_margin=1|cash_real=1|low_debt=1|no_dilution=1|predictable=1|recession_tested=1,0.15,30.0,75.0351,15.8516,1.82,315209000.0,0.1174,2026-06-30,,,,-0.0296,,0,0.0,0.0,369014000.0,-122136000.0,1.7916,0.7333,11/15,0.1927,0.2353,0.5083,0.2485,0.1046,0.1365,,0.1791,6.75,,0.0258,-0.2689,0.3675,0.135,0.1557,-0.039,-0.1619,-0.1559,-0.3001,0.8,-30% off 52w high; 8-K: 2026-09-03: 5.02 Director/officer change; 7.01 Reg FD disclosure; next report ~2026-11-05,2026-11-05,,4.499,1494259
NFLX,NETFLIX INC,Nasdaq,Communication Services,Services-Video Tape Rental,ON DECK,A,70.3,2026-10-09,300868252800.0,95.4,47.7,41.1339,33.1068,0.7369,,0,0.8889,roic_consistent=1|roic_not_falling=1|growth_coherent=?|margin_stable=0|fcf_margin=1|cash_real=1|low_debt=1|no_dilution=1|predictable=1|recession_tested=1,0.15,30.0,48.1702,22.1069,3.18,11152005000.0,0.0371,2026-06-30,,,,0.0036,0.1978,11825548000.0,1.4231,1.0604,14441600000.0,2726316000.0,0.8497,0.8667,13/15,0.1495,0.2025,0.287,0.2089,0.1257,0.1585,0.5689,0.33,0.2778,0.2824,0.2026,0.0877,,0.3313,0.3787,0.0483,-0.0917,-0.0418,-0.437,1.35,-44% off 52w high; next report ~2026-10-16,2026-10-16,,4.486,1065280
CRUS,"CIRRUS LOGIC, INC.",Nasdaq,Information Technology,Semiconductors & Related Devices,BUY*,A,106.87,2026-10-09,5594965110.0,119.6536,59.8268,149.4956,124.5012,0.8932,PaybackTime+TenCap,2,0.8,roic_consistent=1|roic_not_falling=1|growth_coherent=0|margin_stable=1|fcf_margin=1|cash_real=1|low_debt=1|no_dilution=1|predictable=0|recession_tested=1,0.1185,19.3154,19.3154,13.0648,8.18,572102000.0,0.1023,2026-06-27,,,,0.0572,0.0691,0,0.0,0.0,651801000.0,-810666000.0,1.3287,0.8,12/15,0.1522,0.1574,0.1805,0.055,0.0784,0.0534,0.1543,0.1674,0.3083,0.1195,0.1174,0.1416,0.1588,0.1327,0.4641,-0.118,-0.1003,-0.2892,-0.4077,1.23,-41% off 52w high; 8-K: 2026-10-06: 7.01 Reg FD disclosure; next report ~2026-11-04,2026-11-04,,4.421,772406
BYD,BOYD GAMING CORP,NYSE,Consumer Discretionary,Hotels & Motels,BUY,B,68.93,2026-10-09,5224273630.0,279.11,139.555,7.3032,69.4631,0.247,MOS+TenCap,2,0.3,roic_consistent=0|roic_not_falling=1|growth_coherent=0|margin_stable=0|fcf_margin=0|cash_real=0|low_debt=0|no_dilution=1|predictable=1|recession_tested=0,0.15,12.3829,12.3829,3.0581,22.54,35064000.0,0.0067,2026-06-30,0.78,0.0113,,0.0255,0.1477,2613755000.0,5.2658,74.5424,755572000.0,2291042000.0,0.1516,0.7333,11/15,0.1028,0.1513,0.1269,0.0633,0.1344,0.0412,0.4894,,2.6446,0.2173,0.2638,0.8842,0.1157,0.2757,0.0205,0.025,-0.1048,-0.2003,-0.2459,0.58,-25% off 52w high; 8-K: 2026-08-13: 8.01 Other event; next report ~2026-10-29,2026-10-29,PE<5: check one-off gains;cash not real: owner earnings < 75% of net income;debt > 3 years of FCF,4.418,906553
NMIH,"NMI Holdings, Inc.",Nasdaq,Financials,Surety Insurance,BUY*,A,40.01,2026-10-09,3081170100.0,49.0057,24.5029,90.5221,67.6015,0.8164,PaybackTime+TenCap,2,0.875,roic_consistent=1|roic_not_falling=1|growth_coherent=?|margin_stable=?|fcf_margin=1|cash_real=1|low_debt=1|no_dilution=1|predictable=1|recession_tested=0,0.15,9.6468,9.6468,7.876,5.08,441605000.0,0.1433,2026-06-30,,,,0.1046,0.1673,396051000.0,0.0,0.8968,552992000.0,323929000.0,1.117,0.8,12/15,0.1265,0.1487,0.15,0.2941,0.1027,0.0852,,0.1823,0.1106,0.1693,0.1367,0.202,0.2603,0.1067,0.0653,0.0304,-0.0884,-0.0279,-0.144,0.18,next report ~2026-10-30,2026-10-30,financial (bank/insurer/broker): OCF-based tests less meaningful,4.387,1547903
IPAR,"INTERPARFUMS, INC.",Nasdaq,Consumer Staples,"Perfumes, Cosmetics & Other Toilet Preparations",BUY*,A,112.21,2026-10-09,3593749670.0,156.9,78.45,121.1947,94.2002,0.7152,PaybackTime,1,0.9,roic_consistent=1|roic_not_falling=1|growth_coherent=1|margin_stable=1|fcf_margin=1|cash_real=1|low_debt=1|no_dilution=1|predictable=1|recession_tested=0,0.15,30.0,33.0774,21.4551,5.23,245885000.0,0.0684,2026-06-30,3.2,0.0285,0.3367,0.0654,0.1487,142844000.0,0.6366,0.5809,308003000.0,63080000.0,1.1857,0.8,12/15,0.1645,0.2055,0.207,0.1225,0.2253,0.0249,0.1825,0.3406,0.0234,0.0883,0.1011,0.1819,0.1568,0.2702,0.1453,-0.0153,0.0018,-0.0593,-0.1321,0.13,8-K: 2026-09-22: 8.01 Other event; next report ~2026-11-03,2026-11-03,,4.352,822663
EVR,EVERCORE INC.,NYSE,Financials,Investment Advice,BUY*,A,271.86,2026-10-09,11279743260.0,288.3177,144.1588,567.0062,440.4011,0.9429,PaybackTime+TenCap,2,0.6667,roic_consistent=1|roic_not_falling=0|growth_coherent=0|margin_stable=?|fcf_margin=1|cash_real=1|low_debt=1|no_dilution=1|predictable=0|recession_tested=1,0.1308,19.2081,19.2081,15.3074,17.76,1625906000.0,0.1441,2026-06-30,3.46,0.0127,0.0605,0.143,0.1743,0,0.0,0.0,1827268000.0,-1256599000.0,2.1829,0.9333,14/15,0.3104,0.3091,0.2914,0.1208,0.1117,0.2949,0.3051,0.1132,0.5474,0.1537,0.108,0.176,0.1308,0.0513,0.2715,0.0389,-0.0332,-0.1879,-0.3006,0.8,-30% off 52w high; next report ~2026-11-04,2026-11-04,,4.347,1360901
TBBK,"THE BANCORP, INC.",Nasdaq,Financials,National Commercial Banks,BUY*,B,48.25,2026-10-09,2035209897.0,69.9284,34.9642,87.311,73.8042,0.69,PaybackTime+TenCap,2,0.8571,roic_consistent=?|roic_not_falling=1|growth_coherent=0|margin_stable=?|fcf_margin=1|cash_real=1|low_debt=1|no_dilution=1|predictable=?|recession_tested=1,0.15,13.1444,13.1444,9.0695,5.32,233299000.0,0.1146,2025-12-31,,,,0.0953,0.2159,14100000.0,0.0,0.0604,311310000.0,-65983000.0,1.0152,0.7143,10/14,0.1486,0.2347,0.3308,,0.8183,0.2085,0.3025,0.2914,0.1469,0.0586,0.0835,-0.0459,,0.1704,0.2625,-0.0115,-0.047,-0.2744,-0.4091,1.74,-41% off 52w high; neg 8-K: 2026-09-04: Restructuring/exit costs; next report ~2026-11-05,2026-11-05,financial (bank/insurer/broker): OCF-based tests less meaningful;EPS from yahoo TTM to 2026-06-30,4.341,1295401
RMD,ResMed Inc.,NYSE,Health Care,Surgical & Medical Instruments & Apparatus,ON DECK,A,230.05,2026-10-09,33599722700.0,312.9,156.45,178.2864,140.0624,0.7352,,0,1.0,roic_consistent=1|roic_not_falling=1|growth_coherent=1|margin_stable=1|fcf_margin=1|cash_real=1|low_debt=1|no_dilution=1|predictable=1|recession_tested=1,0.15,30.0,40.9459,22.0566,10.43,1649544000.0,0.0491,2026-06-30,2.46,0.0107,0.0912,-0.0174,0.1542,399433000.0,0.2421,0.2421,2045667000.0,-1069801000.0,1.0831,0.8,12/15,0.1736,0.1962,0.2144,0.1189,0.1208,0.0985,0.154,0.2634,0.0967,0.1419,0.1801,0.1132,0.1267,0.1964,0.031,0.051,0.054,0.1284,-0.1715,0.79,neg 8-K: 2026-08-17: Auditor change; next report ~2026-10-22,2026-10-22,,4.327,943819
NRDS,"NerdWallet, Inc.",Nasdaq,Information Technology,Services-Computer Processing & Data Preparation,BUY,C,9.74,2026-10-09,658424000.0,25.3902,12.6951,38.1569,27.855,0.3836,MOS+PaybackTime+TenCap,3,0.375,roic_consistent=?|roic_not_falling=0|growth_coherent=0|margin_stable=0|fcf_margin=1|cash_real=1|low_debt=1|no_dilution=0|predictable=?|recession_tested=0,0.15,28.2113,28.2113,10.8222,0.9,163400000.0,0.2482,2026-06-30,,,,-0.0919,,70000000.0,0.0,0.4284,189100000.0,8000000.0,2.5138,0.8182,9/11,0.4413,-0.0014,0.1243,,0.2781,0.2167,,0.4804,0.6842,,0.2742,0.0689,,0.5358,0.8329,0.1286,0.0329,0.0285,-0.4002,1.2,-40% off 52w high; next report ~2026-11-05,2026-11-05,micro-cap,4.294,1625278
AX,"Axos Financial, Inc.",NYSE,Financials,"Savings Institution, Federally Chartered",BUY*,A,88.44,2026-10-09,5010720493.68,99.3871,49.6935,81.1204,120.7615,0.8899,TenCap,1,0.875,roic_consistent=1|roic_not_falling=1|growth_coherent=0|margin_stable=?|fcf_margin=1|cash_real=1|low_debt=1|no_dilution=1|predictable=?|recession_tested=1,0.15,11.7202,11.7202,10.4292,8.48,291148000.0,0.0581,2026-06-30,,,,0.1074,0.1421,342915000.0,1.1778,1.1778,684195000.0,-765718000.0,1.0765,0.9286,13/14,0.1401,0.1413,0.1397,,0.2099,0.2351,0.1632,0.1896,0.1413,0.1792,0.1876,0.1855,0.1282,0.0621,0.1372,-0.0055,-0.0517,-0.092,-0.1636,0.25,8-K: 2026-09-21: 2.01 Acquisition/disposition; next report ~2026-10-29,2026-10-29,financial (bank/insurer/broker): OCF-based tests less meaningful,4.265,1299709
BOOT,"Boot Barn Holdings, Inc.",NYSE,Consumer Discretionary,Retail-Shoe Stores,ON DECK,A,119.96,2026-10-09,3670895960.0,152.695,76.3475,60.205,97.6227,0.7856,,0,0.5,roic_consistent=1|roic_not_falling=1|growth_coherent=0|margin_stable=0|fcf_margin=0|cash_real=1|low_debt=0|no_dilution=0|predictable=1|recession_tested=1,0.15,19.3285,19.3285,15.1848,7.9,116708000.0,0.0318,2026-06-27,,,,0.0279,0.2265,258190000.0,0.0,2.2123,310628000.0,118928000.0,0.9543,1.0,15/15,0.1924,0.208,0.1705,0.1476,0.2033,0.1793,0.3484,0.296,0.25,0.2176,0.2621,0.1673,0.2493,0.1435,1.0666,-0.0158,-0.1692,-0.256,-0.4294,1.32,-43% off 52w high; 8-K: 2026-09-14: 7.01 Reg FD disclosure; next report ~2026-10-28,2026-10-28,,4.259,1610250
KTB,"KONTOOR BRANDS, INC.",NYSE,Consumer Discretionary,"Men's & Boys' Furnishgs, Work Clothg, & Allied Garments",BUY*,A,65.62,2026-10-09,3658052520.0,71.329,35.6645,119.6219,71.546,0.92,PaybackTime+TenCap,2,0.7778,roic_consistent=1|roic_not_falling=1|growth_coherent=0|margin_stable=1|fcf_margin=1|cash_real=1|low_debt=0|no_dilution=1|predictable=?|recession_tested=1,0.15,14.8912,14.8912,13.6994,4.79,422432000.0,0.1155,2026-07-04,2.12,0.0323,0.0579,0.0806,,1144166000.0,2.6097,2.7085,507411000.0,1085709000.0,1.5766,0.8182,9/11,0.189,0.228,0.1501,,0.0849,0.209,,0.2819,-0.0711,,0.4708,0.4173,,0.135,0.2378,0.0141,-0.015,-0.2339,-0.2624,0.65,-26% off 52w high; 8-K: 2026-09-24: 5.02 Director/officer change; next report ~2026-11-11,2026-11-11,,4.237,1760965
LMAT,"LEMAITRE VASCULAR, INC.",Nasdaq,Health Care,Surgical & Medical Instruments & Apparatus,ON DECK,A,80.69,2026-10-09,1977308450.0,85.8,42.9,47.5572,37.9049,0.9404,,0,0.9,roic_consistent=1|roic_not_falling=1|growth_coherent=1|margin_stable=1|fcf_margin=1|cash_real=1|low_debt=1|no_dilution=0|predictable=1|recession_tested=1,0.15,30.0,41.0943,28.2133,2.86,73825000.0,0.0373,2026-06-30,0.95,0.0118,0.1745,0.1019,0.1471,0,0.0,0.0,92886000.0,-26625000.0,1.1247,1.0,15/15,0.1235,0.1068,0.1325,0.1228,0.1405,0.1353,0.1962,0.1936,0.3057,0.1497,0.1529,0.1591,0.2166,0.1848,0.8414,0.0219,0.0012,-0.2146,-0.3162,0.86,-32% off 52w high; next report ~2026-11-04,2026-11-04,,4.234,1158895
APP,AppLovin Corporation,Nasdaq,Information Technology,"Services-Computer Programming, Data Processing, Etc.",ON DECK,A,277.04,2026-10-09,93604890000.0,390.3,195.15,211.3101,156.2092,0.7098,,0,0.5,roic_consistent=?|roic_not_falling=1|growth_coherent=0|margin_stable=0|fcf_margin=1|cash_real=1|low_debt=1|no_dilution=0|predictable=?|recession_tested=0,0.15,30.0,48.5241,21.2944,13.01,4522813000.0,0.0483,2026-06-30,,,,0.2293,,3515072000.0,0.8846,0.7772,5324095000.0,461766000.0,1.0255,0.8182,9/11,0.1995,0.2463,0.6385,,0.3045,0.6999,,,1.1523,,,0.9922,,0.779,0.8919,0.0329,-0.1448,-0.4535,-0.6246,2.0,-62% off 52w high; next report ~2026-11-04,2026-11-04,,4.217,1751008
ZTO,ZTO Express (Cayman) Inc.,NYSE,Industrials,Trucking & Courier Services (No Air),BUY,B,20.15,2026-10-09,16539175674.45,41.7698,20.8849,19.4369,19.131,0.4824,MOS,1,0.7,roic_consistent=1|roic_not_falling=1|growth_coherent=1|margin_stable=0|fcf_margin=1|cash_real=1|low_debt=1|no_dilution=0|predictable=1|recession_tested=0,0.15,21.7744,21.7744,10.5041,1.9183,1010644919.9461,0.0611,2025-12-31,0.39,0.0194,0.093,-0.0524,0.045,0,0.0,0.0,1570279365.5544,-1498059703.7259,0.9459,0.7333,11/15,0.1177,0.1239,0.1306,0.2322,0.1426,0.1088,0.1793,0.156,0.0458,0.2353,0.0562,0.0926,0.1882,0.1931,0.0472,0.0333,-0.0223,-0.1544,-0.2309,1.02,-23% off 52w high; 13D: SCHEDULE 13D/A 2026-09-22; next report ~2026-12-25,2026-12-25,"reports in CNY, converted at 6.683 CNY/USD; EPS from yahoo TTM to 2026-06-30",4.207,1677250
XPEL,"XPEL, INC.",Nasdaq,Industrials,"Coating, Engraving & Allied Services",ON DECK,A,44.43,2026-10-09,1228667220.0,59.4,29.7,,29.1567,0.748,,0,0.4444,roic_consistent=1|roic_not_falling=0|growth_coherent=0|margin_stable=0|fcf_margin=0|cash_real=1|low_debt=0|no_dilution=1|predictable=?|recession_tested=1,0.15,30.0,32.549,22.4394,1.98,-2893000.0,-0.0024,2026-06-30,,,,-0.1012,,43456000.0,0.0,,80908000.0,2781000.0,1.2317,1.0,11/11,0.3184,0.282,0.18,,0.2454,0.1327,,0.2289,0.1212,,0.3926,0.2414,,0.2938,0.3997,-0.012,-0.0587,-0.0013,-0.2053,0.42,-21% off 52w high; next report ~2026-11-06,2026-11-06,debt > 3 years of FCF;ROIC falling: check capital allocation,4.053,1767258
PAYC,"Paycom Software, Inc.",NYSE,Information Technology,Services-Prepackaged Software,ON DECK,A,232.22,2026-10-09,11260812240.0,283.5,141.75,187.2152,150.9734,0.8191,,0,0.8,roic_consistent=1|roic_not_falling=1|growth_coherent=0|margin_stable=0|fcf_margin=1|cash_real=1|low_debt=1|no_dilution=1|predictable=1|recession_tested=1,0.15,30.0,53.4943,24.5735,9.45,575100000.0,0.0511,2026-06-30,1.5,0.0065,,-0.1526,0.1832,900000000.0,0.0,1.5649,802300000.0,702000000.0,1.2426,0.8667,13/15,0.2842,0.2475,0.2398,0.2476,0.1951,0.0895,0.3649,0.2685,-0.0942,0.3365,0.2236,0.1023,0.3178,0.2447,0.2716,0.0508,0.0608,0.6697,-0.0521,0.5,13D: SCHEDULE 13D/A 2026-09-03; next report ~2026-11-05,2026-11-05,,4.02,1590955
MSFT,MICROSOFT CORPORATION,Nasdaq,Information Technology,Services-Prepackaged Software,ON DECK,A,535.07,2026-10-09,3987876710000.0005,538.5,269.25,141.882,240.0162,0.9936,,0,1.0,roic_consistent=1|roic_not_falling=1|growth_coherent=1|margin_stable=1|fcf_margin=1|cash_real=1|low_debt=1|no_dilution=1|predictable=1|recession_tested=1,0.15,30.0,35.0475,29.8089,17.95,66987000000.0,0.0168,2026-06-30,3.64,0.0068,0.102,0.109,0.2599,40294000000.0,0.4638,0.6015,180820000000.0,19359000000.0,1.1113,1.0,15/15,0.2545,0.2912,0.2643,0.1379,0.1457,0.1779,0.215,0.174,0.316,0.1906,0.2604,0.29,0.1856,0.1897,0.3435,0.0339,0.0796,0.3894,-0.0337,0.0,8-K: 2026-09-02: 7.01 Reg FD disclosure; next report ~2027-01-06,2027-01-06,,4.013,789019
CINF,CINCINNATI FINANCIAL CORPORATION,Nasdaq,Financials,"Fire, Marine & Casualty Insurance",BUY*,A,163.39,2026-10-09,25537857000.0,145.8944,72.9472,275.4179,270.5054,1.1199,PaybackTime+TenCap,2,0.7778,roic_consistent=0|roic_not_falling=1|growth_coherent=1|margin_stable=?|fcf_margin=1|cash_real=1|low_debt=1|no_dilution=1|predictable=0|recession_tested=1,0.1014,10.6058,10.6058,7.7144,21.18,3400000000.0,0.1331,2026-06-30,3.69,0.0226,0.0818,0.0874,0.1081,791000000.0,0.2555,0.2326,4228000000.0,-959000000.0,1.0219,0.8,12/15,0.1135,0.1236,0.1433,0.094,0.1088,0.1141,0.1476,0.1516,0.044,0.1003,0.0872,0.1425,0.1121,0.1585,0.1748,0.0089,-0.0378,-0.0886,-0.1613,1.28,"insider buying (1 Form 4s, $0.17M); 8-K: 2026-09-28: 1.01 Material agreement; 2.03 New debt obligation; next report ~2026-10-26",2026-10-26,financial (bank/insurer/broker): OCF-based tests less meaningful,3.958,20286
SSD,"Simpson Manufacturing Co., Inc.",NYSE,Industrials,"Cutlery, Handtools & General Hardware",ON DECK,A,171.12,2026-10-09,7053737520.0,180.9028,90.4514,169.8447,145.822,0.9459,,0,1.0,roic_consistent=1|roic_not_falling=1|growth_coherent=1|margin_stable=1|fcf_margin=1|cash_real=1|low_debt=1|no_dilution=1|predictable=1|recession_tested=1,0.138,22.0084,22.0084,18.7426,9.13,468370000.0,0.0664,2026-06-30,1.18,0.0069,0.0421,0.1084,0.1507,307500000.0,1.008,0.6565,601093000.0,-143026000.0,1.2517,0.8667,13/15,0.1578,0.1754,0.1467,0.1138,0.1297,0.0451,0.1957,0.1405,0.0842,0.1087,0.1673,0.1383,0.1455,0.1718,0.3563,-0.0141,-0.0137,-0.0936,-0.1985,0.39,8-K: 2026-10-06: 7.01 Reg FD disclosure; next report ~2026-11-05,2026-11-05,,3.939,920371
USLM,UNITED STATES LIME & MINERALS INC,Nasdaq,Materials,Mining & Quarrying of  Nonmetallic Minerals (No Fuels),ABOVE STICKER,A,108.58,2026-10-09,3124172340.0,92.1915,46.0957,50.3717,60.6711,1.1778,,0,0.8,roic_consistent=1|roic_not_falling=1|growth_coherent=0|margin_stable=0|fcf_margin=1|cash_real=1|low_debt=1|no_dilution=1|predictable=1|recession_tested=1,0.15,19.7412,19.7412,23.2505,4.67,91813000.0,0.0294,2026-06-30,0.24,0.0022,0.134,0.348,0.2373,15417000.0,0.0,0.1679,174569000.0,-387225000.0,1.017,1.0,15/15,0.1367,0.168,0.1965,0.1104,0.1832,0.1731,0.2608,0.361,0.2322,0.1395,0.2055,0.2653,0.1764,0.2301,0.3091,-0.0219,-0.0784,0.0742,-0.2323,1.97,"-23% off 52w high; insider buying (1 Form 4s, $2.20M); next report ~2026-10-29",2026-10-29,,3.937,82020
BKNG,Booking Holdings Inc.,Nasdaq,Industrials,Transportation Services,BUY*,B,160.34,2026-10-09,125385880000.0,276.5601,138.2801,192.559,144.8133,0.5798,PaybackTime,1,0.7,roic_consistent=1|roic_not_falling=1|growth_coherent=1|margin_stable=0|fcf_margin=1|cash_real=1|low_debt=0|no_dilution=1|predictable=1|recession_tested=0,0.15,30.0,30.2098,17.393,9.2187,9539000000.0,0.0761,2026-06-30,1.644,0.0103,,0.1108,0.1063,20180000000.0,1.855,2.1155,11621000000.0,2966000000.0,1.3232,0.7333,11/15,0.2903,0.4128,0.6189,0.113,0.3169,0.1339,0.1284,1.583,-0.0412,,,,0.1138,1.5635,0.1305,0.0083,-0.0781,-0.1012,-0.2738,0.7,-27% off 52w high; next report ~2026-11-03,2026-11-03,,3.932,1075531
PDD,PDD Holdings Inc.,Nasdaq,Industrials,"Services-Business Services, NEC",BUY,C,81.35,2026-10-09,120592751900.0,203.6475,101.8237,170.3306,129.838,0.3995,MOS+PaybackTime+TenCap,3,0.5556,roic_consistent=0|roic_not_falling=1|growth_coherent=?|margin_stable=0|fcf_margin=1|cash_real=1|low_debt=1|no_dilution=0|predictable=1|recession_tested=0,0.15,21.8666,21.8666,8.7349,9.3132,15995158461.7687,0.1326,2025-12-31,,,,-0.0176,,0,0.0,0.0,19247104593.7453,-16295164896.0048,1.0925,0.5455,6/11,0.0234,0.2075,0.1843,,0.4865,0.0965,,,-0.1316,,0.4075,0.3165,,0.3055,-0.1229,0.0792,0.0455,-0.0444,-0.4165,1.27,-42% off 52w high; next report ~2027-01-06,2027-01-06,"reports in CNY, converted at 6.683 CNY/USD; ADR: 1 ADS = 4 shares; EPS from yahoo TTM to 2026-06-30",3.915,1737806
IBP,"Installed Building Products, Inc.",NYSE,Industrials,General Bldg Contractors - Residential Bldgs,ON DECK,B,185.44,2026-10-09,4976824441.12,265.5994,132.7997,171.5755,116.7117,0.6982,,0,0.7,roic_consistent=1|roic_not_falling=1|growth_coherent=0|margin_stable=1|fcf_margin=0|cash_real=1|low_debt=0|no_dilution=1|predictable=1|recession_tested=1,0.15,28.6515,28.6515,20.0043,9.27,291700000.0,0.0586,2026-06-30,3.34,0.018,0.2999,0.0968,0.1736,1062200000.0,2.8258,3.6414,380000000.0,667700000.0,1.1815,0.7333,11/15,0.147,0.1707,0.1842,0.1619,0.1244,0.01,0.2758,0.2432,0.067,0.2167,0.1932,0.0383,0.2681,0.1549,0.0924,-0.0392,-0.0922,-0.1763,-0.4687,2.51,"-47% off 52w high; insider buying (1 Form 4s, $0.20M); 8-K: 2026-10-01: 7.01 Reg FD disclosure; next report ~2026-11-05",2026-11-05,debt > 3 years of FCF,3.898,1580905
CF,"CF INDUSTRIES HOLDINGS, INC.",NYSE,Materials,Agricultural Chemicals,BUY*,B,111.54,2026-10-09,17199468000.0,159.1106,79.5553,165.9429,166.6342,0.701,PaybackTime+TenCap,2,0.6,roic_consistent=0|roic_not_falling=1|growth_coherent=1|margin_stable=0|fcf_margin=1|cash_real=1|low_debt=1|no_dilution=1|predictable=0|recession_tested=0,0.1139,16.2429,16.2429,8.2745,13.48,1910000000.0,0.111,2026-06-30,2.1,0.0188,0.1184,0.168,0.175,3715000000.0,1.7841,1.945,2693000000.0,1235000000.0,0.9952,0.7333,11/15,0.1678,0.271,0.2294,0.051,0.1143,0.1934,0.1172,0.4358,0.3309,0.0573,0.1705,0.0812,0.0859,0.1746,0.2118,-0.0302,-0.1618,-0.046,-0.2143,0.46,-21% off 52w high; 8-K: 2026-09-03: 5.02 Director/officer change; next report ~2026-11-05,2026-11-05,,3.78,1324404
DHI,"D.R. Horton, Inc.",NYSE,Industrials,Operative Builders,BUY*,A,134.88,2026-10-09,38899392000.0,116.274,58.137,175.2754,147.0839,1.16,PaybackTime+TenCap,2,0.8889,roic_consistent=1|roic_not_falling=1|growth_coherent=1|margin_stable=?|fcf_margin=0|cash_real=1|low_debt=1|no_dilution=1|predictable=1|recession_tested=1,0.15,11.0843,11.0843,12.858,10.49,3202200000.0,0.0823,2026-06-30,1.8,0.0133,0.1761,0.097,0.1855,0,0.0,0.0,4241900000.0,-2078700000.0,1.0614,0.8,12/15,0.1917,0.2255,0.1482,0.1221,0.1102,-0.0693,0.1901,0.1254,-0.1932,0.1722,0.1954,0.0226,0.1719,0.192,0.5622,-0.0009,-0.0218,-0.1102,-0.2103,0.44,-21% off 52w high; 8-K: 2026-09-15: 8.01 Other event; next report ~2026-10-22,2026-10-22,,3.779,882184
NVDA,NVIDIA CORP,Nasdaq,Information Technology,Semiconductors & Related Devices,ON DECK,A,229.28,2026-10-09,5580216640000.0,237.3,118.65,82.3772,68.3884,0.9662,,0,0.7,roic_consistent=1|roic_not_falling=1|growth_coherent=0|margin_stable=0|fcf_margin=1|cash_real=0|low_debt=1|no_dilution=1|predictable=1|recession_tested=1,0.15,30.0,54.9787,28.9861,7.91,127006000000.0,0.0228,2026-07-26,0.52,0.0023,1.0062,0.5492,0.5916,33366000000.0,0.0773,0.2627,167536000000.0,10923000000.0,0.6775,1.0,15/15,0.3697,0.4871,0.6717,0.457,0.669,0.6547,0.6822,0.9518,0.6667,0.4172,0.5698,1.0063,0.5637,0.7755,0.6027,-0.02,0.0503,0.0868,-0.0579,0.0,8-K: 2026-09-03: 8.01 Other event; next report ~2026-11-25,2026-11-25,cash not real: owner earnings < 75% of net income,3.768,1045810
ULTA,"ULTA BEAUTY, INC.",Nasdaq,Consumer Discretionary,"Retail-Retail Stores, NEC",ON DECK,A,570.37,2026-10-09,24818509810.0,600.7028,300.3514,391.5268,361.1661,0.9495,,0,0.8,roic_consistent=1|roic_not_falling=1|growth_coherent=1|margin_stable=1|fcf_margin=0|cash_real=1|low_debt=1|no_dilution=1|predictable=1|recession_tested=0,0.1361,24.7016,24.7016,20.7709,27.46,1149452000.0,0.0463,2026-08-01,,,,0.0916,0.0825,800000000.0,0.0,0.696,1635697000.0,641549000.0,1.0314,0.8667,13/15,0.4107,0.5622,0.4133,0.1219,0.1504,0.1058,0.1781,0.5249,-0.015,0.1075,0.12,0.3558,0.1486,0.1315,0.018,0.0491,0.0431,0.2156,-0.2022,0.41,-20% off 52w high; 8-K: 2026-08-27: 2.02 Earnings release; next report ~2026-11-26,2026-11-26,,3.737,1403568
ARCO,Arcos Dorados Holdings Inc.,NYSE,Consumer Discretionary,Retail-Eating  Places,BUY,B,7.77,2026-10-09,1636851952.89,19.2811,9.6405,1.1236,7.1865,0.403,MOS,1,0.2222,roic_consistent=0|roic_not_falling=1|growth_coherent=?|margin_stable=0|fcf_margin=0|cash_real=0|low_debt=0|no_dilution=1|predictable=0|recession_tested=0,0.15,15.6757,15.6757,6.3171,1.23,14994000.0,0.0092,2025-12-31,0.27,0.0347,,0.1302,0.046,1137661000.0,75.089,75.8744,227815000.0,764223000.0,0.4671,0.7333,11/15,0.1153,0.1451,0.1249,0.0436,0.1871,0.0466,,,0.4225,0.104,0.3104,0.5165,0.1015,0.7936,0.1105,0.0928,-0.03,-0.0816,-0.2031,0.41,-20% off 52w high; next report ~2027-01-07,2027-01-07,EPS from yahoo TTM to 2026-06-30;cash not real: owner earnings < 75% of net income;debt > 3 years of FCF,3.735,1508478
FSS,FEDERAL SIGNAL CORPORATION,NYSE,Consumer Discretionary,Motor Vehicles & Passenger Car Bodies,ABOVE STICKER,A,113.57,2026-10-09,6984555000.0,97.2774,48.6387,83.1372,63.0016,1.1675,,0,1.0,roic_consistent=1|roic_not_falling=1|growth_coherent=1|margin_stable=1|fcf_margin=1|cash_real=1|low_debt=1|no_dilution=1|predictable=1|recession_tested=1,0.1398,22.913,22.913,24.4763,4.64,339200000.0,0.0486,2026-06-30,0.59,0.0052,0.1101,0.2225,0.2309,453200000.0,2.4861,1.3361,426500000.0,390400000.0,1.1885,1.0,15/15,0.1216,0.1284,0.1331,0.11,0.1403,0.1714,0.149,0.2078,0.1457,0.1339,0.1458,0.169,0.1011,0.1334,0.1012,-0.0238,-0.0036,-0.0144,-0.1557,0.22,next report ~2026-10-29,2026-10-29,,3.72,277509
HCI,"HCI Group, Inc.",NYSE,Financials,"Fire, Marine & Casualty Insurance",BUY*,C,191.69,2026-10-09,2449031440.0,318.1975,159.0988,505.808,412.0961,0.6024,PaybackTime+TenCap,2,0.5556,roic_consistent=0|roic_not_falling=1|growth_coherent=0|margin_stable=?|fcf_margin=1|cash_real=1|low_debt=1|no_dilution=0|predictable=0|recession_tested=1,0.15,13.7154,13.7154,8.2625,23.2,409367000.0,0.1672,2026-06-30,1.6,0.0083,0.0,0.094,0.2265,249007000.0,0.0,0.6083,526494000.0,-623329000.0,1.2339,0.9333,14/15,0.0988,0.1101,0.3078,0.1216,0.2375,0.2012,0.1443,0.4545,1.5557,0.1447,0.3126,1.2623,0.2566,0.4188,0.3394,0.0404,0.0321,0.0498,-0.0894,0.0,next report ~2026-11-06,2026-11-06,financial (bank/insurer/broker): OCF-based tests less meaningful;cheap without an event (near 52w high): value-trap check,3.717,1400810
ABG,"ASBURY AUTOMOTIVE GROUP, INC.",NYSE,Consumer Discretionary,Retail-Auto Dealers & Gasoline Stations,BUY*,C,167.6,2026-10-09,3134120000.0,228.154,114.077,544.8924,320.139,0.7346,PaybackTime+TenCap,2,0.7,roic_consistent=1|roic_not_falling=1|growth_coherent=1|margin_stable=1|fcf_margin=0|cash_real=1|low_debt=0|no_dilution=1|predictable=0|recession_tested=1,0.1421,9.0984,9.0984,6.2374,26.87,669100000.0,0.2135,2026-06-30,,,,-0.0304,0.1113,3012800000.0,3.9897,4.5028,896900000.0,2982400000.0,1.4163,0.8,12/15,0.135,0.1166,0.0915,0.1057,0.2034,0.0471,0.1464,0.1378,0.1688,0.3249,0.3345,0.134,0.1709,0.0351,0.1549,-0.0471,-0.1962,-0.2093,-0.3523,1.51,-35% off 52w high; 13D: SCHEDULE 13D/A 2026-07-13; 8-K: 2026-08-31: 7.01 Reg FD disclosure; next report ~2026-10-30,2026-10-30,debt > 3 years of FCF,3.708,1144980
META,"Meta Platforms, Inc.",Nasdaq,Information Technology,"Services-Computer Programming, Data Processing, Etc.",ON DECK,A,718.67,2026-10-09,1843388550000.0,731.7319,365.8659,252.1796,468.5294,0.9821,,0,0.8,roic_consistent=1|roic_not_falling=1|growth_coherent=1|margin_stable=0|fcf_margin=1|cash_real=1|low_debt=0|no_dilution=1|predictable=1|recession_tested=1,0.15,27.5605,27.5605,27.0685,26.55,40976000000.0,0.0222,2026-06-30,2.1,0.0029,,0.1745,0.2001,83664000000.0,1.274,2.0418,126998000000.0,68202000000.0,1.5797,0.9333,14/15,0.225,0.242,0.2123,0.2734,0.1851,0.2217,0.3367,0.1841,-0.0155,0.1847,0.137,0.208,0.2735,0.2448,0.268,-0.0129,0.109,0.0739,-0.0784,0.0,next report ~2026-10-29,2026-10-29,,3.702,1326801
SMCI,"Super Micro Computer, Inc.",Nasdaq,Information Technology,Electronic Computers,ON DECK,A,41.855,2026-10-09,29187500540.0,64.8051,32.4025,,,0.6459,,0,0.2222,roic_consistent=0|roic_not_falling=1|growth_coherent=?|margin_stable=0|fcf_margin=0|cash_real=0|low_debt=0|no_dilution=0|predictable=1|recession_tested=0,0.15,19.8789,19.8789,12.839,3.26,-6971885000.0,-0.2389,2026-06-30,,,,0.6356,0.316,133818000.0,0.0,,-6306557000.0,-7387656000.0,-3.0769,0.8,12/15,0.1458,0.2056,0.1532,0.3318,0.6148,0.7779,0.3709,0.7323,0.9405,0.3149,0.5891,1.0705,,,,-0.042,0.0438,0.4785,-0.2605,0.64,-26% off 52w high; 8-K: 2026-10-08: 5.02 Director/officer change; next report ~2026-11-09,2026-11-09,cash not real: owner earnings < 75% of net income;debt > 3 years of FCF,3.691,1375365
COLB,"COLUMBIA BANKING SYSTEM, INC.",Nasdaq,Financials,State Commercial Banks,BUY*,C,28.37,2026-10-09,8204944440.0,44.9888,22.4944,64.2408,51.878,0.6306,PaybackTime+TenCap,2,0.6,roic_consistent=?|roic_not_falling=?|growth_coherent=?|margin_stable=?|fcf_margin=1|cash_real=1|low_debt=1|no_dilution=0|predictable=?|recession_tested=0,0.1314,20.8403,20.8403,11.1693,2.54,1280373000.0,0.156,2025-12-31,1.48,0.0522,0.0573,0.0146,0.0081,0,0.0,0.0,1500373000.0,-1769000000.0,1.8008,0.7692,10/13,0.0925,0.1085,0.0702,,,0.1879,0.104,0.1621,-0.098,0.1165,0.1464,0.341,0.1866,0.3115,0.132,-0.019,-0.0578,-0.1148,-0.1577,1.24,"insider buying (1 Form 4s, $0.02M); 8-K: 2026-09-30: 7.01 Reg FD disclosure; next report ~2026-11-03",2026-11-03,financial (bank/insurer/broker): OCF-based tests less meaningful;EPS from yahoo TTM to 2026-06-30,3.687,887343
URBN,"Urban Outfitters, Inc.",Nasdaq,Consumer Discretionary,Retail-Family Clothing Stores,BUY*,A,82.18,2026-10-09,7208762787.66,81.3751,40.6876,51.2234,82.7885,1.0099,TenCap,1,0.7,roic_consistent=1|roic_not_falling=1|growth_coherent=1|margin_stable=0|fcf_margin=0|cash_real=1|low_debt=1|no_dilution=1|predictable=1|recession_tested=0,0.142,13.6596,13.6596,12.8607,6.39,295211000.0,0.041,2026-07-31,,,,0.2072,0.101,120000000.0,0.0,0.4065,726214000.0,-478756000.0,1.0106,0.8667,13/15,0.1334,0.1449,0.1676,0.0599,0.1231,0.1107,0.1101,2.474,0.1878,0.1301,0.1538,0.1719,0.032,0.1501,0.1439,0.0171,0.0458,0.194,-0.038,0.0,8-K: 2026-08-27: 8.01 Other event; next report ~2026-12-09,2026-12-09,cheap without an event (near 52w high): value-trap check,3.664,912615
AON,Aon plc,NYSE,Financials,"Insurance Agents, Brokers & Service",ON DECK,C,273.47,2026-10-09,58686662000.0,471.896,235.948,230.0813,142.3812,0.5795,,0,0.8,roic_consistent=1|roic_not_falling=1|growth_coherent=1|margin_stable=0|fcf_margin=1|cash_real=1|low_debt=0|no_dilution=1|predictable=1|recession_tested=1,0.1417,27.9699,27.9699,15.0755,18.14,3248000000.0,0.0553,2026-06-30,1.64,0.006,-0.033,-0.0241,0.1014,14967000000.0,4.5556,4.6081,4446000000.0,13905000000.0,0.8536,0.6,9/15,0.1841,0.2206,0.1426,0.0613,0.092,0.0945,0.1331,0.1503,0.3627,0.0737,0.235,0.4955,0.0565,0.0458,0.147,0.0149,-0.0965,-0.2338,-0.2847,3.24,"-28% off 52w high; insider buying (1 Form 4s, $6.55M); neg 8-K: 2026-09-22: Agreement terminated; next report ~2026-10-28",2026-10-28,financial (bank/insurer/broker): OCF-based tests less meaningful;debt > 3 years of FCF,3.651,315293
NSSC,"NAPCO SECURITY TECHNOLOGIES, INC",Nasdaq,Information Technology,"Communications Equipment, NEC",ABOVE STICKER,A,36.14,2026-10-09,1297100740.0,36.0,18.0,26.0501,18.3971,1.0039,,0,0.7,roic_consistent=1|roic_not_falling=1|growth_coherent=0|margin_stable=0|fcf_margin=1|cash_real=1|low_debt=1|no_dilution=1|predictable=1|recession_tested=0,0.15,30.0,41.8663,30.1167,1.2,59228000.0,0.0457,2026-06-30,0.61,0.0169,,0.0954,0.2456,3904000.0,0.0,0.0659,66029000.0,-123024000.0,1.3767,0.8667,13/15,0.17,0.2083,0.2064,0.0938,0.1215,0.1139,0.2271,0.2336,0.0084,0.1464,0.1622,0.152,0.2091,0.2161,0.1423,-0.0008,-0.0033,0.0019,-0.3019,0.81,-30% off 52w high; 8-K: 2026-08-24: 2.02 Earnings release; 7.01 Reg FD disclosure; next report ~2026-11-02,2026-11-02,,3.628,69633
YALA,YALLA GROUP LIMITED,NYSE,Information Technology,"Services-Computer Programming, Data Processing, Etc.",BUY*,B,5.51,2026-10-09,992256283.1,6.4554,3.2277,11.883,7.7732,0.8535,PaybackTime+TenCap,2,0.625,roic_consistent=?|roic_not_falling=0|growth_coherent=1|margin_stable=0|fcf_margin=1|cash_real=1|low_debt=1|no_dilution=1|predictable=?|recession_tested=0,0.15,8.494,8.494,7.25,0.76,135559665.0,0.1366,2025-12-31,,,,-0.03,,0,0.0,0.0,139981467.0,-526972019.0,0.9181,0.7273,8/11,0.3326,0.1766,0.1469,,0.2044,0.0067,,,0.1216,,0.2873,0.17,,0.1625,-0.2041,0.0357,0.0018,0.0242,-0.2963,0.79,-30% off 52w high; next report ~2026-12-30,2026-12-30,EPS from yahoo TTM to 2026-06-30;micro-cap,3.57,1794350
NRIM,"Northrim BanCorp, Inc.",Nasdaq,Financials,"Savings Institution, Federally Chartered",BUY*,B,24.24,2026-10-09,546873743.52,21.8833,10.9416,102.8341,93.9,1.1077,PaybackTime+TenCap,2,0.8571,roic_consistent=?|roic_not_falling=1|growth_coherent=0|margin_stable=?|fcf_margin=1|cash_real=1|low_debt=1|no_dilution=1|predictable=?|recession_tested=1,0.098,11.4315,11.4315,7.9737,3.04,186092000.0,0.3403,2026-06-30,0.65,0.0268,0.1208,0.2131,0.1742,81574000.0,0.6105,0.4384,211846000.0,-90639000.0,2.7875,0.7692,10/13,0.1108,0.1337,0.1582,,,0.3043,0.1619,0.1757,0.7289,0.0859,0.1101,0.2144,0.2934,,,-0.021,-0.0734,-0.1095,-0.2135,1.46,"-21% off 52w high; insider buying (1 Form 4s, $0.03M); next report ~2026-10-30",2026-10-30,financial (bank/insurer/broker): OCF-based tests less meaningful;micro-cap,3.545,1163370
PCTY,PAYLOCITY HOLDING CORPORATION,Nasdaq,Information Technology,Services-Prepackaged Software,ABOVE STICKER,A,153.96,2026-10-09,8432389200.0,147.6,73.8,143.2745,112.226,1.0431,,0,0.8889,roic_consistent=1|roic_not_falling=1|growth_coherent=?|margin_stable=0|fcf_margin=1|cash_real=1|low_debt=1|no_dilution=1|predictable=1|recession_tested=1,0.15,30.0,91.1044,31.2927,4.92,497100000.0,0.059,2026-06-30,,,,-0.1274,0.1673,81875000.0,0.1634,0.1647,614662000.0,-190042000.0,1.8429,0.8667,13/15,0.1395,0.1711,0.2064,0.2261,0.2275,0.1104,,0.3132,0.2239,0.2524,0.2136,0.0222,0.3208,0.3369,0.275,0.0657,0.0868,0.2992,-0.0492,0.0,8-K: 2026-09-17: 1.01 Material agreement; 2.03 New debt obligation; next report ~2026-10-14,2026-10-14,,3.536,1591698
BLBD,Blue Bird Corp,Nasdaq,Consumer Discretionary,Truck & Bus Bodies,BUY*,B,56.29,2026-10-09,1883691205.63,71.0419,35.5209,52.4021,60.337,0.7923,TenCap,1,0.4,roic_consistent=1|roic_not_falling=1|growth_coherent=0|margin_stable=0|fcf_margin=0|cash_real=0|low_debt=1|no_dilution=0|predictable=0|recession_tested=1,0.0793,15.8581,23.1596,6.6615,8.45,153143000.0,0.0813,2026-06-27,,,,0.2337,0.1329,86810000.0,0.5564,0.5669,201912000.0,-30014000.0,0.567,0.7333,11/15,0.242,0.16,0.3635,0.0488,0.1098,0.0987,0.2073,0.5386,0.2278,,,0.6234,0.2239,1.1949,0.5859,-0.0042,-0.0897,-0.2726,-0.325,1.9,"-32% off 52w high; insider buying (1 Form 4s, $0.02M); 8-K: 2026-10-06: 1.01 Material agreement; 2.03 New debt obligation; 7.01 Reg FD disclosure; next report ~2026-11-04",2026-11-04,cash not real: owner earnings < 75% of net income,3.507,1589526
SFM,"Sprouts Farmers Market, Inc.",Nasdaq,Consumer Staples,Retail-Grocery Stores,BUY*,B,65.14,2026-10-09,6187974300.0,66.8667,33.4333,51.9666,70.6006,0.9742,TenCap,1,0.9,roic_consistent=1|roic_not_falling=1|growth_coherent=1|margin_stable=1|fcf_margin=0|cash_real=1|low_debt=1|no_dilution=1|predictable=1|recession_tested=1,0.121,16.512,16.512,12.4551,5.23,356801000.0,0.0577,2026-06-28,,,,0.2398,0.1261,132753000.0,0.0,0.3721,670670000.0,-91175000.0,0.9988,0.7333,11/15,0.2402,0.2563,0.3718,0.0938,0.0636,0.1408,0.2039,0.1692,0.416,0.1041,0.1378,0.0902,0.1155,0.077,0.1097,0.0104,-0.1047,-0.1944,-0.4303,1.32,-43% off 52w high; 8-K: 2026-09-01: 5.02 Director/officer change; next report ~2026-10-28,2026-10-28,,3.498,1575515
MU,"Micron Technology, Inc.",Nasdaq,Information Technology,Semiconductors & Related Devices,ABOVE STICKER,A,1029.0,2026-10-09,1176147000000.0,1026.4482,513.2241,814.3312,830.5599,1.0025,,0,0.5556,roic_consistent=0|roic_not_falling=1|growth_coherent=?|margin_stable=0|fcf_margin=1|cash_real=1|low_debt=1|no_dilution=1|predictable=0|recession_tested=0,0.15,13.8093,13.8093,13.8437,74.33,58963000000.0,0.0501,2026-09-03,0.415,0.0004,0.3293,0.7205,0.4941,3283000000.0,0.0474,0.0557,94933000000.0,-35081000000.0,0.9435,0.9333,14/15,0.1777,0.1645,0.5995,0.268,0.3689,2.5633,,0.7062,8.7931,0.2637,0.2575,1.5145,0.397,0.4838,4.117,-0.0427,0.0551,0.0508,-0.1801,0.32,8-K: 2026-09-30: 2.02 Earnings release; next report ~2026-12-18,2026-12-18,,3.497,723125
EXLS,"EXLSERVICE HOLDINGS, INC.",Nasdaq,Industrials,"Services-Business Services, NEC",ON DECK,B,36.79,2026-10-09,5772505628.37,47.1,23.55,29.8406,21.9213,0.7811,,0,0.8,roic_consistent=0|roic_not_falling=1|growth_coherent=1|margin_stable=1|fcf_margin=1|cash_real=1|low_debt=1|no_dilution=1|predictable=1|recession_tested=0,0.15,30.0,35.735,23.4331,1.57,296602000.0,0.0514,2026-03-31,,,,0.0841,0.1458,417377000.0,0.9852,1.4072,371152000.0,271972000.0,1.1792,0.7857,11/14,0.1251,0.1753,0.2075,,0.1685,0.1356,0.1769,0.2435,0.2727,0.075,0.0618,-0.0073,0.1375,0.1156,0.3061,0.0291,0.0434,0.3476,-0.1616,0.75,neg 8-K: 2026-08-18: Agreement terminated; next report ~2026-10-27,2026-10-27,,3.497,1297989
MA,Mastercard Incorporated,NYSE,Industrials,"Services-Business Services, NEC",ABOVE STICKER,A,589.14,2026-10-09,523156320000.0,523.1293,261.5647,293.2912,217.1486,1.1262,,0,1.0,roic_consistent=1|roic_not_falling=1|growth_coherent=1|margin_stable=1|fcf_margin=1|cash_real=1|low_debt=1|no_dilution=1|predictable=1|recession_tested=1,0.1473,29.4597,38.8824,32.4059,18.18,16702000000.0,0.0319,2026-06-30,3.48,0.0059,0.1461,0.1253,0.1998,24643000000.0,1.0636,1.4755,20618000000.0,13352000000.0,1.0274,0.8667,13/15,0.4836,0.5218,0.5858,0.1299,0.1647,0.1642,0.173,0.21,0.1893,0.0488,0.0609,0.2207,0.1571,0.1956,0.194,0.0668,0.035,0.1185,-0.0201,0.0,next report ~2026-10-29,2026-10-29,,3.481,1141391
CVCO,"CAVCO INDUSTRIES, INC.",Nasdaq,Materials,Mobile Homes,ABOVE STICKER,A,532.43,2026-10-09,4144660870.32,418.9266,209.4633,447.8177,405.7667,1.2709,,0,1.0,roic_consistent=1|roic_not_falling=1|growth_coherent=1|margin_stable=1|fcf_margin=1|cash_real=1|low_debt=1|no_dilution=1|predictable=1|recession_tested=1,0.1366,20.4845,20.4845,23.1592,22.99,234659000.0,0.0566,2026-06-27,,,,0.1716,0.19,0,0.0,0.0,315866000.0,-243195000.0,1.4402,0.9333,14/15,0.1476,0.1819,0.1613,0.1216,0.1516,0.1136,0.2251,0.2379,0.1579,0.1353,0.1354,0.0772,0.1991,0.1859,0.4986,-0.0901,0.0053,-0.0614,-0.2533,0.61,-25% off 52w high; next report ~2026-10-30,2026-10-30,,3.477,278166
ATLC,Atlanticus Holdings Corp,Nasdaq,Financials,Personal Credit Institutions,BUY*,A,93.73,2026-10-09,1788930780.0,63.8763,31.9381,774.8552,517.0827,1.4674,PaybackTime+TenCap,2,0.8333,roic_consistent=?|roic_not_falling=0|growth_coherent=?|margin_stable=?|fcf_margin=1|cash_real=1|low_debt=1|no_dilution=1|predictable=?|recession_tested=1,0.15,8.2956,8.2956,12.1727,7.7,936845000.0,0.5237,2026-06-30,,,,0.0386,0.4145,0,0.0,0.0,986904000.0,-555215000.0,6.1469,0.9286,13/14,3.8774,0.3419,0.1981,,0.2843,0.5009,0.4778,0.0857,0.2495,0.4477,0.5253,0.2108,0.9357,0.2456,0.3591,0.02,-0.0077,-0.0557,-0.1803,0.82,13D: SCHEDULE 13D/A 2026-07-06; 8-K: 2026-10-06: 8.01 Other event; next report ~2026-11-05,2026-11-05,financial (bank/insurer/broker): OCF-based tests less meaningful;ROIC falling: check capital allocation,3.461,1464343
COCO,"The Vita Coco Company, Inc.",Nasdaq,Consumer Staples,Beverages,ABOVE STICKER,A,58.39,2026-10-09,3526207017.22,54.3,27.15,32.5281,26.9653,1.0753,,0,0.75,roic_consistent=?|roic_not_falling=1|growth_coherent=0|margin_stable=0|fcf_margin=1|cash_real=1|low_debt=1|no_dilution=1|predictable=?|recession_tested=1,0.15,30.0,39.8298,32.2597,1.81,124440000.0,0.0353,2026-06-30,,,,0.3454,,0,0.0,0.0,162845000.0,-278640000.0,1.1738,0.8182,9/11,0.1866,0.1626,0.191,,0.1444,0.1817,,0.1627,0.266,,0.2595,0.2664,,0.072,0.0997,0.0432,0.1227,-0.1822,-0.3197,0.88,-32% off 52w high; next report ~2026-10-22,2026-10-22,,3.456,1482981
MLI,MUELLER INDUSTRIES INC,NYSE,Materials,Rolling Drawing & Extruding of  Nonferrous Metals,ABOVE STICKER,A,60.71,2026-10-09,13447629260.0,55.8033,27.9016,47.4898,43.1233,1.0879,,0,0.7,roic_consistent=1|roic_not_falling=1|growth_coherent=0|margin_stable=0|fcf_margin=1|cash_real=1|low_debt=1|no_dilution=1|predictable=0|recession_tested=1,0.15,14.5334,14.5334,15.8113,3.8397,666374000.0,0.0496,2026-06-27,0.65,0.0107,0.3962,0.3743,0.2313,5243000.0,0.0,0.0079,955207000.0,-1383505000.0,0.7945,0.9333,14/15,0.2087,0.287,0.2257,0.0712,0.1175,0.1087,0.2445,0.4091,0.2919,0.1477,0.3312,0.1832,0.1682,0.2525,0.1696,-0.0296,0.0038,0.0653,-0.1464,0.19,next report ~2026-10-21,2026-10-21,,3.438,89439
WING,WINGSTOP INC.,Nasdaq,Consumer Discretionary,Retail-Eating  Places,ON DECK,B,122.26,2026-10-09,3352980500.0,126.9,63.45,73.9612,36.6638,0.9634,,0,0.9,roic_consistent=1|roic_not_falling=1|growth_coherent=1|margin_stable=1|fcf_margin=1|cash_real=1|low_debt=0|no_dilution=1|predictable=1|recession_tested=1,0.15,30.0,89.7313,28.9031,4.23,128494000.0,0.0383,2026-06-27,1.23,0.0101,-0.2612,-0.055,0.1769,1210589000.0,11.4472,9.4214,208864000.0,1083134000.0,1.3987,0.7333,11/15,0.3162,0.2789,0.2789,0.2449,0.2287,0.1135,0.3295,0.5143,0.6784,,,,0.2715,0.1849,-0.0288,0.1438,0.0441,-0.2024,-0.5962,1.98,-60% off 52w high; 8-K: 2026-08-25: 5.02 Director/officer change; next report ~2026-10-28,2026-10-28,debt > 3 years of FCF,3.435,1636222
IDXX,IDEXX LABORATORIES INC /DE,Nasdaq,Health Care,In Vitro & In Vivo Diagnostic Substances,ABOVE STICKER,A,518.0,2026-10-09,41306356000.0,426.9,213.45,248.3094,189.8375,1.2134,,0,1.0,roic_consistent=1|roic_not_falling=1|growth_coherent=1|margin_stable=1|fcf_margin=1|cash_real=1|low_debt=1|no_dilution=1|predictable=1|recession_tested=1,0.15,30.0,53.3398,36.402,14.23,1254332000.0,0.0304,2026-06-30,,,,-0.0489,0.1609,449864000.0,0.3546,0.3586,1539095000.0,252931000.0,1.1006,0.8,12/15,0.5099,0.495,0.5495,0.1039,0.0972,0.1042,0.2036,0.1428,0.2259,,0.2214,0.0339,0.1821,0.1277,0.2721,-0.0008,0.0264,-0.0809,-0.3273,0.91,-33% off 52w high; next report ~2026-11-03,2026-11-03,,3.401,874716
ENSG,"ENSIGN GROUP, INC",Nasdaq,Health Care,Services-Skilled Nursing Care Facilities,ABOVE STICKER,A,171.8,2026-10-09,10226738600.0,158.0863,79.0431,142.376,110.3335,1.0867,,0,0.6,roic_consistent=0|roic_not_falling=1|growth_coherent=0|margin_stable=1|fcf_margin=0|cash_real=1|low_debt=1|no_dilution=0|predictable=1|recession_tested=1,0.15,24.7784,24.7784,26.9279,6.38,536887000.0,0.0525,2026-06-30,0.26,0.0015,0.0417,0.1727,0.2448,139744000.0,0.2437,0.2603,656782000.0,-122556000.0,1.4177,0.9286,13/14,0.1224,0.1462,0.1356,,0.1605,0.1872,0.1861,0.138,0.1406,0.1657,0.2092,0.2017,0.3268,0.0861,0.6253,0.0001,-0.0125,0.019,-0.2119,0.45,-21% off 52w high; 8-K: 2026-08-20: 1.01 Material agreement; 2.03 New debt obligation; 7.01 Reg FD disclosure; next report ~2026-10-26,2026-10-26,,3.396,1125376
HRMY,"HARMONY BIOSCIENCES HOLDINGS, INC.",Nasdaq,Health Care,Pharmaceutical Preparations,BUY*,B,40.28,2026-10-09,2367235621.12,47.7288,23.8644,95.2925,70.612,0.8439,PaybackTime+TenCap,2,0.5714,roic_consistent=?|roic_not_falling=1|growth_coherent=?|margin_stable=0|fcf_margin=1|cash_real=1|low_debt=1|no_dilution=0|predictable=?|recession_tested=0,0.15,15.4462,15.4462,13.0356,3.09,354767000.0,0.1499,2026-06-30,,,,-0.0058,,153961000.0,0.413,0.434,414983000.0,-395808000.0,1.9587,0.7273,8/11,0.1688,0.1933,0.1517,,0.403,0.2151,,,0.0797,,0.3157,0.305,,,0.584,0.0161,-0.0299,0.0934,-0.0738,0.0,next report ~2026-11-03,2026-11-03,cheap without an event (near 52w high): value-trap check,3.338,1802665
DOCS,"Doximity, Inc.",NYSE,Information Technology,Services-Computer Programming Services,ABOVE STICKER,A,30.5,2026-10-09,5830654500.0,25.2,12.6,25.2913,19.117,1.2103,,0,0.625,roic_consistent=?|roic_not_falling=0|growth_coherent=0|margin_stable=1|fcf_margin=1|cash_real=1|low_debt=1|no_dilution=0|predictable=?|recession_tested=1,0.15,30.0,51.2432,36.3095,0.84,306282000.0,0.0525,2026-06-30,,,,-0.1512,,0,0.0,0.0,365457000.0,-273604000.0,1.833,0.8182,9/11,2.9919,0.1478,0.1773,,0.2553,0.1305,,0.535,-0.1171,,0.6859,-0.1122,,0.3152,0.1947,0.092,0.1923,0.401,-0.5726,1.89,-57% off 52w high; next report ~2026-11-05,2026-11-05,,3.313,1516513
UI,UBIQUITI INC.,NYSE,Information Technology,Radio & Tv Broadcasting & Communications Equipment,ABOVE STICKER,A,657.29,2026-10-09,39812055300.0,475.5,237.75,236.8903,186.9754,1.3823,,0,0.9,roic_consistent=1|roic_not_falling=1|growth_coherent=1|margin_stable=0|fcf_margin=1|cash_real=1|low_debt=1|no_dilution=1|predictable=1|recession_tested=1,0.15,30.0,32.0322,41.4694,15.85,908944000.0,0.0228,2026-06-30,3.4,0.0052,0.1356,0.1764,0.2911,47500000.0,0.0,0.0523,1132510000.0,-475079000.0,0.9473,0.9333,14/15,0.757,0.7686,0.6681,0.1726,0.1152,0.2722,0.2033,0.1014,0.3478,0.1657,2.5394,1.1539,0.1674,0.087,0.451,0.0593,0.1651,0.1929,-0.4025,1.21,-40% off 52w high; 8-K: 2026-08-21: 2.02 Earnings release; 8.01 Other event; next report ~2026-10-30,2026-10-30,,3.305,1511737
RLI,RLI Corp,NYSE,Financials,"Fire, Marine & Casualty Insurance",BUY*,C,55.71,2026-10-09,5139637470.0,73.9752,36.9876,75.2428,65.1109,0.7531,PaybackTime+TenCap,2,0.8889,roic_consistent=1|roic_not_falling=1|growth_coherent=1|margin_stable=?|fcf_margin=1|cash_real=1|low_debt=1|no_dilution=1|predictable=0|recession_tested=1,0.1143,21.2939,21.2939,11.7038,4.76,517016000.0,0.1006,2026-06-30,4.68,0.084,0.3643,0.0521,0.1017,296968000.0,0.0,0.5744,627180000.0,264867000.0,1.1785,0.6667,10/15,0.1917,0.2521,0.2268,0.0901,0.1386,0.0633,0.1085,0.2036,0.1684,0.0751,0.0899,0.1691,0.1494,0.1846,0.0964,-0.0041,-0.0789,-0.0815,-0.17,0.28,8-K: 2026-08-13: 8.01 Other event; next report ~2026-10-23,2026-10-23,financial (bank/insurer/broker): OCF-based tests less meaningful,3.286,84246
SKY,"Champion Homes, Inc.",NYSE,Materials,Mobile Homes,ABOVE STICKER,A,79.63,2026-10-09,4392788950.0,78.8657,39.4328,76.116,58.3814,1.0097,,0,0.6,roic_consistent=0|roic_not_falling=1|growth_coherent=0|margin_stable=0|fcf_margin=0|cash_real=1|low_debt=1|no_dilution=1|predictable=1|recession_tested=1,0.15,23.0601,23.0601,23.2836,3.42,265994000.0,0.0606,2026-06-27,,,,0.0467,0.207,23779000.0,0.0535,0.0894,322061000.0,-760933000.0,1.39,0.8,12/15,0.1323,0.1898,0.1253,0.2881,0.1339,0.0726,0.5709,0.1969,0.0702,0.468,0.2277,0.0468,0.5477,0.1458,0.2616,-0.0961,-0.0424,-0.0197,-0.197,0.39,8-K: 2026-10-05: 7.01 Reg FD disclosure; next report ~2026-11-04,2026-11-04,,3.278,90896
BMI,"BADGER METER, INC.",NYSE,Information Technology,Totalizing Fluid Meters & Counting Devices,ABOVE STICKER,A,131.38,2026-10-09,3843336260.06,92.075,46.0375,73.8295,67.712,1.4269,,0,0.9,roic_consistent=1|roic_not_falling=1|growth_coherent=1|margin_stable=1|fcf_margin=1|cash_real=1|low_debt=1|no_dilution=0|predictable=1|recession_tested=1,0.1293,25.8592,47.2481,30.7681,4.27,150301000.0,0.0391,2026-06-30,1.64,0.0125,0.1725,0.0597,0.1488,0,0.0,0.0,198082000.0,-89219000.0,1.2381,0.8571,12/14,0.1555,0.1726,0.1931,0.0927,0.1659,0.109,,0.2317,0.1324,0.1162,-0.7129,0.1752,0.1776,0.1545,0.1849,0.0283,0.0499,-0.0888,-0.356,2.04,"-36% off 52w high; insider buying (1 Form 4s, $0.10M); next report ~2026-10-22",2026-10-22,,3.271,9092
CPRT,"COPART, INC.",Nasdaq,Consumer Discretionary,Retail-Auto Dealers & Gasoline Stations,ON DECK,C,27.32,2026-10-09,26141415200.0,41.697,20.8485,20.2498,18.0768,0.6552,,0,0.9,roic_consistent=1|roic_not_falling=0|growth_coherent=1|margin_stable=1|fcf_margin=1|cash_real=1|low_debt=1|no_dilution=1|predictable=1|recession_tested=1,0.143,28.5978,32.8608,17.6258,1.55,1267129000.0,0.0485,2026-07-31,,,,-0.0676,0.1496,0,0.0,0.0,1729699000.0,-1907901000.0,0.9265,0.6667,10/15,0.3058,0.1805,0.1466,0.1391,0.1162,0.0041,0.1877,0.0983,-0.0252,0.282,0.2096,0.0117,0.1705,0.1012,-0.1085,0.0037,-0.0878,-0.0073,-0.4047,1.22,-40% off 52w high; 8-K: 2026-09-10: 1.01 Material agreement; 7.01 Reg FD disclosure; next report ~2026-12-08,2026-12-08,,3.228,900075
TOL,"Toll Brothers, Inc.",NYSE,Industrials,Operative Builders,BUY*,B,133.13,2026-10-09,12722967840.0,126.1675,63.0837,180.0828,157.9167,1.0552,PaybackTime+TenCap,2,0.7778,roic_consistent=1|roic_not_falling=1|growth_coherent=1|margin_stable=0|fcf_margin=1|cash_real=1|low_debt=1|no_dilution=1|predictable=?|recession_tested=0,0.15,10.1666,10.1666,10.7276,12.41,1090227000.0,0.0857,2026-07-31,1.28,0.0096,0.156,0.1835,0.1755,0,0.0,0.0,1509178000.0,-1057889000.0,0.9311,0.7143,10/14,0.1456,0.1851,0.1644,,0.0915,0.0111,0.2121,0.3174,-0.1013,0.1375,0.1741,0.1312,0.3387,0.0199,0.1012,-0.0255,-0.0133,-0.1094,-0.2093,0.44,-21% off 52w high; 8-K: 2026-08-18: 2.02 Earnings release; next report ~2026-11-27,2026-11-27,,3.206,794170
IBEX,IBEX LIMITED,Nasdaq,Information Technology,Services-Computer Processing & Data Preparation,ABOVE STICKER,A,44.52,2026-10-09,659252160.0,38.2109,19.1054,33.2539,31.768,1.1651,,0,0.7143,roic_consistent=?|roic_not_falling=1|growth_coherent=0|margin_stable=1|fcf_margin=0|cash_real=1|low_debt=1|no_dilution=1|predictable=?|recession_tested=?,0.15,12.2079,12.2079,14.2236,3.13,31194000.0,0.0473,2026-06-30,,,,0.2223,,1659000.0,0.0249,0.0532,47042000.0,-30907000.0,0.8435,0.9091,10/11,0.2153,0.2273,0.2743,,0.0775,0.1537,,0.3454,0.3263,,0.1737,0.3459,,0.297,0.292,0.0216,0.1186,0.3454,-0.0168,0.0,8-K: 2026-09-10: 1.01 Material agreement; 2.02 Earnings release; 2.03 New debt obligation; next report ~2026-11-19,2026-11-19,micro-cap,3.202,1720420
INCY,INCYTE CORPORATION,Nasdaq,Health Care,Services-Commercial Physical & Biological Research,ON DECK,C,112.79,2026-10-09,23328355700.0,204.6873,102.3436,109.8246,7.1959,0.551,,0,0.5,roic_consistent=0|roic_not_falling=1|growth_coherent=0|margin_stable=0|fcf_margin=1|cash_real=1|low_debt=0|no_dilution=1|predictable=1|recession_tested=0,0.15,28.9106,28.9106,15.9308,7.08,1438949000.0,0.0617,2026-03-31,,,,0.1094,0.0099,19783118000.0,0.0,13.7483,1781033000.0,16322004000.0,1.005,0.8,12/15,0.0638,0.1131,0.2266,0.2117,0.1403,0.2122,0.7099,,41.7333,0.3963,0.1655,0.5723,0.3179,,3.2152,-0.0218,-0.0715,-0.0336,-0.1494,0.7,13D: SCHEDULE 13D/A 2026-05-11; 8-K: 2026-08-31: 8.01 Other event; next report ~2026-10-27,2026-10-27,debt > 3 years of FCF,3.173,879169
BURL,"BURLINGTON STORES, INC.",NYSE,Consumer Discretionary,Retail-Department Stores,ON DECK,B,276.97,2026-10-09,17732173340.0,333.9,166.95,101.7191,166.8268,0.8295,,0,0.5556,roic_consistent=1|roic_not_falling=1|growth_coherent=0|margin_stable=?|fcf_margin=0|cash_real=1|low_debt=0|no_dilution=1|predictable=1|recession_tested=0,0.15,30.0,32.2681,24.885,11.13,412538000.0,0.0233,2026-08-01,,,,0.0005,0.1224,1944011000.0,11.817,4.7123,1192091000.0,1240325000.0,1.352,0.8,12/15,0.1569,0.1257,0.1591,0.0847,0.1495,0.1891,0.1693,,0.8184,,0.3195,0.8352,0.1375,0.4123,0.4174,0.0059,0.1587,-0.1549,-0.2679,0.67,-27% off 52w high; 8-K: 2026-08-27: 2.02 Earnings release; next report ~2026-11-26,2026-11-26,debt > 3 years of FCF,3.164,1579298
TPL,TEXAS PACIFIC LAND CORPORATION,NYSE,Financials,Oil Royalty Traders,ABOVE STICKER,A,360.98,2026-10-09,24914615792.4,235.2,117.6,134.0166,105.5851,1.5348,,0,0.7778,roic_consistent=1|roic_not_falling=0|growth_coherent=1|margin_stable=0|fcf_margin=1|cash_real=1|low_debt=1|no_dilution=1|predictable=?|recession_tested=1,0.15,30.0,32.7032,46.0434,7.84,585952000.0,0.0235,2026-06-30,2.3333,0.0065,0.0285,0.2194,0.2883,0,0.0,0.0,728742000.0,-248612000.0,1.0823,0.9091,10/11,0.4843,0.4086,0.3201,,0.2141,0.1309,,0.2254,0.0609,,0.2491,0.2889,,0.214,0.1126,0.0611,-0.022,-0.0926,-0.3403,2.46,"-34% off 52w high; insider buying (12 Form 4s, $0.01M); 13D: SCHEDULE 13D/A 2026-05-07, SCHEDULE 13D/A 2026-04-13; 8-K: 2026-09-25: 5.02 Director/officer change; 5.08; next report ~2026-11-04",2026-11-04,,3.141,1811074
LLY,ELI LILLY AND COMPANY,NYSE,Health Care,Pharmaceutical Preparations,ABOVE STICKER,A,1179.27,2026-10-09,1055210796000.0,893.7,446.85,495.4334,339.4189,1.3195,,0,0.8889,roic_consistent=1|roic_not_falling=1|growth_coherent=0|margin_stable=?|fcf_margin=1|cash_real=1|low_debt=1|no_dilution=1|predictable=1|recession_tested=1,0.15,30.0,40.0964,39.5861,29.79,28083000000.0,0.0266,2026-06-30,6.69,0.0057,0.1525,0.3692,0.3547,54908000000.0,2.4307,1.9552,34967000000.0,45958000000.0,1.0514,0.9333,14/15,0.2277,0.2418,0.3062,0.1256,0.2158,0.447,0.2609,0.2758,0.9599,0.08,0.3669,0.8692,0.1895,0.2093,0.9067,0.0319,0.057,-0.0078,-0.0877,0.0,next report ~2026-11-04,2026-11-04,,3.116,59478
LMB,"LIMBACH HOLDINGS, INC.",Nasdaq,Industrials,Construction - Special Trade Contractors,BUY*,C,51.26,2026-10-09,617548083.68,55.9362,27.9681,66.3124,45.8652,0.9164,PaybackTime,1,0.5,roic_consistent=0|roic_not_falling=1|growth_coherent=?|margin_stable=0|fcf_margin=0|cash_real=1|low_debt=1|no_dilution=0|predictable=?|recession_tested=1,0.15,22.2854,22.2854,20.4223,2.51,50608000.0,0.0819,2026-06-30,,,,0.4854,0.1358,40704000.0,0.7289,0.8043,57573000.0,23175000.0,1.6749,0.6667,10/15,0.1062,0.131,0.1756,,0.0262,0.2468,,0.3501,0.2568,0.3738,0.1945,0.2692,,0.028,0.2424,0.044,0.015,-0.3217,-0.5541,3.42,"-55% off 52w high; insider buying (3 Form 4s, $0.52M); neg 8-K: 2026-09-09: Agreement terminated; next report ~2026-11-03",2026-11-03,micro-cap,3.106,1606163
UFPT,"UFP Technologies, Inc.",Nasdaq,Health Care,Surgical & Medical Instruments & Apparatus,ABOVE STICKER,A,288.97,2026-10-09,2252810120.0,227.2229,113.6114,123.0166,85.0103,1.2717,,0,0.6,roic_consistent=0|roic_not_falling=1|growth_coherent=1|margin_stable=1|fcf_margin=0|cash_real=1|low_debt=1|no_dilution=0|predictable=1|recession_tested=0,0.15,24.5646,24.5646,31.24,9.25,60753000.0,0.027,2026-06-30,,,,0.3592,0.2788,117305000.0,1.3378,1.9309,77100000.0,108260000.0,0.8404,1.0,15/15,0.1073,0.1261,0.1398,0.1581,0.2743,0.195,0.2362,0.3766,0.1544,0.1422,0.1837,0.2336,0.2206,0.297,0.3801,-0.039,0.0399,0.2197,-0.1469,0.19,8-K: 2026-08-24: 7.01 Reg FD disclosure; next report ~2026-11-05,2026-11-05,,3.104,914156
GCT,GIGACLOUD TECHNOLOGY INC,Nasdaq,Consumer Discretionary,Retail-Catalog & Mail-Order Houses,BUY*,A,57.26,2026-10-09,2099070577.1,40.7628,20.3814,67.8813,51.331,1.4047,PaybackTime,1,0.625,roic_consistent=?|roic_not_falling=1|growth_coherent=0|margin_stable=0|fcf_margin=1|cash_real=1|low_debt=1|no_dilution=0|predictable=?|recession_tested=1,0.15,9.7054,9.7054,13.6333,4.2,157637000.0,0.0751,2026-06-30,,,,,,0,0.0,0.0,188172000.0,-334497000.0,1.0296,1.0,11/11,0.3152,0.2596,0.2543,,0.3617,0.111,,0.2143,0.177,,0.1438,0.2919,,0.4178,0.2061,0.0653,0.1039,0.6641,-0.0024,0.0,next report ~2026-11-05,2026-11-05,cheap without an event (near 52w high): value-trap check,3.066,1857816
NVMI,NOVA LTD.,Nasdaq,Information Technology,Optical Instruments & Lenses,ABOVE STICKER,A,353.0,2026-10-09,11495693341.7085,240.9,120.45,105.6317,84.8153,1.4653,,0,0.8,roic_consistent=1|roic_not_falling=1|growth_coherent=0|margin_stable=0|fcf_margin=1|cash_real=1|low_debt=1|no_dilution=1|predictable=1|recession_tested=1,0.15,30.0,35.8754,43.9601,8.03,217915000.0,0.019,2025-12-31,,,,0.2646,0.3989,0,0.0,0.0,276207000.0,-214462000.0,0.8955,0.9333,14/15,0.1581,0.1839,0.1643,0.1948,0.2673,0.3096,0.3017,0.3699,0.3843,1.4191,4.0021,0.3922,0.2528,0.3245,0.044,-0.1089,-0.0506,-0.2582,-0.4269,1.31,-43% off 52w high; next report ~2026-10-27,2026-10-27,EPS from yahoo TTM to 2026-06-30,3.063,1109345
ROST,"Ross Stores, Inc.",Nasdaq,Consumer Discretionary,Retail-Family Clothing Stores,ABOVE STICKER,A,222.41,2026-10-09,71247486630.0,180.4977,90.2488,130.2228,123.7599,1.2322,,0,0.8889,roic_consistent=1|roic_not_falling=1|growth_coherent=1|margin_stable=?|fcf_margin=1|cash_real=1|low_debt=1|no_dilution=1|predictable=1|recession_tested=0,0.138,24.2332,24.2332,26.8936,8.27,2790186000.0,0.0392,2026-08-01,1.74,0.0078,0.1527,0.1565,0.1384,1018512000.0,0.4611,0.365,3964561000.0,-3269612000.0,1.1736,0.8,12/15,0.2793,0.2549,0.2836,0.0666,0.1267,0.1165,0.1017,0.9409,0.1888,0.1211,0.155,0.3211,0.086,0.0615,0.2038,-0.0268,-0.0361,-0.0021,-0.1346,0.14,8-K: 2026-09-17: 5.02 Director/officer change; 7.01 Reg FD disclosure; next report ~2026-12-01,2026-12-01,,3.059,745732
TGLS,TECNOGLASS HOLDINGS INC.,NYSE,Materials,Flat Glass,ON DECK,B,37.57,2026-10-09,1671762246.05,40.9071,20.4536,,20.6563,0.9184,,0,0.3333,roic_consistent=0|roic_not_falling=1|growth_coherent=?|margin_stable=0|fcf_margin=0|cash_real=0|low_debt=0|no_dilution=1|predictable=1|recession_tested=0,0.15,14.3534,14.3534,13.1825,2.85,-8874000.0,-0.0053,2026-06-30,0.45,0.012,0.3207,0.0635,0.1501,225394000.0,4.9634,,106373000.0,144580000.0,0.3118,0.8,12/15,0.1581,0.2281,0.177,0.1504,0.2117,0.105,,0.4632,-0.0029,0.2794,0.2779,0.1374,0.4904,0.1361,-0.2039,0.0815,-0.0196,-0.1442,-0.4249,1.8,-42% off 52w high; 13D: SCHEDULE 13D/A 2026-05-13; 8-K: 2026-09-10: 8.01 Other event; next report ~2026-11-05,2026-11-05,cash not real: owner earnings < 75% of net income;debt > 3 years of FCF,3.046,1534675
IBKR,"INTERACTIVE BROKERS GROUP, INC.",Nasdaq,Financials,"Security Brokers, Dealers & Flotation Companies",BUY*,A,87.87,2026-10-09,39474318552.15,55.4988,27.7494,536.7467,364.5082,1.5833,PaybackTime+TenCap,2,0.5556,roic_consistent=0|roic_not_falling=1|growth_coherent=0|margin_stable=?|fcf_margin=1|cash_real=1|low_debt=1|no_dilution=0|predictable=1|recession_tested=0,0.141,23.833,23.833,34.869,2.52,15915000000.0,0.4032,2026-06-30,0.336,0.0038,0.2743,0.383,0.2632,0,0.0,0.0,16375000000.0,-7711000000.0,14.1341,0.9333,14/15,0.1288,0.1579,0.1835,0.0687,0.1365,0.2342,0.2754,0.2969,0.2832,0.1335,0.1484,0.2309,0.361,0.144,0.8124,-0.0049,-0.0383,-0.0661,-0.1102,1.04,"insider buying (4 Form 4s, $0.01M); next report ~2026-11-05",2026-11-05,financial (bank/insurer/broker): OCF-based tests less meaningful,3.016,1381197
GRBK,"Green Brick Partners, Inc.",NYSE,Industrials,Operative Builders,ABOVE STICKER,A,62.86,2026-10-09,2722089440.0,57.7038,28.8519,40.6876,38.0575,1.0894,,0,0.4444,roic_consistent=0|roic_not_falling=1|growth_coherent=?|margin_stable=0|fcf_margin=0|cash_real=0|low_debt=0|no_dilution=1|predictable=1|recession_tested=1,0.15,8.6903,8.6903,9.4669,6.64,111615000.0,0.041,2026-06-30,,,,0.1918,0.2141,493911000.0,1.5509,4.4251,201031000.0,362269000.0,0.3495,0.8,12/15,0.142,0.1885,0.1574,0.2149,0.1589,-0.0104,0.3396,0.2584,-0.1633,0.1679,0.2741,0.1675,,0.4343,7.2295,-0.057,-0.0813,-0.1464,-0.2443,0.58,-24% off 52w high; 8-K: 2026-08-27: 5.02 Director/officer change; next report ~2026-10-28,2026-10-28,cash not real: owner earnings < 75% of net income;debt > 3 years of FCF,3.011,1373670
JLL,JONES LANG LASALLE INC,NYSE,Real Estate,Real Estate Agents & Managers (For Others),BUY*,B,299.87,2026-10-09,14204242160.0,250.643,125.3215,347.7657,315.54,1.1964,PaybackTime+TenCap,2,0.8,roic_consistent=1|roic_not_falling=1|growth_coherent=1|margin_stable=1|fcf_margin=0|cash_real=1|low_debt=1|no_dilution=1|predictable=1|recession_tested=0,0.1089,17.3056,17.3056,14.3823,20.85,1257900000.0,0.0886,2026-06-30,,,,0.0302,0.1173,472700000.0,0.0,0.3758,1496100000.0,14500000.0,1.2592,0.7333,11/15,0.109,0.1102,0.1181,0.1591,0.095,0.1145,0.0545,0.1632,0.4513,0.1012,0.0802,0.1094,0.1226,0.0139,0.5206,-0.0226,-0.1357,-0.0757,-0.2386,0.55,-24% off 52w high; 8-K: 2026-09-30: 5.02 Director/officer change; next report ~2026-10-29,2026-10-29,,3.011,1037976
EME,"EMCOR Group, Inc.",NYSE,Industrials,Electrical Work,ABOVE STICKER,A,789.45,2026-10-09,35224818486.9,628.317,314.1585,414.4214,386.5606,1.2565,,0,0.7,roic_consistent=1|roic_not_falling=1|growth_coherent=0|margin_stable=1|fcf_margin=0|cash_real=1|low_debt=1|no_dilution=1|predictable=1|recession_tested=0,0.15,19.5616,19.5616,24.5781,32.12,1171382000.0,0.0333,2026-06-30,1.45,0.0018,0.2527,0.456,0.2821,2838000.0,0.0,0.0024,1724812000.0,-921573000.0,0.8455,0.8667,13/15,0.1857,0.2554,0.3448,0.0972,0.1407,0.1662,0.2634,0.6367,0.3099,0.1331,0.1705,0.2967,0.1718,0.1006,-0.0752,0.0036,0.0113,0.0098,-0.1707,0.28,next report ~2026-10-29,2026-10-29,,2.99,105634
MCRI,"MONARCH CASINO & RESORT, INC.",Nasdaq,Consumer Discretionary,Hotels & Motels,BUY*,B,114.34,2026-10-09,2081102340.0,117.2901,58.6451,134.2096,101.6235,0.9748,PaybackTime,1,0.7,roic_consistent=0|roic_not_falling=1|growth_coherent=1|margin_stable=0|fcf_margin=1|cash_real=1|low_debt=1|no_dilution=1|predictable=1|recession_tested=0,0.15,19.8797,19.8797,19.3797,5.9,154743000.0,0.0744,2026-03-31,1.2,0.0105,,0.1216,0.1797,40900000.0,0.0,0.2643,184965000.0,-79225000.0,1.4181,0.7143,10/14,0.1249,0.1566,0.1886,,0.2421,0.0439,0.1639,0.3415,0.4141,0.0937,0.0812,0.0558,0.1573,0.3927,0.1708,-0.0273,-0.0619,-0.0769,-0.1588,0.24,next report ~2026-10-27,2026-10-27,,2.989,907242
PTC,PTC Inc.,Nasdaq,Information Technology,Services-Prepackaged Software,ON DECK,C,194.45,2026-10-09,22914765800.0,309.3,154.65,125.3131,96.2965,0.6287,,0,0.5,roic_consistent=0|roic_not_falling=1|growth_coherent=0|margin_stable=0|fcf_margin=1|cash_real=1|low_debt=1|no_dilution=0|predictable=1|recession_tested=0,0.15,30.0,59.4006,18.8603,10.31,935484000.0,0.0408,2026-06-30,,,,0.0879,0.1495,1423315000.0,1.3686,1.5215,1241982000.0,1071861000.0,0.7644,0.8667,13/15,0.0703,0.1094,0.1568,0.0812,0.1344,0.1918,0.3095,0.4026,0.9487,0.1563,0.2069,0.19,0.1704,0.2999,0.157,0.3501,0.4868,0.5588,-0.0598,0.0,8-K: 2026-10-05: 1.01 Material agreement; 7.01 Reg FD disclosure; next report ~2026-10-30,2026-10-30,,2.976,857005
LRN,"Stride, Inc.",NYSE,Consumer Discretionary,Services-Educational Services,BUY*,C,85.59,2026-10-09,4051219059.45,88.0826,44.0413,119.2863,113.2389,0.9717,PaybackTime+TenCap,2,0.6,roic_consistent=0|roic_not_falling=1|growth_coherent=0|margin_stable=1|fcf_margin=1|cash_real=1|low_debt=1|no_dilution=0|predictable=1|recession_tested=0,0.1078,17.9298,17.9298,11.9874,7.14,433227000.0,0.1069,2026-06-30,,,,0.1916,0.1942,417995000.0,0.9648,0.9648,535992000.0,-336506000.0,1.281,0.7333,11/15,0.0839,0.1228,0.1686,0.1118,0.1038,0.0469,0.4099,0.3309,0.2,0.0914,0.124,0.1284,0.1355,0.2646,0.0023,0.0849,0.0438,-0.0595,-0.448,1.39,-45% off 52w high; 8-K: 2026-10-09: 1.01 Material agreement; 5.02 Director/officer change; 7.01 Reg FD disclosure; next report ~2026-10-14,2026-10-14,,2.971,1157408
ESEA,EUROSEAS LTD.,Nasdaq,Industrials,Deep Sea Foreign Transportation of  Freight,BUY*,A,71.24,2026-10-09,498781089.56,47.3794,23.6897,326.2241,199.634,1.5036,PaybackTime+TenCap,2,0.5556,roic_consistent=0|roic_not_falling=1|growth_coherent=?|margin_stable=0|fcf_margin=1|cash_real=1|low_debt=1|no_dilution=0|predictable=1|recession_tested=0,0.15,2.4285,2.4285,3.6515,19.51,144688615.0,0.2901,2026-06-30,3.05,0.0428,,0.3032,0.2005,206516943.0,1.4005,1.4273,144688615.0,49165123.0,1.0645,0.8,12/15,0.1227,0.2432,0.1786,0.1972,0.3372,0.0703,,1.0244,0.2173,0.1161,0.6962,0.2795,,1.2571,0.1012,-0.0163,-0.0445,0.0147,-0.1058,1.06,"insider buying (3 Form 4s, $0.17M); next report ~2027-01-06",2027-01-06,PE<5: check one-off gains;micro-cap,2.913,1341170
PARR,"Par Pacific Holdings, Inc.",NYSE,Energy,Crude Petroleum & Natural Gas,BUY*,C,81.89,2026-10-09,4057158160.0,143.8382,71.9191,131.4076,123.9666,0.5693,PaybackTime+TenCap,2,0.3333,roic_consistent=0|roic_not_falling=1|growth_coherent=?|margin_stable=0|fcf_margin=0|cash_real=0|low_debt=1|no_dilution=1|predictable=0|recession_tested=0,0.15,8.4412,8.4412,4.8058,17.04,412424000.0,0.1017,2026-06-30,,,,0.3938,0.1879,739198000.0,2.6915,1.7923,669600000.0,554201000.0,0.4813,0.6,9/15,0.0909,0.183,0.1792,0.1371,0.1902,-0.0639,,,,0.1248,0.4468,0.3963,0.129,,4.3158,-0.0251,-0.0326,0.2449,-0.0845,0.0,8-K: 2026-09-28: 5.02 Director/officer change; 8.01 Other event; next report ~2026-11-04,2026-11-04,PE<5: check one-off gains;cash not real: owner earnings < 75% of net income;cheap without an event (near 52w high): value-trap check,2.895,821483
MELI,"MercadoLibre, Inc.",Nasdaq,Industrials,"Services-Business Services, NEC",BUY*,A,1889.85,2026-10-09,95810290515.15,1102.8,551.4,3863.8451,2557.1974,1.7137,PaybackTime+TenCap,2,0.6,roic_consistent=0|roic_not_falling=1|growth_coherent=0|margin_stable=0|fcf_margin=1|cash_real=1|low_debt=1|no_dilution=1|predictable=1|recession_tested=0,0.15,30.0,59.9968,51.4105,36.76,12409000000.0,0.1295,2026-06-30,,,,0.0497,0.2843,10626000000.0,0.8533,0.8563,13662000000.0,6977000000.0,6.9351,0.8571,12/14,0.105,0.1397,0.1411,,0.487,0.3906,0.3229,,0.0454,0.33,0.3202,0.5509,0.4922,0.5928,0.5302,0.1139,-0.004,0.0203,-0.2216,2.03,"-22% off 52w high; insider buying (1 Form 4s, $0.20M); 13D: SCHEDULE 13D/A 2026-06-18; 8-K: 2026-09-14: 8.01 Other event; next report ~2026-11-05",2026-11-05,,2.894,1099590
WMS,"ADVANCED DRAINAGE SYSTEMS, INC.",NYSE,Materials,Plastics Foam Products,ON DECK,B,125.79,2026-10-09,9688848960.0,140.9349,70.4674,112.7522,74.4264,0.8925,,0,0.5,roic_consistent=1|roic_not_falling=1|growth_coherent=0|margin_stable=0|fcf_margin=1|cash_real=1|low_debt=0|no_dilution=0|predictable=1|recession_tested=0,0.15,24.3411,24.3411,21.7254,5.79,550153000.0,0.0568,2026-06-30,0.76,0.006,0.137,0.0267,0.214,1612484000.0,2.821,2.931,718285000.0,1450233000.0,1.2705,0.7333,11/15,0.1466,0.1949,0.1356,0.0898,0.09,0.0503,0.3015,0.16,-0.0556,0.2145,0.1566,0.2155,0.1973,0.1261,0.4085,-0.0116,-0.0163,-0.164,-0.2985,0.79,-30% off 52w high; 8-K: 2026-10-05: 1.01 Material agreement; 7.01 Reg FD disclosure; next report ~2026-11-05,2026-11-05,,2.879,1604028
GPI,"Group 1 Automotive, Inc",NYSE,Consumer Discretionary,Retail-Auto Dealers & Gasoline Stations,ABOVE STICKER,C,232.01,2026-10-09,2751666905.22,202.1751,101.0876,221.3456,149.4167,1.1476,,0,0.8,roic_consistent=1|roic_not_falling=1|growth_coherent=1|margin_stable=1|fcf_margin=0|cash_real=1|low_debt=0|no_dilution=1|predictable=1|recession_tested=1,0.15,8.3337,8.3337,9.5635,24.26,166300000.0,0.0604,2026-06-30,2.15,0.0093,0.1093,0.059,0.1341,3048400000.0,8.1048,18.3307,465600000.0,2883900000.0,1.2106,0.6667,10/15,0.1343,0.15,0.0848,0.0782,0.1632,0.1323,0.2053,0.1023,-0.3143,0.1863,0.2188,-0.0245,0.1728,-0.0292,0.1845,-0.0714,-0.1662,-0.2263,-0.497,4.09,"-50% off 52w high; insider buying (6 Form 4s, $187.26M); 13D: SCHEDULE 13D/A 2026-09-29, SCHEDULE 13D/A 2026-09-22; 8-K: 2026-09-24: 1.01 Material agreement; 2.03 New debt obligation; next report ~2026-10-29",2026-10-29,debt > 3 years of FCF,2.861,1031203
ALLE,Allegion plc,NYSE,Industrials,"Services-Detective, Guard & Armored Car Services",ON DECK,C,150.48,2026-10-09,12986424000.0,173.8597,86.9299,122.7564,73.4241,0.8655,,0,0.9,roic_consistent=1|roic_not_falling=1|growth_coherent=1|margin_stable=1|fcf_margin=1|cash_real=1|low_debt=0|no_dilution=1|predictable=1|recession_tested=1,0.15,22.8162,22.8162,19.748,7.62,671100000.0,0.0517,2026-06-30,1.65,0.011,0.0334,0.0464,0.0981,2031100000.0,2.8874,3.0265,804700000.0,1710500000.0,1.019,0.6667,10/15,0.1994,0.1957,0.1779,0.07,0.0838,0.0782,0.1669,0.1702,0.0909,0.5689,0.2172,0.3937,0.118,0.0984,0.1612,-0.0242,-0.0187,0.1014,-0.1782,1.32,"insider buying (1 Form 4s, $0.03M); 8-K: 2026-09-08: 5.02 Director/officer change; 7.01 Reg FD disclosure; next report ~2026-10-22",2026-10-22,debt > 3 years of FCF,2.832,1579241
CRVL,CORVEL CORPORATION,Nasdaq,Financials,"Insurance Agents, Brokers & Service",ABOVE STICKER,A,77.16,2026-10-09,3929604480.0,52.4818,26.2409,32.8199,30.1339,1.4702,,0,0.9,roic_consistent=1|roic_not_falling=1|growth_coherent=1|margin_stable=1|fcf_margin=1|cash_real=1|low_debt=1|no_dilution=1|predictable=0|recession_tested=1,0.1341,26.8152,35.9209,34.2933,2.25,113820000.0,0.029,2026-06-30,,,,0.0477,0.2196,0,0.0,0.0,153466000.0,-255883000.0,1.0197,0.9286,13/14,0.2645,0.3049,0.2799,,0.1164,0.0703,0.162,0.2028,0.1694,0.1326,0.1356,0.2331,0.1174,0.1052,0.2225,0.0224,0.1139,0.2387,-0.0286,0.0,next report ~2026-11-05,2026-11-05,financial (bank/insurer/broker): OCF-based tests less meaningful,2.817,874866
TJX,"The TJX Companies, Inc.",NYSE,Consumer Discretionary,Retail-Family Clothing Stores,ABOVE STICKER,A,138.76,2026-10-09,155133680000.0,104.1577,52.0789,73.3646,77.7549,1.3322,,0,0.7778,roic_consistent=1|roic_not_falling=1|growth_coherent=1|margin_stable=?|fcf_margin=0|cash_real=1|low_debt=1|no_dilution=1|predictable=1|recession_tested=0,0.1229,24.4815,24.4815,25.6963,5.4,5876000000.0,0.0379,2026-08-01,1.81,0.013,0.1834,0.1781,0.1515,2871000000.0,0.3803,0.4886,8693000000.0,-3133000000.0,1.1069,0.8,12/15,0.366,0.4065,0.4555,0.0691,0.1344,0.1135,0.1133,1.3361,0.2617,0.111,0.1348,0.4339,0.088,0.0855,0.1349,0.0458,0.1011,-0.0831,-0.1838,0.34,8-K: 2026-09-17: 5.02 Director/officer change; next report ~2026-11-27,2026-11-27,,2.798,109198
PRI,"Primerica, Inc.",NYSE,Financials,Life Insurance,BUY*,C,275.29,2026-10-09,8666404490.0,260.2353,130.1177,381.0317,355.1377,1.0579,PaybackTime+TenCap,2,1.0,roic_consistent=1|roic_not_falling=1|growth_coherent=1|margin_stable=?|fcf_margin=1|cash_real=1|low_debt=1|no_dilution=1|predictable=1|recession_tested=1,0.1157,14.1555,14.1555,11.0647,24.88,887833000.0,0.1024,2026-06-30,4.64,0.0169,0.2072,0.1195,0.1613,374433000.0,0.0,0.4217,1118009000.0,-225750000.0,1.1185,0.6667,10/15,0.2622,0.3083,0.3061,0.0889,0.0822,0.0656,0.2,0.1908,0.671,0.1277,0.1038,0.133,0.1328,0.0697,0.0453,-0.0005,-0.0586,-0.0961,-0.1589,0.24,next report ~2026-11-05,2026-11-05,financial (bank/insurer/broker): OCF-based tests less meaningful,2.778,1475922
EPAM,"EPAM SYSTEMS, INC.",NYSE,Information Technology,Services-Computer Programming Services,BUY*,B,113.24,2026-10-09,6026632800.0,85.7971,42.8986,111.5236,118.3021,1.3199,TenCap,1,0.8,roic_consistent=1|roic_not_falling=1|growth_coherent=1|margin_stable=0|fcf_margin=0|cash_real=1|low_debt=1|no_dilution=1|predictable=1|recession_tested=1,0.095,19.0021,43.1553,15.365,7.37,482636000.0,0.0801,2026-06-30,,,,-0.2988,0.056,25000000.0,0.0409,0.0518,629604000.0,-764397000.0,1.2016,0.7333,11/15,0.1435,0.1366,0.1049,0.1956,0.1546,0.1542,0.1529,0.0371,-0.1429,0.1868,0.1402,0.0448,0.2397,0.0377,0.1713,0.0457,-0.0396,0.3499,-0.4911,1.56,-49% off 52w high; next report ~2026-11-05,2026-11-05,,2.767,1352010
IA,"INNOVATIVE SOLUTIONS AND SUPPORT, INC.",Nasdaq,Information Technology,Services-Computer Programming Services,ON DECK,C,19.41,2026-10-09,353495657.58,24.709,12.3545,12.387,8.5338,0.7855,,0,0.4444,roic_consistent=0|roic_not_falling=1|growth_coherent=?|margin_stable=0|fcf_margin=1|cash_real=1|low_debt=0|no_dilution=0|predictable=1|recession_tested=0,0.15,23.3103,23.3103,18.3113,1.06,14290763.0,0.0404,2026-06-30,,,,0.2338,0.2046,54311957.0,3.1953,3.8005,19903465.0,43616980.0,0.7521,0.8,12/15,0.0834,0.1446,0.1822,0.1543,0.3131,0.786,,0.3588,1.2,0.0694,0.1743,0.3581,0.2524,0.237,1.2952,0.0221,0.0173,0.0297,-0.3727,1.09,-37% off 52w high; 8-K: 2026-08-13: 2.02 Earnings release; next report ~2026-11-12,2026-11-12,micro-cap;debt > 3 years of FCF,2.746,836690
HTHT,H World Group Ltd,Nasdaq,Consumer Discretionary,Hotels & Motels,BUY*,B,44.16,2026-10-09,14340933932.352,42.1966,21.0983,53.6859,43.966,1.0465,PaybackTime,1,0.5,roic_consistent=0|roic_not_falling=1|growth_coherent=0|margin_stable=0|fcf_margin=1|cash_real=1|low_debt=1|no_dilution=0|predictable=1|recession_tested=0,0.15,30.0,33.6743,31.3959,1.4066,1104436630.2559,0.077,2025-12-31,2.17,0.0491,,0.0212,0.1508,870267843.7827,0.0572,0.788,1427794403.7109,-683824629.6573,1.4529,0.7333,11/15,0.1189,0.1663,0.3614,0.1592,0.1994,0.0593,0.2513,,0.6667,0.114,0.0037,0.0615,0.1687,0.6893,0.1145,0.057,0.0352,0.0742,-0.2203,0.48,-22% off 52w high; next report ~2027-01-01,2027-01-01,"reports in CNY, converted at 6.683 CNY/USD; ADR: 1 ADS = 10 shares; EPS from yahoo TTM to 2026-06-30",2.744,1483994
EXEL,Exelixis Inc,Nasdaq,Health Care,"Biological Products, (No Diagnostic Substances)",BUY*,C,59.86,2026-10-09,15773050140.0,79.9417,39.9708,70.2403,51.1312,0.7488,PaybackTime,1,0.6667,roic_consistent=0|roic_not_falling=1|growth_coherent=?|margin_stable=0|fcf_margin=1|cash_real=1|low_debt=1|no_dilution=1|predictable=1|recession_tested=0,0.15,25.1389,25.1389,18.8239,3.18,1172459000.0,0.0743,2026-07-03,,,,0.2261,0.1356,189122000.0,0.0,0.1613,1347302000.0,-92326000.0,1.3623,0.6,9/15,0.1812,0.1515,0.3188,0.5119,0.1863,0.0698,,0.5135,0.5795,,0.0535,0.0118,,0.3344,0.2633,0.0252,0.0666,0.0595,-0.0209,0.5,13D: SCHEDULE 13D/A 2026-08-14; 8-K: 2026-09-11: 8.01 Other event; next report ~2026-11-04,2026-11-04,cheap without an event (near 52w high): value-trap check,2.744,939767
BX,Blackstone Inc.,NYSE,Financials,Investment Advice,ON DECK,C,114.29,2026-10-09,90647636073.17,134.1,67.05,109.1929,71.3618,0.8523,,0,0.4444,roic_consistent=0|roic_not_falling=1|growth_coherent=1|margin_stable=?|fcf_margin=1|cash_real=1|low_debt=0|no_dilution=0|predictable=0|recession_tested=0,0.15,30.0,34.939,25.5682,4.47,5486239000.0,0.0605,2026-06-30,5.23,0.0458,0.1161,-0.0049,0.2129,13318636000.0,2.7656,2.4276,6741128000.0,10811563000.0,1.5629,0.6429,9/14,0.1339,0.1569,0.1421,0.1201,0.1882,0.0922,0.1404,0.2087,0.0691,,0.0309,0.0368,0.0688,0.1922,0.3393,0.0227,-0.1107,-0.0715,-0.3131,2.85,"-31% off 52w high; insider buying (3 Form 4s, $12.21M); 8-K: 2026-09-22: 7.01 Reg FD disclosure; next report ~2026-11-06",2026-11-06,,2.738,1393818
WAL,WESTERN ALLIANCE BANCORPORATION,NYSE,Financials,State Commercial Banks,ON DECK,B,74.27,2026-10-09,8028587000.0,90.0308,45.0154,,,0.8249,,0,0.2,roic_consistent=?|roic_not_falling=?|growth_coherent=?|margin_stable=?|fcf_margin=0|cash_real=0|low_debt=0|no_dilution=0|predictable=?|recession_tested=1,0.1366,11.4259,11.4259,8.3826,8.86,-1530500000.0,-0.1906,2026-06-30,1.68,0.0226,0.0884,-0.0651,0.064,1479000000.0,,,-1309400000.0,-4456900000.0,-1.5565,0.7692,10/13,0.1362,0.1239,0.1071,,,0.9971,0.157,0.1161,0.2313,0.1538,0.1553,0.139,,,,-0.0276,-0.0633,-0.0796,-0.2361,0.54,-24% off 52w high; next report ~2026-10-30,2026-10-30,financial (bank/insurer/broker): OCF-based tests less meaningful;cash not real: owner earnings < 75% of net income;debt > 3 years of FCF,2.724,1212545
CASH,"PATHWARD FINANCIAL, INC.",Nasdaq,Financials,National Commercial Banks,BUY*,C,71.87,2026-10-09,1564868057.04,63.3724,31.6862,412.9674,329.4509,1.1341,PaybackTime+TenCap,2,1.0,roic_consistent=?|roic_not_falling=1|growth_coherent=1|margin_stable=?|fcf_margin=1|cash_real=1|low_debt=1|no_dilution=1|predictable=?|recession_tested=1,0.1098,11.3186,11.3186,8.995,7.99,683607000.0,0.4368,2026-06-30,0.2,0.0028,0.0,0.0568,0.0963,42533000.0,0.0762,0.0622,717333000.0,-106879000.0,3.8875,0.6429,9/14,0.1444,0.203,0.2085,,0.1098,0.0533,0.244,0.2177,0.0931,0.1061,0.0853,0.1177,0.2479,-0.0072,-0.0781,-0.0283,-0.0859,-0.2035,-0.2902,0.76,-29% off 52w high; 8-K: 2026-09-17: 5.02 Director/officer change; next report ~2026-11-05,2026-11-05,financial (bank/insurer/broker): OCF-based tests less meaningful,2.708,907471
MEDP,"Medpace Holdings, Inc.",Nasdaq,Health Care,Services-Commercial Physical & Biological Research,ABOVE STICKER,B,612.05,2026-10-09,17603170050.0,510.6,255.3,387.8736,289.6527,1.1987,,0,1.0,roic_consistent=1|roic_not_falling=1|growth_coherent=?|margin_stable=1|fcf_margin=1|cash_real=1|low_debt=1|no_dilution=1|predictable=1|recession_tested=1,0.15,30.0,33.7082,35.9606,17.02,706686000.0,0.0401,2026-06-30,,,,0.2189,0.3312,0,0.0,0.0,833070000.0,-502688000.0,1.4764,0.7333,11/15,0.3293,0.5501,0.9692,0.2156,0.2227,0.1997,,0.3181,0.2098,0.0166,-0.0616,-0.3971,0.2358,0.2249,0.1715,0.021,0.0418,0.1372,-0.0971,0.5,13D: SCHEDULE 13D/A 2026-09-28; next report ~2026-10-22,2026-10-22,,2.694,1668397
CNM,"Core & Main, Inc.",NYSE,Industrials,"Wholesale-Durable Goods, NEC",BUY*,C,40.35,2026-10-09,7848855772.5,48.8294,24.4147,47.05,28.9071,0.8263,PaybackTime,1,0.5,roic_consistent=?|roic_not_falling=?|growth_coherent=0|margin_stable=1|fcf_margin=0|cash_real=1|low_debt=0|no_dilution=1|predictable=?|recession_tested=?,0.1324,23.4459,23.4459,16.6049,2.43,628000000.0,0.08,2026-08-02,,,,0.0804,,2449000000.0,3.5166,3.8997,776000000.0,2137000000.0,1.3083,0.5455,6/11,0.1549,0.1624,0.1333,,0.0885,0.0277,,0.3324,0.0845,,0.1324,0.1974,,,0.0467,-0.0242,-0.0066,-0.1201,-0.3237,1.91,"-32% off 52w high; insider buying (1 Form 4s, $0.10M); 8-K: 2026-09-09: 2.02 Earnings release; next report ~2026-12-09",2026-12-09,debt > 3 years of FCF,2.666,1856525
AVGO,Broadcom Inc.,Nasdaq,Information Technology,Semiconductors & Related Devices,ABOVE STICKER,A,361.54,2026-10-09,1765761360000.0,235.2,117.6,127.3566,79.1986,1.5372,,0,0.5556,roic_consistent=0|roic_not_falling=1|growth_coherent=?|margin_stable=0|fcf_margin=1|cash_real=1|low_debt=1|no_dilution=0|predictable=1|recession_tested=0,0.15,30.0,49.1773,46.1148,7.84,39403000000.0,0.0223,2026-08-02,2.6,0.0072,0.1254,0.4909,0.3966,59419000000.0,2.303,1.508,42225000000.0,35444000000.0,1.0459,1.0,11/11,0.1118,0.1659,0.1779,,0.2174,0.2387,,0.4977,2.878,,0.2419,0.1826,,0.1795,0.3795,0.018,-0.0012,-0.0961,-0.2696,0.68,-27% off 52w high; 8-K: 2026-09-02: 2.02 Earnings release; 8.01 Other event; next report ~2026-12-10,2026-12-10,,2.651,1730168
ISRG,"Intuitive Surgical, Inc.",Nasdaq,Health Care,"Orthopedic, Prosthetic & Surgical Appliances & Supplies",ABOVE STICKER,A,423.96,2026-10-09,151989660000.0,261.6,130.8,141.9008,107.9637,1.6206,,0,0.8,roic_consistent=1|roic_not_falling=1|growth_coherent=1|margin_stable=0|fcf_margin=1|cash_real=1|low_debt=1|no_dilution=1|predictable=1|recession_tested=0,0.15,30.0,65.6905,48.6193,8.72,3222600000.0,0.0212,2026-06-30,,,,0.0325,0.1962,0,0.0,0.0,3870500000.0,-2760400000.0,1.0267,0.9333,14/15,0.1325,0.1302,0.1436,0.1549,0.1822,0.2051,0.1638,0.2177,0.2259,0.1452,0.1276,0.0825,0.1416,0.1534,0.2549,0.0817,0.1485,0.0422,-0.2979,0.79,-30% off 52w high; next report ~2026-10-20,2026-10-20,,2.623,1035267
IESC,"IES Holdings, Inc.",Nasdaq,Industrials,Electrical Work,ABOVE STICKER,A,297.52,2026-10-09,12012009405.76,185.1854,92.5927,89.3015,112.1398,1.6066,,0,0.5,roic_consistent=0|roic_not_falling=1|growth_coherent=0|margin_stable=0|fcf_margin=0|cash_real=0|low_debt=1|no_dilution=1|predictable=1|recession_tested=1,0.15,16.4536,16.4536,26.4345,11.255,228397000.0,0.019,2026-06-30,,,,0.6386,0.4095,0,0.0,0.0,452751000.0,-77278000.0,0.6873,1.0,15/15,0.1755,0.2493,0.3272,0.1937,0.2314,0.1689,0.3459,0.5058,0.5187,0.2498,0.2667,0.4631,0.379,0.3011,0.2205,-0.1232,-0.1394,-0.0488,-0.2712,1.18,-27% off 52w high; 13D: SCHEDULE 13D/A 2026-10-06; 8-K: 2026-10-06: 1.01 Material agreement; 2.01 Acquisition/disposition; 7.01 Reg FD disclosure; next report ~2026-10-30,2026-10-30,cash not real: owner earnings < 75% of net income,2.582,1048268
UVE,"UNIVERSAL INSURANCE HOLDINGS, INC.",NYSE,Financials,"Fire, Marine & Casualty Insurance",BUY*,C,45.85,2026-10-09,1325110850.0,47.4174,23.7087,146.9916,142.6663,0.9669,PaybackTime+TenCap,2,0.7778,roic_consistent=0|roic_not_falling=1|growth_coherent=1|margin_stable=?|fcf_margin=1|cash_real=1|low_debt=1|no_dilution=1|predictable=1|recession_tested=0,0.0987,9.8328,9.8328,6.025,7.61,339684000.0,0.2563,2026-06-30,0.77,0.0168,0.0,0.3064,0.107,97852000.0,0.2665,0.2881,412320000.0,-434308000.0,1.5447,0.6,9/15,0.1395,0.1074,0.2808,0.1137,0.0838,0.0548,0.0784,0.6014,2.1443,0.0883,0.0625,0.4925,0.0569,0.6703,1.7774,0.0432,0.0343,0.0878,-0.036,0.0,next report ~2026-10-29,2026-10-29,financial (bank/insurer/broker): OCF-based tests less meaningful;cheap without an event (near 52w high): value-trap check,2.544,891166
APH,AMPHENOL CORPORATION,NYSE,Information Technology,Electronic Connectors,ABOVE STICKER,B,87.24,2026-10-09,112487256000.0,63.1918,31.5959,57.7088,42.8878,1.3806,,0,0.8,roic_consistent=1|roic_not_falling=1|growth_coherent=1|margin_stable=1|fcf_margin=1|cash_real=1|low_debt=0|no_dilution=0|predictable=1|recession_tested=1,0.15,15.7979,15.7979,21.81,4.0,4713700000.0,0.0419,2026-06-30,0.5,0.0057,0.2809,0.3641,0.2754,17926900000.0,3.3267,3.8031,6849700000.0,13197500000.0,0.9165,1.0,15/15,0.1566,0.1614,0.1612,0.1529,0.2185,0.5171,0.1868,0.2779,0.7396,0.1517,0.1912,0.3549,0.1796,0.2755,0.9095,0.0032,0.0396,0.0969,-0.0299,0.0,8-K: 2026-10-06: 5.02 Director/officer change; next report ~2026-10-30,2026-10-30,debt > 3 years of FCF,2.539,820313
QLYS,"Qualys, Inc.",Nasdaq,Information Technology,Services-Prepackaged Software,ABOVE STICKER,A,202.42,2026-10-09,7156154260.0,125.3177,62.6589,127.9244,104.4251,1.6153,,0,0.9,roic_consistent=1|roic_not_falling=1|growth_coherent=0|margin_stable=1|fcf_margin=1|cash_real=1|low_debt=1|no_dilution=1|predictable=1|recession_tested=1,0.1298,25.9669,56.289,35.1424,5.76,313957000.0,0.0439,2026-06-30,,,,0.1017,0.1996,0,0.0,0.0,369174000.0,-250291000.0,1.5202,0.9333,14/15,0.2244,0.3085,0.3178,0.1295,0.1301,0.1013,0.2696,0.1931,0.1699,0.1169,0.0917,0.2052,0.1671,0.1143,0.2675,0.0488,0.347,0.3257,-0.0097,0.0,next report ~2026-11-03,2026-11-03,,2.536,1107843
GSHD,"GOOSEHEAD INSURANCE, INC.",Nasdaq,Financials,"Insurance Agents, Brokers & Service",ABOVE STICKER,B,43.51,2026-10-09,1573887230.0,31.2,15.6,34.7709,17.2419,1.3946,,0,0.5,roic_consistent=0|roic_not_falling=1|growth_coherent=?|margin_stable=0|fcf_margin=1|cash_real=1|low_debt=0|no_dilution=0|predictable=?|recession_tested=1,0.15,30.0,92.3879,41.8365,1.04,79677000.0,0.0506,2026-06-30,,,,-0.2037,,317372000.0,3.3625,3.9832,91741000.0,293717000.0,2.2576,0.7273,8/11,0.3017,0.2562,0.3356,,0.2557,0.1615,,0.3246,-0.1034,,,,,0.3007,0.2825,-0.0439,-0.2391,-0.1873,-0.4551,3.42,"-46% off 52w high; insider buying (3 Form 4s, $9.44M); next report ~2026-10-22",2026-10-22,financial (bank/insurer/broker): OCF-based tests less meaningful;debt > 3 years of FCF,2.52,1726978
TTEK,TETRA TECH INC,Nasdaq,Industrials,Services-Engineering Services,ON DECK,C,33.34,2026-10-09,8717043060.0,34.3927,17.1964,29.7551,23.8196,0.9694,,0,1.0,roic_consistent=1|roic_not_falling=1|growth_coherent=1|margin_stable=1|fcf_margin=1|cash_real=1|low_debt=1|no_dilution=1|predictable=1|recession_tested=1,0.1269,25.3798,30.4877,20.0843,1.66,547326000.0,0.0628,2026-06-28,0.274,0.0082,0.1311,-0.0038,0.1546,1051057000.0,1.7387,1.9203,704807000.0,820222000.0,1.2554,0.6429,9/14,0.1275,0.1396,0.1054,,0.1269,0.0469,0.2193,0.0803,-0.2439,0.0912,0.1206,-0.017,0.1089,0.1176,0.2759,0.0066,-0.0863,0.0758,-0.2272,0.51,-23% off 52w high; 8-K: 2026-09-10: 8.01 Other event; next report ~2026-10-30,2026-10-30,,2.474,831641
WTS,WATTS WATER TECHNOLOGIES INC,NYSE,Industrials,Miscellaneous Fabricated Metal Products,ABOVE STICKER,A,352.72,2026-10-09,11816120000.0,241.2305,120.6152,148.9265,141.7612,1.4622,,0,0.7778,roic_consistent=0|roic_not_falling=1|growth_coherent=?|margin_stable=1|fcf_margin=1|cash_real=1|low_debt=1|no_dilution=1|predictable=1|recession_tested=0,0.1279,25.58,26.4739,30.8052,11.45,349400000.0,0.0296,2026-06-28,2.3,0.0065,0.186,0.1398,0.1899,190500000.0,0.5549,0.5452,474900000.0,-157400000.0,0.9104,0.8,12/15,0.1249,0.1521,0.1539,0.0521,0.1008,0.0827,,0.2479,0.1703,0.116,0.1398,0.1872,0.139,0.1193,0.1133,-0.0285,-0.0093,0.001,-0.106,0.02,8-K: 2026-10-01: 5.02 Director/officer change; next report ~2026-11-05,2026-11-05,,2.458,795403
UTHR,United Therapeutics Corporation,Nasdaq,Health Care,Pharmaceutical Preparations,ABOVE STICKER,A,549.16,2026-10-09,25535940000.0,354.1302,177.0651,350.0461,399.0968,1.5507,,0,0.8,roic_consistent=1|roic_not_falling=1|growth_coherent=1|margin_stable=0|fcf_margin=1|cash_real=1|low_debt=1|no_dilution=0|predictable=1|recession_tested=1,0.1372,14.1958,14.1958,19.6761,27.91,1093000000.0,0.0428,2026-06-30,,,,0.2344,0.1601,0,0.0,0.0,1855800000.0,-1803200000.0,1.2157,0.8667,13/15,0.1701,0.1503,0.1638,0.0806,0.165,0.1061,0.0816,0.1928,0.1307,0.1692,0.1424,0.115,0.1509,0.1562,0.1764,0.0138,0.1047,0.0038,-0.0988,0.0,8-K: 2026-09-08: 1.01 Material agreement; 7.01 Reg FD disclosure; next report ~2026-11-04,2026-11-04,,2.432,1082554
TXRH,"Texas Roadhouse, Inc.",Nasdaq,Consumer Discretionary,Retail-Eating  Places,ON DECK,C,161.5,2026-10-09,10662068500.0,174.0074,87.0037,97.171,97.7975,0.9281,,0,0.8,roic_consistent=1|roic_not_falling=1|growth_coherent=1|margin_stable=1|fcf_margin=0|cash_real=1|low_debt=1|no_dilution=1|predictable=1|recession_tested=0,0.15,27.8412,27.8412,25.84,6.25,406385000.0,0.0381,2026-06-30,2.93,0.0181,0.2964,0.1468,0.1514,100000000.0,0.0,0.2461,645649000.0,-102427000.0,1.4061,0.6667,10/15,0.2051,0.2712,0.2801,0.1252,0.1964,0.0939,0.1611,0.6843,-0.0572,0.0878,0.106,0.0835,0.1235,0.2594,-0.0313,0.0343,-0.1088,-0.1478,-0.2534,0.61,-25% off 52w high; next report ~2026-11-06,2026-11-06,,2.43,1289460
FN,FABRINET,NYSE,Information Technology,Telephone & Telegraph Apparatus,ABOVE STICKER,A,486.28,2026-10-09,17628622560.0,276.0113,138.0057,1.8385,74.6,1.7618,,0,0.8,roic_consistent=1|roic_not_falling=1|growth_coherent=1|margin_stable=1|fcf_margin=0|cash_real=0|low_debt=1|no_dilution=1|predictable=1|recession_tested=1,0.15,21.1503,21.1503,37.2628,13.05,4222000.0,0.0002,2026-06-26,,,,0.3814,0.2771,0,0.0,0.0,270440000.0,-346711000.0,0.3982,0.9333,14/15,0.1419,0.1569,0.1607,0.1686,0.1982,0.3573,0.2275,0.27,0.4231,0.1624,0.1797,0.2389,0.1848,0.1601,-0.2182,0.0487,0.1729,0.0322,-0.3507,1.0,-35% off 52w high; 8-K: 2026-08-17: 1.01 Material agreement; 2.02 Earnings release; 2.03 New debt obligation; 5.02 Director/officer change; next report ~2026-10-27,2026-10-27,cash not real: owner earnings < 75% of net income,2.393,1408710
INVA,"INNOVIVA, INC.",Nasdaq,Health Care,Pharmaceutical Preparations,BUY*,C,21.21,2026-10-09,1792860090.0,19.0846,9.5423,28.598,29.7652,1.1114,PaybackTime+TenCap,2,0.6667,roic_consistent=1|roic_not_falling=0|growth_coherent=?|margin_stable=0|fcf_margin=1|cash_real=0|low_debt=1|no_dilution=1|predictable=1|recession_tested=1,0.1031,6.7121,6.7121,4.9211,4.31,189442000.0,0.1057,2026-06-30,,,,0.0396,0.075,258454000.0,1.3163,1.3643,251602000.0,-311934000.0,0.5303,0.6,9/15,0.2784,0.1798,0.095,0.2252,0.0408,0.1467,,0.1031,8.1667,,0.2382,0.4852,0.3454,-0.0886,0.0437,0.0346,0.0266,-0.0463,-0.1567,0.73,13D: SCHEDULE 13D/A 2026-05-13; next report ~2026-11-04,2026-11-04,PE<5: check one-off gains;cash not real: owner earnings < 75% of net income;ROIC falling: check capital allocation,2.326,1080014
TPB,"Turning Point Brands, Inc.",NYSE,Consumer Staples,Tobacco Products,ON DECK,C,57.38,2026-10-09,1139602088.7,60.9943,30.4971,15.5558,16.0233,0.9407,,0,0.5,roic_consistent=1|roic_not_falling=1|growth_coherent=0|margin_stable=0|fcf_margin=0|cash_real=0|low_debt=0|no_dilution=1|predictable=1|recession_tested=1,0.1493,26.5618,26.5618,24.8398,2.31,19632000.0,0.0172,2026-06-30,0.315,0.0055,0.0794,0.0926,0.1555,294145000.0,6.6969,14.9829,34407000.0,25838000.0,0.5572,0.6,9/15,0.1262,0.1212,0.1174,0.0891,0.0271,0.2839,0.1892,0.1095,0.4533,,0.3113,1.0198,0.0891,0.0561,-0.1445,0.0313,-0.1976,-0.3454,-0.6094,2.0,-61% off 52w high; 8-K: 2026-09-21: 5.02 Director/officer change; 7.01 Reg FD disclosure; next report ~2026-11-03,2026-11-03,cash not real: owner earnings < 75% of net income;debt > 3 years of FCF,2.319,1290677
LNG,"Cheniere Energy, Inc.",NYSE,Utilities,Natural Gas Distribution,ON DECK,C,278.18,2026-10-09,58334346000.0,411.0618,205.5309,210.1015,160.639,0.6767,,0,0.4444,roic_consistent=0|roic_not_falling=1|growth_coherent=?|margin_stable=0|fcf_margin=1|cash_real=1|low_debt=0|no_dilution=1|predictable=0|recession_tested=0,0.15,19.6758,19.6758,13.3153,20.8918,2791000000.0,0.0478,2026-06-30,2.22,0.008,,0.23,0.219,24043000000.0,9.1455,8.6145,5663000000.0,22944000000.0,1.0721,0.6,9/15,0.1329,0.2086,0.2457,0.5373,0.1638,0.2721,,,0.6993,,,0.4443,,0.3436,0.0269,0.0305,-0.0006,0.0755,-0.0755,0.0,next report ~2026-11-05,2026-11-05,debt > 3 years of FCF,2.291,3570
OLLI,"Ollie's Bargain Outlet Holdings, Inc.",Nasdaq,Consumer Discretionary,Retail-Variety Stores,ABOVE STICKER,B,85.33,2026-10-09,5180640290.0,62.3582,31.1791,47.2039,61.2271,1.3684,,0,0.8,roic_consistent=0|roic_not_falling=1|growth_coherent=1|margin_stable=1|fcf_margin=0|cash_real=1|low_debt=1|no_dilution=1|predictable=1|recession_tested=1,0.1045,20.8941,28.9064,19.0895,4.47,223244000.0,0.0431,2026-08-01,,,,0.0473,0.1108,6438000.0,0.005,0.0288,371728000.0,-114327000.0,1.0317,0.7333,11/15,0.1241,0.1072,0.1198,0.1326,0.0793,0.2599,0.1978,0.0112,0.3322,0.1174,0.0857,0.2578,0.2052,-0.0387,0.1652,-0.0309,0.16,0.3148,-0.3598,1.04,-36% off 52w high; 8-K: 2026-09-02: 2.02 Earnings release; next report ~2026-12-02,2026-12-02,,2.29,1639300
DKS,"DICK'S Sporting Goods, Inc.",NYSE,Consumer Discretionary,Retail-Miscellaneous Shopping Goods Stores,BUY*,C,136.65,2026-10-09,12335258850.0,89.8959,44.948,37.5216,146.873,1.5201,TenCap,1,0.9,roic_consistent=1|roic_not_falling=1|growth_coherent=1|margin_stable=1|fcf_margin=0|cash_real=1|low_debt=1|no_dilution=1|predictable=1|recession_tested=1,0.1259,12.2664,12.2664,15.0828,9.06,239406000.0,0.0194,2026-08-01,4.963,0.0363,-0.0659,0.0435,0.1198,0,0.0,0.0,1325808000.0,-913736000.0,1.1871,0.6667,10/15,0.3027,0.4277,0.1471,0.09,0.1243,0.3258,0.1342,0.1175,-0.1814,0.1556,0.2084,1.1362,0.0898,-0.002,0.0066,0.0042,0.012,-0.3731,-0.4408,3.36,"-44% off 52w high; insider buying (8 Form 4s, $5.59M); 8-K: 2026-09-25: 1.01 Material agreement; next report ~2026-12-03",2026-12-03,,2.283,1089063
CB,CHUBB LIMITED,NYSE,Financials,"Fire, Marine & Casualty Insurance",BUY*,C,341.2,2026-10-09,134637350764.8,310.9125,155.4562,514.1692,417.7755,1.0974,PaybackTime+TenCap,2,0.7778,roic_consistent=0|roic_not_falling=1|growth_coherent=1|margin_stable=?|fcf_margin=1|cash_real=1|low_debt=1|no_dilution=1|predictable=1|recession_tested=0,0.1131,15.2385,15.2385,12.0693,28.27,15197000000.0,0.1129,2026-03-31,3.01,0.0088,-0.0097,0.1322,0.123,17220000000.0,1.2272,1.1331,17944000000.0,14586000000.0,1.345,0.6,9/15,0.086,0.1109,0.1152,0.1208,0.1054,0.0654,0.1153,0.2694,0.1313,0.0756,0.0698,0.1721,0.1274,0.0555,-0.208,0.0312,0.0087,-0.0191,-0.0675,0.0,next report ~2026-10-27,2026-10-27,financial (bank/insurer/broker): OCF-based tests less meaningful;cheap without an event (near 52w high): value-trap check,2.283,896159
ENVA,"Enova International, Inc.",NYSE,Financials,Personal Credit Institutions,BUY*,C,178.07,2026-10-09,4690898010.0,129.3391,64.6696,1016.2497,598.9232,1.3768,PaybackTime+TenCap,2,0.7,roic_consistent=0|roic_not_falling=1|growth_coherent=1|margin_stable=0|fcf_margin=1|cash_real=1|low_debt=0|no_dilution=1|predictable=1|recession_tested=1,0.1189,12.6361,12.6361,13.2296,13.46,1952781000.0,0.4163,2026-06-30,,,,0.4037,0.3158,5013901000.0,2.5386,2.5676,2066911000.0,4891675000.0,5.5153,0.8,12/15,0.1106,0.0964,0.0974,0.1705,0.238,0.1858,0.241,-0.0031,0.5505,0.2312,0.1194,0.1763,0.2041,0.1968,0.1823,0.03,-0.2032,-0.2521,-0.3342,0.94,-33% off 52w high; 8-K: 2026-09-25: 1.01 Material agreement; 2.03 New debt obligation; next report ~2026-10-22,2026-10-22,financial (bank/insurer/broker): OCF-based tests less meaningful,2.281,1529864
REX,REX AMERICAN RESOURCES CORPORATION,NYSE,Materials,Industrial Organic Chemicals,BUY*,C,42.09,2026-10-09,1389769710.0,39.1258,19.5629,27.3697,46.5417,1.0758,TenCap,1,0.6,roic_consistent=0|roic_not_falling=1|growth_coherent=1|margin_stable=0|fcf_margin=1|cash_real=1|low_debt=1|no_dilution=1|predictable=0|recession_tested=0,0.1103,15.2291,15.2291,11.5315,3.65,68552000.0,0.0493,2026-07-31,,,,0.2338,0.1003,14500000.0,0.0,0.2115,153676000.0,-76828000.0,1.0443,0.7333,11/15,0.0847,0.1083,0.1358,0.0407,0.1179,0.0124,0.1331,0.9823,0.5152,0.0999,0.1208,0.1576,0.1136,0.687,0.8356,-0.0295,0.0113,-0.1064,-0.2112,0.44,-21% off 52w high; 8-K: 2026-09-02: 2.02 Earnings release; next report ~2026-12-03,2026-12-03,,2.275,744187
ENPH,"Enphase Energy, Inc.",Nasdaq,Information Technology,Semiconductors & Related Devices,ABOVE STICKER,C,32.81,2026-10-09,4309166970.0,30.3,15.15,17.4362,11.1648,1.0828,,0,0.5,roic_consistent=0|roic_not_falling=?|growth_coherent=?|margin_stable=0|fcf_margin=1|cash_real=1|low_debt=0|no_dilution=1|predictable=0|recession_tested=1,0.15,30.0,56.8645,32.4851,1.01,145068000.0,0.0337,2026-03-31,,,,-0.3224,0.4048,572510000.0,5.9665,3.9465,154132000.0,74964000.0,1.0746,0.6154,8/13,-0.2286,0.1261,0.0798,0.1522,0.1372,0.1072,,,0.72,0.2412,0.1877,0.3544,,-0.0879,-0.7342,-0.0197,-0.0974,-0.2681,-0.5551,2.83,"-56% off 52w high; insider buying (1 Form 4s, $0.05M); next report ~2026-10-27",2026-10-27,debt > 3 years of FCF,2.273,1463101
MTDR,Matador Resources Company,NYSE,Energy,Crude Petroleum & Natural Gas,BUY*,C,54.28,2026-10-09,6741847400.0,47.2654,23.6327,64.2727,89.0065,1.1484,PaybackTime+TenCap,2,0.3333,roic_consistent=0|roic_not_falling=1|growth_coherent=?|margin_stable=0|fcf_margin=1|cash_real=1|low_debt=0|no_dilution=0|predictable=0|recession_tested=0,0.15,8.1073,8.1073,9.3105,5.83,505706000.0,0.075,2026-06-30,1.5,0.0276,0.8206,0.071,0.0837,4216410000.0,12.6197,8.3377,1524515000.0,4190092000.0,1.9139,0.6667,10/15,0.1025,0.2189,0.1128,0.278,0.3379,0.0546,,,-0.1471,0.2247,0.3259,0.1073,0.2781,0.384,0.0793,0.0146,-0.1109,0.0573,-0.1879,1.6,"insider buying (7 Form 4s, $1.24M); 8-K: 2026-10-05: 2.01 Acquisition/disposition; 7.01 Reg FD disclosure; next report ~2026-11-06",2026-11-06,debt > 3 years of FCF,2.27,1520006
RJF,"RAYMOND JAMES FINANCIAL, INC.",NYSE,Financials,"Security Brokers, Dealers & Flotation Companies",ABOVE STICKER,B,158.38,2026-10-09,31533458000.0,125.6947,62.8474,104.0937,104.4701,1.26,,0,0.7778,roic_consistent=1|roic_not_falling=1|growth_coherent=1|margin_stable=?|fcf_margin=0|cash_real=0|low_debt=1|no_dilution=1|predictable=1|recession_tested=1,0.1293,13.1369,13.1369,13.8082,11.47,1442000000.0,0.0457,2026-06-30,2.16,0.0136,0.1574,0.115,0.1445,3988000.0,0.0,0.0028,2080000000.0,-9973012000.0,0.6253,0.7333,11/15,0.1476,0.1695,0.1708,0.116,0.1427,0.0663,0.1162,0.2156,0.0619,0.0692,0.1234,0.1007,0.1048,-0.0978,0.1295,0.0011,-0.0869,-0.0579,-0.1333,0.13,8-K: 2026-09-23: 7.01 Reg FD disclosure; next report ~2026-11-04,2026-11-04,financial (bank/insurer/broker): OCF-based tests less meaningful;cash not real: owner earnings < 75% of net income,2.257,720005
REGN,"REGENERON PHARMACEUTICALS, INC.",Nasdaq,Health Care,Pharmaceutical Preparations,ABOVE STICKER,C,746.54,2026-10-09,79730472000.0,727.571,363.7855,539.3496,467.2285,1.0261,,0,0.8,roic_consistent=1|roic_not_falling=0|growth_coherent=1|margin_stable=0|fcf_margin=1|cash_real=1|low_debt=1|no_dilution=1|predictable=1|recession_tested=1,0.1434,19.0757,19.0757,18.4741,40.41,3760400000.0,0.0472,2026-06-30,3.7,0.005,,0.0331,0.0716,1986600000.0,0.4867,0.5283,4990000000.0,-469200000.0,0.9593,0.7333,11/15,0.2017,0.1783,0.0927,0.1333,0.1104,0.0099,0.2235,0.0633,0.0819,0.2468,0.2461,0.1286,0.141,0.1372,0.1263,0.0154,-0.0447,0.1234,-0.1313,0.13,8-K: 2026-10-06: 1.01 Material agreement; 2.02 Earnings release; 8.01 Other event; next report ~2026-10-29,2026-10-29,ROIC falling: check capital allocation,2.247,872589
NXT,Nextpower Inc.,Nasdaq,Information Technology,Semiconductors & Related Devices,ABOVE STICKER,A,86.11,2026-10-09,13359265220.16,49.1387,24.5693,55.8336,44.9135,1.7524,,0,0.6,roic_consistent=?|roic_not_falling=?|growth_coherent=?|margin_stable=0|fcf_margin=1|cash_real=1|low_debt=1|no_dilution=0|predictable=?|recession_tested=?,0.15,12.6973,12.6973,22.2506,3.87,548728000.0,0.0411,2026-07-03,,,,,,0,0.0,0.0,696796000.0,-1213898000.0,0.9579,0.8889,8/9,0.3135,0.3268,0.2452,,0.2438,0.2028,,,0.1066,,,0.4015,,0.4296,-0.1416,0.0215,0.0388,-0.2277,-0.4721,1.49,-47% off 52w high; next report ~2026-11-02,2026-11-02,,2.246,1852131
IRMD,IRADIMED CORPORATION,Nasdaq,Health Care,Surgical & Medical Instruments & Apparatus,ABOVE STICKER,A,87.45,2026-10-09,1125568950.0,53.7,26.85,30.8064,25.0175,1.6285,,0,0.8,roic_consistent=1|roic_not_falling=1|growth_coherent=1|margin_stable=1|fcf_margin=1|cash_real=1|low_debt=1|no_dilution=0|predictable=1|recession_tested=0,0.15,30.0,38.07,48.8547,1.79,25118000.0,0.0223,2026-06-30,1.27,0.0145,,0.2078,0.2435,0,0.0,0.0,32200000.0,-59080000.0,1.1064,0.8,12/15,0.1479,0.1877,0.219,0.1025,0.2145,0.1443,0.113,0.7391,0.1667,0.1121,0.0833,0.0839,0.1255,0.338,-0.0264,0.024,0.0636,-0.1003,-0.1895,0.36,next report ~2026-10-30,2026-10-30,,2.233,1325618
DORM,"Dorman Products, Inc.",Nasdaq,Consumer Discretionary,Motor Vehicle Parts & Accessories,ON DECK,C,120.4,2026-10-09,3636682000.0,129.8806,64.9403,99.5548,86.9271,0.927,,0,0.7,roic_consistent=1|roic_not_falling=1|growth_coherent=1|margin_stable=0|fcf_margin=0|cash_real=1|low_debt=0|no_dilution=1|predictable=1|recession_tested=1,0.1242,22.6039,22.6039,16.699,7.21,214171000.0,0.0589,2026-06-27,,,,0.0288,0.0528,440479000.0,5.3184,2.0567,293413000.0,308497000.0,0.9872,0.6,9/15,0.1352,0.1148,0.1181,0.1025,0.1428,0.0603,0.0983,0.1501,0.0814,0.1266,0.1274,0.1494,0.0213,-0.0565,-0.5082,-0.0216,-0.0494,-0.1307,-0.2659,0.66,-27% off 52w high; next report ~2026-11-03,2026-11-03,,2.211,868780
PNRG,PrimeEnergy Resources Corporation,Nasdaq,Energy,Crude Petroleum & Natural Gas,BUY*,C,214.87,2026-10-09,511424119.72,174.6604,87.3302,323.4957,219.0655,1.2302,PaybackTime+TenCap,2,0.4444,roic_consistent=0|roic_not_falling=1|growth_coherent=?|margin_stable=0|fcf_margin=1|cash_real=1|low_debt=1|no_dilution=0|predictable=0|recession_tested=0,0.15,16.8591,16.8591,20.7403,10.36,48776000.0,0.0954,2026-06-30,,,,0.2543,0.1546,1365000.0,0.0,0.028,52141000.0,-27363000.0,1.9653,0.6,9/15,0.1408,0.1827,0.122,0.091,0.2647,-0.205,,,-0.5052,0.1396,0.1283,0.1073,0.1638,0.4265,-0.1654,0.0499,0.0178,0.2127,-0.2296,2.02,"-23% off 52w high; insider buying (1 Form 4s, $0.02M); 13D: SCHEDULE 13D/A 2026-09-24, SCHEDULE 13D/A 2026-09-02; next report ~2026-11-13",2026-11-13,micro-cap,2.189,56868
HEI,HEICO CORPORATION,NYSE,Industrials,Aircraft Engines & Engine Parts,ABOVE STICKER,A,298.28,2026-10-09,42093870160.0,159.9994,79.9997,111.3555,71.205,1.8643,,0,0.8,roic_consistent=1|roic_not_falling=1|growth_coherent=1|margin_stable=1|fcf_margin=1|cash_real=1|low_debt=0|no_dilution=0|predictable=1|recession_tested=1,0.1424,28.4865,56.5602,49.7133,6.0,1030280000.0,0.0245,2026-07-31,0.25,0.0008,0.0802,0.1648,0.2252,2541173000.0,2.5129,2.4665,1234880000.0,2300214000.0,1.2153,1.0,15/15,0.1304,0.1215,0.1314,0.142,0.2021,0.1626,0.1205,0.1643,0.3351,0.1234,0.1622,0.179,0.1838,0.1796,0.3895,-0.0138,-0.0561,-0.15,-0.2085,0.43,-21% off 52w high; 8-K: 2026-08-25: 2.02 Earnings release; next report ~2026-11-26,2026-11-26,,2.179,46619
KLAC,KLA Corporation,Nasdaq,Information Technology,Optical Instruments & Lenses,ABOVE STICKER,A,195.57,2026-10-09,258080625810.0,89.6251,44.8126,45.0636,31.2097,2.1821,,0,1.0,roic_consistent=1|roic_not_falling=1|growth_coherent=1|margin_stable=?|fcf_margin=1|cash_real=1|low_debt=1|no_dilution=1|predictable=1|recession_tested=1,0.15,24.4877,24.4877,53.4344,3.66,3767134000.0,0.0146,2026-06-30,0.84,0.0043,0.175,0.4047,0.4009,5887415000.0,1.5628,1.5628,4542288000.0,4237573000.0,0.7798,0.9333,14/15,0.3019,0.3748,0.3948,0.1636,0.1444,0.1171,0.2335,0.2231,0.2039,0.2704,0.1723,0.3715,0.1849,0.1365,0.015,-0.0547,0.0827,-0.1553,-0.3637,1.05,-36% off 52w high; next report ~2026-10-15,2026-10-15,,2.129,319201
BSY,"BENTLEY SYSTEMS, INCORPORATED",Nasdaq,Information Technology,Services-Prepackaged Software,ABOVE STICKER,C,34.97,2026-10-09,11205639751.15,27.0,13.5,24.5579,14.8191,1.2952,,0,0.5556,roic_consistent=0|roic_not_falling=0|growth_coherent=1|margin_stable=1|fcf_margin=1|cash_real=1|low_debt=0|no_dilution=0|predictable=?|recession_tested=1,0.15,30.0,67.8264,38.8556,0.9,498499000.0,0.0445,2026-06-30,0.28,0.008,0.1847,-0.0949,,1217180000.0,2.4008,2.4417,581876000.0,1070199000.0,1.7189,0.9091,10/11,0.2084,0.0888,0.1178,,0.1338,0.1099,,0.1514,0.1806,,0.2563,0.1449,,0.1582,0.237,0.085,0.1292,0.1042,-0.3383,0.95,-34% off 52w high; 8-K: 2026-09-11: 8.01 Other event; next report ~2026-11-05,2026-11-05,,2.021,1031308
HWKN,"HAWKINS, INC.",Nasdaq,Industrials,Wholesale-Chemicals & Allied Products,ABOVE STICKER,A,130.0,2026-10-09,2711018830.0,55.6658,27.8329,63.2065,46.1497,2.3354,,0,0.7,roic_consistent=0|roic_not_falling=1|growth_coherent=1|margin_stable=1|fcf_margin=0|cash_real=1|low_debt=0|no_dilution=1|predictable=1|recession_tested=1,0.1294,17.2798,17.2798,33.6788,3.86,91689000.0,0.0338,2026-06-28,0.77,0.0059,0.0937,0.2985,0.2012,253812000.0,2.8343,2.7682,120824000.0,245835000.0,1.1633,0.9333,14/15,0.1048,0.1369,0.1163,0.101,0.1267,0.1121,0.1635,0.1517,-0.0298,0.1042,0.1546,0.1643,0.1479,0.2694,0.2991,-0.0107,0.0478,-0.0281,-0.2638,1.71,"-26% off 52w high; insider buying (2 Form 4s, $0.26M); 8-K: 2026-08-14: 5.02 Director/officer change; next report ~2026-10-28",2026-10-28,,1.994,46250
SAIA,"Saia, Inc.",Nasdaq,Industrials,Trucking (No Local),ABOVE STICKER,C,336.75,2026-10-09,9032308500.0,274.2853,137.1426,146.3287,163.778,1.2277,,0,0.8,roic_consistent=1|roic_not_falling=1|growth_coherent=1|margin_stable=0|fcf_margin=0|cash_real=1|low_debt=1|no_dilution=1|predictable=1|recession_tested=1,0.1442,27.8413,27.8413,32.5048,10.36,255227000.0,0.0283,2026-06-30,,,,0.0149,0.2338,109560000.0,5.9633,0.4293,441840000.0,25546000.0,1.2701,0.7143,10/14,0.1494,0.1721,0.0971,,0.1216,0.0079,0.1599,0.1286,-0.2953,0.1907,0.2163,0.1159,0.151,0.1399,0.0193,-0.0409,-0.0407,-0.1998,-0.3193,0.88,-32% off 52w high; 8-K: 2026-09-03: 8.01 Other event; next report ~2026-10-29,2026-10-29,,1.993,1177702
VCTR,"Victory Capital Holdings, Inc.",Nasdaq,Financials,Investment Advice,BUY*,A,112.44,2026-10-09,7150396920.0,63.0355,31.5178,139.903,97.3312,1.7838,PaybackTime,1,0.7,roic_consistent=0|roic_not_falling=1|growth_coherent=0|margin_stable=0|fcf_margin=1|cash_real=1|low_debt=1|no_dilution=1|predictable=1|recession_tested=1,0.15,11.461,11.461,20.4436,5.5,563597000.0,0.0788,2026-06-30,1.98,0.0176,0.3572,0.2812,,967974000.0,2.5438,1.7175,708743000.0,897848000.0,1.2228,0.8,12/15,0.1164,0.1372,0.1061,0.1842,0.1099,0.4619,0.4817,0.0721,-0.0685,0.2156,0.3065,1.1472,0.2522,0.0899,0.1338,-0.007,0.0194,0.219,-0.0899,0.0,8-K: 2026-09-11: 8.01 Other event; next report ~2026-11-05,2026-11-05,cheap without an event (near 52w high): value-trap check,1.982,1570827
URI,"United Rentals, Inc.",NYSE,Industrials,"Services-Equipment Rental & Leasing, NEC",ABOVE STICKER,A,1056.37,2026-10-09,66578775620.0,675.7709,337.8854,287.7849,684.1621,1.5632,,0,0.5,roic_consistent=0|roic_not_falling=1|growth_coherent=1|margin_stable=0|fcf_margin=0|cash_real=1|low_debt=0|no_dilution=1|predictable=1|recession_tested=0,0.15,17.2699,17.2699,26.9964,39.13,1149000000.0,0.0173,2026-03-31,7.7,0.0073,,0.2357,0.2712,13886000000.0,2.7557,12.0853,5685000000.0,13730000000.0,1.931,0.8,12/15,0.1172,0.1307,0.1276,0.1072,0.1355,0.0491,0.2032,0.2591,-0.0021,0.2466,0.1737,0.0717,0.1003,0.1432,0.1417,-0.0228,0.068,-0.0358,-0.1041,0.02,8-K: 2026-09-08: 7.01 Reg FD disclosure; next report ~2026-10-21,2026-10-21,debt > 3 years of FCF,1.979,1067701
PHM,"PULTEGROUP, INC.",NYSE,Industrials,Operative Builders,BUY*,C,112.12,2026-10-09,21525918800.0,84.7774,42.3887,124.3564,109.4852,1.3225,PaybackTime,1,0.875,roic_consistent=1|roic_not_falling=1|growth_coherent=?|margin_stable=?|fcf_margin=0|cash_real=1|low_debt=1|no_dilution=1|predictable=1|recession_tested=1,0.15,8.6596,8.6596,11.4525,9.79,1512443000.0,0.0703,2026-06-30,1.04,0.0093,0.1318,0.1948,0.2103,43900000.0,0.0251,0.029,2102006000.0,-1291809000.0,0.7939,0.6667,10/15,0.2071,0.2443,0.1703,0.1121,0.0942,-0.0354,0.2338,0.1651,-0.243,0.1727,0.2169,0.1265,,0.0096,0.1133,-0.0312,-0.0519,-0.1012,-0.2241,0.5,-22% off 52w high; 8-K: 2026-08-12: 1.01 Material agreement; 2.03 New debt obligation; next report ~2026-10-21,2026-10-21,,1.938,822416
MYRG,MYR GROUP INC.,Nasdaq,Industrials,"Water, Sewer, Pipeline, Comm & Power Line Construction",ABOVE STICKER,A,311.63,2026-10-09,4896330560.0,147.1396,73.5698,158.0507,181.8578,2.1179,,0,0.8,roic_consistent=0|roic_not_falling=1|growth_coherent=1|margin_stable=1|fcf_margin=0|cash_real=1|low_debt=1|no_dilution=1|predictable=1|recession_tested=1,0.1046,20.9118,23.322,29.5945,10.53,193363000.0,0.0395,2026-06-30,,,,0.2487,0.2377,9372000.0,0.2346,0.0485,285735000.0,-128500000.0,1.3839,0.9286,13/14,0.1122,0.1337,0.1714,,0.1023,0.0879,0.192,0.1669,3.1148,0.1035,0.1056,0.1558,0.2248,0.1327,2.7487,0.0225,0.0699,-0.2569,-0.3812,1.12,-38% off 52w high; 8-K: 2026-09-10: 1.01 Material agreement; 2.03 New debt obligation; next report ~2026-10-28,2026-10-28,,1.937,700923
STRL,"STERLING INFRASTRUCTURE, INC.",Nasdaq,Industrials,Heavy Construction Other Than Bldg Const - Contractors,ABOVE STICKER,A,513.0,2026-10-09,15959430000.0,197.6034,98.8017,244.5775,208.4516,2.5961,,0,0.7778,roic_consistent=1|roic_not_falling=1|growth_coherent=?|margin_stable=0|fcf_margin=1|cash_real=1|low_debt=1|no_dilution=0|predictable=1|recession_tested=1,0.15,14.2366,14.2366,36.9597,13.88,482002000.0,0.0302,2026-06-30,,,,0.8396,0.5147,283875000.0,0.7607,0.5889,648493000.0,-180576000.0,1.1755,0.8667,13/15,0.1246,0.1696,0.2316,0.1485,0.1521,0.1769,,0.4429,0.1342,0.2189,0.3046,0.3806,0.4809,0.2906,-0.1149,-0.0383,0.0038,-0.2481,-0.4899,1.56,-49% off 52w high; 8-K: 2026-10-05: 7.01 Reg FD disclosure; next report ~2026-11-03,2026-11-03,,1.901,874238
ANET,"Arista Networks, Inc.",NYSE,Information Technology,Computer Communications Equipment,ABOVE STICKER,A,216.74,2026-10-09,276321826000.0,12.5469,6.2735,63.833,48.3136,17.2743,,0,0.9,roic_consistent=1|roic_not_falling=1|growth_coherent=0|margin_stable=1|fcf_margin=1|cash_real=1|low_debt=1|no_dilution=1|predictable=1|recession_tested=1,0.15,30.0,43.23,518.2296,0.4182,5155300000.0,0.0187,2026-06-30,,,,0.5302,0.4366,0,0.0,0.0,6159500000.0,-2290200000.0,9.7784,1.0,15/15,0.2267,0.2523,0.2576,0.2681,0.3119,0.286,0.387,0.4063,0.2332,0.3025,0.3,0.2429,0.338,0.4284,0.179,0.0453,0.0859,0.1593,-0.0031,0.0,next report ~2026-11-04,2026-11-04,,1.9,1596532
CASY,"CASEY’S GENERAL STORES, INC.",Nasdaq,Consumer Discretionary,Retail-Auto Dealers & Gasoline Stations,ABOVE STICKER,C,646.27,2026-10-09,24003926431.39,496.9169,248.4584,275.0268,262.3272,1.3006,,0,0.5556,roic_consistent=0|roic_not_falling=1|growth_coherent=1|margin_stable=?|fcf_margin=0|cash_real=1|low_debt=0|no_dilution=1|predictable=0|recession_tested=1,0.1494,24.0654,24.0654,31.1305,20.76,648926000.0,0.027,2026-07-31,2.36,0.0037,0.1199,0.2807,0.1923,2430523000.0,3.2292,3.7455,1164989000.0,1906464000.0,1.2063,0.8667,13/15,0.0998,0.1013,0.1137,0.0944,0.1506,0.1016,0.1283,0.1799,0.3087,0.1445,0.1542,0.1281,0.113,0.1137,0.2628,0.0462,0.05,-0.2117,-0.3035,0.81,-30% off 52w high; 8-K: 2026-09-08: 2.02 Earnings release; next report ~2026-12-08,2026-12-08,debt > 3 years of FCF,1.89,726958
AWI,"ARMSTRONG WORLD INDUSTRIES, INC.",NYSE,Materials,"Plastics Products, NEC",ABOVE STICKER,B,161.87,2026-10-09,6944223000.0,104.5269,52.2635,74.2954,69.8508,1.5486,,0,0.9,roic_consistent=1|roic_not_falling=1|growth_coherent=1|margin_stable=1|fcf_margin=1|cash_real=1|low_debt=1|no_dilution=1|predictable=1|recession_tested=0,0.1059,21.175,23.2245,22.174,7.3,246700000.0,0.0355,2026-06-30,1.356,0.0084,0.1005,0.0996,0.1553,492000000.0,1.6107,1.9943,341000000.0,413400000.0,0.7824,0.7333,11/15,0.2007,0.2103,0.2562,0.0725,0.1159,0.1211,0.1547,,0.1761,0.0415,0.1702,0.2006,0.0573,0.1019,0.3325,-0.0077,-0.0122,0.041,-0.2145,0.46,-21% off 52w high; 8-K: 2026-10-07: 5.02 Director/officer change; next report ~2026-10-27,2026-10-27,,1.884,7431
BR,"BROADRIDGE FINANCIAL SOLUTIONS, INC.",NYSE,Industrials,"Services-Business Services, NEC",ABOVE STICKER,C,165.45,2026-10-09,19374195000.0,129.0971,64.5486,138.9068,112.2827,1.2816,,0,0.9,roic_consistent=1|roic_not_falling=1|growth_coherent=1|margin_stable=1|fcf_margin=1|cash_real=1|low_debt=0|no_dilution=1|predictable=1|recession_tested=1,0.1025,20.5021,32.873,17.2344,9.6,1278400000.0,0.066,2026-06-30,4.015,0.0243,0.1117,0.003,0.1186,3254600000.0,2.5458,2.5458,1600000000.0,2851700000.0,1.1371,0.6667,10/15,0.1614,0.1516,0.1686,0.0995,0.0841,0.0853,0.1427,0.156,0.3521,0.1093,0.0957,0.0808,0.1189,0.1602,0.1488,0.0543,-0.0137,0.1219,-0.299,0.8,-30% off 52w high; next report ~2026-10-13,2026-10-13,,1.87,1383312
AGX,ARGAN INC,NYSE,Industrials,Construction - Special Trade Contractors,BUY*,B,392.61,2026-10-09,5567602410.0,211.1449,105.5724,607.4571,415.6244,1.8594,PaybackTime+TenCap,2,0.6,roic_consistent=0|roic_not_falling=1|growth_coherent=1|margin_stable=0|fcf_margin=1|cash_real=1|low_debt=1|no_dilution=1|predictable=0|recession_tested=0,0.15,16.6781,16.6781,31.0118,12.66,545701000.0,0.098,2026-07-31,2.0,0.0051,0.0,0.5926,0.2354,0,0.0,0.0,589397000.0,-364481000.0,3.0838,0.7857,11/14,0.1236,0.1482,0.2501,,0.1922,0.0806,0.1494,0.4518,0.5837,0.0843,0.1003,0.2914,,0.187,1.4747,0.0229,-0.0511,-0.3771,-0.5127,1.65,-51% off 52w high; 8-K: 2026-09-09: 8.01 Other event; next report ~2026-12-02,2026-12-02,,1.865,100591
MRSH,"Marsh & McLennan Companies, Inc.",NYSE,Financials,"Insurance Agents, Brokers & Service",ABOVE STICKER,B,175.76,2026-10-09,85067840000.0,115.9286,57.9643,126.8891,88.1054,1.5161,,0,0.9,roic_consistent=1|roic_not_falling=1|growth_coherent=1|margin_stable=1|fcf_margin=1|cash_real=1|low_debt=0|no_dilution=1|predictable=1|recession_tested=1,0.1053,21.0507,26.9084,21.4603,8.19,4767000000.0,0.056,2026-06-30,3.78,0.0215,0.1358,0.0268,0.1171,19537000000.0,3.6633,4.0984,6048000000.0,17837000000.0,1.1977,0.7143,10/14,0.1406,0.1466,0.1414,,0.0939,0.1032,0.1096,0.1643,0.0306,0.0967,0.1138,0.1361,0.1086,0.0937,0.2301,0.0335,-0.0065,-0.0143,-0.1521,0.21,next report ~2026-10-20,2026-10-20,financial (bank/insurer/broker): OCF-based tests less meaningful;debt > 3 years of FCF,1.849,62709
LAD,"Lithia Motors, Inc.",NYSE,Consumer Discretionary,Retail-Auto Dealers & Gasoline Stations,ON DECK,C,290.24,2026-10-09,6675520000.0,290.9308,145.4654,,,0.9976,,0,0.4,roic_consistent=0|roic_not_falling=0|growth_coherent=1|margin_stable=1|fcf_margin=0|cash_real=0|low_debt=0|no_dilution=0|predictable=1|recession_tested=1,0.1364,10.8503,10.8503,9.6106,30.2,-504300000.0,-0.0755,2026-06-30,2.37,0.0082,0.1242,-0.0119,0.1317,9690733000.0,1668.8103,,-243400000.0,9580433000.0,-0.6845,0.6,9/15,0.1271,0.1098,0.073,0.1695,0.2345,0.04,0.1668,0.106,0.0975,0.2359,0.1868,0.0594,0.1619,-0.0811,-0.1609,-0.057,-0.1893,-0.0749,-0.3396,0.96,-34% off 52w high; 8-K: 2026-09-25: 5.02 Director/officer change; next report ~2026-10-28,2026-10-28,cash not real: owner earnings < 75% of net income;debt > 3 years of FCF;ROIC falling: check capital allocation,1.845,1023128
HRB,H&R BLOCK INC,NYSE,Consumer Discretionary,Services-Personal Services,BUY*,C,44.05,2026-10-09,5676547300.0,31.6193,15.8096,62.1299,63.6609,1.3931,PaybackTime+TenCap,2,0.7778,roic_consistent=1|roic_not_falling=1|growth_coherent=1|margin_stable=?|fcf_margin=1|cash_real=1|low_debt=1|no_dilution=1|predictable=0|recession_tested=0,0.0621,12.3781,12.3781,7.7827,5.66,756081000.0,0.1332,2026-06-30,1.72,0.039,0.1017,0.1757,0.1144,1491493000.0,1.9727,1.9727,873651000.0,532787000.0,1.0307,0.6,9/15,0.3146,0.4028,0.4559,0.0265,0.0294,0.049,0.1428,0.1294,0.2893,0.2576,-0.1335,0.4085,0.0441,0.0603,0.2318,0.0569,-0.0237,0.1127,-0.2492,0.6,-25% off 52w high; 8-K: 2026-08-14: 5.02 Director/officer change; next report ~2026-10-23,2026-10-23,,1.842,12659
SGI,SOMNIGROUP INTERNATIONAL INC.,NYSE,Consumer Discretionary,Household Furniture,ABOVE STICKER,C,62.19,2026-10-09,13221594000.0,44.322,22.161,49.896,24.778,1.4031,,0,0.7,roic_consistent=1|roic_not_falling=1|growth_coherent=0|margin_stable=1|fcf_margin=1|cash_real=1|low_debt=0|no_dilution=1|predictable=0|recession_tested=1,0.1203,22.7581,22.7581,24.581,2.53,769000000.0,0.0582,2026-06-30,0.66,0.0106,0.2347,0.0802,0.1544,4330200000.0,7.2753,5.6309,948600000.0,4218200000.0,1.442,0.6667,10/15,0.1581,0.1654,0.0784,0.0901,0.1525,0.5163,0.2173,0.0233,-0.1481,0.2906,0.4433,3.736,0.1307,0.0409,0.2005,0.0036,-0.0685,-0.1545,-0.369,2.45,"-37% off 52w high; insider buying (1 Form 4s, $1.89M); 8-K: 2026-08-26: 2.01 Acquisition/disposition; 2.03 New debt obligation; 7.01 Reg FD disclosure; next report ~2026-11-06",2026-11-06,debt > 3 years of FCF,1.84,1206264
PIPR,PIPER SANDLER COMPANIES,NYSE,Financials,"Security Brokers, Dealers & Flotation Companies",BUY*,C,65.28,2026-10-09,4650351360.0,51.8107,25.9054,86.7247,86.9575,1.26,PaybackTime+TenCap,2,0.4444,roic_consistent=0|roic_not_falling=1|growth_coherent=0|margin_stable=?|fcf_margin=1|cash_real=1|low_debt=1|no_dilution=0|predictable=0|recession_tested=0,0.0966,19.3205,21.8438,15.1319,4.3141,498754000.0,0.1073,2026-06-30,2.0,0.0306,0.1715,0.13,0.1716,0,0.0,0.0,619459000.0,-304231000.0,1.6229,0.6,9/15,0.0937,0.1616,0.2052,0.1058,0.0874,0.2433,0.1683,0.4221,0.5449,0.0354,0.0673,0.111,0.0445,-0.0553,0.8727,-0.0012,-0.1459,-0.0946,-0.3133,0.85,-31% off 52w high; 8-K: 2026-09-22: 5.02 Director/officer change; 7.01 Reg FD disclosure; next report ~2026-11-04,2026-11-04,financial (bank/insurer/broker): OCF-based tests less meaningful,1.837,1230245
CDNS,"CADENCE DESIGN SYSTEMS, INC.",Nasdaq,Information Technology,Services-Prepackaged Software,ABOVE STICKER,A,352.84,2026-10-09,96581129000.0,128.7,64.35,82.4637,67.7102,2.7416,,0,0.9,roic_consistent=1|roic_not_falling=1|growth_coherent=1|margin_stable=0|fcf_margin=1|cash_real=1|low_debt=1|no_dilution=1|predictable=1|recession_tested=1,0.15,30.0,61.154,82.2471,4.29,1429912000.0,0.0148,2026-03-31,,,,0.1524,0.2988,299879000.0,0.0,0.2097,1853397000.0,-1106789000.0,1.2211,0.9333,14/15,0.2544,0.2581,0.1986,0.1202,0.1457,0.1412,0.1749,0.1399,0.0545,0.1635,0.1757,0.1735,0.1641,0.1382,0.3714,0.0042,0.2193,-0.0816,-0.1532,0.21,next report ~2026-10-28,2026-10-28,,1.819,813672
AMAT,APPLIED MATERIALS INC /DE,Nasdaq,Information Technology,Semiconductors & Related Devices,ABOVE STICKER,A,507.03,2026-10-09,405116970000.0,234.9077,117.4539,111.0936,116.7584,2.1584,,0,1.0,roic_consistent=1|roic_not_falling=1|growth_coherent=1|margin_stable=1|fcf_margin=1|cash_real=1|low_debt=1|no_dilution=1|predictable=1|recession_tested=1,0.15,20.2681,20.2681,43.7472,11.59,5623000000.0,0.0139,2026-07-26,1.98,0.0039,0.1657,0.3091,0.3336,6444000000.0,1.1329,1.146,9329000000.0,-593000000.0,0.8491,0.8,12/15,0.2669,0.309,0.2329,0.1138,0.1052,0.0439,0.227,0.1718,0.0058,0.1507,0.1713,0.109,0.2121,0.1591,-0.0829,-0.0611,0.1107,-0.1585,-0.3145,0.86,-31% off 52w high; 8-K: 2026-08-27: 5.02 Director/officer change; 7.01 Reg FD disclosure; next report ~2026-11-19,2026-11-19,,1.815,6951
LRCX,LAM RESEARCH CORPORATION,Nasdaq,Industrials,"Special Industry Machinery, NEC",ABOVE STICKER,A,318.84,2026-10-09,402089761679.9999,128.1435,64.0718,61.2262,50.8539,2.4881,,0,0.9,roic_consistent=1|roic_not_falling=1|growth_coherent=1|margin_stable=1|fcf_margin=1|cash_real=0|low_debt=1|no_dilution=1|predictable=1|recession_tested=1,0.15,22.2471,22.2471,55.3542,5.76,4891252000.0,0.0122,2026-06-28,1.11,0.0035,0.155,0.4265,0.4276,3722061000.0,0.7609,0.761,6413201000.0,-1857110000.0,0.7455,0.8667,13/15,0.3253,0.379,0.4453,0.1472,0.097,0.2602,0.2714,0.1645,0.388,0.1138,0.1898,0.2937,0.1581,0.103,-0.0511,-0.0824,0.0691,-0.0899,-0.2729,0.69,-27% off 52w high; 8-K: 2026-08-27: 5.02 Director/officer change; next report ~2026-10-16,2026-10-16,cash not real: owner earnings < 75% of net income,1.806,707549
KFY,KORN FERRY,NYSE,Industrials,Services-Employment Agencies,BUY*,C,71.66,2026-10-09,3679526020.0,56.5875,28.2937,74.9058,82.9131,1.2664,PaybackTime+TenCap,2,0.5,roic_consistent=0|roic_not_falling=1|growth_coherent=0|margin_stable=0|fcf_margin=1|cash_real=1|low_debt=1|no_dilution=1|predictable=0|recession_tested=0,0.0909,18.1706,18.1706,13.572,5.28,318706000.0,0.0866,2026-07-31,2.13,0.0297,0.3708,0.0052,0.1275,425407000.0,1.229,1.3348,425734000.0,-375445000.0,1.1256,0.6,9/15,0.0979,0.12,0.1143,0.0812,0.1006,0.0643,0.2457,0.2009,0.1348,0.0664,0.0798,0.0626,0.1963,0.105,0.1368,-0.0036,-0.0764,-0.0202,-0.1811,0.32,8-K: 2026-09-29: 5.02 Director/officer change; next report ~2026-12-09,2026-12-09,,1.747,56679
QSR,RESTAURANT BRANDS INTERNATIONAL INC.,NYSE,Consumer Discretionary,Retail-Eating  Places,ABOVE STICKER,C,70.95,2026-10-09,32566050000.0,59.9362,29.9681,47.3428,15.0741,1.1838,,0,0.6,roic_consistent=1|roic_not_falling=1|growth_coherent=0|margin_stable=0|fcf_margin=1|cash_real=1|low_debt=0|no_dilution=1|predictable=1|recession_tested=0,0.1125,22.5029,24.7591,19.124,3.71,1632000000.0,0.0501,2026-06-30,2.57,0.0362,0.0402,0.083,0.075,13254000000.0,9.1442,8.1213,1911000000.0,12191000000.0,1.0382,0.6667,10/15,0.115,0.1156,0.093,0.0882,0.1368,0.1223,0.1674,0.0799,-0.261,0.1097,0.1142,0.1608,0.0359,0.1323,0.1404,0.0149,-0.0781,-0.0573,-0.1343,0.64,"13D: SCHEDULE 13D/A 2026-08-12, SCHEDULE 13D/A 2026-08-10; next report ~2026-11-05",2026-11-05,debt > 3 years of FCF,1.726,1618756
COST,COSTCO WHOLESALE CORP /NEW,Nasdaq,Consumer Discretionary,Retail-Variety Stores,ABOVE STICKER,A,946.92,2026-10-09,420836814840.0,479.7857,239.8929,309.2099,363.7943,1.9736,,0,0.9,roic_consistent=1|roic_not_falling=1|growth_coherent=1|margin_stable=1|fcf_margin=0|cash_real=1|low_debt=1|no_dilution=1|predictable=1|recession_tested=1,0.1335,26.702,39.6142,45.6127,20.76,9382000000.0,0.0223,2026-08-30,5.54,0.0059,-0.1566,0.1514,0.2239,6162000000.0,0.4172,0.6568,16168000000.0,-14045000000.0,1.4246,0.8667,13/15,0.1973,0.2195,0.2216,0.0983,0.0912,0.1014,0.1456,0.13,0.14,0.114,0.153,0.2287,0.1699,0.1204,0.1861,0.0285,0.0466,0.0335,-0.1364,0.15,8-K: 2026-09-24: 2.02 Earnings release; next report ~2026-12-16,2026-12-16,,1.724,909832
MPWR,"Monolithic Power Systems, Inc.",Nasdaq,Information Technology,Semiconductors & Related Devices,ABOVE STICKER,A,1386.29,2026-10-09,68276168790.0,491.7,245.85,187.6753,191.7795,2.8194,,0,0.9,roic_consistent=1|roic_not_falling=1|growth_coherent=1|margin_stable=1|fcf_margin=1|cash_real=1|low_debt=1|no_dilution=0|predictable=1|recession_tested=1,0.15,30.0,70.5791,84.5815,16.39,585537000.0,0.0086,2026-06-30,7.56,0.0055,0.2687,0.222,0.34,0,0.0,0.0,944533000.0,-1005587000.0,0.9505,0.8667,13/15,0.1677,0.1999,0.1674,0.2368,0.27,0.2643,0.3106,0.2973,-0.6055,0.2328,0.2888,0.2097,0.2823,0.2563,0.0632,-0.0371,0.123,0.0248,-0.1912,0.36,8-K: 2026-09-10: 8.01 Other event; next report ~2026-11-04,2026-11-04,,1.723,1280452
CLBT,Cellebrite DI Ltd.,Nasdaq,Information Technology,Services-Prepackaged Software,ABOVE STICKER,A,11.26,2026-10-09,2813909198.76,3.1364,1.5682,10.127,6.9639,3.5901,,0,0.7143,roic_consistent=?|roic_not_falling=1|growth_coherent=?|margin_stable=1|fcf_margin=1|cash_real=1|low_debt=1|no_dilution=0|predictable=?|recession_tested=0,0.15,13.6364,13.6364,48.9565,0.23,160319000.0,0.057,2025-12-31,,,,0.0016,,0,0.0,0.0,174029000.0,-124457000.0,2.0642,0.8182,9/11,0.1852,0.2585,0.1186,,0.1953,0.1856,,,,,0.3031,0.2081,,0.2114,0.313,0.0172,0.0027,-0.2936,-0.4364,1.35,-44% off 52w high; next report ~2026-11-10,2026-11-10,EPS from yahoo TTM to 2026-06-30,1.688,1854587
ESLT,ELBIT SYSTEMS LTD,Nasdaq,Industrials,"Aircraft Parts & Auxiliary Equipment, NEC",ABOVE STICKER,A,655.74,2026-10-09,30766009320.0,211.8925,105.9462,156.3619,141.2002,3.0947,,0,0.8,roic_consistent=1|roic_not_falling=1|growth_coherent=1|margin_stable=1|fcf_margin=0|cash_real=1|low_debt=1|no_dilution=0|predictable=1|recession_tested=1,0.1118,22.3556,27.0857,49.3409,13.29,552810000.0,0.018,2025-12-31,3.5,0.0053,0.1448,0.3371,0.2193,101452000.0,0.0326,0.1835,662483000.0,-533689000.0,1.1359,0.8,12/15,0.1236,0.119,0.1459,0.0983,0.1123,0.1627,0.0916,0.1618,0.5864,0.1046,0.119,0.2006,0.06,0.2279,0.456,-0.0582,-0.0993,-0.1278,-0.3546,1.02,-35% off 52w high; next report ~2026-11-24,2026-11-24,EPS from yahoo TTM to 2026-06-30,1.655,1027664
PH,PARKER-HANNIFIN CORPORATION,NYSE,Industrials,Miscellaneous Fabricated Metal Products,ABOVE STICKER,B,962.56,2026-10-09,123303936000.0,612.0995,306.0498,449.9212,324.5355,1.5726,,0,0.8,roic_consistent=1|roic_not_falling=1|growth_coherent=1|margin_stable=0|fcf_margin=1|cash_real=1|low_debt=0|no_dilution=1|predictable=1|recession_tested=1,0.1352,24.4674,24.4674,33.7978,28.48,3905000000.0,0.0317,2026-06-30,7.6,0.0079,0.1475,0.2802,0.2328,8178000000.0,1.9134,2.0942,4925000000.0,7677000000.0,1.0992,0.7333,11/15,0.1422,0.1559,0.1772,0.0659,0.0842,0.0831,0.1707,0.1636,0.0501,0.1366,0.1338,0.1443,0.1368,0.1113,0.1557,-0.0103,0.013,0.0013,-0.1249,0.1,8-K: 2026-09-14: 8.01 Other event; next report ~2026-10-30,2026-10-30,,1.647,76334
TRV,"TRAVELERS COMPANIES, INC.",NYSE,Financials,"Fire, Marine & Casualty Insurance",BUY*,C,368.75,2026-10-09,79650000000.0,248.6628,124.3314,573.351,578.7963,1.4829,PaybackTime+TenCap,2,0.8889,roic_consistent=1|roic_not_falling=1|growth_coherent=1|margin_stable=?|fcf_margin=1|cash_real=1|low_debt=1|no_dilution=1|predictable=1|recession_tested=0,0.075,13.1122,13.1122,9.91,37.21,11026000000.0,0.1384,2026-06-30,4.7,0.0127,0.0632,0.2022,0.1505,6161000000.0,0.0,0.5588,13056000000.0,5540000000.0,1.328,0.6,9/15,0.1269,0.1498,0.1912,0.0618,0.0883,0.0518,0.0969,0.2113,0.2776,0.0675,0.0473,0.1987,0.1194,0.1022,0.1688,0.0232,-0.0172,0.088,-0.0751,0.0,next report ~2026-10-16,2026-10-16,financial (bank/insurer/broker): OCF-based tests less meaningful;cheap without an event (near 52w high): value-trap check,1.623,86312
CAMT,Camtek Ltd.,Nasdaq,Information Technology,Optical Instruments & Lenses,ABOVE STICKER,A,152.81,2026-10-09,7452720019.2308,18.0736,9.0368,39.44,27.0047,8.4549,,0,0.6667,roic_consistent=0|roic_not_falling=1|growth_coherent=?|margin_stable=1|fcf_margin=1|cash_real=1|low_debt=1|no_dilution=0|predictable=1|recession_tested=0,0.1401,26.6386,26.6386,206.5,0.74,127475000.0,0.0171,2025-12-31,,,,0.3177,0.4977,3792000.0,0.0,0.0297,131705000.0,-174056000.0,2.5648,0.8667,13/15,0.1307,0.1794,0.2014,0.2174,0.2606,0.1557,,0.1401,-0.5702,1.3883,0.1701,0.1099,0.552,0.4067,0.1606,-0.0749,0.0327,0.0627,-0.2925,0.77,-29% off 52w high; next report ~2026-11-26,2026-11-26,EPS from yahoo TTM to 2026-06-30,1.593,1109138
HALO,"HALOZYME THERAPEUTICS, INC.",Nasdaq,Health Care,"Biological Products, (No Diagnostic Substances)",ABOVE STICKER,C,110.42,2026-10-09,13481398640.0,95.52,47.76,104.2404,63.6909,1.156,,0,0.6667,roic_consistent=0|roic_not_falling=1|growth_coherent=?|margin_stable=0|fcf_margin=1|cash_real=1|low_debt=0|no_dilution=1|predictable=1|recession_tested=1,0.15,28.0117,28.0117,32.3812,3.41,806224000.0,0.0598,2026-06-30,,,,0.2362,0.2523,2146654000.0,3.324,2.6626,975966000.0,1983516000.0,1.9493,0.6,9/15,0.146,0.1928,0.1453,0.2632,0.3916,0.3755,,0.2298,-0.2536,0.015,-0.1808,-0.8599,,0.6368,0.3601,0.0051,0.03,0.4491,-0.055,0.0,8-K: 2026-09-30: 5.02 Director/officer change; next report ~2026-11-05,2026-11-05,,1.555,1159036
CSW,"CSW INDUSTRIALS, INC.",NYSE,Materials,Adhesives & Sealants,ABOVE STICKER,C,287.59,2026-10-09,4706410350.0,219.3,109.65,139.1691,63.4588,1.3114,,0,0.6,roic_consistent=0|roic_not_falling=1|growth_coherent=1|margin_stable=0|fcf_margin=1|cash_real=1|low_debt=0|no_dilution=0|predictable=1|recession_tested=1,0.15,30.0,36.4448,39.342,7.31,144275000.0,0.0307,2026-06-30,1.14,0.004,0.1487,0.1612,0.2357,855451000.0,6.3434,5.9293,184646000.0,807956000.0,1.2246,0.7333,11/15,0.1159,0.1166,0.0691,0.1503,0.2089,0.2325,0.1525,0.2038,-0.2005,0.1434,0.1801,-0.0437,0.1368,0.177,-0.1111,-0.0499,-0.0436,0.0237,-0.191,0.36,8-K: 2026-08-31: 8.01 Other event; next report ~2026-10-29,2026-10-29,debt > 3 years of FCF,1.534,1624794
LDOS,"Leidos Holdings, Inc.",NYSE,Information Technology,Services-Computer Integrated Systems Design,BUY*,C,121.68,2026-10-09,15453360000.0,74.8781,37.4391,187.9357,160.0551,1.625,PaybackTime+TenCap,2,0.6667,roic_consistent=0|roic_not_falling=1|growth_coherent=?|margin_stable=1|fcf_margin=1|cash_real=1|low_debt=0|no_dilution=1|predictable=1|recession_tested=0,0.0711,14.2268,20.2446,11.3613,10.71,2163000000.0,0.14,2026-07-03,1.72,0.0141,0.045,0.0532,0.1081,6031000000.0,2.848,2.7883,2561000000.0,5283000000.0,1.5719,0.6364,7/11,0.1034,0.1169,0.1692,,0.0691,0.0307,,0.2064,0.2082,,0.0711,0.1657,,0.0558,0.2195,0.0335,-0.0557,0.137,-0.4087,1.23,-41% off 52w high; 8-K: 2026-10-05: 1.01 Material agreement; 7.01 Reg FD disclosure; next report ~2026-11-03,2026-11-03,,1.497,1336920
ORCL,Oracle Corporation,NYSE,Information Technology,Services-Prepackaged Software,ABOVE STICKER,B,141.4,2026-10-09,424200000000.0,54.431,27.2155,,134.42,2.5978,,0,0.6,roic_consistent=1|roic_not_falling=0|growth_coherent=1|margin_stable=0|fcf_margin=0|cash_real=1|low_debt=0|no_dilution=1|predictable=1|recession_tested=1,0.08,15.9925,27.0645,22.163,6.38,-28720000000.0,-0.0677,2026-08-31,2.0,0.0141,0.1076,0.095,0.1521,7199000000.0,0.0,,40326000000.0,-29170000000.0,1.9935,0.7333,11/15,1.797,3.0248,0.383,0.0616,0.1072,0.1735,0.1091,0.0508,0.3433,0.0288,0.5312,1.0443,0.0886,0.1502,0.5358,-0.0063,-0.0591,0.0054,-0.5616,3.54,"-56% off 52w high; insider buying (1 Form 4s, $3.48M); 8-K: 2026-09-14: 8.01 Other event; next report ~2026-12-11",2026-12-11,debt > 3 years of FCF,1.452,1341439
VITL,"Vital Farms, Inc.",Nasdaq,Consumer Staples,Food and Kindred Products,NO STICKER,A,9.33,2026-10-09,401255393.97,,,,,,,0,0.1111,roic_consistent=0|roic_not_falling=0|growth_coherent=0|margin_stable=1|fcf_margin=0|cash_real=0|low_debt=0|no_dilution=0|predictable=?|recession_tested=0,0.15,,30.7775,,-0.05,-126126000.0,-0.3143,2026-06-28,,,,-0.1065,,31104000.0,0.0,,-24628000.0,9865000.0,-170.2208,0.9091,10/11,0.2757,0.1031,0.1827,,0.288,0.2526,,0.3977,0.2203,,0.1205,0.279,,0.2398,-0.4799,0.0298,-0.0421,-0.2795,-0.787,2.0,-79% off 52w high; next report ~2026-11-05,2026-11-05,micro-cap;cash not real: owner earnings < 75% of net income;debt > 3 years of FCF,1.429,1579733
TDG,TransDigm Group Incorporated,NYSE,Industrials,"Aircraft Parts & Auxiliary Equipment, NEC",ABOVE STICKER,B,1107.99,2026-10-09,64152621000.0,615.0769,307.5385,459.9789,,1.8014,,0,0.9,roic_consistent=1|roic_not_falling=1|growth_coherent=1|margin_stable=1|fcf_margin=1|cash_real=1|low_debt=0|no_dilution=1|predictable=1|recession_tested=1,0.1207,24.1442,39.4075,33.606,32.97,1927000000.0,0.03,2026-06-27,,,,0.1633,0.2064,32899000000.0,16.1294,17.0727,2535000000.0,30126000000.0,0.9051,0.7333,11/15,0.125,0.1301,0.1676,0.1255,0.1159,0.1122,0.1513,0.2906,0.2521,,,,0.1462,0.1094,-0.0034,0.0162,-0.0284,-0.142,-0.2427,0.57,-24% off 52w high; 8-K: 2026-09-29: 1.01 Material agreement; 2.03 New debt obligation; next report ~2026-11-03,2026-11-03,debt > 3 years of FCF,1.406,1260221
FDS,FACTSET RESEARCH SYSTEMS INC.,NYSE,Information Technology,"Services-Computer Programming, Data Processing, Etc.",ABOVE STICKER,C,287.18,2026-10-09,10613311260.0,205.0496,102.5248,244.1222,196.5729,1.4005,,0,1.0,roic_consistent=1|roic_not_falling=1|growth_coherent=1|margin_stable=1|fcf_margin=1|cash_real=1|low_debt=1|no_dilution=1|predictable=1|recession_tested=1,0.1027,20.5496,33.059,18.9183,15.18,708307000.0,0.0667,2026-05-31,4.52,0.0157,0.0729,-0.0732,0.0719,1389701000.0,2.216,1.962,836633000.0,1101587000.0,1.2515,0.6,9/15,0.2251,0.1793,0.1743,0.0871,0.0922,0.0539,0.1054,0.1001,0.1179,0.163,0.1968,0.1502,0.0901,0.075,0.037,0.0796,0.1058,0.1622,-0.1039,0.02,8-K: 2026-09-30: 2.02 Earnings release; next report ~2026-12-30,2026-12-30,,1.404,1013237
SCCO,SOUTHERN COPPER CORP/,NYSE,Materials,Metal Mining,ABOVE STICKER,A,209.21,2026-10-09,172681934000.0,98.3325,49.1662,79.9129,106.1493,2.1276,,0,0.8,roic_consistent=1|roic_not_falling=1|growth_coherent=1|margin_stable=0|fcf_margin=1|cash_real=1|low_debt=1|no_dilution=0|predictable=1|recession_tested=1,0.1061,21.2183,22.8841,30.5863,6.84,5100400000.0,0.0295,2026-06-30,3.9016,0.0186,0.0911,0.3524,0.2593,8494400000.0,1.97,1.6654,9044500000.0,2829400000.0,1.0326,0.8,12/15,0.183,0.2344,0.2558,0.1028,0.1094,0.1738,0.1887,0.2088,0.2447,0.0726,0.074,0.169,0.1837,0.1129,0.0747,0.0179,0.0812,0.2041,-0.0524,0.0,next report ~2026-10-30,2026-10-30,,1.4,1001838
LPLA,LPL Financial Holdings Inc.,Nasdaq,Financials,"Security & Commodity Brokers, Dealers, Exchanges & Services",ABOVE STICKER,C,330.88,2026-10-09,26550803840.0,257.6375,128.8187,,,1.2843,,0,0.5,roic_consistent=0|roic_not_falling=1|growth_coherent=?|margin_stable=?|fcf_margin=0|cash_real=0|low_debt=0|no_dilution=1|predictable=1|recession_tested=1,0.15,20.644,20.644,26.5128,12.48,-931291000.0,-0.0351,2026-06-30,1.2,0.0036,0.0371,0.1552,0.2449,7621349000.0,,,-315862000.0,6345659000.0,-0.6679,0.6667,10/15,0.1213,0.1306,0.0685,0.148,0.2368,0.3718,0.2016,0.1326,-0.2217,0.2477,0.3292,0.7399,,,,0.0456,-0.0647,0.0437,-0.1731,0.29,next report ~2026-11-02,2026-11-02,financial (bank/insurer/broker): OCF-based tests less meaningful;cash not real: owner earnings < 75% of net income;debt > 3 years of FCF,1.337,1397911
MTG,MGIC Investment Corp,NYSE,Financials,Surety Insurance,BUY*,C,27.43,2026-10-09,5885051640.0,18.3204,9.1602,42.7389,39.1315,1.4972,PaybackTime+TenCap,2,0.5556,roic_consistent=0|roic_not_falling=1|growth_coherent=0|margin_stable=?|fcf_margin=1|cash_real=1|low_debt=1|no_dilution=1|predictable=0|recession_tested=0,0.1069,8.3893,8.3893,8.5719,3.2,706480000.0,0.12,2026-06-30,0.62,0.0226,0.1898,0.1375,0.1367,643196000.0,0.0,0.9104,883150000.0,435919000.0,0.9981,0.6,9/15,0.1224,0.1369,0.1434,0.0154,0.0024,0.0049,0.0191,0.1947,0.0865,0.1644,0.1086,0.1175,0.1811,0.0309,0.1762,0.0178,-0.1077,-0.0252,-0.1399,0.16,next report ~2026-10-28,2026-10-28,financial (bank/insurer/broker): OCF-based tests less meaningful,1.301,876437
KAI,KADANT INC,NYSE,Industrials,Special Industry Machinery (No Metalworking Machinery),ABOVE STICKER,C,260.43,2026-10-09,3075938730.0,163.3383,81.6692,184.2775,142.2031,1.5944,,0,0.7,roic_consistent=0|roic_not_falling=1|growth_coherent=1|margin_stable=1|fcf_margin=1|cash_real=1|low_debt=0|no_dilution=1|predictable=1|recession_tested=0,0.1172,23.4483,28.9368,28.0032,9.3,159988000.0,0.052,2026-07-04,1.06,0.0041,0.0158,0.0369,0.1624,510632000.0,2.4159,3.1917,205566000.0,376099000.0,1.4581,0.8,12/15,0.1057,0.1174,0.084,0.1043,0.1063,-0.0011,0.1081,0.1264,-0.0876,0.1321,0.1417,0.1544,0.1555,0.1303,0.1035,-0.0312,-0.022,-0.1161,-0.2645,0.66,-26% off 52w high; 8-K: 2026-09-10: 5.02 Director/officer change; 7.01 Reg FD disclosure; next report ~2026-11-11,2026-11-11,debt > 3 years of FCF,1.276,886346
APO,"APOLLO GLOBAL MANAGEMENT, INC.",NYSE,Financials,Investment Advice,BUY*,C,118.65,2026-10-09,70394830599.45,65.5462,32.7731,252.0474,212.2541,1.8102,PaybackTime+TenCap,2,0.6667,roic_consistent=?|roic_not_falling=1|growth_coherent=?|margin_stable=?|fcf_margin=1|cash_real=1|low_debt=1|no_dilution=0|predictable=?|recession_tested=0,0.15,23.3261,23.3261,42.2242,2.81,9473000000.0,0.1346,2026-06-30,2.146,0.0181,0.0034,0.1113,0.246,13727000000.0,1.8443,1.4491,12593000000.0,-14690000000.0,5.3279,0.7273,8/11,0.1031,0.118,0.0925,,0.6858,0.2273,,0.6596,-0.2442,,0.1017,0.3765,,,1.2275,0.0406,-0.0801,-0.014,-0.226,1.0,-23% off 52w high; 13D: SCHEDULE 13D 2026-08-14; 8-K: 2026-10-05: 2.02 Earnings release; 7.01 Reg FD disclosure; next report ~2026-11-09,2026-11-09,,1.251,1858681
GOLD,"GOLD.COM, INC.",NYSE,Industrials,"Wholesale-Jewelry, Watches, Precious Stones & Metals",BUY*,C,40.69,2026-10-09,1109315194.0,,,355.0875,451.5281,,PaybackTime+TenCap,2,0.5556,roic_consistent=0|roic_not_falling=0|growth_coherent=?|margin_stable=1|fcf_margin=0|cash_real=1|low_debt=1|no_dilution=0|predictable=1|recession_tested=1,-0.0532,,7.535,13.4735,3.02,1210076000.0,1.0908,2026-06-30,1.8,0.0442,0.0057,0.0556,0.2168,96745000.0,0.0,0.0799,1230983000.0,-481231000.0,14.6959,0.6,9/15,0.1902,0.1531,0.094,0.1416,0.2736,1.3239,0.0879,-0.1944,3.2535,0.1371,0.0971,0.2087,,,7.0263,-0.0378,-0.1562,0.0314,-0.39,3.95,"-39% off 52w high; insider buying (1 Form 4s, $3.93M); neg 8-K: 2026-09-18: Auditor change; 13D: SCHEDULE 13D/A 2026-09-08, SCHEDULE 13D/A 2026-05-07; next report ~2026-11-19",2026-11-19,ROIC falling: check capital allocation,1.243,1591588
VEEV,Veeva Systems Inc.,NYSE,Information Technology,Services-Prepackaged Software,ABOVE STICKER,C,296.13,2026-10-09,49178901360.0,183.0,91.5,158.1519,119.0097,1.6182,,0,0.6,roic_consistent=0|roic_not_falling=0|growth_coherent=0|margin_stable=1|fcf_margin=1|cash_real=1|low_debt=1|no_dilution=0|predictable=1|recession_tested=1,0.15,30.0,72.9217,48.5459,6.1,1663807000.0,0.0338,2026-07-31,,,,-0.0135,0.2049,0,0.0,0.0,1976418000.0,-1812012000.0,1.6396,0.9333,14/15,0.1308,0.1069,0.0966,0.2282,0.1688,0.1634,0.3049,0.1818,0.2593,0.2821,0.251,0.224,0.3326,0.2075,0.2983,0.0834,0.1285,0.5576,-0.02,0.0,8-K: 2026-08-26: 2.02 Earnings release; next report ~2026-11-26,2026-11-26,,1.23,1393052
MSCI,MSCI INC.,NYSE,Industrials,"Services-Business Services, NEC",ABOVE STICKER,C,565.12,2026-10-09,41310272000.0,347.9746,173.9873,303.6895,168.8361,1.624,,0,0.8,roic_consistent=1|roic_not_falling=1|growth_coherent=1|margin_stable=0|fcf_margin=1|cash_real=1|low_debt=0|no_dilution=1|predictable=1|recession_tested=1,0.1219,24.3729,42.2691,30.8978,18.29,1597927000.0,0.0387,2026-06-30,7.95,0.0141,0.1866,-0.0208,0.2325,6380400000.0,4.0037,3.9929,1836592000.0,6024000000.0,1.1802,0.6667,10/15,0.2584,0.3126,0.3886,0.1129,0.1308,0.0975,0.2269,0.1712,0.1167,,,,0.1733,0.1439,0.0578,0.0544,0.019,-0.0655,-0.1235,1.29,"insider buying (1 Form 4s, $1.00M); next report ~2026-10-20",2026-10-20,debt > 3 years of FCF,1.208,1408198
AMP,"AMERIPRISE FINANCIAL, INC.",NYSE,Financials,Investment Advice,BUY*,C,500.51,2026-10-09,46897787000.0,284.4574,142.2287,946.5177,978.4418,1.7595,PaybackTime+TenCap,2,1.0,roic_consistent=1|roic_not_falling=1|growth_coherent=1|margin_stable=?|fcf_margin=1|cash_real=1|low_debt=1|no_dilution=1|predictable=1|recession_tested=1,0.0704,14.0807,14.4532,12.0925,41.39,8064000000.0,0.1719,2026-06-30,6.6,0.0132,0.0875,0.1219,0.1826,2684000000.0,0.0,0.3328,9168000000.0,-8475000000.0,2.0426,0.6,9/15,0.4671,0.6539,0.5441,0.0448,0.096,0.0549,0.1565,0.2435,0.0977,0.055,0.0646,0.3126,0.1195,0.1248,0.262,0.0196,-0.1024,-0.0123,-0.1258,0.1,next report ~2026-11-03,2026-11-03,,1.206,820027
DCI,"Donaldson Company, Inc.",NYSE,Industrials,Industrial & Commercial Fans & Blowers & Air Purifing Equip,ABOVE STICKER,C,86.93,2026-10-09,10249047000.0,54.8418,27.4209,46.655,38.1603,1.5851,,0,0.9,roic_consistent=1|roic_not_falling=1|growth_coherent=1|margin_stable=1|fcf_margin=1|cash_real=1|low_debt=0|no_dilution=1|predictable=1|recession_tested=1,0.1056,21.1189,24.3939,22.5792,3.85,426300000.0,0.0416,2026-07-31,1.24,0.0143,0.0759,0.0931,0.0967,1334300000.0,3.0099,3.13,558300000.0,1083900000.0,0.939,0.6667,10/15,0.1782,0.1835,0.1525,0.0576,0.0637,0.0528,0.1049,0.1144,0.2623,0.1009,0.1103,0.2396,0.0542,0.042,0.1788,-0.0194,-0.026,-0.0259,-0.2296,0.52,-23% off 52w high; 8-K: 2026-08-26: 2.02 Earnings release; next report ~2026-12-04,2026-12-04,debt > 3 years of FCF,1.193,29644
PRDO,PERDOCEO EDUCATION CORP,Nasdaq,Consumer Discretionary,Services-Educational Services,BUY*,C,33.71,2026-10-09,2140787260.0,20.2322,10.1161,42.9196,43.5327,1.6662,PaybackTime+TenCap,2,0.7778,roic_consistent=1|roic_not_falling=1|growth_coherent=?|margin_stable=0|fcf_margin=1|cash_real=1|low_debt=1|no_dilution=1|predictable=0|recession_tested=1,0.0955,11.9557,11.9557,12.2582,2.75,221150000.0,0.1033,2026-06-30,0.62,0.0184,,0.2758,0.138,0,0.0,0.0,276459000.0,-162889000.0,1.2487,0.6,9/15,0.1298,0.1532,0.1592,-0.0001,0.0424,0.242,0.1228,0.0682,0.105,0.1152,0.1351,0.0301,,0.0459,0.3939,0.0564,0.0209,-0.056,-0.1244,0.1,8-K: 2026-09-14: 1.01 Material agreement; 7.01 Reg FD disclosure; next report ~2026-11-05,2026-11-05,,1.17,1046568
FND,"Floor & Decor Holdings, Inc.",NYSE,Consumer Discretionary,Retail-Lumber & Other Building Materials Dealers,ABOVE STICKER,C,45.5,2026-10-09,4928514500.0,29.7545,14.8773,25.0335,30.1003,1.5292,,0,0.7,roic_consistent=1|roic_not_falling=0|growth_coherent=0|margin_stable=1|fcf_margin=0|cash_real=1|low_debt=1|no_dilution=1|predictable=1|recession_tested=1,0.1043,20.8583,41.1818,21.2617,2.14,211397000.0,0.0429,2026-06-25,,,,-0.1958,,195328000.0,3.0214,0.924,326043000.0,-125286000.0,1.1149,0.6,9/15,0.1458,0.1253,0.0812,0.1957,0.1407,0.0512,0.2,0.0085,0.0105,0.1989,0.1878,0.109,0.3405,-0.0123,-0.3669,0.0002,-0.0389,-0.2036,-0.4126,1.25,-41% off 52w high; next report ~2026-10-29,2026-10-29,ROIC falling: check capital allocation,1.154,1507079
MHO,"M/I HOMES, INC.",NYSE,Industrials,Operative Builders,ABOVE STICKER,C,127.82,2026-10-09,3371380320.0,89.4443,44.7222,117.3381,111.0108,1.429,,0,0.6667,roic_consistent=1|roic_not_falling=1|growth_coherent=?|margin_stable=0|fcf_margin=0|cash_real=0|low_debt=1|no_dilution=1|predictable=1|recession_tested=1,0.15,7.51,7.51,10.7322,11.91,196056000.0,0.0582,2026-06-30,,,,0.1734,0.1866,0,0.0,0.0,292802000.0,-735941000.0,0.6178,0.6,9/15,0.1772,0.1991,0.1264,0.1203,0.0772,-0.0193,0.2426,0.1236,-0.2522,0.1929,0.2182,0.1268,,-0.0399,-0.2358,-0.0515,-0.0863,-0.1324,-0.219,0.48,-22% off 52w high; next report ~2026-10-30,2026-10-30,cash not real: owner earnings < 75% of net income,1.129,799292
RCMT,"RCM TECHNOLOGIES, INC.",Nasdaq,Industrials,Services-Help Supply Services,BUY*,C,41.38,2026-10-09,302776384.12,26.7375,13.3688,49.2476,39.4015,1.5476,PaybackTime,1,0.6,roic_consistent=0|roic_not_falling=1|growth_coherent=1|margin_stable=1|fcf_margin=0|cash_real=1|low_debt=1|no_dilution=1|predictable=0|recession_tested=0,0.15,11.625,11.625,17.9913,2.3,22827000.0,0.0754,2026-07-04,,,,0.4705,0.2236,0,0.0,0.0,28830000.0,-6585000.0,1.3343,0.6667,10/15,0.2641,0.5263,0.4039,0.0557,0.1626,0.1474,0.1637,,0.2738,0.092,0.2689,0.4276,0.0427,-0.0556,2.0737,-0.015,0.0317,0.4789,-0.0527,0.0,8-K: 2026-08-31: 5.02 Director/officer change; next report ~2026-11-12,2026-11-12,micro-cap;cheap without an event (near 52w high): value-trap check,1.088,700841
EHC,Encompass Health Corporation,NYSE,Health Care,Services-Hospitals,ABOVE STICKER,C,123.33,2026-10-09,12369999000.0,79.8472,39.9236,55.6763,82.667,1.5446,,0,0.6,roic_consistent=0|roic_not_falling=1|growth_coherent=1|margin_stable=1|fcf_margin=0|cash_real=1|low_debt=0|no_dilution=1|predictable=1|recession_tested=0,0.1157,17.6057,17.6057,20.0863,6.14,413400000.0,0.0334,2026-06-30,0.78,0.0063,-0.0263,0.2059,0.1572,2579200000.0,5.5719,6.239,1076300000.0,2471500000.0,1.3945,0.7857,11/14,0.102,0.0981,0.1159,,0.1072,0.1046,0.1124,0.1422,0.2422,0.147,0.0844,0.1796,0.0888,0.1078,0.1723,0.0295,0.0133,0.1196,-0.0364,0.0,8-K: 2026-08-13: 8.01 Other event; next report ~2026-11-06,2026-11-06,debt > 3 years of FCF,1.082,785161
LECO,LINCOLN ELECTRIC HOLDINGS INC,Nasdaq,Industrials,Metalworkg Machinery & Equipment,ABOVE STICKER,C,261.13,2026-10-09,14415942780.0,164.4756,82.2378,131.4214,116.7514,1.5877,,0,0.8,roic_consistent=1|roic_not_falling=1|growth_coherent=1|margin_stable=1|fcf_margin=1|cash_real=1|low_debt=0|no_dilution=1|predictable=0|recession_tested=1,0.1135,22.7039,25.3447,26.113,10.0,542404000.0,0.0376,2026-06-30,3.16,0.0121,0.0915,0.1448,0.148,1313556000.0,2.1532,2.4217,751649000.0,1071113000.0,1.0574,0.6667,10/15,0.1947,0.225,0.2112,0.0526,0.0978,0.056,0.1855,0.222,0.1436,0.0777,0.1493,0.1334,0.0777,0.1348,0.1038,-0.0483,0.0319,0.0405,-0.1576,0.23,8-K: 2026-08-11: 5.02 Director/officer change; next report ~2026-10-29,2026-10-29,,1.016,59527
FICO,FAIR ISAAC CORP,NYSE,Industrials,"Services-Business Services, NEC",ABOVE STICKER,C,667.58,2026-10-09,15668102600.0,364.4681,182.234,510.355,303.6598,1.8317,,0,0.7,roic_consistent=1|roic_not_falling=1|growth_coherent=0|margin_stable=0|fcf_margin=1|cash_real=1|low_debt=0|no_dilution=1|predictable=1|recession_tested=1,0.0901,18.0177,47.7107,19.3277,34.54,996023000.0,0.0636,2026-06-30,,,,0.1084,0.195,5582389000.0,3.4501,5.6047,1246084000.0,5333945000.0,1.2221,0.6667,10/15,0.361,0.5264,0.8252,0.0903,0.0899,0.1591,0.2591,0.2743,0.2978,,,,0.1816,0.1637,0.2304,0.0096,-0.3225,-0.4663,-0.6409,2.5,-64% off 52w high; neg 8-K: 2026-10-06: Restructuring/exit costs; next report ~2026-10-28,2026-10-28,debt > 3 years of FCF,0.995,814547
LINC,LINCOLN EDUCATIONAL SERVICES CORPORATION,Nasdaq,Consumer Discretionary,Services-Educational Services,BUY*,C,23.49,2026-10-09,737007488.28,,,6.2556,23.645,,TenCap,1,0.6667,roic_consistent=0|roic_not_falling=1|growth_coherent=?|margin_stable=0|fcf_margin=0|cash_real=1|low_debt=1|no_dilution=1|predictable=1|recession_tested=1,-0.1555,,17.6389,32.1781,0.73,24534000.0,0.0333,2026-06-30,,,,0.2655,0.282,26000000.0,0.0,1.0598,74187000.0,-18178000.0,2.9785,0.7333,11/15,0.0538,0.1371,0.1162,0.0541,0.1207,0.1776,,-0.1555,1.0,1.1192,3.4454,0.107,0.1526,0.2036,1.0239,0.0721,-0.0612,-0.5669,-0.5831,2.43,-58% off 52w high; 13D: SCHEDULE 13D/A 2026-06-15; next report ~2026-11-09,2026-11-09,micro-cap,0.991,1286613
PLUS,ePlus inc.,Nasdaq,Information Technology,Wholesale-Computers & Peripheral Equipment & Software,ABOVE STICKER,C,93.3,2026-10-09,2431584600.0,63.9749,31.9874,29.8476,39.9927,1.4584,,0,0.5556,roic_consistent=1|roic_not_falling=0|growth_coherent=?|margin_stable=1|fcf_margin=0|cash_real=0|low_debt=1|no_dilution=1|predictable=0|recession_tested=1,0.1267,17.135,17.135,20.3712,4.58,54766000.0,0.0225,2026-06-30,1.04,0.0111,,0.1133,0.1314,38773000.0,0.0,0.708,104229000.0,-410081000.0,0.4551,0.6667,10/15,0.13,0.1162,0.1112,0.0733,0.0927,0.2212,0.1268,0.1267,0.2799,0.1408,0.141,0.1136,,,,-0.0011,0.016,0.0409,-0.0493,0.0,next report ~2026-11-03,2026-11-03,cash not real: owner earnings < 75% of net income,0.972,1022408
TREX,"Trex Company, Inc.",NYSE,Materials,Lumber & Wood Products (No Furniture),ABOVE STICKER,B,44.78,2026-10-09,4645982631.86,21.8878,10.9439,25.2511,32.1602,2.0459,,0,0.9,roic_consistent=1|roic_not_falling=0|growth_coherent=1|margin_stable=1|fcf_margin=1|cash_real=1|low_debt=1|no_dilution=1|predictable=1|recession_tested=1,0.1002,20.0429,33.8799,26.3412,1.7,208060000.0,0.0448,2026-06-30,,,,-0.1583,0.1061,183750000.0,0.0,0.8832,351394000.0,177275000.0,1.6209,0.7333,11/15,0.3288,0.271,0.1841,0.1029,0.0592,0.0198,0.167,0.0334,-0.1909,0.2652,0.1379,0.1792,0.1905,0.1384,1.4881,0.028,-0.0038,-0.0505,-0.1753,0.3,8-K: 2026-08-24: 5.02 Director/officer change; 7.01 Reg FD disclosure; next report ~2026-11-03,2026-11-03,ROIC falling: check capital allocation,0.942,1069878
GRMN,GARMIN LTD,NYSE,Industrials,"Search, Detection, Navigation, Guidance, Aeronautical Sys",ABOVE STICKER,B,268.36,2026-10-09,51945103400.0,119.9846,59.9923,97.5794,100.9885,2.2366,,0,0.9,roic_consistent=1|roic_not_falling=1|growth_coherent=1|margin_stable=1|fcf_margin=1|cash_real=1|low_debt=1|no_dilution=0|predictable=1|recession_tested=1,0.1074,19.524,19.524,29.9509,8.96,1451558000.0,0.0279,2026-03-28,3.9,0.0145,0.0878,0.157,0.2097,0,0.0,0.0,1954783000.0,-2289916000.0,0.9175,0.7333,11/15,0.1674,0.1655,0.1727,0.0989,0.1159,0.1506,0.1365,0.1069,0.1767,-0.448,-0.7236,0.1413,0.1927,0.0755,0.1402,-0.0455,-0.0506,0.1039,-0.1461,0.18,next report ~2026-10-28,2026-10-28,,0.912,1121788
MSA,MSA SAFETY INC,NYSE,Health Care,"Orthopedic, Prosthetic & Surgical Appliances & Supplies",ABOVE STICKER,C,180.71,2026-10-09,7018957110.0,102.8238,51.4119,114.6755,105.6627,1.7575,,0,0.8,roic_consistent=0|roic_not_falling=1|growth_coherent=0|margin_stable=1|fcf_margin=1|cash_real=1|low_debt=1|no_dilution=1|predictable=1|recession_tested=1,0.0999,19.9725,31.5031,22.4764,8.04,354299000.0,0.0505,2026-06-30,2.14,0.0118,0.0423,0.0464,0.1284,599744000.0,1.9386,1.6928,450373000.0,399687000.0,1.1283,0.6667,10/15,0.1093,0.1122,0.1459,0.0519,0.0682,0.0369,0.1426,0.1762,-0.0166,0.0976,0.1022,0.2014,0.2074,0.1199,0.2275,-0.0029,-0.0081,0.0592,-0.135,1.15,"insider buying (1 Form 4s, $0.07M); next report ~2026-10-30",2026-10-30,,0.906,66570
ITT,ITT INC.,NYSE,Industrials,Pumps & Pumping Equipment,ABOVE STICKER,C,201.37,2026-10-09,17801108000.0,117.6106,58.8053,88.9677,51.1686,1.7122,,0,0.8,roic_consistent=1|roic_not_falling=1|growth_coherent=1|margin_stable=1|fcf_margin=1|cash_real=1|low_debt=0|no_dilution=1|predictable=1|recession_tested=0,0.1451,24.0743,24.0743,39.4843,5.1,509500000.0,0.0286,2026-07-04,1.509,0.0075,0.1273,0.1759,0.1882,2967500000.0,0.9525,5.8243,690000000.0,2376700000.0,1.2088,0.6,9/15,0.1466,0.1547,0.1121,0.0471,0.0971,0.0848,0.0465,0.4907,-0.0332,0.1303,0.1598,0.514,0.1128,0.0894,0.1888,-0.0233,-0.0136,0.0327,-0.1257,1.3,"insider buying (1 Form 4s, $1.00M); next report ~2026-11-05",2026-11-05,debt > 3 years of FCF,0.901,216228
BWXT,"BWX TECHNOLOGIES, INC.",NYSE,Industrials,Engines & Turbines,ABOVE STICKER,B,143.83,2026-10-09,13226308784.24,31.5345,15.7673,39.2105,36.2004,4.561,,0,0.6,roic_consistent=1|roic_not_falling=0|growth_coherent=1|margin_stable=0|fcf_margin=0|cash_real=1|low_debt=0|no_dilution=1|predictable=1|recession_tested=1,0.078,15.5972,24.2556,37.2617,3.86,316762000.0,0.0239,2026-06-30,1.06,0.0074,0.0527,0.2168,0.1527,2019897000.0,6.8271,6.3767,474061000.0,1411694000.0,1.1284,0.7333,11/15,0.1815,0.1325,0.1032,0.0849,0.0854,0.183,0.1137,0.0423,0.1661,0.1844,0.1576,0.1405,0.0365,0.1956,0.1749,0.0665,-0.0419,-0.2267,-0.4052,1.22,-41% off 52w high; next report ~2026-11-02,2026-11-02,debt > 3 years of FCF,0.872,1486957
FTNT,"FORTINET, INC.",Nasdaq,Information Technology,"Computer Peripheral Equipment, NEC",ABOVE STICKER,B,194.75,2026-10-09,144368175000.0,84.9,42.45,66.3759,50.4452,2.2939,,0,0.9,roic_consistent=1|roic_not_falling=1|growth_coherent=0|margin_stable=1|fcf_margin=1|cash_real=1|low_debt=1|no_dilution=1|predictable=1|recession_tested=1,0.15,30.0,49.3774,68.8163,2.83,3117000000.0,0.0216,2026-06-30,,,,0.2358,0.4189,496900000.0,0.2231,0.1594,3739500000.0,-2438000000.0,1.5264,0.7333,11/15,0.6543,1.0745,0.9709,0.2102,0.2125,0.1417,0.7313,0.3307,0.0708,0.0656,0.0965,-0.1637,0.248,0.1904,0.1472,0.0763,0.2478,0.2364,-0.001,0.0,next report ~2026-10-29,2026-10-29,,0.867,1262039
ROL,"ROLLINS, INC.",NYSE,Industrials,Services-To Dwellings & Other Buildings,ABOVE STICKER,C,31.98,2026-10-09,15395076060.0,13.5864,6.7932,16.0369,15.5514,2.3538,,0,1.0,roic_consistent=1|roic_not_falling=1|growth_coherent=1|margin_stable=1|fcf_margin=1|cash_real=1|low_debt=1|no_dilution=1|predictable=1|recession_tested=1,0.098,19.6098,50.1127,29.0727,1.1,619169000.0,0.0402,2026-06-30,0.732,0.0229,0.1401,-0.0058,0.0979,487107000.0,0.7479,0.7867,786442000.0,378022000.0,1.1645,0.6429,9/14,0.2954,0.307,0.2933,,0.1172,0.1099,0.0453,0.1508,0.1354,0.017,0.0766,0.0332,0.1319,0.0925,0.1159,0.0603,-0.0792,-0.2809,-0.5165,2.17,-52% off 52w high; 13D: SCHEDULE 13D/A 2026-09-21; next report ~2026-10-22,2026-10-22,,0.828,84839
CLMB,"Climb Global Solutions, Inc.",Nasdaq,Information Technology,Wholesale-Computers & Peripheral Equipment & Software,BUY*,B,33.26,2026-10-09,607194560.0,16.186,8.093,35.7827,26.5628,2.0549,PaybackTime,1,0.6,roic_consistent=1|roic_not_falling=1|growth_coherent=1|margin_stable=0|fcf_margin=0|cash_real=1|low_debt=1|no_dilution=0|predictable=1|recession_tested=0,0.15,14.3904,14.3904,29.5702,1.1248,41382000.0,0.0682,2026-06-30,0.0425,0.0013,-0.2421,0.3936,0.2586,0,0.0,0.0,48493000.0,-56563000.0,2.0153,0.7333,11/15,0.1541,0.1924,0.1913,0.055,0.21,0.4014,0.1429,0.3566,0.1429,0.1194,0.1983,0.2701,0.0733,-0.1525,-0.5079,0.014,0.2095,0.2927,-0.0516,0.0,next report ~2026-10-29,2026-10-29,micro-cap;cheap without an event (near 52w high): value-trap check,0.817,945983
VRT,Vertiv Holdings Co,NYSE,Information Technology,"Electronic Components, NEC",ABOVE STICKER,C,242.78,2026-10-09,95293890257.86,132.6,66.3,117.8294,84.9856,1.8309,,0,0.5714,roic_consistent=?|roic_not_falling=1|growth_coherent=?|margin_stable=0|fcf_margin=1|cash_real=1|low_debt=1|no_dilution=0|predictable=?|recession_tested=0,0.15,30.0,58.9052,54.9276,4.42,2929800000.0,0.0307,2026-06-30,0.252,0.001,0.9067,0.5658,,2939800000.0,1.5271,1.0034,3348700000.0,129200000.0,1.713,0.8182,9/11,-1.427,0.1196,0.2049,,0.1854,0.2769,,,1.6641,,0.4333,0.6011,,0.5886,0.6022,-0.0373,-0.0556,-0.2386,-0.361,1.04,-36% off 52w high; 8-K: 2026-09-24: 7.01 Reg FD disclosure; next report ~2026-10-28,2026-10-28,,0.806,1674101
FTDR,"Frontdoor, Inc.",Nasdaq,Industrials,Services-To Dwellings & Other Buildings,ABOVE STICKER,B,79.8,2026-10-09,5713680000.0,27.442,13.721,59.8963,58.8966,2.908,,0,0.8,roic_consistent=1|roic_not_falling=1|growth_coherent=1|margin_stable=0|fcf_margin=1|cash_real=1|low_debt=0|no_dilution=1|predictable=1|recession_tested=1,0.0726,14.5282,21.9366,21.0554,3.79,386000000.0,0.0676,2026-06-30,,,,0.1637,,1160000000.0,3.0077,3.0052,475000000.0,533000000.0,1.4088,0.7273,8/11,0.1871,0.1788,0.1802,,0.0726,0.1356,,0.2116,0.1362,,,0.0601,,0.1498,0.5407,0.0331,-0.0149,0.0596,-0.1459,0.18,8-K: 2026-09-03: 5.02 Director/officer change; next report ~2026-11-05,2026-11-05,debt > 3 years of FCF,0.8,1727263
PGNY,"Progyny, Inc.",Nasdaq,Health Care,"Services-Misc Health & Allied Services, NEC",BUY*,C,27.93,2026-10-09,2331497136.78,5.8281,2.914,23.1419,28.3567,4.7923,TenCap,1,0.8571,roic_consistent=?|roic_not_falling=1|growth_coherent=?|margin_stable=1|fcf_margin=1|cash_real=1|low_debt=1|no_dilution=1|predictable=?|recession_tested=0,0.067,13.3994,61.3996,30.3587,0.92,178384000.0,0.0765,2026-06-30,,,,-0.1453,,0,0.0,0.0,236712000.0,-152632000.0,2.4863,0.8182,9/11,0.0882,0.1001,0.1074,,0.3017,0.104,,0.067,0.1404,,0.2779,0.2987,,0.4216,0.1736,0.107,0.0212,-0.0887,-0.1553,0.22,next report ~2026-11-06,2026-11-06,,0.799,1551306
GRNT,"GRANITE RIDGE RESOURCES, INC.",NYSE,Energy,Crude Petroleum & Natural Gas,BUY*,C,4.77,2026-10-09,623501010.0,,,30.9415,16.4028,,PaybackTime+TenCap,2,0.5,roic_consistent=?|roic_not_falling=0|growth_coherent=?|margin_stable=0|fcf_margin=1|cash_real=?|low_debt=1|no_dilution=1|predictable=?|recession_tested=0,0.15,,11.9878,,-0.22,256208000.0,0.4109,2026-06-30,0.44,0.0922,,-0.0815,,462108000.0,1.2409,1.8036,256208000.0,418016000.0,,0.6364,7/11,0.1396,0.1825,0.0362,,0.389,0.1849,,,0.2857,,0.1074,-0.0486,,0.3472,0.075,0.0671,-0.0665,0.0438,-0.2238,2.02,"-22% off 52w high; insider buying (3 Form 4s, $0.11M); 13D: SCHEDULE 13D/A 2026-09-04, SCHEDULE 13D/A 2026-08-21; 8-K: 2026-08-19: 5.02 Director/officer change; 7.01 Reg FD disclosure; 8.01 Other event; next report ~2026-11-05",2026-11-05,micro-cap,0.778,1928446
ACLS,AXCELIS TECHNOLOGIES INC,Nasdaq,Industrials,"Special Industry Machinery, NEC",ABOVE STICKER,B,134.71,2026-10-09,4187325640.0,62.3966,31.1983,33.2902,25.3844,2.1589,,0,0.6,roic_consistent=1|roic_not_falling=1|growth_coherent=0|margin_stable=1|fcf_margin=0|cash_real=0|low_debt=1|no_dilution=1|predictable=0|recession_tested=1,0.15,20.9385,20.9385,45.2047,2.98,65552000.0,0.0157,2026-06-30,,,,0.1956,0.2591,28181000.0,0.0,0.4299,78905000.0,-126815000.0,0.7065,0.7333,11/15,0.1527,0.2063,0.1003,0.1213,0.1207,-0.1757,0.2273,0.2108,-0.3821,0.1831,0.1828,0.055,0.2054,0.1116,-0.1599,-0.0884,0.1876,-0.0603,-0.3048,0.82,-30% off 52w high; next report ~2026-11-05,2026-11-05,cash not real: owner earnings < 75% of net income,0.772,1113232
HUBB,HUBBELL INC,NYSE,Information Technology,Electronic Components & Accessories,ABOVE STICKER,C,474.11,2026-10-09,25270063000.0,279.562,139.781,228.4623,175.6023,1.6959,,0,0.9,roic_consistent=1|roic_not_falling=1|growth_coherent=1|margin_stable=1|fcf_margin=1|cash_real=1|low_debt=0|no_dilution=1|predictable=1|recession_tested=1,0.1138,22.7551,24.1791,28.0207,16.92,909300000.0,0.036,2026-03-31,5.68,0.012,0.077,0.2066,0.1791,2573000000.0,2.328,2.8296,1143100000.0,2071400000.0,1.004,0.6,9/15,0.1382,0.1535,0.1637,0.056,0.0968,0.0384,0.1324,0.208,0.1494,0.0913,0.1362,0.1436,0.1174,0.0971,0.0389,-0.003,0.0298,-0.0343,-0.1616,0.25,next report ~2026-10-28,2026-10-28,,0.771,48898
EXR,EXTRA SPACE STORAGE INC.,NYSE,Real Estate,Real Estate Investment Trusts,ABOVE STICKER,B,134.65,2026-10-09,29669191009.25,37.6144,18.8072,78.7416,70.9307,3.5797,,0,0.7,roic_consistent=1|roic_not_falling=0|growth_coherent=1|margin_stable=0|fcf_margin=1|cash_real=1|low_debt=1|no_dilution=0|predictable=1|recession_tested=1,0.0787,15.7447,30.3143,29.7241,4.53,1519120000.0,0.0512,2026-06-30,6.48,0.0481,0.0932,-0.0348,0.1096,560613000.0,0.0,0.369,1562908000.0,-134558000.0,1.586,0.7143,10/14,0.2055,0.1783,0.1005,,0.2002,0.037,0.114,0.0435,0.139,0.1444,0.2639,-0.0381,0.1755,0.1913,-0.0197,0.0105,-0.0217,-0.0647,-0.1525,0.21,8-K: 2026-08-24: 5.02 Director/officer change; 7.01 Reg FD disclosure; next report ~2026-10-30,2026-10-30,ROIC falling: check capital allocation,0.681,1289490
ADSK,"Autodesk, Inc.",Nasdaq,Information Technology,Services-Prepackaged Software,NO STICKER,C,235.35,2026-10-09,49894200000.0,,,107.1321,155.7547,,,0,0.8889,roic_consistent=0|roic_not_falling=1|growth_coherent=?|margin_stable=1|fcf_margin=1|cash_real=1|low_debt=1|no_dilution=1|predictable=1|recession_tested=1,-0.0078,,53.5566,30.4858,7.72,2839000000.0,0.0569,2026-07-31,,,,-0.0579,0.1256,2500000000.0,1.0378,0.8806,3302000000.0,-1598000000.0,1.729,0.6667,10/15,0.0881,0.2085,0.1995,0.1115,0.1371,0.1753,,-0.0078,0.0215,0.0705,0.2665,0.1726,0.1947,0.1128,0.5258,0.1101,0.1081,0.129,-0.2645,1.83,"-26% off 52w high; insider buying (2 Form 4s, $0.88M); 8-K: 2026-09-10: 1.01 Material agreement; 2.03 New debt obligation; 8.01 Other event; next report ~2026-11-27",2026-11-27,,0.68,769397
LNN,Lindsay Corporation,NYSE,Industrials,Farm Machinery & Equipment,ABOVE STICKER,C,112.02,2026-10-09,1177218180.0,62.8926,31.4463,52.9903,84.5723,1.7811,,0,0.6,roic_consistent=0|roic_not_falling=1|growth_coherent=1|margin_stable=1|fcf_margin=0|cash_real=1|low_debt=0|no_dilution=1|predictable=0|recession_tested=1,0.0969,19.3733,25.6393,21.501,5.21,44903000.0,0.0381,2026-05-31,1.49,0.0133,0.0277,-0.0406,0.041,114905000.0,1.2698,2.559,88877000.0,-39855000.0,1.312,0.7333,11/15,0.0899,0.1165,0.1065,0.019,0.0734,0.1141,0.1181,0.1375,0.1281,0.072,0.1217,0.1181,0.1043,0.2362,0.3879,-0.0204,-0.0372,-0.0158,-0.2431,0.57,-24% off 52w high; 8-K: 2026-08-28: 5.02 Director/officer change; next report ~2026-12-31,2026-12-31,,0.647,836157
AME,"AMETEK, Inc.",NYSE,Information Technology,"Industrial Instruments For Measurement, Display, and Control",ABOVE STICKER,C,248.58,2026-10-09,57134870100.0,98.5585,49.2793,102.7397,87.0981,2.5222,,0,1.0,roic_consistent=1|roic_not_falling=1|growth_coherent=1|margin_stable=1|fcf_margin=1|cash_real=1|low_debt=1|no_dilution=1|predictable=1|recession_tested=1,0.1062,21.2431,28.7532,36.3421,6.84,1824950000.0,0.0319,2026-06-30,1.33,0.0054,0.1126,0.141,0.1895,2036174000.0,0.6427,1.1157,2155980000.0,1540728000.0,1.1578,0.6667,10/15,0.1242,0.1283,0.1343,0.0642,0.1027,0.0663,0.1008,0.1116,0.0793,0.1306,0.123,0.1052,0.1036,0.0706,-0.0148,-0.0133,0.0277,0.0624,-0.0482,1.2,"insider buying (1 Form 4s, $1.02M); 8-K: 2026-08-26: 8.01 Other event; next report ~2026-11-03",2026-11-03,,0.633,1037868
OTTR,OTTER TAIL CORPORATION,Nasdaq,Utilities,Electric Services,ABOVE STICKER,C,87.46,2026-10-09,3682066000.0,63.1258,31.5629,,48.0194,1.3855,,0,0.2,roic_consistent=0|roic_not_falling=1|growth_coherent=0|margin_stable=0|fcf_margin=0|cash_real=1|low_debt=0|no_dilution=0|predictable=0|recession_tested=0,0.1319,15.9749,15.9749,18.8898,4.63,-79267000.0,-0.0215,2026-06-30,2.259,0.0258,0.0796,0.0972,0.1164,1212866000.0,9.8406,,295610000.0,934483000.0,1.4828,0.6,9/15,0.1012,0.1229,0.0967,0.0524,0.0803,-0.0228,0.1528,0.2286,-0.0865,0.1065,0.1573,0.1146,0.1263,0.1274,-0.1474,-0.0159,-0.0068,-0.0169,-0.0802,0.0,8-K: 2026-09-01: 5.02 Director/officer change; next report ~2026-11-04,2026-11-04,debt > 3 years of FCF,0.629,1466593
RVLV,"REVOLVE GROUP, INC.",NYSE,Consumer Discretionary,Retail-Catalog & Mail-Order Houses,ABOVE STICKER,B,21.69,2026-10-09,1565454060.0,1.0233,0.5117,3.3077,8.3782,21.1952,,0,0.4444,roic_consistent=0|roic_not_falling=0|growth_coherent=0|margin_stable=1|fcf_margin=0|cash_real=0|low_debt=1|no_dilution=1|predictable=?|recession_tested=1,0.0171,3.425,37.3635,21.2647,1.02,27625000.0,0.0176,2026-06-30,,,,-0.219,,0,0.0,0.0,60469000.0,-311571000.0,0.5178,0.7273,8/11,0.2153,0.1407,0.1076,,0.1612,0.0848,,0.0171,0.2464,,0.2069,0.1641,,-0.0424,1.2252,0.0453,0.0265,-0.0936,-0.3153,0.86,-32% off 52w high; next report ~2026-11-03,2026-11-03,cash not real: owner earnings < 75% of net income,0.614,1746618
CW,CURTISS-WRIGHT CORPORATION,NYSE,Industrials,Misc Industrial & Commercial Machinery & Equipment,ABOVE STICKER,C,512.6,2026-10-09,19009771000.0,176.4375,88.2188,209.394,195.8458,2.9053,,0,0.7,roic_consistent=0|roic_not_falling=1|growth_coherent=0|margin_stable=1|fcf_margin=1|cash_real=1|low_debt=1|no_dilution=1|predictable=1|recession_tested=0,0.0972,19.4341,22.6937,35.2787,14.53,625289000.0,0.0329,2026-06-30,1.0,0.002,0.0739,0.3233,0.1834,957387000.0,1.3687,1.5311,774318000.0,480238000.0,1.1554,0.6667,10/15,0.1114,0.1169,0.1503,0.0472,0.0791,0.1208,0.1549,0.2181,0.2199,0.0983,0.0961,0.0546,0.1475,0.1976,0.1821,-0.0606,-0.0828,-0.3208,-0.3657,2.09,"-37% off 52w high; insider buying (1 Form 4s, $0.15M); 8-K: 2026-10-06: 5.02 Director/officer change; next report ~2026-11-05",2026-11-05,,0.556,26324
SPGI,S&P Global Inc.,NYSE,Industrials,"Services-Consumer Credit Reporting, Collection Agencies",ABOVE STICKER,C,407.82,2026-10-09,121367232000.0,243.8739,121.9369,245.7003,197.957,1.6723,,0,0.4,roic_consistent=0|roic_not_falling=0|growth_coherent=0|margin_stable=0|fcf_margin=1|cash_real=1|low_debt=0|no_dilution=0|predictable=1|recession_tested=1,0.1099,21.9888,31.857,25.7951,15.81,5556000000.0,0.0458,2026-03-31,3.7136,0.0091,0.0566,-0.0105,0.1485,13318000000.0,2.2672,2.397,7042000000.0,11508000000.0,1.1633,0.6667,10/15,0.3599,0.18,0.1153,0.1118,0.1556,0.0794,0.1329,0.087,0.187,0.6442,1.1737,-0.0404,0.3185,0.0964,-0.0067,0.0558,-0.007,-0.0527,-0.2194,0.48,-22% off 52w high; next report ~2026-10-27,2026-10-27,financial (bank/insurer/broker): OCF-based tests less meaningful;ROIC falling: check capital allocation,0.509,64040
LWAY,"LIFEWAY FOODS, INC.",Nasdaq,Consumer Staples,Dairy Products,ABOVE STICKER,C,22.16,2026-10-09,339801440.0,9.1331,4.5666,,7.5342,2.4263,,0,0.3,roic_consistent=0|roic_not_falling=1|growth_coherent=0|margin_stable=1|fcf_margin=0|cash_real=0|low_debt=0|no_dilution=1|predictable=0|recession_tested=0,0.1017,20.3342,33.5333,32.1159,0.69,-31115000.0,-0.0916,2026-06-30,,,,0.3228,0.067,3500000.0,0.0,,11553000.0,-3587000.0,0.6394,0.6667,10/15,0.0591,0.1089,0.1327,0.0447,0.1581,0.1374,0.2219,0.3349,0.4833,0.0714,0.1319,0.162,0.0496,0.1139,-0.1554,0.0448,-0.0996,-0.3009,-0.3225,3.39,"-32% off 52w high; insider buying (3 Form 4s, $8.35M); 13D: SCHEDULE 13D/A 2026-05-20, SCHEDULE 13D/A 2026-05-20; 8-K: 2026-08-13: 2.02 Earnings release; next report ~2026-11-12",2026-11-12,micro-cap;cash not real: owner earnings < 75% of net income;debt > 3 years of FCF,0.481,814586
FIX,"COMFORT SYSTEMS USA, INC.",NYSE,Industrials,Electrical Work,ABOVE STICKER,C,1715.69,2026-10-09,60486650950.0,863.8957,431.9478,967.0786,817.1533,1.986,,0,0.9,roic_consistent=1|roic_not_falling=1|growth_coherent=0|margin_stable=1|fcf_margin=1|cash_real=1|low_debt=1|no_dilution=1|predictable=1|recession_tested=1,0.15,21.2625,21.2625,42.2272,40.63,2159806000.0,0.0357,2026-06-30,3.0,0.0017,0.455,0.8002,0.5008,54064000.0,0.1348,0.025,2880874000.0,-1800730000.0,1.7275,0.7333,11/15,0.1798,0.1945,0.0525,0.0148,-0.0851,-0.7394,0.3635,0.4783,0.9781,0.2241,0.2954,0.4512,0.2834,0.3287,0.3973,-0.0071,0.0147,-0.023,-0.1728,0.29,next report ~2026-10-22,2026-10-22,,0.467,1035983
EVTC,"EVERTEC, Inc.",NYSE,Information Technology,Services-Computer Processing & Data Preparation,BUY*,C,29.64,2026-10-09,1838584434.96,13.2612,6.6306,38.6591,21.8267,2.2351,PaybackTime,1,0.7,roic_consistent=1|roic_not_falling=0|growth_coherent=1|margin_stable=0|fcf_margin=1|cash_real=1|low_debt=0|no_dilution=1|predictable=1|recession_tested=1,0.0804,16.0781,20.1694,19.2468,1.54,208382000.0,0.1133,2026-06-30,0.15,0.0051,-0.0559,-0.0759,0.057,1251705000.0,5.1703,6.0068,234497000.0,991046000.0,2.0634,0.6,9/15,0.1365,0.131,0.1043,0.0957,0.1279,0.1021,0.0708,0.09,0.2717,0.2246,0.1585,0.3289,0.034,0.0266,-0.1271,0.0885,0.0126,0.0133,-0.1386,1.24,"insider buying (1 Form 4s, $0.43M); next report ~2026-11-05",2026-11-05,debt > 3 years of FCF,0.46,1559865
GD,GENERAL DYNAMICS CORPORATION,NYSE,Industrials,Ship & Boat Building & Repairing,ABOVE STICKER,C,331.27,2026-10-09,90810713830.0,84.7599,42.38,238.6628,254.807,3.9083,,0,1.0,roic_consistent=1|roic_not_falling=1|growth_coherent=1|margin_stable=1|fcf_margin=1|cash_real=1|low_debt=1|no_dilution=1|predictable=1|recession_tested=1,0.0612,12.2487,18.9865,21.4414,15.45,6201000000.0,0.0683,2026-04-05,7.77,0.0235,0.1072,0.1257,0.0896,8014000000.0,1.7699,1.2924,7421000000.0,4360000000.0,1.495,0.6,9/15,0.1494,0.1282,0.1354,0.0516,0.0674,0.1013,0.0522,0.0703,0.1335,0.114,0.1157,0.1829,0.0744,0.0582,0.2451,0.0036,-0.0692,-0.1168,-0.1718,0.79,"13D: SCHEDULE 13D/A 2026-10-06, SCHEDULE 13D/A 2026-08-28; 8-K: 2026-10-08: 5.02 Director/officer change; next report ~2026-10-28",2026-10-28,,0.397,40533
AIZ,"Assurant, Inc.",NYSE,Financials,"Insurance Carriers, NEC",BUY*,C,266.49,2026-10-09,13346556577.83,82.0866,41.0433,330.2216,373.0664,3.2465,PaybackTime+TenCap,2,0.6667,roic_consistent=0|roic_not_falling=1|growth_coherent=0|margin_stable=?|fcf_margin=1|cash_real=1|low_debt=1|no_dilution=1|predictable=1|recession_tested=0,0.0492,9.8359,14.4737,12.7568,20.89,1655600000.0,0.124,2026-06-30,3.52,0.0132,0.0592,0.1237,0.1412,2207500000.0,0.0,1.3334,1919300000.0,508800000.0,1.5567,0.6,9/15,0.114,0.1491,0.1486,0.0218,0.0595,0.0789,0.2351,0.1939,0.1708,0.0578,0.0406,0.1715,0.2308,0.0644,0.3761,-0.0031,-0.0565,-0.0445,-0.1232,0.09,next report ~2026-11-05,2026-11-05,financial (bank/insurer/broker): OCF-based tests less meaningful,0.389,1267238
DXCM,"DEXCOM, INC.",Nasdaq,Health Care,Surgical & Medical Instruments & Apparatus,ABOVE STICKER,C,84.11,2026-10-09,32954298000.0,29.2209,14.6104,44.0192,45.0459,2.8784,,0,0.7778,roic_consistent=0|roic_not_falling=1|growth_coherent=?|margin_stable=0|fcf_margin=1|cash_real=1|low_debt=1|no_dilution=1|predictable=1|recession_tested=1,0.0946,18.9218,70.4605,33.2451,2.53,1405000000.0,0.0426,2026-06-30,,,,-0.1155,0.1794,2900000.0,0.0,0.0021,1764900000.0,-1102100000.0,1.485,0.8,12/15,0.0847,0.1955,0.2551,0.2777,0.1933,0.156,,0.0946,0.4718,0.2844,0.129,0.3292,0.4023,0.2481,0.456,-0.0146,0.013,0.1221,-0.0916,0.0,8-K: 2026-09-14: 5.02 Director/officer change; 7.01 Reg FD disclosure; next report ~2026-10-29,2026-10-29,,0.378,1093557
CIGI,Colliers International Group Inc.,Nasdaq,Real Estate,Real Estate,ABOVE STICKER,C,86.6,2026-10-09,4423823912.2,36.0956,18.0478,66.5062,36.9418,2.3992,,0,0.5,roic_consistent=0|roic_not_falling=1|growth_coherent=1|margin_stable=0|fcf_margin=0|cash_real=1|low_debt=0|no_dilution=0|predictable=1|recession_tested=1,0.1157,23.1482,46.2214,41.0427,2.11,251438000.0,0.0568,2025-12-31,0.3,0.0035,0.2457,-0.0957,0.0968,1636711000.0,6.4967,6.5094,331592000.0,1428809000.0,2.4388,0.6667,10/15,0.1087,0.0601,0.0863,0.1243,0.1481,0.1527,0.1254,0.1061,-0.3727,1.4553,0.1567,0.1369,0.077,0.1467,0.0127,-0.0354,-0.0723,-0.1131,-0.4951,2.08,-50% off 52w high; 13D: SCHEDULE 13D/A 2026-09-28; next report ~2026-10-30,2026-10-30,EPS from yahoo TTM to 2026-06-30;debt > 3 years of FCF,0.353,913353
CTAS,Cintas Corporation,Nasdaq,Consumer Discretionary,"Men's & Boys' Furnishgs, Work Clothg, & Allied Garments",ABOVE STICKER,C,202.41,2026-10-09,81832338900.0,63.8913,31.9456,63.0105,58.2167,3.168,,0,1.0,roic_consistent=1|roic_not_falling=1|growth_coherent=1|margin_stable=1|fcf_margin=1|cash_real=1|low_debt=1|no_dilution=1|predictable=1|recession_tested=1,0.0991,19.8185,33.7415,39.9231,5.07,2033450000.0,0.0248,2026-08-31,1.87,0.0092,0.0465,0.1433,0.2293,2428845000.0,0.7597,1.1944,2572168000.0,2185246000.0,0.9869,0.6667,10/15,0.211,0.2588,0.3168,0.0891,0.0962,0.0894,0.122,0.1391,0.1159,0.1169,0.0813,0.1083,0.1719,0.1084,0.051,0.0486,0.0045,0.1268,-0.0765,0.0,8-K: 2026-10-06: 8.01 Other event; next report ~2027-01-06,2027-01-06,,0.333,723254
RMBS,RAMBUS INC,Nasdaq,Information Technology,Semiconductors & Related Devices,ABOVE STICKER,C,107.47,2026-10-09,11791178520.0,1.9492,0.9746,26.2711,37.0555,55.1346,,0,0.7,roic_consistent=0|roic_not_falling=1|growth_coherent=0|margin_stable=1|fcf_margin=1|cash_real=1|low_debt=1|no_dilution=1|predictable=1|recession_tested=0,0.016,3.2034,45.6467,51.1762,2.1,335209000.0,0.0284,2026-03-31,,,,0.3562,0.2355,0,0.0,0.0,406558000.0,-134324000.0,1.5373,0.6667,10/15,0.0465,0.1102,0.1559,0.091,0.235,0.2713,0.016,,0.2788,0.1079,0.0916,0.2153,0.1664,0.1419,0.5612,-0.0402,0.2357,-0.0413,-0.3827,1.13,-38% off 52w high; 8-K: 2026-09-04: 5.02 Director/officer change; next report ~2026-10-27,2026-10-27,,0.316,917273
NBIX,NEUROCRINE BIOSCIENCES INC,Nasdaq,Health Care,"Biological Products, (No Diagnostic Substances)",ABOVE STICKER,C,142.44,2026-10-09,14785272000.0,9.971,4.9855,74.5457,106.4644,14.2854,,0,0.6667,roic_consistent=0|roic_not_falling=1|growth_coherent=?|margin_stable=0|fcf_margin=1|cash_real=1|low_debt=1|no_dilution=0|predictable=1|recession_tested=1,0.0234,4.6797,51.3665,20.8246,6.84,870400000.0,0.0589,2026-06-30,,,,0.0618,0.1194,0,0.0,0.0,1105100000.0,-332400000.0,1.2337,0.7333,11/15,0.02,0.1079,0.1291,0.6445,0.2229,0.2145,,0.0234,0.4195,0.2024,0.2248,0.2709,,0.2792,0.3146,-0.0052,-0.0882,-0.1958,-0.2347,0.54,-23% off 52w high; 8-K: 2026-09-28: 5.02 Director/officer change; next report ~2026-10-30,2026-10-30,,0.268,914475
MAMA,"Mama’s Creations, Inc.",Nasdaq,Consumer Staples,Sausages & Other Prepared Meat Products,ABOVE STICKER,C,13.55,2026-10-09,600725700.0,0.1592,0.0796,3.3558,4.4043,85.1299,,0,0.6667,roic_consistent=1|roic_not_falling=1|growth_coherent=?|margin_stable=0|fcf_margin=0|cash_real=1|low_debt=1|no_dilution=0|predictable=1|recession_tested=1,0.0161,3.2275,49.3056,79.7059,0.17,17293000.0,0.0288,2026-07-31,,,,0.3819,,5588000.0,0.5721,0.3231,19526000.0,-133029000.0,2.3388,0.6667,10/15,0.2242,0.165,0.0943,0.2985,0.3333,0.3923,,0.0161,0.4444,,0.3909,1.0134,,0.253,1.2061,0.048,-0.0795,-0.2887,-0.3548,1.02,-35% off 52w high; 8-K: 2026-09-03: 2.02 Earnings release; next report ~2026-12-03,2026-12-03,micro-cap;ROIC falling: check capital allocation,0.255,1520358
STX,Seagate Technology Holdings plc,Nasdaq,Information Technology,Computer Storage Devices,ABOVE STICKER,C,783.0,2026-10-09,179307000000.0,180.597,90.2985,214.0395,162.3537,4.3356,,0,0.7,roic_consistent=1|roic_not_falling=1|growth_coherent=0|margin_stable=0|fcf_margin=1|cash_real=1|low_debt=1|no_dilution=1|predictable=0|recession_tested=1,0.15,12.9926,12.9926,56.3309,13.9,3105000000.0,0.0173,2026-07-03,2.96,0.0038,0.0201,0.5859,0.404,3565000000.0,1.0886,1.1481,3904000000.0,1861000000.0,1.0672,0.6667,10/15,0.2531,0.2879,0.6368,0.0089,0.0269,0.3406,0.3272,0.21,1.0532,0.0602,0.2973,,0.0814,0.1771,2.3924,-0.0777,-0.0568,-0.1399,-0.3162,0.86,-32% off 52w high; 8-K: 2026-09-09: 3.02 Unregistered equity sale; 7.01 Reg FD disclosure; 8.01 Other event; next report ~2026-10-13,2026-10-13,,0.248,1137789
NYT,THE NEW YORK TIMES COMPANY,NYSE,Communication Services,Newspapers: Publishing or  Publishing & Printing,ABOVE STICKER,C,66.32,2026-10-09,10834963680.0,27.8895,13.9447,46.8771,44.5603,2.378,,0,0.9,roic_consistent=1|roic_not_falling=1|growth_coherent=0|margin_stable=1|fcf_margin=1|cash_real=1|low_debt=1|no_dilution=1|predictable=1|recession_tested=1,0.0949,18.9839,34.6857,27.6333,2.4,623018000.0,0.0575,2026-06-30,0.87,0.0131,0.2637,0.051,0.189,246164000.0,0.0,0.3951,729350000.0,13507000.0,1.586,0.6,9/15,0.1186,0.1293,0.1611,0.0599,0.0963,0.0924,0.1859,0.2835,0.1808,0.0956,0.0943,0.0647,0.1256,0.1443,0.4238,0.0577,-0.0084,-0.1153,-0.2386,0.55,-24% off 52w high; 8-K: 2026-09-09: 5.02 Director/officer change; next report ~2026-11-04,2026-11-04,,0.237,71691
MSI,"Motorola Solutions, Inc.",NYSE,Information Technology,Radio & Tv Broadcasting & Communications Equipment,ABOVE STICKER,C,444.18,2026-10-09,74444568000.0,120.1739,60.087,187.5648,151.2112,3.6961,,0,0.9,roic_consistent=1|roic_not_falling=1|growth_coherent=1|margin_stable=1|fcf_margin=1|cash_real=1|low_debt=0|no_dilution=1|predictable=1|recession_tested=1,0.0848,16.9689,32.1752,35.0024,12.69,2677000000.0,0.036,2026-07-04,4.84,0.0109,0.1125,0.1358,0.2056,8417000000.0,3.271,3.1442,3305000000.0,7707000000.0,1.2545,0.6667,10/15,0.2671,0.2648,0.2121,0.0745,0.0952,0.08,0.1549,0.1853,0.3814,,,0.4302,0.1076,0.1196,0.1865,-0.0072,-0.0472,0.0504,-0.1024,0.01,8-K: 2026-09-09: 8.01 Other event; next report ~2026-11-04,2026-11-04,debt > 3 years of FCF,0.236,68505
TT,TRANE TECHNOLOGIES PLC,NYSE,Information Technology,Auto Controls For Regulating Residential & Comml Environments,ABOVE STICKER,C,476.98,2026-10-09,106271144000.0,115.0711,57.5355,183.6243,178.1845,4.1451,,0,0.9,roic_consistent=1|roic_not_falling=1|growth_coherent=0|margin_stable=1|fcf_margin=1|cash_real=1|low_debt=1|no_dilution=1|predictable=1|recession_tested=1,0.0809,16.1844,26.3433,36.1075,13.21,3546500000.0,0.0334,2026-06-30,3.15,0.0066,0.0649,0.2277,0.2558,4616800000.0,1.395,1.3018,4255300000.0,2853500000.0,1.2026,0.6667,10/15,0.1686,0.2129,0.2565,0.0483,0.1135,0.0748,0.18,0.2982,0.1548,0.0579,0.0767,0.1683,0.1365,0.1736,0.0155,0.0282,0.0779,-0.0057,-0.0571,0.0,next report ~2026-10-29,2026-10-29,,0.233,1466258
FFIV,"F5, INC.",Nasdaq,Information Technology,Computer Communications Equipment,ABOVE STICKER,C,479.83,2026-10-09,27673715420.0,229.2239,114.6119,231.06,190.1189,2.0933,,0,1.0,roic_consistent=1|roic_not_falling=1|growth_coherent=1|margin_stable=1|fcf_margin=1|cash_real=1|low_debt=1|no_dilution=1|predictable=1|recession_tested=1,0.1195,23.8988,24.2177,38.2335,12.55,969595000.0,0.035,2026-06-30,,,,0.1776,0.1314,0,0.0,0.0,1096492000.0,-1605782000.0,1.3346,0.6,9/15,0.209,0.1505,0.1826,0.0487,0.0561,0.0966,0.089,0.1869,0.2356,0.1293,0.1097,0.161,0.0333,0.0752,0.1984,0.0568,0.1655,0.1149,-0.0055,0.0,next report ~2026-11-05,2026-11-05,,0.2,1048695
WM,WASTE MANAGEMENT INC,NYSE,Industrials,Refuse Systems,ABOVE STICKER,C,208.83,2026-10-09,84221139000.0,70.7125,35.3562,105.2826,51.2794,2.9532,,0,0.8,roic_consistent=1|roic_not_falling=1|growth_coherent=1|margin_stable=1|fcf_margin=1|cash_real=1|low_debt=0|no_dilution=1|predictable=1|recession_tested=0,0.0875,17.4938,31.3752,29.5375,7.07,3573000000.0,0.0424,2026-06-30,3.66,0.0175,0.1002,0.0709,0.1366,23356000000.0,7.8821,6.5368,4348000000.0,22799000000.0,1.2538,0.6667,10/15,0.117,0.113,0.1058,0.0688,0.1062,0.1424,0.1504,0.1374,-0.0162,0.0774,0.0711,0.2082,0.0911,0.1217,0.1212,0.0214,-0.0217,-0.105,-0.1584,0.23,8-K: 2026-08-26: 5.02 Director/officer change; 7.01 Reg FD disclosure; next report ~2026-10-28,2026-10-28,debt > 3 years of FCF,0.191,823768
POWL,"Powell Industries, Inc.",Nasdaq,Information Technology,Switchgear & Switchboard Apparatus,ABOVE STICKER,C,191.93,2026-10-09,7018112380.0,77.1015,38.5507,86.9859,82.6426,2.4893,,0,0.4,roic_consistent=0|roic_not_falling=1|growth_coherent=0|margin_stable=0|fcf_margin=1|cash_real=1|low_debt=1|no_dilution=0|predictable=0|recession_tested=0,0.1079,21.4522,21.4522,36.7716,5.2195,243958000.0,0.0348,2026-06-30,0.3593,0.0019,0.0072,0.8849,0.3294,0,0.0,0.0,302191000.0,-633561000.0,1.2971,0.7333,11/15,0.0767,0.1431,0.2631,0.0525,0.1632,0.0908,0.341,0.5994,0.2091,0.0653,0.1497,0.3287,0.2924,0.1833,0.5455,-0.0213,0.0517,-0.1734,-0.4148,1.26,-41% off 52w high; next report ~2026-11-03,2026-11-03,,0.182,80420
SNPS,SYNOPSYS INC,Nasdaq,Information Technology,Services-Prepackaged Software,ABOVE STICKER,C,509.99,2026-10-09,97908390190.0,171.6,85.8,225.933,121.2428,2.972,,0,0.7,roic_consistent=0|roic_not_falling=1|growth_coherent=1|margin_stable=1|fcf_margin=1|cash_real=1|low_debt=0|no_dilution=0|predictable=1|recession_tested=1,0.15,30.0,52.635,89.1591,5.72,2747706000.0,0.0281,2026-07-31,,,,0.0885,0.2394,10037360000.0,9.9784,3.653,2970738000.0,6431074000.0,2.5523,0.7333,11/15,0.1156,0.133,0.021,0.1214,0.1387,0.1512,0.1885,0.1349,-0.4459,0.2404,0.4025,1.966,0.1186,0.089,0.0793,0.041,0.2834,0.1448,-0.0547,0.0,8-K: 2026-10-05: 8.01 Other event; next report ~2026-11-25,2026-11-25,debt > 3 years of FCF,0.167,883241
WST,"WEST PHARMACEUTICAL SERVICES, INC.",NYSE,Health Care,Surgical & Medical Instruments & Apparatus,ABOVE STICKER,C,366.0,2026-10-09,26315400000.0,149.5484,74.7742,84.5641,86.9263,2.4474,,0,0.9,roic_consistent=1|roic_not_falling=1|growth_coherent=1|margin_stable=0|fcf_margin=1|cash_real=1|low_debt=1|no_dilution=1|predictable=1|recession_tested=1,0.1222,24.4482,46.3465,46.863,7.81,436900000.0,0.0166,2026-06-30,0.88,0.0024,0.0529,-0.029,0.1678,202900000.0,0.4325,0.4644,625000000.0,-232900000.0,0.8511,0.6,9/15,0.1568,0.1905,0.1381,0.0818,0.0744,0.0625,0.1798,0.0824,0.0149,0.1215,0.1229,0.2003,0.1352,0.0982,0.1552,0.0028,0.0571,0.0347,-0.0518,0.0,next report ~2026-10-22,2026-10-22,,0.1,105770
ELF,"e.l.f. Beauty, Inc.",NYSE,Consumer Staples,"Perfumes, Cosmetics & Other Toilet Preparations",ABOVE STICKER,C,109.23,2026-10-09,6524043017.25,29.4,14.7,74.045,42.7283,3.7153,,0,0.5,roic_consistent=0|roic_not_falling=1|growth_coherent=1|margin_stable=0|fcf_margin=1|cash_real=1|low_debt=0|no_dilution=0|predictable=1|recession_tested=0,0.15,30.0,48.3422,111.4592,0.98,280158000.0,0.0429,2026-06-30,,,,0.2745,0.1334,834176000.0,4.4284,2.9775,304199000.0,489935000.0,4.7002,0.7333,11/15,0.0842,0.1028,0.0243,0.217,0.3876,0.2459,,0.2967,-0.7708,0.2116,0.2972,0.4607,0.5853,0.4845,0.5878,0.0435,0.1271,0.4232,-0.2281,0.51,-23% off 52w high; next report ~2026-11-05,2026-11-05,,0.094,1600033
CMI,CUMMINS INC.,NYSE,Industrials,Engines & Turbines,ABOVE STICKER,C,523.39,2026-10-09,72541854000.0,200.3471,100.1735,294.7099,301.3781,2.6124,,0,0.7,roic_consistent=1|roic_not_falling=1|growth_coherent=1|margin_stable=1|fcf_margin=0|cash_real=1|low_debt=0|no_dilution=1|predictable=0|recession_tested=1,0.092,17.1833,17.1833,26.7582,19.56,3367000000.0,0.0464,2026-06-30,8.2,0.0157,0.0832,0.1951,0.1691,6888000000.0,2.8466,2.0457,4548000000.0,3709000000.0,1.2991,0.6,9/15,0.1773,0.1595,0.1569,0.0583,0.1119,-0.0127,0.1009,0.1129,-0.2774,0.0793,0.1047,0.2058,0.0578,0.0587,1.4351,-0.0093,-0.0599,-0.2257,-0.2906,0.76,-29% off 52w high; next report ~2026-11-03,2026-11-03,,0.09,26172
IDCC,"INTERDIGITAL, INC.",Nasdaq,Financials,Patent Owners & Lessors,ABOVE STICKER,C,331.31,2026-10-09,11519648700.0,169.6014,84.8007,224.4249,173.0684,1.9535,,0,0.5,roic_consistent=0|roic_not_falling=1|growth_coherent=1|margin_stable=0|fcf_margin=1|cash_real=1|low_debt=1|no_dilution=0|predictable=0|recession_tested=0,0.1247,24.9325,25.2247,38.9776,8.5,554583000.0,0.0481,2026-06-30,2.1,0.0063,0.0845,0.3957,0.1757,389100000.0,0.0308,0.7016,601759000.0,-226490000.0,1.8356,0.6667,10/15,0.184,0.2475,0.3573,0.0657,0.1836,-0.0397,0.1369,0.523,-0.0224,0.0836,0.0511,0.1071,0.1591,0.2721,1.0051,-0.0114,-0.0538,0.2508,-0.197,0.39,next report ~2026-10-29,2026-10-29,,0.024,1405495
MOD,MODINE MANUFACTURING CO,NYSE,Consumer Discretionary,Motor Vehicle Parts & Accessories,ABOVE STICKER,C,181.56,2026-10-09,9804240000.0,72.9527,36.4763,29.2915,34.5,2.4887,,0,0.3333,roic_consistent=0|roic_not_falling=1|growth_coherent=?|margin_stable=0|fcf_margin=0|cash_real=1|low_debt=0|no_dilution=0|predictable=1|recession_tested=0,0.15,27.2212,27.2212,67.7463,2.68,100200000.0,0.0102,2026-06-30,,,,0.7478,0.3172,477300000.0,3.6518,4.7635,224500000.0,382000000.0,1.2552,0.6667,10/15,0.0899,0.1529,0.1433,0.0893,0.1196,0.2313,,,-0.3392,0.1081,0.2671,0.3148,0.1313,0.1067,0.166,0.0189,-0.0409,-0.2617,-0.4383,1.35,-44% off 52w high; 8-K: 2026-10-01: 1.01 Material agreement; 2.01 Acquisition/disposition; 5.02 Director/officer change; 7.01 Reg FD disclosure; 8.01 Other event; next report ~2026-10-29,2026-10-29,debt > 3 years of FCF,0.004,67347
VMD,"VIEMED HEALTHCARE, INC.",Nasdaq,Health Care,"Services-Misc Health & Allied Services, NEC",NO STICKER,C,9.52,2026-10-09,388906337.12,,,5.7253,8.9803,,,0,0.4444,roic_consistent=0|roic_not_falling=0|growth_coherent=0|margin_stable=0|fcf_margin=0|cash_real=1|low_debt=1|no_dilution=1|predictable=?|recession_tested=1,-0.1386,,25.0,26.4444,0.36,29236000.0,0.0752,2026-06-30,,,,0.1064,,7091000.0,0.9464,0.2425,36686000.0,-3589000.0,2.0403,0.6364,7/11,0.1507,0.0858,0.1061,,0.1553,0.2052,,-0.1386,0.3214,,0.1146,0.0768,,0.0814,0.3281,0.0427,0.083,-0.2266,-0.245,1.08,-25% off 52w high; 13D: SCHEDULE 13D/A 2026-09-24; 8-K: 2026-08-20: 7.01 Reg FD disclosure; next report ~2026-11-02,2026-11-02,micro-cap,-0.013,1729149
MANH,"Manhattan Associates, Inc.",Nasdaq,Information Technology,Services-Prepackaged Software,ABOVE STICKER,C,204.89,2026-10-09,12194028350.0,104.7,52.35,105.882,80.8813,1.9569,,0,0.7,roic_consistent=1|roic_not_falling=1|growth_coherent=0|margin_stable=0|fcf_margin=1|cash_real=1|low_debt=1|no_dilution=1|predictable=0|recession_tested=1,0.15,30.0,61.822,58.7077,3.49,399191000.0,0.0327,2026-06-30,,,,0.0244,0.1471,0,0.0,0.0,481365000.0,-186110000.0,1.9418,0.6,9/15,0.615,0.6027,0.6839,0.2347,0.1302,0.0375,0.099,0.2149,0.0256,0.0692,0.0867,0.0717,0.1248,0.2255,0.3202,0.0036,0.0152,0.3227,-0.0975,0.0,next report ~2026-10-30,2026-10-30,,-0.014,1056696
DRS,"Leonardo DRS, Inc.",Nasdaq,Industrials,"Search, Detection, Navigation, Guidance, Aeronautical Sys",ABOVE STICKER,C,36.24,2026-10-09,9737688000.0,11.0174,5.5087,15.7871,17.4916,3.2893,,0,0.5,roic_consistent=?|roic_not_falling=1|growth_coherent=0|margin_stable=1|fcf_margin=0|cash_real=1|low_debt=1|no_dilution=0|predictable=?|recession_tested=0,0.0838,16.7545,25.4,30.4538,1.19,363000000.0,0.0373,2026-06-30,0.36,0.0099,,0.2906,0.415,149000000.0,1.533,0.4105,470000000.0,-121000000.0,1.2547,0.6364,7/11,0.102,0.1023,0.0935,,0.056,0.128,,0.2082,0.2875,,0.0838,0.0637,,0.2397,0.3506,-0.0152,0.0047,-0.1792,-0.2837,0.73,-28% off 52w high; next report ~2026-10-29,2026-10-29,,-0.045,1833756
RL,Ralph Lauren Corporation,NYSE,Consumer Discretionary,"Men's & Boys' Furnishgs, Work Clothg, & Allied Garments",ABOVE STICKER,C,371.28,2026-10-09,22759464000.0,107.226,53.613,157.5121,218.5971,3.4626,,0,0.7,roic_consistent=0|roic_not_falling=1|growth_coherent=1|margin_stable=0|fcf_margin=1|cash_real=1|low_debt=1|no_dilution=1|predictable=0|recession_tested=1,0.0697,13.9365,18.1141,23.3951,15.87,880800000.0,0.0387,2026-06-27,3.826,0.0103,0.2269,0.2621,0.1582,1239400000.0,1.0734,1.4071,1340000000.0,-479600000.0,1.0998,0.6,9/15,0.1213,0.1893,0.2309,0.0092,0.1302,0.1463,0.1258,,0.3015,0.0046,0.0518,0.1277,0.0128,0.2482,-0.0655,0.0218,0.0949,-0.0598,-0.1194,0.08,8-K: 2026-09-03: 5.02 Director/officer change; 7.01 Reg FD disclosure; next report ~2026-11-05,2026-11-05,,-0.08,1037038
CHWY,"Chewy, Inc.",NYSE,Consumer Discretionary,Retail-Catalog & Mail-Order Houses,ABOVE STICKER,C,18.95,2026-10-09,7856670000.0,4.4681,2.2341,15.0706,15.7791,4.2412,,0,0.4,roic_consistent=?|roic_not_falling=?|growth_coherent=?|margin_stable=0|fcf_margin=0|cash_real=1|low_debt=1|no_dilution=0|predictable=?|recession_tested=?,0.0704,14.0825,52.7308,29.1538,0.65,568100000.0,0.0723,2026-08-02,,,,-0.2413,,591700000.0,0.0,1.0415,654200000.0,-19300000.0,2.0946,0.5455,6/11,0.2898,0.2898,0.4322,,0.0704,0.0624,,,-0.4286,,,0.9273,,0.2925,0.1598,0.0429,-0.0729,-0.0924,-0.5227,1.69,-52% off 52w high; 8-K: 2026-09-09: 2.02 Earnings release; next report ~2026-12-09,2026-12-09,,-0.087,1766502
AHR,"American Healthcare REIT, Inc.",NYSE,Real Estate,Real Estate Investment Trusts,ABOVE STICKER,C,50.8,2026-10-09,9687997946.8,20.4,10.2,29.9675,18.9838,2.4902,,0,0.6667,roic_consistent=0|roic_not_falling=1|growth_coherent=?|margin_stable=0|fcf_margin=1|cash_real=1|low_debt=1|no_dilution=0|predictable=1|recession_tested=1,0.15,30.0,111.6905,74.7059,0.68,362037000.0,0.0374,2026-06-30,1.0,0.0197,,,,0,0.0,0.0,362037000.0,-156896000.0,2.9667,0.6,9/15,0.1168,0.144,0.125,,0.1615,0.0915,,0.7582,,0.478,0.1563,0.1498,,0.0608,0.6721,0.001,-0.0519,-0.0517,-0.1346,0.14,8-K: 2026-09-18: 7.01 Reg FD disclosure; 8.01 Other event; next report ~2026-11-06,2026-11-06,,-0.098,1632970
NTAP,"NetApp, Inc.",Nasdaq,Information Technology,Computer Storage Devices,ABOVE STICKER,C,237.15,2026-10-09,47430000000.0,46.311,23.1555,89.8824,102.725,5.1208,,0,0.7,roic_consistent=1|roic_not_falling=1|growth_coherent=0|margin_stable=0|fcf_margin=1|cash_real=1|low_debt=1|no_dilution=1|predictable=0|recession_tested=1,0.0683,13.6647,20.635,33.4958,7.08,1650000000.0,0.0348,2026-07-31,2.08,0.0088,0.012,0.2417,0.237,2488000000.0,1.3307,1.5079,2146000000.0,915000000.0,1.2243,0.6,9/15,0.3217,0.3118,0.3377,0.0118,0.0166,0.0559,0.2349,0.1448,0.1199,-0.036,0.1727,0.3507,0.0781,0.0917,0.3725,0.0481,0.19,0.4043,-0.0039,0.0,8-K: 2026-09-11: 3.03; next report ~2026-12-02,2026-12-02,,-0.1,1002047
GEN,Gen Digital Inc.,Nasdaq,Information Technology,Services-Prepackaged Software,ABOVE STICKER,C,23.25,2026-10-09,14019750000.0,1.4949,0.7474,21.9936,21.058,15.5533,,0,0.4,roic_consistent=0|roic_not_falling=1|growth_coherent=0|margin_stable=0|fcf_margin=1|cash_real=1|low_debt=0|no_dilution=0|predictable=1|recession_tested=0,0.0152,3.0412,17.053,13.5965,1.71,1548000000.0,0.1104,2026-07-03,0.5,0.0215,0.0,0.0027,0.0712,8156000000.0,5.2626,5.2687,2029000000.0,7592000000.0,1.4701,0.6667,10/15,0.1068,0.1498,0.1297,0.0334,0.1441,0.2706,-0.0824,0.1128,0.5243,-0.0259,,0.16,0.0678,0.1696,0.2654,0.0573,-0.2317,-0.1027,-0.2654,0.66,-27% off 52w high; 8-K: 2026-10-09: 5.02 Director/officer change; 7.01 Reg FD disclosure; next report ~2026-11-06,2026-11-06,debt > 3 years of FCF,-0.102,849399
FIGS,"FIGS, Inc.",NYSE,Consumer Discretionary,Apparel & Other Finishd Prods of  Fabrics & Similar Matl,NO STICKER,C,15.78,2026-10-09,3086804542.2,,,3.9761,5.7292,,,0,0.5,roic_consistent=?|roic_not_falling=0|growth_coherent=0|margin_stable=0|fcf_margin=1|cash_real=1|low_debt=1|no_dilution=0|predictable=?|recession_tested=1,-0.0873,,56.8947,47.8182,0.33,97223000.0,0.0315,2026-06-30,,,,-0.1398,,0,0.0,0.0,112071000.0,-108539000.0,1.571,0.6364,7/11,0.1048,0.0469,0.0633,,0.1912,0.136,,-0.0873,8.5,,0.3245,0.164,,0.2298,-0.2463,0.1672,0.182,0.5717,-0.0973,0.5,"13D: SCHEDULE 13D/A 2026-05-12, SCHEDULE 13D/A 2026-05-12; next report ~2026-11-05",2026-11-05,,-0.102,1846576
FLEX,FLEX LTD.,Nasdaq,Information Technology,Printed Circuit Boards,ABOVE STICKER,C,119.83,2026-10-09,44816420000.0,30.5503,15.2752,31.4249,31.2861,3.9224,,0,0.5,roic_consistent=0|roic_not_falling=1|growth_coherent=1|margin_stable=1|fcf_margin=0|cash_real=1|low_debt=0|no_dilution=1|predictable=0|recession_tested=0,0.1271,14.4203,14.4203,46.2664,2.59,826000000.0,0.0184,2026-06-26,,,,0.5627,0.2749,5219000000.0,3.5656,6.3184,1408000000.0,2379000000.0,1.1377,0.6,9/15,0.0846,0.1103,0.1184,0.0135,0.0296,0.0814,0.1142,0.14,0.1043,0.1158,0.1492,0.0828,0.0402,0.6355,0.1196,0.0276,0.035,-0.1176,-0.2819,0.73,-28% off 52w high; 8-K: 2026-10-05: 1.01 Material agreement; 2.03 New debt obligation; 3.02 Unregistered equity sale; 8.01 Other event; next report ~2026-10-30,2026-10-30,debt > 3 years of FCF,-0.118,866374
CBRE,"CBRE GROUP, INC.",NYSE,Real Estate,Real Estate,ABOVE STICKER,C,130.8,2026-10-09,38639846566.8,59.3963,29.6981,40.505,30.1579,2.2022,,0,0.5,roic_consistent=0|roic_not_falling=1|growth_coherent=1|margin_stable=1|fcf_margin=0|cash_real=0|low_debt=0|no_dilution=1|predictable=1|recession_tested=0,0.1031,20.6156,21.1101,29.9314,4.37,938000000.0,0.0243,2026-06-30,,,,0.0466,0.1635,5800000000.0,4.233,6.1834,1322000000.0,4311000000.0,0.721,0.6,9/15,0.1131,0.1109,0.1008,0.1409,0.1122,0.1337,0.0898,0.1164,0.2261,0.1386,0.0713,0.0811,0.0911,-0.0316,-0.0872,0.0094,-0.0691,-0.0626,-0.2494,0.6,-25% off 52w high; next report ~2026-10-28,2026-10-28,cash not real: owner earnings < 75% of net income;debt > 3 years of FCF,-0.15,1138118
PNTG,"THE PENNANT GROUP, INC.",Nasdaq,Health Care,Services-Health Services,ABOVE STICKER,C,39.73,2026-10-09,1424598610.0,11.8174,5.9087,12.2048,10.8978,3.362,,0,0.5556,roic_consistent=0|roic_not_falling=1|growth_coherent=1|margin_stable=1|fcf_margin=0|cash_real=1|low_debt=0|no_dilution=0|predictable=?|recession_tested=1,0.1007,20.133,48.3162,43.6593,0.91,34684000.0,0.0243,2026-06-30,,,,0.0917,,197499000.0,4.6569,5.6942,57299000.0,182226000.0,1.3353,0.6364,7/11,0.1087,0.0656,0.0707,,0.1937,0.3631,,0.1007,0.2,,0.2592,0.087,,-0.0077,0.2289,0.0125,0.0135,-0.019,-0.0704,0.0,next report ~2026-11-04,2026-11-04,debt > 3 years of FCF,-0.172,1766400
CVLT,"Commvault Systems, Inc",Nasdaq,Information Technology,Services-Prepackaged Software,ABOVE STICKER,C,157.25,2026-10-09,6583900250.0,15.597,7.7985,73.3501,68.6888,10.082,,0,0.6,roic_consistent=0|roic_not_falling=1|growth_coherent=0|margin_stable=0|fcf_margin=1|cash_real=1|low_debt=1|no_dilution=1|predictable=1|recession_tested=0,0.0875,17.4903,74.2489,100.8013,1.56,258450000.0,0.0393,2026-06-30,,,,0.2056,0.1136,0,0.0,0.0,287593000.0,-929837000.0,3.784,0.6,9/15,0.8041,1.623,7.5725,0.0714,0.1035,0.1889,0.4443,,-0.0595,-0.329,-0.5433,-0.9767,0.1123,0.1457,0.1799,0.0464,0.209,0.0444,-0.1156,0.06,8-K: 2026-09-24: 5.02 Director/officer change; 7.01 Reg FD disclosure; next report ~2026-10-28,2026-10-28,,-0.185,1169561
AMD,ADVANCED MICRO DEVICES INC,Nasdaq,Information Technology,Semiconductors & Related Devices,ABOVE STICKER,C,608.1,2026-10-09,1006405500000.0,16.483,8.2415,51.2927,64.3927,36.8926,,0,0.5556,roic_consistent=0|roic_not_falling=0|growth_coherent=?|margin_stable=0|fcf_margin=1|cash_real=1|low_debt=1|no_dilution=0|predictable=1|recession_tested=1,0.0517,10.3322,89.3321,155.9231,3.9,8403000000.0,0.0083,2026-06-27,,,,0.381,0.5297,3226000000.0,0.3486,0.3839,10657000000.0,-1860000000.0,1.4857,0.6,9/15,0.1014,0.106,0.0565,0.2412,0.2882,0.3434,,0.0517,1.65,,0.5143,0.095,,0.484,1.535,-0.0407,0.1782,0.09,-0.0766,0.0,8-K: 2026-09-28: 3.02 Unregistered equity sale; next report ~2026-11-04,2026-11-04,,-0.244,2488
DELL,Dell Technologies Inc.,NYSE,Information Technology,Electronic Computers,ABOVE STICKER,C,586.06,2026-10-09,383283239999.9999,104.3557,52.1778,143.3623,141.6254,5.616,,0,0.3333,roic_consistent=0|roic_not_falling=1|growth_coherent=?|margin_stable=0|fcf_margin=0|cash_real=1|low_debt=0|no_dilution=1|predictable=0|recession_tested=0,0.0695,12.5432,12.5432,34.0931,17.19,8560000000.0,0.0223,2026-07-31,2.31,0.0039,,0.6285,0.4599,34466000000.0,2.7494,4.0264,11552000000.0,22897000000.0,0.8008,0.6154,8/13,0.1409,0.2626,0.3165,0.0835,0.0555,0.188,,0.1552,0.3605,,,,0.1786,-0.0039,1.474,0.0418,0.0331,0.3474,-0.0159,0.5,"13D: SCHEDULE 13D/A 2026-09-11, SCHEDULE 13D/A 2026-06-05; 8-K: 2026-09-15: 1.01 Material agreement; 2.03 New debt obligation; next report ~2026-12-08",2026-12-08,debt > 3 years of FCF,-0.311,1571996
