ticker,price,sticker,mos_price,pe,off_high,big5_score,status,tier
NVDA,229.28,237.3,118.65,28.9861,-0.0579,1.0,ON DECK,A
AAPL,336.64,54.5692,27.2846,45.126,-0.0252,0.4667,ABOVE STICKER,C
GOOGL,351.66,547.1713,273.5856,17.6448,-0.1394,1.0,ON DECK,A
MSFT,535.07,538.5,269.25,29.8089,-0.0337,1.0,ON DECK,A
AMZN,262.43,,,,-0.0862,1.0,NO STICKER,B
TM,185.3,,,,-0.2555,0.0,NO STICKER,
META,718.67,731.7319,365.8659,27.0685,-0.0784,0.9333,ON DECK,A
AVGO,361.54,235.2,117.6,46.1148,-0.2696,1.0,ABOVE STICKER,A
TSLA,382.7,32.4,16.2,354.3519,-0.2328,0.5333,ABOVE STICKER,C
HPK,9.55,,,68.2143,-0.0134,0.2857,NO STICKER,C
MU,1029.0,1026.4482,513.2241,13.8437,-0.1801,0.9333,ABOVE STICKER,A
LLY,1179.27,893.7,446.85,39.5861,-0.0877,0.9333,ABOVE STICKER,A
AMD,608.1,16.483,8.2415,155.9231,-0.0766,0.6,ABOVE STICKER,C
JPM,332.99,136.0798,68.0399,16.6329,-0.0914,0.3333,ABOVE STICKER,C
WMT,111.35,10.3732,5.1866,40.7875,-0.1762,0.4667,ABOVE STICKER,C
AKTX,8.77,,,,-0.7788,0.0833,NO STICKER,C
JNJ,261.44,44.9637,22.4818,23.7026,-0.0698,0.4,ABOVE STICKER,C
PLTR,209.05,18.9,9.45,331.8254,-0.0025,0.6364,ABOVE STICKER,C
INTC,104.7,,,,-0.2645,0.0667,NO STICKER,C
ONC,354.47,5.7,2.85,1865.6316,-0.0798,0.2667,ABOVE STICKER,C
MA,589.14,523.1293,261.5647,32.4059,-0.0201,0.8667,ABOVE STICKER,A
ABBV,276.47,,,117.1483,-0.0041,0.2667,NO STICKER,C
CSCO,118.39,8.8582,4.4291,35.5526,-0.0919,0.3333,ABOVE STICKER,C
ORCL,141.4,54.431,27.2155,22.163,-0.5616,0.7333,ABOVE STICKER,B
COST,946.92,479.7857,239.8929,45.6127,-0.1364,0.8667,ABOVE STICKER,A
CVX,211.98,61.0383,30.5191,31.9729,-0.0266,0.3333,ABOVE STICKER,C
AMAT,507.03,234.9077,117.4539,43.7472,-0.3145,0.8,ABOVE STICKER,A
LRCX,318.84,128.1435,64.0718,55.3542,-0.2729,0.8667,ABOVE STICKER,A
DELL,586.06,104.3557,52.1778,34.0931,-0.0159,0.6154,ABOVE STICKER,C
BAC,54.32,16.7448,8.3724,14.2572,-0.1673,0.2,ABOVE STICKER,C
KO,88.05,19.156,9.578,28.9638,-0.048,0.4667,ABOVE STICKER,C
CAT,800.47,163.8949,81.9474,42.5556,-0.2543,0.5333,ABOVE STICKER,C
MRK,145.6,84.6478,42.3239,20.0,-0.0721,0.4667,ABOVE STICKER,C
PG,151.23,12.1625,6.0812,22.8444,-0.0958,0.2,ABOVE STICKER,C
HDB,22.28,,,46.4167,-0.4051,0.2,NO STICKER,C
PANW,418.78,12.0,6.0,1046.95,-0.0313,0.6,ABOVE STICKER,C
UNH,379.3,18.1028,9.0514,28.6697,-0.1783,0.4,ABOVE STICKER,C
RPAY,3.87,,,,-0.2629,0.2727,NO STICKER,C
JAKK,28.23,,,32.8256,-0.0129,0.1333,NO STICKER,C
GE,308.2,,,37.8624,-0.2074,0.4,NO STICKER,C
PM,201.19,2.7146,1.3573,27.7121,-0.0316,0.2667,ABOVE STICKER,C
NFLX,70.3,95.4,47.7,22.1069,-0.437,0.8667,ON DECK,A
MS,190.02,77.3768,38.6884,18.6112,-0.1818,0.2,ABOVE STICKER,C
HD,290.74,92.629,46.3145,20.4315,-0.2688,0.4667,ABOVE STICKER,C
ARM,266.28,,,313.2706,-0.4118,0.8571,NO STICKER,C
CRWD,275.04,,,,-0.0416,0.5455,NO STICKER,C
ANET,216.74,12.5469,6.2735,518.2296,-0.0031,1.0,ABOVE STICKER,A
GEV,1004.73,,,56.7965,-0.1599,0.5714,NO STICKER,C
GS,895.32,354.8966,177.4483,17.4458,-0.2242,0.3333,ABOVE STICKER,C
TXN,283.74,8.6322,4.3161,52.0624,-0.1506,0.4,ABOVE STICKER,C
KLAC,195.57,89.6251,44.8126,53.4344,-0.3637,0.9333,ABOVE STICKER,A
WFC,83.55,20.8261,10.413,13.3466,-0.1454,0.1429,ABOVE STICKER,C
RTX,185.97,,,37.494,-0.1803,0.2,NO STICKER,C
TMO,658.02,148.5429,74.2714,37.0924,-0.0523,0.3333,ABOVE STICKER,C
MRVL,275.28,54.8174,27.4087,89.6678,-0.1655,0.2727,ABOVE STICKER,C
SNFCA,9.18,,,7.2857,-0.1026,0.2,NO STICKER,C
SNDK,1581.82,,,21.4455,-0.3281,1.0,NO STICKER,
C,129.64,20.3813,10.1907,18.5465,-0.1238,0.0667,ABOVE STICKER,C
AMGN,414.87,38.5344,19.2672,29.1546,-0.0719,0.3333,ABOVE STICKER,C
LIN,483.73,50.8338,25.4169,33.1095,-0.1176,0.3636,ABOVE STICKER,C
SHOP,170.85,28.2,14.1,181.7553,-0.0622,0.6429,ABOVE STICKER,C
IBM,227.13,48.8291,24.4146,20.3339,-0.3168,0.3333,ABOVE STICKER,C
AXP,308.17,175.8599,87.93,20.0371,-0.2047,0.5714,ABOVE STICKER,C
BABA,111.37,,,13.9213,-0.3898,0.2,NO STICKER,C
ADI,406.19,29.6786,14.8393,89.0768,-0.0891,0.6429,ABOVE STICKER,C
CRM,229.13,149.6072,74.8036,29.3756,-0.1486,0.5333,ABOVE STICKER,C
GILD,151.17,22.2534,11.1267,22.2965,-0.0389,0.4,ABOVE STICKER,C
DIS,108.05,53.8549,26.9274,15.7737,-0.0772,0.5455,ABOVE STICKER,C
QCOM,175.5,11.3075,5.6537,35.0299,-0.3248,0.5333,ABOVE STICKER,C
STX,783.0,180.597,90.2985,56.3309,-0.3162,0.6667,ABOVE STICKER,C
YMM,8.56,,,285.3333,-0.3612,0.5714,NO STICKER,C
BLK,1082.39,,,30.6539,-0.1128,0.5714,NO STICKER,C
VZ,41.65,,,10.2586,-0.1941,0.1333,NO STICKER,C
SCCO,209.21,98.3325,49.1662,30.5863,-0.0524,0.8,ABOVE STICKER,A
ABT,99.6,16.6251,8.3126,26.7742,-0.253,0.3333,ABOVE STICKER,C
PEP,125.97,18.3661,9.1831,20.995,-0.2654,0.2667,ABOVE STICKER,C
DE,620.93,347.1943,173.5971,33.5638,-0.1391,0.5333,ABOVE STICKER,C
ETN,429.65,109.563,54.7815,41.1148,-0.1012,0.3333,ABOVE STICKER,C
MCD,235.23,32.1355,16.0677,19.6845,-0.3117,0.4,ABOVE STICKER,C
UNP,278.34,29.7075,14.8538,23.2337,-0.1191,0.2667,ABOVE STICKER,C
WELL,225.47,,,162.2086,-0.1165,0.4667,NO STICKER,C
NEE,77.38,32.6952,16.3476,23.4485,-0.2164,0.0714,ABOVE STICKER,C
PFE,28.28,,,20.7941,-0.0318,0.1333,NO STICKER,C
COP,134.1,80.1924,40.0962,21.1181,-0.0531,0.3333,ABOVE STICKER,C
TMUS,148.58,80.9073,40.4536,15.286,-0.3558,0.5333,ABOVE STICKER,C
TJX,138.76,104.1577,52.0789,25.6963,-0.1838,0.8,ABOVE STICKER,A
DHR,219.81,1.6904,0.8452,43.5267,-0.0947,0.0,ABOVE STICKER,C
ISRG,423.96,261.6,130.8,48.6193,-0.2979,0.9333,ABOVE STICKER,A
T,22.18,,,7.2961,-0.2466,0.0667,NO STICKER,C
BA,190.37,,,76.7621,-0.2515,0.1333,NO STICKER,C
UBER,71.51,80.05,40.025,15.1184,-0.2874,0.5455,BELOW STICKER,C
NOW,140.86,50.1,25.05,84.3473,-0.27,0.7333,ABOVE STICKER,C
FTNT,194.75,84.9,42.45,68.8163,-0.001,0.7333,ABOVE STICKER,B
VNCE,11.09,,,22.6327,-0.1755,0.0667,NO STICKER,C
WDC,397.28,,,16.3624,-0.5033,0.5455,NO STICKER,C
GLD,384.58,558.5142,279.2571,3.4606,-0.2455,0.3333,BELOW STICKER,C
GLW,156.68,10.029,5.0145,85.6175,-0.4235,0.3333,ABOVE STICKER,C
CB,341.2,310.9125,155.4562,12.0693,-0.0675,0.6,BUY*,C
ACN,209.06,139.2342,69.6171,17.2066,-0.2818,0.5333,ABOVE STICKER,C
SNOW,368.89,,,,-0.0407,0.2727,NO STICKER,C
VRTX,510.08,139.0896,69.5448,33.295,-0.0895,0.5333,ABOVE STICKER,C
MPC,455.03,103.0662,51.5331,34.4198,-0.0319,0.4667,ABOVE STICKER,C
PGR,217.43,361.8468,180.9234,10.9097,-0.0978,1.0,BUY*,A
NET,360.93,,,,-0.0254,0.3636,NO STICKER,C
BKNG,160.34,276.5601,138.2801,17.393,-0.2738,0.7333,BUY*,B
VLO,433.75,,,57.2985,-0.0356,0.3571,NO STICKER,C
NEM,117.84,103.8814,51.9407,18.4413,-0.129,0.7333,ABOVE STICKER,C
PH,962.56,612.0995,306.0498,33.7978,-0.1249,0.7333,ABOVE STICKER,B
COF,199.26,,,49.4442,-0.2326,0.4,NO STICKER,C
SPGI,407.82,243.8739,121.9369,25.7951,-0.2194,0.6667,ABOVE STICKER,C
BMY,59.12,23.0335,11.5167,17.0867,-0.1387,0.3333,ABOVE STICKER,C
PLD,129.49,46.3962,23.1981,36.3736,-0.1556,0.2857,ABOVE STICKER,C
PDD,81.35,203.6475,101.8237,8.7349,-0.4165,0.5455,BUY,C
MO,71.68,,,17.3981,-0.0698,0.2667,NO STICKER,C
LMT,509.59,26.3772,13.1886,23.7129,-0.2636,0.3333,ABOVE STICKER,C
XHG,2.28,,,,-0.6846,0.125,NO STICKER,C
APH,87.24,63.1918,31.5959,21.81,-0.0299,1.0,ABOVE STICKER,B
PSX,278.18,25.2515,12.6258,25.7813,-0.0293,0.4,ABOVE STICKER,C
CVS,86.16,,,61.9856,-0.2215,0.1333,NO STICKER,C
MCK,938.84,441.5009,220.7505,24.4617,-0.0602,0.4667,ABOVE STICKER,C
ADP,270.88,78.2582,39.1291,24.7605,-0.0594,0.5333,ABOVE STICKER,C
DDOG,293.26,9.3,4.65,946.0,-0.0025,0.5455,ABOVE STICKER,C
SYK,277.33,124.5013,62.2507,33.0155,-0.2935,0.4667,ABOVE STICKER,C
TT,476.98,115.0711,57.5355,36.1075,-0.0571,0.6667,ABOVE STICKER,C
PWR,705.94,201.4113,100.7057,103.8147,-0.105,0.7143,ABOVE STICKER,C
FCX,73.69,13.6591,6.8296,48.2462,-0.0816,0.5,ABOVE STICKER,C
CEG,298.07,59.4325,29.7163,40.2797,-0.2778,0.2,ABOVE STICKER,C
BDTX,1.83,,,4.6923,-0.6296,0.0909,NO STICKER,C
LOW,186.0,10.6342,5.3171,15.6962,-0.3653,0.2667,ABOVE STICKER,C
SBUX,90.75,11.7521,5.876,55.6748,-0.1788,0.3333,ABOVE STICKER,C
ABNB,165.87,120.9283,60.4641,41.1492,-0.1426,0.5556,ABOVE STICKER,C
EQIX,1026.06,211.0526,105.5263,74.5683,-0.0909,0.6,ABOVE STICKER,C
CME,280.56,66.5959,33.298,25.1398,-0.1476,0.4,ABOVE STICKER,C
HOOD,109.02,61.5,30.75,53.1805,-0.2755,0.5455,ABOVE STICKER,C
LITE,1103.35,,,,-0.0347,0.4286,NO STICKER,C
SNPS,509.99,171.6,85.8,89.1591,-0.0547,0.7333,ABOVE STICKER,C
HCA,451.09,215.8841,107.9421,15.9227,-0.1894,0.5714,ABOVE STICKER,C
ADBE,242.27,537.3,268.65,13.5271,-0.3339,0.7333,BUY,B
HPE,73.46,,,,-0.0014,0.0667,NO STICKER,C
SO,86.17,16.3147,8.1573,21.9821,-0.1455,0.0667,ABOVE STICKER,C
BNY,142.71,29.3573,14.6787,19.2851,-0.1395,0.3333,ABOVE STICKER,C
CDNS,352.84,128.7,64.35,82.2471,-0.1532,0.9333,ABOVE STICKER,A
MELI,1889.85,1102.8,551.4,51.4105,-0.2216,0.8571,BUY*,A
MAR,365.88,165.8272,82.9136,38.4732,-0.1097,0.5,ABOVE STICKER,C
JCI,157.44,20.8322,10.4161,31.3002,-0.0185,0.2667,ABOVE STICKER,C
VRT,242.78,132.6,66.3,54.9276,-0.361,0.8182,ABOVE STICKER,C
AEM,189.02,,,,-0.2594,0.0,NO STICKER,C
APP,277.04,390.3,195.15,21.2944,-0.6246,0.8182,ON DECK,A
DUK,116.65,25.3375,12.6687,18.4865,-0.1326,0.1333,ABOVE STICKER,C
EDU,58.63,3.8705,1.9352,196.8645,-0.0976,0.5,ABOVE STICKER,C
GD,331.27,84.7599,42.38,21.4414,-0.1718,0.6,ABOVE STICKER,C
BX,114.29,134.1,67.05,25.5682,-0.3131,0.6429,ON DECK,C
EMR,161.83,5.8233,2.9116,40.0569,-0.0272,0.3333,ABOVE STICKER,C
HWM,225.26,6.5063,3.2532,60.717,-0.2734,0.5714,ABOVE STICKER,C
MRNA,225.0,,,,0.0,0.2727,NO STICKER,C
ELV,412.7,243.8617,121.9309,16.3705,-0.054,0.2667,ABOVE STICKER,C
USB,57.08,14.4772,7.2386,12.355,-0.1362,0.2857,ABOVE STICKER,C
WMB,72.67,14.7415,7.3708,33.9579,-0.0925,0.3333,ABOVE STICKER,C
ICE,156.19,64.6448,32.3224,27.0693,-0.1128,0.2667,ABOVE STICKER,C
CSX,47.26,6.4214,3.2107,30.6883,-0.1183,0.2,ABOVE STICKER,C
PNC,219.21,48.4146,24.2073,13.2134,-0.1535,0.1333,ABOVE STICKER,C
DASH,196.5,63.9,31.95,92.2535,-0.3117,0.5455,ABOVE STICKER,C
JOYY,81.05,59.1,29.55,41.1421,-0.0134,0.2667,ABOVE STICKER,C
MRSH,175.76,115.9286,57.9643,21.4603,-0.1521,0.7143,ABOVE STICKER,B
AMT,182.24,37.2999,18.65,33.7481,-0.0706,0.2667,ABOVE STICKER,C
WM,208.83,70.7125,35.3562,29.5375,-0.1584,0.6667,ABOVE STICKER,C
INTU,302.75,493.8,246.9,18.3931,-0.5607,0.9333,BUY*,A
BE,280.5,,,,-0.2015,0.4545,NO STICKER,C
MMM,159.96,,,26.66,-0.1349,0.2667,NO STICKER,C
CTAS,202.41,63.8913,31.9456,39.9231,-0.0765,0.6667,ABOVE STICKER,C
KKR,90.95,,,,-0.3721,0.125,NO STICKER,C
JD,27.09,,,29.4457,-0.2273,0.2667,NO STICKER,C
MCO,464.23,162.8056,81.4028,33.9598,-0.1511,0.4667,ABOVE STICKER,C
UPS,94.57,122.4134,61.2067,14.4162,-0.2274,0.4,BELOW STICKER,C
NTES,124.24,148.0083,74.0042,16.4905,-0.1908,0.8667,BUY*,A
REGN,746.54,727.571,363.7855,18.4741,-0.1313,0.7333,ABOVE STICKER,C
TRV,368.75,248.6628,124.3314,9.91,-0.0751,0.6,BUY*,C
ECL,281.83,50.3256,25.1628,38.7129,-0.0887,0.3333,ABOVE STICKER,C
EPD,36.08,37.3479,18.674,13.5874,-0.1018,0.1667,BELOW STICKER,C
EOG,148.16,97.8601,48.93,16.2456,-0.0389,0.4,ABOVE STICKER,C
WBD,30.95,,,106.7241,-0.0013,0.3077,NO STICKER,C
SHW,319.36,103.2905,51.6453,31.1267,-0.1546,0.4,ABOVE STICKER,C
MDLZ,60.41,,,31.963,-0.0936,0.0,NO STICKER,C
CMCSA,20.66,39.4239,19.7119,3.833,-0.3713,0.3333,BELOW STICKER,C
RCL,282.26,276.8546,138.4273,18.082,-0.208,0.4667,ABOVE STICKER,C
ITW,264.13,24.6718,12.3359,25.1792,-0.1287,0.2,ABOVE STICKER,C
CI,282.43,,,12.7335,-0.0929,0.3636,NO STICKER,C
MSI,444.18,120.1739,60.087,35.0024,-0.1024,0.6667,ABOVE STICKER,C
HLT,326.56,16.036,8.018,53.3595,-0.0878,0.3333,ABOVE STICKER,C
SLB,48.95,6.241,3.1205,20.8298,-0.1904,0.2667,ABOVE STICKER,C
GM,82.73,,,25.2997,-0.0993,0.4,NO STICKER,C
CMI,523.39,200.3471,100.1735,26.7582,-0.2906,0.6,ABOVE STICKER,C
KMI,32.49,4.9713,2.4856,23.7153,-0.0666,0.2667,ABOVE STICKER,C
NSC,317.79,45.8768,22.9384,24.9247,-0.1138,0.3333,ABOVE STICKER,C
ROST,222.41,180.4977,90.2488,26.8936,-0.1346,0.8,ABOVE STICKER,A
UXIN,1.13,,,,-0.7297,0.25,NO STICKER,
APO,118.65,65.5462,32.7731,42.2242,-0.226,0.7273,BUY*,C
CL,88.27,1.5579,0.779,33.5627,-0.1113,0.2,ABOVE STICKER,C
ORLY,86.45,29.0281,14.514,29.1077,-0.1692,0.3333,ABOVE STICKER,C
TGT,153.64,7.38,3.69,18.8979,-0.1002,0.2667,ABOVE STICKER,C
NOC,480.72,344.0602,172.0301,16.5309,-0.3789,0.4667,ABOVE STICKER,C
MPWR,1386.29,491.7,245.85,84.5815,-0.1912,0.8667,ABOVE STICKER,A
AEP,122.81,34.1176,17.0588,18.4399,-0.1264,0.2667,ABOVE STICKER,C
URI,1056.37,675.7709,337.8854,26.9964,-0.1041,0.8,ABOVE STICKER,A
RSG,216.88,53.655,26.8275,31.6613,-0.0709,0.2667,ABOVE STICKER,C
HON,207.73,10.2338,5.1169,14.1121,-0.2019,0.2,ABOVE STICKER,C
KEYS,382.75,30.5646,15.2823,77.9532,-0.0184,0.5333,ABOVE STICKER,C
SPG,199.42,67.2965,33.6482,14.0734,-0.1639,0.3333,ABOVE STICKER,C
TDG,1107.99,615.0769,307.5385,33.606,-0.2427,0.7333,ABOVE STICKER,B
CIEN,449.77,1.5753,0.7876,529.1412,-0.2945,0.4667,ABOVE STICKER,C
TEL,218.29,1.5925,0.7962,35.4367,-0.1357,0.3333,ABOVE STICKER,C
TER,402.68,12.9305,6.4652,116.0461,-0.1747,0.3333,ABOVE STICKER,C
DLR,178.76,58.4502,29.2251,49.933,-0.1412,0.3333,ABOVE STICKER,C
APD,281.26,,,,-0.1067,0.0667,NO STICKER,C
MET,98.33,,,20.8769,-0.0258,0.2667,NO STICKER,C
IAU,78.87,225.5038,112.7519,2.4678,-0.2445,0.3333,BELOW MOS,C
BEKE,17.84,0.4277,0.2139,148.6667,-0.1026,0.0909,ABOVE STICKER,C
BSX,42.73,37.9513,18.9756,22.0258,-0.5956,0.5333,ABOVE STICKER,C
COR,323.85,113.4485,56.7242,40.6847,-0.1422,0.4667,ABOVE STICKER,C
TRGP,286.7,199.0297,99.5148,33.7691,-0.069,0.5714,ABOVE STICKER,C
COHR,312.62,93.2976,46.6488,75.8786,-0.2895,0.5333,ABOVE STICKER,C
SE,95.25,75.6,37.8,37.7976,-0.485,0.6667,ABOVE STICKER,C
GWW,1289.79,766.5649,383.2825,36.4347,-0.0916,0.5333,ABOVE STICKER,C
IBIT,46.55,,,,-0.2944,0.0,NO STICKER,
FIX,1715.69,863.8957,431.9478,42.2272,-0.1728,0.7333,ABOVE STICKER,C
OXY,60.11,10.3326,5.1663,37.3354,-0.1088,0.2,ABOVE STICKER,C
AJG,232.7,55.9073,27.9536,40.5401,-0.236,0.4,ABOVE STICKER,C
ALAB,342.21,,,280.5,-0.3149,0.4286,NO STICKER,C
AON,273.47,471.896,235.948,15.0755,-0.2847,0.6,ON DECK,C
LNG,278.18,411.0618,205.5309,13.3153,-0.0755,0.6,ON DECK,C
FAST,50.75,9.2502,4.6251,46.5596,-0.041,0.2667,ABOVE STICKER,C
ALL,229.43,229.3585,114.6792,6.0281,-0.1724,0.6,ABOVE STICKER,C
NTRA,400.71,,,,-0.0839,0.4667,NO STICKER,C
AFL,114.54,24.6228,12.3114,16.7947,-0.1204,0.3333,ABOVE STICKER,C
NXPI,227.52,57.8478,28.9239,28.6189,-0.3307,0.3333,ABOVE STICKER,C
AME,248.58,98.5585,49.2793,36.3421,-0.0482,0.6667,ABOVE STICKER,C
MPLX,56.3,,,,-0.0763,0.5,NO STICKER,C
PCAR,108.04,25.6302,12.8151,23.9557,-0.2241,0.3333,ABOVE STICKER,C
NUE,250.33,100.211,50.1055,33.2886,-0.1063,0.4667,ABOVE STICKER,C
OKE,89.8,113.5276,56.7638,16.5683,-0.1007,0.7333,BELOW STICKER,C
TFC,46.11,2.6508,1.3254,12.0707,-0.1795,0.1667,ABOVE STICKER,C
BKR,56.7,,,,-0.1947,0.4444,NO STICKER,C
CAH,237.57,68.9041,34.452,32.8589,-0.0803,0.5333,ABOVE STICKER,C
NBIS,221.07,,,669.9091,-0.2628,0.2667,NO STICKER,C
CRH,81.54,,,14.7985,-0.3802,0.7143,NO STICKER,B
D,61.64,1.3884,0.6942,17.8667,-0.1555,0.1333,ABOVE STICKER,C
VST,161.48,19.8903,9.9452,74.0734,-0.2562,0.0909,ABOVE STICKER,C
DAL,82.17,16.1108,8.0554,10.7272,-0.1412,0.4667,ABOVE STICKER,C
FANG,192.13,66.9763,33.4882,33.5305,-0.1142,0.5714,ABOVE STICKER,C
TEAM,206.79,,,,-0.0028,0.3636,NO STICKER,C
SRE,81.34,,,29.5782,-0.195,0.0667,NO STICKER,C
DVN,48.26,36.4362,18.2181,11.5731,-0.0844,0.4,ABOVE STICKER,C
NDAQ,93.65,30.272,15.136,30.3074,-0.08,0.5333,ABOVE STICKER,C
GRMN,268.36,119.9846,59.9923,29.9509,-0.1461,0.7333,ABOVE STICKER,B
HUM,431.87,,,43.8892,-0.054,0.2,NO STICKER,C
COIN,179.39,133.5,66.75,40.3124,-0.5194,0.4545,ABOVE STICKER,C
P,154.49,16.5,8.25,280.8909,-0.0163,0.4667,ABOVE STICKER,C
NKE,34.71,,,16.5286,-0.5072,0.2667,NO STICKER,C
O,54.18,0.3787,0.1894,46.3077,-0.2025,0.3571,ABOVE STICKER,C
PSA,289.86,44.682,22.341,32.1709,-0.1362,0.2,ABOVE STICKER,C
BDX,183.75,40.3122,20.1561,31.5722,-0.0483,0.0667,ABOVE STICKER,C
WDAY,186.59,77.7,38.85,72.0425,-0.2458,0.6,ABOVE STICKER,C
EBAY,112.19,1.1028,0.5514,25.8502,-0.0597,0.4,ABOVE STICKER,C
ADSK,235.35,,,30.4858,-0.2645,0.6667,NO STICKER,C
VEEV,296.13,183.0,91.5,48.5459,-0.02,0.9333,ABOVE STICKER,C
EW,85.21,16.3295,8.1647,46.5628,-0.1151,0.4667,ABOVE STICKER,C
F,12.17,,,,-0.3155,0.0667,NO STICKER,C
WAB,285.43,153.3999,76.7,41.7906,-0.0692,0.5333,ABOVE STICKER,C
XYZ,77.24,60.43,30.215,36.781,-0.1114,0.5333,ABOVE STICKER,C
A,170.54,36.0894,18.0447,37.3173,-0.0368,0.5333,ABOVE STICKER,C
STT,174.96,51.0462,25.5231,18.6128,-0.107,0.3333,ABOVE STICKER,C
ROK,432.59,,,56.4003,-0.1302,0.3333,NO STICKER,C
AZO,2939.85,1086.3357,543.1679,20.293,-0.291,0.3333,ABOVE STICKER,C
TEVA,41.1,,,33.9669,-0.0219,0.2,NO STICKER,C
PYPL,55.53,89.2007,44.6003,10.2643,-0.299,0.4,BELOW STICKER,C
NTAP,237.15,46.311,23.1555,33.4958,-0.0039,0.6,ABOVE STICKER,C
ETR,102.8,6.2936,3.1468,26.2916,-0.1321,0.2143,ABOVE STICKER,C
AMP,500.51,284.4574,142.2287,12.0925,-0.1258,0.6,BUY*,C
STM,52.06,,,289.2222,-0.3606,0.2667,NO STICKER,C
XEL,73.775,13.7486,6.8743,21.5716,-0.1241,0.0833,ABOVE STICKER,C
FITB,50.64,5.9177,2.9589,14.3456,-0.1489,0.4167,ABOVE STICKER,C
CARR,55.56,,,32.3023,-0.2762,0.3636,NO STICKER,C
FLEX,119.83,30.5503,15.2752,46.2664,-0.2819,0.6,ABOVE STICKER,C
TWLO,289.47,6.3,3.15,1378.4286,-0.0614,0.4,ABOVE STICKER,C
LHX,236.97,59.8694,29.9347,27.7808,-0.3751,0.4167,ABOVE STICKER,C
LGVN,2.48,,,,-0.7984,0.0,NO STICKER,C
KDP,31.76,18.1838,9.0919,20.7582,-0.0609,0.2667,ABOVE STICKER,C
MSTR,154.34,,,,-0.5115,0.1333,NO STICKER,C
IQV,259.88,86.9911,43.4955,33.148,-0.0632,0.2667,ABOVE STICKER,C
MNST,43.64,36.6087,18.3043,22.5468,-0.1302,0.75,ABOVE STICKER,B
EXC,41.76,5.3123,2.6562,15.2677,-0.1755,0.0833,ABOVE STICKER,C
WAT,433.77,55.9043,27.9522,40.3132,-0.0457,0.3333,ABOVE STICKER,C
FERG,220.04,,,23.6094,-0.19,0.4286,NO STICKER,C
HEI,298.28,159.9994,79.9997,49.7133,-0.2085,1.0,ABOVE STICKER,A
VTR,82.04,,,151.9259,-0.1925,0.2,NO STICKER,C
ILMN,278.17,21.7559,10.878,51.0404,-0.1008,0.2,ABOVE STICKER,C
CLS,362.16,,,50.581,-0.236,1.0,NO STICKER,A
OKTA,232.13,39.3,19.65,177.1985,-0.0036,0.4286,ABOVE STICKER,C
KC,9.26,,,,-0.5,0.2727,NO STICKER,C
MSCI,565.12,347.9746,173.9873,30.8978,-0.1235,0.6667,ABOVE STICKER,C
IDXX,518.0,426.9,213.45,36.402,-0.3273,0.8,ABOVE STICKER,A
MCHP,75.55,,,343.4091,-0.2867,0.0667,NO STICKER,C
RKLB,68.21,,,,-0.5483,0.2727,NO STICKER,C
CRDO,216.55,75.3,37.65,86.2749,-0.2984,0.5455,ABOVE STICKER,C
RVMD,189.76,,,,-0.154,0.0,NO STICKER,C
AIG,77.04,,,14.1878,-0.1174,0.2,NO STICKER,C
LYV,170.33,,,,-0.1,0.3333,NO STICKER,C
CMG,31.59,33.0894,16.5447,27.7105,-0.2623,0.5714,BELOW STICKER,C
TTWO,213.44,,,,-0.1974,0.3333,NO STICKER,C
UI,657.29,475.5,237.75,41.4694,-0.4025,0.9333,ABOVE STICKER,A
YUM,144.82,23.217,11.6085,26.0937,-0.1488,0.3333,ABOVE STICKER,C
IBKR,87.87,55.4988,27.7494,34.869,-0.1102,0.9333,BUY*,A
PRU,113.09,,,11.3203,-0.1145,0.1333,NO STICKER,C
DHI,134.88,116.274,58.137,12.858,-0.2103,0.8,BUY*,A
CBRE,130.8,59.3963,29.6981,29.9314,-0.2494,0.6,ABOVE STICKER,C
WCN,152.83,115.3855,57.6927,36.6499,-0.1497,0.4667,ABOVE STICKER,C
ADM,79.89,,,35.8251,-0.0998,0.1333,NO STICKER,C
ZS,233.73,,,,-0.3064,0.4667,NO STICKER,C
ODFL,181.97,38.0802,19.0401,37.5971,-0.278,0.3571,ABOVE STICKER,C
SYY,78.14,,,21.3497,-0.1493,0.5714,NO STICKER,C
PAYX,103.98,52.3522,26.1761,21.2638,-0.1955,0.4667,ABOVE STICKER,C
KR,61.64,,,40.026,-0.1951,0.2,NO STICKER,C
EXPE,274.22,46.57,23.285,27.9531,-0.1982,0.3333,ABOVE STICKER,C
PEG,72.28,6.3876,3.1938,17.128,-0.1752,0.2,ABOVE STICKER,C
ROP,364.09,137.1934,68.5967,25.6401,-0.2986,0.4,ABOVE STICKER,C
CRWV,82.08,,,,-0.4543,0.2857,NO STICKER,C
EL,98.05,,,196.1,-0.1939,0.1333,NO STICKER,C
CCL,26.35,,,13.0446,-0.2257,0.2667,NO STICKER,C
SIMO,263.9,9.1946,4.5973,290.0,-0.2566,0.3333,ABOVE STICKER,C
EME,789.45,628.317,314.1585,24.5781,-0.1707,0.8667,ABOVE STICKER,A
HIG,129.11,65.3233,32.6617,9.6929,-0.1161,0.4,ABOVE STICKER,C
UAL,107.455,,,10.5348,-0.2257,0.2667,NO STICKER,C
VG,13.16,,,15.3023,-0.2531,0.7143,NO STICKER,C
TKO,178.01,,,78.7655,-0.2156,0.2857,NO STICKER,C
AXON,422.89,45.3,22.65,280.0596,-0.4465,0.6,ABOVE STICKER,C
STLD,238.38,91.3153,45.6577,29.8348,-0.1744,0.4,ABOVE STICKER,C
IRM,114.51,,,233.6939,-0.1498,0.2143,NO STICKER,C
KVUE,17.7,,,23.2895,-0.1207,0.8571,NO STICKER,A
CCI,79.64,,,78.8515,-0.2076,0.0,NO STICKER,C
ACGL,95.57,133.3701,66.6851,7.4781,-0.1076,0.8667,BUY*,A
WEC,103.74,23.5838,11.7919,21.5676,-0.1349,0.1333,ABOVE STICKER,C
RMD,230.05,312.9,156.45,22.0566,-0.1715,0.8,ON DECK,A
BIIB,225.71,,,25.678,-0.0207,0.2,NO STICKER,C
RBLX,48.09,,,,-0.6612,0.4545,NO STICKER,C
EQT,52.83,27.7664,13.8832,15.9607,-0.2258,0.5,ABOVE STICKER,C
DXCM,84.11,29.2209,14.6104,33.2451,-0.0916,0.8,ABOVE STICKER,C
QSR,70.95,59.9362,29.9681,19.124,-0.1343,0.6667,ABOVE STICKER,C
KMB,97.59,11.3663,5.6832,16.0774,-0.2072,0.3333,ABOVE STICKER,C
RDDT,159.91,,,61.0344,-0.3931,0.4286,NO STICKER,C
CNC,65.36,,,,-0.0613,0.4,NO STICKER,C
RPRX,56.93,2.544,1.272,31.9831,-0.1157,0.0909,ABOVE STICKER,C
JBL,306.28,14.5184,7.2592,51.7365,-0.2859,0.3333,ABOVE STICKER,C
VMC,244.58,95.4669,47.7334,30.1578,-0.2613,0.4667,ABOVE STICKER,C
RJF,158.38,125.6947,62.8474,13.8082,-0.1333,0.7333,ABOVE STICKER,B
MTB,217.49,95.5874,47.7937,12.7935,-0.1503,0.2,ABOVE STICKER,C
ALNY,232.68,69.9,34.95,99.8627,-0.5305,0.2857,ABOVE STICKER,C
MDB,385.93,,,,-0.1843,0.2667,NO STICKER,C
MTD,1549.99,189.9362,94.9681,36.8606,-0.0225,0.3333,ABOVE STICKER,C
HBAN,15.32,12.2052,6.1026,11.0216,-0.2127,0.4286,ABOVE STICKER,C
ZTS,74.81,42.6737,21.3368,12.4269,-0.4955,0.5333,ABOVE STICKER,C
NTRS,168.21,42.6847,21.3424,19.246,-0.1408,0.3333,ABOVE STICKER,C
ESLT,655.74,211.8925,105.9462,49.3409,-0.3546,0.8,ABOVE STICKER,A
CQP,63.54,,,,-0.1082,0.5,NO STICKER,C
IR,78.75,43.5,21.75,54.3103,-0.22,0.2667,ABOVE STICKER,C
ON,77.53,,,267.3448,-0.4254,0.4,NO STICKER,C
ZM,97.74,182.104,91.052,15.8155,-0.1482,0.4545,BELOW STICKER,C
GEHC,65.74,,,14.4484,-0.2677,0.5714,NO STICKER,C
EXR,134.65,37.6144,18.8072,29.7241,-0.1525,0.7143,ABOVE STICKER,B
SLV,54.78,271.1658,135.5829,1.3394,-0.5012,0.3333,BELOW MOS,C
MDLN,36.26,,,,-0.2873,0.2,NO STICKER,
CPNG,15.82,3.3,1.65,143.8182,-0.511,0.4545,ABOVE STICKER,C
SMCI,41.855,64.8051,32.4025,12.839,-0.2605,0.8,ON DECK,A
MLM,478.35,302.3937,151.1968,25.4848,-0.3272,0.4667,ABOVE STICKER,C
GLDM,82.99,,,3.3117,-0.2438,0.3333,NO STICKER,
WSM,241.78,84.458,42.229,27.3507,-0.0514,0.4667,ABOVE STICKER,C
TDY,613.66,393.3424,196.6712,32.5032,-0.1204,0.6,ABOVE STICKER,C
AEE,102.19,30.1178,15.0589,19.1009,-0.1363,0.2667,ABOVE STICKER,C
AFRM,80.7,71.51,35.755,14.5931,-0.1077,0.5455,ABOVE STICKER,C
DG,127.23,,,18.5737,-0.1959,0.4667,NO STICKER,C
FFIV,479.83,229.2239,114.6119,38.2335,-0.0055,0.6,ABOVE STICKER,C
WTW,296.26,151.0225,75.5113,18.2202,-0.1572,0.4,ABOVE STICKER,C
VRSN,303.74,36.036,18.018,34.505,-0.028,0.1111,ABOVE STICKER,C
FOXA,62.41,2.6698,1.3349,16.2526,-0.183,0.0909,ABOVE STICKER,C
ZLAB,24.99,,,,-0.2154,0.1429,NO STICKER,C
ATO,161.66,78.8027,39.4013,21.6702,-0.1603,0.3571,ABOVE STICKER,C
FTI,69.57,69.0,34.5,30.2478,-0.1379,0.5333,ABOVE STICKER,C
ECHO,94.84,,,,-0.3559,0.2,NO STICKER,C
HPQ,30.2,0.663,0.3315,11.3962,-0.1664,0.2,ABOVE STICKER,C
HAL,32.55,9.0176,4.5088,21.6408,-0.2533,0.1667,ABOVE STICKER,C
NVT,167.43,79.0161,39.508,38.8469,-0.0932,0.3636,ABOVE STICKER,C
FCNCA,2068.39,2071.4312,1035.7156,12.5175,-0.0993,0.5385,BELOW STICKER,C
CFG,63.57,13.6014,6.8007,16.4689,-0.1561,0.3333,ABOVE STICKER,C
WRB,71.91,33.9923,16.9961,16.1596,-0.0893,0.5333,ABOVE STICKER,C
CTSH,59.2,40.0064,20.0032,12.9825,-0.3198,0.3333,ABOVE STICKER,C
LPLA,330.88,257.6375,128.8187,26.5128,-0.1731,0.6667,ABOVE STICKER,C
Q,126.6,,,38.3636,-0.2859,0.1429,NO STICKER,C
KHC,22.27,,,,-0.2072,0.0667,NO STICKER,C
DTE,126.9,1.7695,0.8848,18.0512,-0.1852,0.0,ABOVE STICKER,C
WST,366.0,149.5484,74.7742,46.863,-0.0518,0.6,ABOVE STICKER,C
CPRT,27.32,41.697,20.8485,17.6258,-0.4047,0.6667,ON DECK,C
CPAY,397.92,275.025,137.5125,26.475,-0.0691,0.5333,ABOVE STICKER,C
ATI,191.84,37.9599,18.98,67.3123,-0.2124,0.4667,ABOVE STICKER,C
SN,184.98,,,37.4453,-0.0491,1.0,NO STICKER,A
FE,45.0,0.4374,0.2187,25.5682,-0.1402,0.2667,ABOVE STICKER,C
PPL,34.25,0.4311,0.2156,21.5409,-0.1461,0.2,ABOVE STICKER,C
TSEM,228.71,41.2816,20.6408,117.8918,-0.2851,0.3333,ABOVE STICKER,C
AWK,128.88,47.3988,23.6994,22.6503,-0.1151,0.0714,ABOVE STICKER,C
ROIV,35.44,,,,-0.1661,0.0909,NO STICKER,C
CINF,163.39,145.8944,72.9472,7.7144,-0.1613,0.8,BUY*,A
UTHR,549.16,354.1302,177.0651,19.6761,-0.0988,0.8667,ABOVE STICKER,A
DGX,230.97,6.1475,3.0737,26.3966,-0.0718,0.3333,ABOVE STICKER,C
DOV,188.83,59.8031,29.9015,23.7821,-0.2051,0.4,ABOVE STICKER,C
ENTG,165.79,1.9241,0.962,106.9613,-0.1131,0.4667,ABOVE STICKER,C
LH,312.15,3.1758,1.5879,29.8423,-0.0867,0.0667,ABOVE STICKER,C
HUBB,474.11,279.562,139.781,28.0207,-0.1616,0.6,ABOVE STICKER,C
TCOM,38.9,204.5594,102.2797,5.7049,-0.5075,0.4167,BELOW MOS,C
CNP,38.6,5.853,2.9265,24.125,-0.1471,0.0667,ABOVE STICKER,C
MTSI,330.06,,,,-0.2121,0.4,NO STICKER,C
VICI,22.88,21.1682,10.5841,8.7663,-0.278,0.1818,ABOVE STICKER,C
EXPD,193.24,20.55,10.275,32.4773,-0.0127,0.3333,ABOVE STICKER,C
OTIS,65.95,5.5324,2.7662,18.8429,-0.3026,0.3636,ABOVE STICKER,C
TPL,360.98,235.2,117.6,46.0434,-0.3403,0.9091,ABOVE STICKER,A
ULTA,570.37,600.7028,300.3514,20.7709,-0.2022,0.8667,ON DECK,A
ES,65.73,19.1389,9.5695,14.4145,-0.1416,0.3333,ABOVE STICKER,C
LI,11.54,2.4,1.2,144.25,-0.5025,0.1818,ABOVE STICKER,C
RBRK,125.14,,,,-0.0216,0.5,NO STICKER,
FISV,45.63,112.7155,56.3578,7.1972,-0.6457,0.4,BELOW MOS,C
AER,144.72,95.3621,47.681,6.7944,-0.0887,0.3333,ABOVE STICKER,C
CASY,646.27,496.9169,248.4584,31.1305,-0.3035,0.8667,ABOVE STICKER,C
XYL,102.71,117.6,58.8,26.2015,-0.3342,0.3333,BELOW STICKER,C
TW,111.08,113.4,56.7,29.3862,-0.1301,0.7273,BELOW STICKER,C
IOT,41.55,,,,-0.1247,0.3636,NO STICKER,C
SYF,72.8,65.5277,32.7638,7.8448,-0.1799,0.5,ABOVE STICKER,C
VLTO,96.93,,,25.7793,-0.0834,0.8571,NO STICKER,A
LVS,36.17,,,15.3915,-0.4866,0.3333,NO STICKER,C
INCY,112.79,204.6873,102.3436,15.9308,-0.1494,0.8,ON DECK,C
CHD,98.11,6.436,3.218,32.4868,-0.0748,0.2667,ABOVE STICKER,C
TPR,116.24,,,15.989,-0.2947,0.8571,NO STICKER,A
VRSK,177.63,36.6947,18.3474,27.412,-0.277,0.3571,ABOVE STICKER,C
PPG,103.96,38.5369,19.2684,14.9798,-0.2209,0.4,ABOVE STICKER,C
ROKU,152.85,17.7,8.85,259.0678,-0.044,0.4,ABOVE STICKER,C
RF,27.03,6.5009,3.2505,11.7522,-0.1675,0.3333,ABOVE STICKER,C
PFG,107.24,5.193,2.5965,20.4267,-0.115,0.2,ABOVE STICKER,C
VMRK,61.16,0.7665,0.3833,20.8027,-0.1446,0.0,ABOVE STICKER,C
PTC,194.45,309.3,154.65,18.8603,-0.0598,0.8667,ON DECK,C
RL,371.28,107.226,53.613,23.3951,-0.1194,0.6,ABOVE STICKER,C
NRG,107.97,74.413,37.2065,26.9252,-0.4316,0.2,ABOVE STICKER,C
GH,167.47,,,,-0.1234,0.1818,NO STICKER,C
TROW,105.16,16.9547,8.4774,11.381,-0.138,0.2667,ABOVE STICKER,C
DRI,197.66,127.8147,63.9073,19.0424,-0.1397,0.4667,ABOVE STICKER,C
DLTR,118.64,,,19.074,-0.1669,0.4,NO STICKER,C
INSM,100.6,,,,-0.5271,0.2,NO STICKER,C
MKL,1760.74,1260.4763,630.2381,10.405,-0.2024,0.4667,ABOVE STICKER,C
L,106.69,50.0081,25.0041,13.3864,-0.1183,0.2667,ABOVE STICKER,C
SNX,273.37,20.2952,10.1476,27.4744,-0.085,0.2667,ABOVE STICKER,C
GPN,82.2,56.2845,28.1422,14.2215,-0.1427,0.3333,ABOVE STICKER,C
SW,41.29,,,31.0451,-0.2158,0.7143,NO STICKER,C
IFF,84.55,,,,-0.0534,0.2667,NO STICKER,C
DINO,121.3,30.9782,15.4891,39.3831,-0.0235,0.4545,ABOVE STICKER,C
ETHA,55.99,,,,-0.4228,0.0,NO STICKER,
JBHT,229.26,26.5672,13.2836,37.4608,-0.2352,0.4,ABOVE STICKER,C
PHM,112.12,84.7774,42.3887,11.4525,-0.2241,0.6667,BUY*,C
XPO,183.47,5.7559,2.878,69.4962,-0.2094,0.3333,ABOVE STICKER,C
KEY,19.97,4.0187,2.0094,13.1382,-0.1703,0.1333,ABOVE STICKER,C
EIX,55.3,66.3227,33.1614,4.7879,-0.3225,0.4667,BELOW STICKER,C
THC,263.78,195.2566,97.6283,17.0291,-0.0681,0.5714,ABOVE STICKER,C
USFD,97.43,27.8446,13.9223,33.1395,-0.1256,0.3333,ABOVE STICKER,C
BRO,62.88,70.5999,35.2999,19.8987,-0.3429,0.7333,BELOW STICKER,C
OMC,76.48,,,,-0.1461,0.5333,NO STICKER,C
STE,214.4,130.6706,65.3353,27.0366,-0.2043,0.5455,ABOVE STICKER,C
U,46.88,,,,-0.1011,0.2727,NO STICKER,C
RS,402.45,114.1986,57.0993,28.7876,-0.0706,0.4667,ABOVE STICKER,C
PKG,230.51,97.1158,48.5579,26.866,-0.1134,0.3333,ABOVE STICKER,C
CMS,65.49,19.8184,9.9092,18.5524,-0.185,0.2,ABOVE STICKER,C
DOW,28.42,,,,-0.335,0.0,NO STICKER,C
EXE,88.22,49.0258,24.5129,11.6539,-0.3033,0.4667,ABOVE STICKER,C
SOFI,15.8,11.7,5.85,40.5128,-0.5173,0.2727,ABOVE STICKER,C
LUV,41.66,,,52.7342,-0.2441,0.1333,NO STICKER,C
VTRS,17.64,,,,-0.0429,0.1111,NO STICKER,C
NTNX,74.63,155.1,77.55,14.4352,-0.0004,0.5333,BELOW MOS,C
RGLD,236.23,200.7,100.35,35.3109,-0.2286,0.8,ABOVE STICKER,C
WWD,335.51,56.3641,28.182,46.6634,-0.2559,0.4,ABOVE STICKER,C
AMRZ,36.2,,,16.9159,-0.451,0.4286,NO STICKER,C
LEN,76.69,28.7534,14.3767,9.6103,-0.4267,0.2667,ABOVE STICKER,C
BG,102.73,,,20.9226,-0.2383,0.5714,NO STICKER,C
NI,40.76,9.4038,4.7019,20.9026,-0.1717,0.2667,ABOVE STICKER,C
LYB,60.03,,,,-0.2848,0.1667,NO STICKER,C
BR,165.45,129.0971,64.5486,17.2344,-0.299,0.6667,ABOVE STICKER,C
SBAC,182.49,50.505,25.2525,18.6214,-0.187,0.3333,ABOVE STICKER,C
AMCR,41.72,,,17.5294,-0.181,0.5455,NO STICKER,C
CRS,385.81,159.1769,79.5885,36.674,-0.3837,0.5333,ABOVE STICKER,C
FSLR,177.82,126.7833,63.3916,12.5137,-0.446,0.6,ABOVE STICKER,C
TSN,53.43,,,40.1729,-0.231,0.0,NO STICKER,C
SSNC,81.03,70.084,35.042,25.7238,-0.099,0.2667,ABOVE STICKER,C
CW,512.6,176.4375,88.2188,35.2787,-0.3657,0.6667,ABOVE STICKER,C
TOST,31.31,16.8,8.4,55.9107,-0.2118,0.5455,ABOVE STICKER,C
XPEV,9.9,,,,-0.6494,0.0,NO STICKER,
EVRG,80.96,10.5038,5.2519,22.1202,-0.0864,0.0,ABOVE STICKER,C
SNA,360.37,191.0556,95.5278,18.7791,-0.1481,0.4,ABOVE STICKER,C
SITM,612.37,,,,-0.321,0.5455,NO STICKER,C
DT,63.5,16.2,8.1,117.5926,-0.0043,0.5455,ABOVE STICKER,C
ZBRA,387.18,,,47.3325,-0.0093,0.3333,NO STICKER,C
NDSN,328.17,160.0419,80.0209,38.5629,-0.0323,0.5333,ABOVE STICKER,C
BBY,87.01,,,17.2639,-0.0986,0.2667,NO STICKER,C
TLN,378.57,,,,-0.1584,0.2,NO STICKER,C
WES,45.62,,,,-0.0889,0.1667,NO STICKER,C
MGA,63.99,,,21.8396,-0.1261,0.0667,NO STICKER,C
LSCC,126.05,,,6302.5,-0.1972,0.2667,NO STICKER,C
MKSI,264.5,,,60.5263,-0.4091,0.4,NO STICKER,C
WCC,365.69,161.7493,80.8746,28.0222,-0.0591,0.3333,ABOVE STICKER,C
ITT,201.37,117.6106,58.8053,39.4843,-0.1257,0.6,ABOVE STICKER,C
CDW,142.17,117.4556,58.7278,17.5953,-0.1175,0.5333,ABOVE STICKER,C
BURL,276.97,333.9,166.95,24.885,-0.2679,0.8,ON DECK,B
FN,486.28,276.0113,138.0057,37.2628,-0.3507,0.9333,ABOVE STICKER,A
CDE,17.13,28.5,14.25,18.0316,-0.3831,0.7333,BELOW STICKER,C
MEDP,612.05,510.6,255.3,35.9606,-0.0971,0.7333,ABOVE STICKER,B
OVV,63.88,39.1658,19.5829,13.364,-0.0538,0.4545,ABOVE STICKER,C
TSCO,33.7,20.5192,10.2596,16.3592,-0.4211,0.5333,ABOVE STICKER,C
DD,130.0,,,,-0.1771,0.0,NO STICKER,C
FIS,34.04,0.4654,0.2327,46.6301,-0.5065,0.1333,ABOVE STICKER,C
GPC,127.02,,,270.2553,-0.162,0.1333,NO STICKER,C
FTAI,169.965,138.0,69.0,36.9489,-0.4746,0.3571,ABOVE STICKER,C
ESS,271.57,38.501,19.2505,26.1125,-0.1048,0.1333,ABOVE STICKER,C
SMTC,187.3,,,,-0.0727,0.2,NO STICKER,C
APG,40.32,,,,-0.1934,0.3636,NO STICKER,C
FTV,57.26,,,33.0983,-0.1131,0.0,NO STICKER,C
IEX,234.29,30.7192,15.3596,36.5507,-0.039,0.2,ABOVE STICKER,C
GIS,32.29,,,,-0.3504,0.2,NO STICKER,C
FDXF,115.47,,,26.363,-0.4226,0.4286,NO STICKER,C
RVTY,154.18,,,74.4831,-0.0726,0.1333,NO STICKER,C
CF,111.54,159.1106,79.5553,8.2745,-0.2143,0.7333,BUY*,B
EWBC,125.53,85.6716,42.8358,13.1859,-0.0869,0.9167,ABOVE STICKER,A
PAA,24.34,,,,-0.0777,0.5714,NO STICKER,C
EFX,145.78,17.7166,8.8583,27.4023,-0.3899,0.1429,ABOVE STICKER,C
MTZ,212.65,9.9712,4.9856,41.9428,-0.5183,0.4,ABOVE STICKER,C
IP,32.12,,,,-0.3608,0.2,NO STICKER,C
LNT,65.85,12.7277,6.3638,20.9713,-0.1644,0.1333,ABOVE STICKER,C
ZBH,89.14,12.8521,6.4261,25.1099,-0.166,0.1333,ABOVE STICKER,C
TPG,45.26,13.5,6.75,100.5778,-0.3569,0.5556,ABOVE STICKER,C
CLH,316.93,169.3054,84.6527,43.5343,-0.0566,0.4667,ABOVE STICKER,C
RGA,255.98,131.5589,65.7795,14.4703,-0.0099,0.2667,ABOVE STICKER,C
CHRW,142.31,15.6556,7.8278,29.4638,-0.3234,0.4,ABOVE STICKER,C
RIVN,13.96,,,,-0.3848,0.0,NO STICKER,C
ZTO,20.15,41.7698,20.8849,10.5041,-0.2309,0.7333,BUY,B
SCNI,1.18,,,,-0.9246,0.1667,NO STICKER,C
J,139.15,,,58.4664,-0.1739,0.0,NO STICKER,C
NWSA,29.12,0.2564,0.1282,28.2718,-0.0802,0.2,ABOVE STICKER,C
BEN,32.0,,,35.1648,-0.118,0.0,NO STICKER,C
NCTY,3.535,,,,-0.6646,0.0667,NO STICKER,C
APA,45.88,,,11.4987,-0.0329,0.7778,NO STICKER,B
FUTU,113.71,194.1049,97.0525,11.3467,-0.4386,1.0,BUY*,A
STRL,513.0,197.6034,98.8017,36.9597,-0.4899,0.8667,ABOVE STICKER,A
RBC,503.68,272.7,136.35,55.4103,-0.2456,0.7333,ABOVE STICKER,C
RBA,85.84,9.0068,4.5034,42.0784,-0.2807,0.3571,ABOVE STICKER,C
DOCN,134.82,75.6,37.8,53.5,-0.281,0.4545,ABOVE STICKER,C
INVH,26.79,28.8,14.4,27.9062,-0.1328,0.4615,BELOW STICKER,C
EXEL,59.86,79.9417,39.9708,18.8239,-0.0209,0.6,BUY*,C
NVR,5899.16,6064.289,3032.1445,13.5131,-0.2806,0.4667,BELOW STICKER,C
FICO,667.58,364.4681,182.234,19.3277,-0.6409,0.6667,ABOVE STICKER,C
HST,22.65,3.2688,1.6344,20.5909,-0.119,0.2,ABOVE STICKER,C
BALL,58.46,72.4581,36.2291,17.7152,-0.1439,0.5333,BELOW STICKER,C
H,161.94,,,,-0.2172,0.0667,NO STICKER,C
LDOS,121.68,74.8781,37.4391,11.3613,-0.4087,0.6364,BUY*,C
ROL,31.98,13.5864,6.7932,29.0727,-0.5165,0.6429,ABOVE STICKER,C
AKAM,106.95,3.4315,1.7158,34.8371,-0.3536,0.1333,ABOVE STICKER,C
IONQ,39.89,,,,-0.5287,0.2727,NO STICKER,C
CRBG,34.09,,,,-0.0435,0.3333,NO STICKER,C
RKT,11.48,,,,-0.5287,0.1818,NO STICKER,C
PFGC,94.88,,,41.4323,-0.1923,0.1429,NO STICKER,C
LAMR,146.47,45.4289,22.7144,25.3847,-0.1194,0.3571,ABOVE STICKER,C
KIM,22.16,10.2501,5.1251,26.9917,-0.1685,0.25,ABOVE STICKER,C
SOLV,87.29,,,9.83,-0.073,0.7143,NO STICKER,B
NBIX,142.44,9.971,4.9855,20.8246,-0.2347,0.7333,ABOVE STICKER,C
MODD,2.72,,,,-0.8605,0.0,NO STICKER,C
PINS,21.4,18.3,9.15,35.082,-0.3958,0.4545,ABOVE STICKER,C
YUMC,42.92,14.9102,7.4551,17.0996,-0.2649,0.3333,ABOVE STICKER,C
JHX,25.12,,,132.2105,-0.2008,0.4667,NO STICKER,C
BZ,15.73,,,37.4524,-0.3304,0.7143,NO STICKER,C
UNM,91.67,4.978,2.489,21.4684,-0.0527,0.0667,ABOVE STICKER,C
BMNR,24.03,,,44.8656,-0.5773,0.2857,NO STICKER,C
CHKP,137.18,44.5777,22.2888,14.2599,-0.3488,0.4,ABOVE STICKER,C
ARMK,54.94,1.8592,0.9296,45.0328,-0.1231,0.2143,ABOVE STICKER,C
EQH,52.92,,,,-0.0417,0.0,NO STICKER,C
WPC,63.37,13.4931,6.7465,30.0453,-0.1794,0.0,ABOVE STICKER,C
LECO,261.13,164.4756,82.2378,26.113,-0.1576,0.6667,ABOVE STICKER,C
CRL,301.79,,,,-0.0945,0.1333,NO STICKER,C
HTHT,44.16,42.1966,21.0983,31.3959,-0.2203,0.7333,BUY*,B
CVNA,63.73,97.0285,48.5143,7.542,-0.3455,0.6154,BELOW STICKER,C
CHTR,103.38,407.2182,203.6091,2.855,-0.6154,0.2667,BELOW MOS,C
ULS,69.99,,,43.7437,-0.3492,0.7143,NO STICKER,B
JLL,299.87,250.643,125.3215,14.3823,-0.2386,0.7333,BUY*,B
PNFP,93.99,,,17.6341,-0.1481,0.3333,NO STICKER,C
JAZZ,218.42,,,,-0.18,0.2667,NO STICKER,C
EG,368.37,330.9119,165.4559,9.7452,-0.0815,0.5333,ABOVE STICKER,C
CNH,11.39,2.6031,1.3016,27.7805,-0.2123,0.2667,ABOVE STICKER,C
LOGI,98.27,36.928,18.464,20.4729,-0.2421,0.5333,ABOVE STICKER,C
SMMT,17.59,,,,-0.3982,0.2222,NO STICKER,C
GEN,23.25,1.4949,0.7474,13.5965,-0.2654,0.6667,ABOVE STICKER,C
TRMB,60.09,16.181,8.0905,34.142,-0.2882,0.2,ABOVE STICKER,C
SUI,114.0,192.936,96.468,10.5166,-0.173,0.4667,BELOW STICKER,C
FLUT,79.78,,,,-0.6875,0.1429,NO STICKER,C
NLY,18.3,,,6.2671,-0.2537,0.1667,NO STICKER,C
RNR,331.38,550.5652,275.2826,5.9143,-0.026,0.6,BELOW STICKER,C
WY,19.1,,,42.4444,-0.3117,0.0667,NO STICKER,C
GWRE,167.32,41.706,20.853,102.6503,-0.3461,0.6,ABOVE STICKER,C
CG,38.42,64.0135,32.0068,17.6239,-0.4291,0.5,BELOW STICKER,C
ATAT,33.07,,,60.1273,-0.234,1.0,NO STICKER,A
MAA,116.86,18.3137,9.1568,30.9153,-0.1908,0.0909,ABOVE STICKER,C
MAS,68.75,1.6451,0.8225,17.8109,-0.178,0.2667,ABOVE STICKER,C
W,105.74,,,,-0.1187,0.2,NO STICKER,C
TYL,329.55,132.8248,66.4124,45.7708,-0.3716,0.5333,ABOVE STICKER,C
CACI,610.65,326.7592,163.3796,25.2752,-0.1066,0.4667,ABOVE STICKER,C
HALO,110.42,95.52,47.76,32.3812,-0.055,0.6,ABOVE STICKER,C
MLI,60.71,55.8033,27.9016,15.8113,-0.1464,0.9333,ABOVE STICKER,A
CRCL,84.51,,,,-0.4268,0.7143,NO STICKER,C
GME,26.56,,,34.4935,-0.0119,0.2667,NO STICKER,C
SWK,88.57,,,33.4226,-0.1539,0.0667,NO STICKER,C
NXT,86.11,49.1387,24.5693,22.2506,-0.4721,0.8889,ABOVE STICKER,A
AIZ,266.49,82.0866,41.0433,12.7568,-0.1232,0.6,BUY*,C
DOCU,71.08,44.4,22.2,48.027,-0.0523,0.4545,ABOVE STICKER,C
GNRC,224.94,,,83.6208,-0.2412,0.4,NO STICKER,C
BWXT,143.83,31.5345,15.7673,37.2617,-0.4052,0.7333,ABOVE STICKER,B
SGI,62.19,44.322,22.161,24.581,-0.369,0.6667,ABOVE STICKER,C
GDDY,104.35,55.3688,27.6844,16.7765,-0.2434,0.5,ABOVE STICKER,C
REG,72.05,,,,-0.1388,0.1429,NO STICKER,C
HAS,93.32,,,,-0.1277,0.1333,NO STICKER,C
CORT,121.19,,,147.7927,-0.0411,0.4667,NO STICKER,C
ASTS,50.965,,,,-0.6193,0.4444,NO STICKER,C
IVZ,29.51,,,,-0.1233,0.0667,NO STICKER,C
ALLE,150.48,173.8597,86.9299,19.748,-0.1782,0.6667,ON DECK,C
DOC,18.8,,,188.0,-0.1808,0.2,NO STICKER,C
PAG,196.16,125.5745,62.7873,13.8825,-0.1359,0.4667,ABOVE STICKER,C
SJM,119.83,,,,-0.1182,0.0833,NO STICKER,C
BBIO,65.35,,,,-0.3004,0.2222,NO STICKER,C
TXT,74.16,38.2667,19.1333,14.5127,-0.2699,0.5714,ABOVE STICKER,C
TTMI,121.01,0.4203,0.2101,72.0298,-0.4594,0.2667,ABOVE STICKER,C
TOL,133.13,126.1675,63.0837,10.7276,-0.2093,0.7143,BUY*,B
CSL,320.36,53.1962,26.5981,18.7126,-0.26,0.3333,ABOVE STICKER,C
AVY,167.82,87.0912,43.5456,19.0922,-0.159,0.4,ABOVE STICKER,C
GGG,78.21,22.4614,11.2307,25.3929,-0.1827,0.4667,ABOVE STICKER,C
DTM,124.01,22.1889,11.0944,28.8395,-0.1888,0.3636,ABOVE STICKER,C
GL,164.17,53.1491,26.5746,11.6681,-0.1429,0.4667,ABOVE STICKER,C
BTSG,63.74,,,73.2644,-0.1357,0.2857,NO STICKER,C
FROG,102.23,,,,-0.0334,0.3636,NO STICKER,C
BAX,24.35,,,,-0.1883,0.0,NO STICKER,C
PEN,319.4,135.6,67.8,70.6637,-0.1187,0.6,ABOVE STICKER,C
IREN,35.19,,,,-0.5422,0.4286,NO STICKER,C
ICLR,164.17,,,56.6103,-0.1949,0.4667,NO STICKER,C
SEIC,104.7,66.3559,33.1779,18.5968,-0.0664,0.5333,ABOVE STICKER,C
TRU,65.48,47.1818,23.5909,28.2241,-0.2653,0.5,ABOVE STICKER,C
TIGR,4.45,1.86,0.93,71.7742,-0.6079,0.8182,ABOVE STICKER,C
CNA,46.17,24.5094,12.2547,9.8443,-0.1712,0.2667,ABOVE STICKER,C
FRO,56.1,,,,-0.0134,0.0,NO STICKER,C
BWA,61.3,,,47.8906,-0.2223,0.0667,NO STICKER,C
RPM,97.73,31.0155,15.5078,18.9033,-0.1975,0.4,ABOVE STICKER,C
BJ,98.58,34.6052,17.3026,22.5068,-0.0681,0.5455,ABOVE STICKER,C
EHC,123.33,79.8472,39.9236,20.0863,-0.0364,0.7857,ABOVE STICKER,C
DKS,136.65,89.8959,44.948,15.0828,-0.4408,0.6667,BUY*,C
LII,356.44,576.9926,288.4963,15.6402,-0.3931,0.4667,BELOW STICKER,C
BF-B,26.39,,,17.2484,-0.1732,0.3333,NO STICKER,C
HCM,14.1,15.6,7.8,27.1154,-0.1366,0.4,BELOW STICKER,C
WSE,11.87,,,0.2451,-0.3205,0.8571,NO STICKER,A
AMKR,49.12,15.0072,7.5036,32.7467,-0.4919,0.3333,ABOVE STICKER,C
MANH,204.89,104.7,52.35,58.7077,-0.0975,0.6,ABOVE STICKER,C
VICR,266.07,78.3,39.15,101.9425,-0.3047,0.7333,ABOVE STICKER,C
MKC,44.81,7.9878,3.9939,15.2935,-0.3812,0.1333,ABOVE STICKER,C
IT,191.15,139.4493,69.7247,19.8083,-0.2679,0.4667,ABOVE STICKER,C
CSGP,29.67,,,1483.5,-0.6248,0.3333,NO STICKER,C
IESC,297.52,185.1854,92.5927,26.4345,-0.2712,1.0,ABOVE STICKER,A
ALB,101.27,,,,-0.5418,0.3333,NO STICKER,C
FIVE,214.73,334.5,167.25,19.2583,-0.1863,0.9333,ON DECK,A
SAIL,20.77,,,,-0.1306,0.1429,NO STICKER,C
CR,204.75,,,32.7077,-0.1117,0.5714,NO STICKER,C
WTS,352.72,241.2305,120.6152,30.8052,-0.106,0.8,ABOVE STICKER,A
RMBS,107.47,1.9492,0.9746,51.1762,-0.3827,0.6667,ABOVE STICKER,C
CCK,108.26,58.8381,29.419,16.9687,-0.1192,0.5333,ABOVE STICKER,C
AFG,141.08,41.2603,20.6301,13.996,-0.0513,0.2667,ABOVE STICKER,C
SANM,217.49,40.1428,20.0714,48.7646,-0.2466,0.5333,ABOVE STICKER,C
MOG-A,363.09,95.908,47.954,49.5348,-0.1911,0.4667,ABOVE STICKER,C
ARW,227.9,69.8472,34.9236,20.8509,-0.0863,0.4667,ABOVE STICKER,C
AEIS,288.66,4.2766,2.1383,75.1719,-0.2737,0.5333,ABOVE STICKER,C
IDCC,331.31,169.6014,84.8007,38.9776,-0.197,0.6667,ABOVE STICKER,C
NVMI,353.0,240.9,120.45,43.9601,-0.4269,0.9333,ABOVE STICKER,A
SWKS,76.35,,,24.789,-0.1773,0.1333,NO STICKER,C
DECK,82.89,117.9612,58.9806,11.7909,-0.3222,0.8667,BUY*,A
HL,17.07,12.451,6.2255,34.8367,-0.5004,0.6,ABOVE STICKER,C
ELS,59.01,11.9798,5.9899,29.3582,-0.1448,0.0667,ABOVE STICKER,C
ELAN,22.92,,,,-0.1808,0.0,NO STICKER,C
AMH,30.85,0.7053,0.3526,26.1441,-0.1203,0.25,ABOVE STICKER,C
DVA,179.25,22.9795,11.4897,18.2165,-0.2757,0.2857,ABOVE STICKER,C
ALLY,37.59,,,15.8608,-0.2051,0.1333,NO STICKER,C
UHS,177.35,218.1064,109.0532,7.6775,-0.28,0.5333,BELOW STICKER,C
HUBS,228.3,25.8,12.9,265.4651,-0.5415,0.5333,ABOVE STICKER,C
TECH,72.46,5.4647,2.7324,62.4655,-0.0032,0.1333,ABOVE STICKER,C
EVR,271.86,288.3177,144.1588,15.3074,-0.3006,0.9333,BUY*,A
PAYC,232.22,283.5,141.75,24.5735,-0.0521,0.8667,ON DECK,A
UHAL,57.39,2.301,1.1505,135.3685,-0.2493,0.0833,ABOVE STICKER,C
VIAV,45.46,,,,-0.2477,0.4286,NO STICKER,C
QXO,10.81,,,,-0.6085,0.6,NO STICKER,C
BSY,34.97,27.0,13.5,38.8556,-0.3383,0.9091,ABOVE STICKER,C
IBRX,10.51,,,,-0.1545,0.2308,NO STICKER,C
AA,42.2,12.9037,6.4519,9.6568,-0.4999,0.2667,ABOVE STICKER,C
WTRG,38.98,136.0849,68.0425,6.8506,-0.083,0.6667,BELOW MOS,C
CART,47.76,,,29.85,-0.0934,0.4286,NO STICKER,C
AR,35.9,,,17.6847,-0.2153,0.2667,NO STICKER,C
RRX,165.03,1.112,0.556,39.2929,-0.334,0.3333,ABOVE STICKER,C
UDR,34.12,7.3602,3.6801,30.1947,-0.1876,0.1333,ABOVE STICKER,C
GBTC,63.54,,,,-0.3018,0.0,NO STICKER,
FHN,23.08,13.7428,6.8714,12.3422,-0.131,0.4286,ABOVE STICKER,C
FORM,139.67,,,202.4203,-0.1285,0.2,NO STICKER,C
MDGL,471.75,,,,-0.2329,0.0714,NO STICKER,C
NYT,66.32,27.8895,13.9447,27.6333,-0.2386,0.6,ABOVE STICKER,C
LFUS,426.5,,,,-0.148,0.4,NO STICKER,C
LULU,94.5,364.5,182.25,7.7778,-0.5818,0.7333,BUY,B
AUR,5.83,,,,-0.3193,0.0,NO STICKER,C
TXRH,161.5,174.0074,87.0037,25.84,-0.2534,0.6667,ON DECK,C
AES,14.94,4.9456,2.4728,11.8571,-0.1535,0.3333,ABOVE STICKER,C
GSAT,83.82,,,,-0.0121,0.3333,NO STICKER,C
PCVX,71.38,,,,-0.2134,0.1111,NO STICKER,C
FDS,287.18,205.0496,102.5248,18.9183,-0.1039,0.6,ABOVE STICKER,C
WSO,279.9,175.8744,87.9372,22.849,-0.3902,0.3333,ABOVE STICKER,C
BMRN,54.795,,,30.4417,-0.228,0.3333,NO STICKER,C
AVTR,15.67,,,,-0.0431,0.0909,NO STICKER,C
CGNX,62.92,,,92.5294,-0.1367,0.2,NO STICKER,C
HRL,19.19,,,22.0575,-0.2786,0.0667,NO STICKER,C
SNAP,6.23,,,,-0.3176,0.2857,NO STICKER,C
EGP,195.98,94.4704,47.2352,40.2423,-0.1355,0.6667,ABOVE STICKER,C
SCI,76.91,16.0111,8.0056,20.2395,-0.1547,0.2667,ABOVE STICKER,C
KNX,64.47,,,157.2439,-0.2219,0.2667,NO STICKER,C
JKHY,149.31,80.4441,40.2221,21.3911,-0.2279,0.5333,ABOVE STICKER,C
HII,264.8,19.4527,9.7263,17.206,-0.4243,0.3333,ABOVE STICKER,C
FNF,38.8,,,17.5566,-0.3357,0.3077,NO STICKER,C
FRHC,169.65,,,67.5896,-0.0469,0.5714,NO STICKER,C
HUT,84.27,,,,-0.4015,0.2857,NO STICKER,C
COO,54.37,14.824,7.412,29.0749,-0.3947,0.3333,ABOVE STICKER,C
ESTC,98.23,102.9,51.45,28.6385,-0.0905,0.5455,BELOW STICKER,C
MOH,196.93,29.3934,14.6967,22.0774,-0.1958,0.5333,ABOVE STICKER,C
AGNC,8.67,,,5.898,-0.2888,0.3333,NO STICKER,C
DCI,86.93,54.8418,27.4209,22.5792,-0.2296,0.6667,ABOVE STICKER,C
DPZ,309.36,93.9925,46.9962,17.6073,-0.3006,0.3571,ABOVE STICKER,C
ENSG,171.8,158.0863,79.0431,26.9279,-0.2119,0.9286,ABOVE STICKER,A
ALGN,142.71,,,25.2584,-0.288,0.4,NO STICKER,C
CLX,83.8,,,,-0.3499,1.0,NO STICKER,
QRVO,114.17,,,31.5387,-0.0571,0.1333,NO STICKER,C
TXG,80.65,,,,-0.2155,0.1818,NO STICKER,C
GMED,74.65,117.6,58.8,19.0434,-0.2638,0.8,BELOW STICKER,C
TWST,159.78,,,,-0.2728,0.1818,NO STICKER,C
AMG,387.26,179.6978,89.8489,17.0299,-0.0157,0.4286,ABOVE STICKER,C
AM,21.09,15.2025,7.6013,24.5233,-0.1152,0.2308,ABOVE STICKER,C
BIO,366.16,,,13.1476,-0.0759,0.3333,NO STICKER,C
BPOP,156.29,56.1933,28.0966,12.7065,-0.128,0.5833,ABOVE STICKER,C
VSAT,72.01,,,,-0.2259,0.3333,NO STICKER,C
UMBF,130.3,84.0285,42.0143,14.0258,-0.1501,0.6667,ABOVE STICKER,C
QGEN,45.38,10.9724,5.4862,23.3918,-0.2152,0.1333,ABOVE STICKER,C
KRYS,331.61,205.2,102.6,48.481,-0.1331,0.6,ABOVE STICKER,C
RGEN,173.88,2.0589,1.0295,202.186,-0.1257,0.4667,ABOVE STICKER,C
CPT,97.58,9.3973,4.6987,27.565,-0.1855,0.2143,ABOVE STICKER,C
MOD,181.56,72.9527,36.4763,67.7463,-0.4383,0.6667,ABOVE STICKER,C
GKOS,165.69,,,,-0.1353,0.2667,NO STICKER,C
MSGS,402.3,5.3984,2.6992,1257.1875,-0.0835,0.2857,ABOVE STICKER,C
SOLS,61.35,,,41.1745,-0.3243,0.2857,NO STICKER,C
ACR,10.45,0.1393,0.0696,348.3333,-0.5754,0.0667,ABOVE STICKER,C
DRS,36.24,11.0174,5.5087,30.4538,-0.2837,0.6364,ABOVE STICKER,C
MUSA,529.14,164.0467,82.0234,21.956,-0.1681,0.4667,ABOVE STICKER,C
SSB,100.25,25.1394,12.5697,12.7382,-0.1065,0.25,ABOVE STICKER,C
DKNG,19.58,,,,-0.4705,0.2727,NO STICKER,C
WMS,125.79,140.9349,70.4674,21.7254,-0.2985,0.7333,ON DECK,B
AHR,50.8,20.4,10.2,74.7059,-0.1346,0.6,ABOVE STICKER,C
PBF,84.27,,,,-0.0582,0.3333,NO STICKER,C
WTFC,143.25,87.7558,43.8779,12.5658,-0.1433,0.5,ABOVE STICKER,C
OGE,46.5,10.7336,5.3668,20.0431,-0.0808,0.0667,ABOVE STICKER,C
ATHM,20.67,,,49.2143,-0.2649,0.1429,NO STICKER,C
RRC,40.89,22.1081,11.0541,14.9234,-0.1536,0.5333,ABOVE STICKER,C
DAR,60.26,,,154.5128,-0.1389,0.3333,NO STICKER,C
MTCH,41.09,7.7126,3.8563,17.2647,-0.0856,0.4667,ABOVE STICKER,C
BXP,59.05,,,33.9368,-0.2122,0.0667,NO STICKER,C
ONB,24.58,8.9028,4.4514,13.7318,-0.1016,0.25,ABOVE STICKER,C
PODD,135.28,104.4,52.2,38.8736,-0.6188,0.6667,ABOVE STICKER,C
DBX,34.36,9.0378,4.5189,18.4731,-0.0998,0.2222,ABOVE STICKER,C
HSIC,84.01,4.4083,2.2042,25.6911,-0.0886,0.1333,ABOVE STICKER,C
KYMR,112.4,,,,-0.1357,0.1818,NO STICKER,C
CFR,150.24,84.0221,42.0111,15.1452,-0.1204,0.4,ABOVE STICKER,C
PTGX,143.73,,,,-0.1062,0.0,NO STICKER,C
AAOI,109.64,,,,-0.5308,0.2,NO STICKER,C
FCFS,213.7,170.58,85.29,28.8005,-0.1056,0.6667,ABOVE STICKER,C
ORI,38.17,14.2972,7.1486,10.2608,-0.1837,0.4667,ABOVE STICKER,C
GTLB,55.09,,,,-0.0083,0.2727,NO STICKER,C
FLS,72.28,7.6714,3.8357,27.3788,-0.2178,0.3333,ABOVE STICKER,C
FRT,106.16,33.6043,16.8021,22.6838,-0.172,0.2,ABOVE STICKER,C
R,238.55,73.3584,36.6792,19.9791,-0.1608,0.1333,ABOVE STICKER,C
ZION,62.49,16.4782,8.2391,10.3977,-0.1479,0.4286,ABOVE STICKER,C
APTV,43.8,,,58.4,-0.5075,0.2,NO STICKER,C
LTH,40.62,49.8,24.9,24.4699,-0.14,0.4545,BELOW STICKER,C
JEF,44.38,17.9448,8.9724,15.682,-0.3336,0.0667,ABOVE STICKER,C
ALSN,109.86,85.5729,42.7864,14.9877,-0.2017,0.5333,ABOVE STICKER,C
TTC,95.79,7.5144,3.7572,30.2177,-0.0894,0.4,ABOVE STICKER,C
SOGP,10.84,0.9,0.45,361.3333,-0.5808,0.5455,ABOVE STICKER,C
SAIA,336.75,274.2853,137.1426,32.5048,-0.3193,0.7143,ABOVE STICKER,C
VMI,467.81,141.1173,70.5586,27.8624,-0.2013,0.3333,ABOVE STICKER,C
OC,114.16,,,,-0.2861,0.0667,NO STICKER,C
SIRI,26.51,6.2269,3.1134,11.8879,-0.1883,0.2,ABOVE STICKER,C
BRKR,58.84,,,,-0.1215,0.2667,NO STICKER,C
AYI,298.34,151.8702,75.9351,23.8101,-0.2152,0.4667,ABOVE STICKER,C
VNET,5.53,,,,-0.6181,0.25,NO STICKER,C
HLI,130.16,99.6795,49.8397,20.926,-0.3625,0.5714,ABOVE STICKER,C
BAH,73.94,58.2115,29.1057,10.7159,-0.3223,0.5,ABOVE STICKER,C
AGQ,67.42,,,,-0.8437,0.1667,NO STICKER,C
ARWR,62.75,,,,-0.3429,0.3333,NO STICKER,C
ESI,36.32,1.7942,0.8971,45.9747,-0.2625,0.1333,ABOVE STICKER,C
CTVA,13.24,3.9094,1.9547,8.275,-0.0944,0.3636,ABOVE STICKER,C
AXSM,168.35,,,,-0.353,0.1538,NO STICKER,C
LLYVA,95.33,,,,-0.1011,0.2,NO STICKER,
SM,37.0,24.7002,12.3501,13.1206,-0.1097,0.5333,ABOVE STICKER,C
JXN,129.71,,,,-0.0794,0.3636,NO STICKER,C
OSCR,33.37,,,,-0.0322,0.3636,NO STICKER,C
CYTK,62.91,,,,-0.2876,0.1429,NO STICKER,C
MXL,96.16,,,,-0.2505,0.0667,NO STICKER,C
TTEK,33.34,34.3927,17.1964,20.0843,-0.2272,0.6429,ON DECK,C
S,26.27,,,,-0.0087,0.2727,NO STICKER,C
PRI,275.29,260.2353,130.1177,11.0647,-0.1589,0.6667,BUY*,C
CUBE,37.97,20.8875,10.4438,26.0068,-0.1223,0.5714,ABOVE STICKER,C
VOYA,94.67,1.6142,0.8071,15.0509,-0.1038,0.2667,ABOVE STICKER,C
PCOR,56.21,,,,-0.3171,0.3636,NO STICKER,C
CTRE,36.03,47.1,23.55,22.949,-0.174,0.7333,BELOW STICKER,C
SPXC,169.46,138.3169,69.1584,33.6899,-0.3251,0.6667,ABOVE STICKER,C
TGTX,55.37,83.1,41.55,19.9892,-0.0663,0.3571,BELOW STICKER,C
AAL,12.76,,,75.0588,-0.3209,0.0667,NO STICKER,C
PCTY,153.96,147.6,73.8,31.2927,-0.0492,0.8667,ABOVE STICKER,A
CAI,29.7,,,,-0.1174,0.1429,NO STICKER,C
BRX,27.3,5.6836,2.8418,21.84,-0.1692,0.1429,ABOVE STICKER,C
PNR,52.47,26.3936,13.1968,13.25,-0.5321,0.3333,ABOVE STICKER,C
MQ,18.11,,,,-0.1872,0.4444,NO STICKER,C
BNT,37.06,,,11.0627,-0.2567,0.1429,NO STICKER,C
XCH,2.94,,,,-0.9412,0.0,NO STICKER,C
MP,46.14,,,,-0.5398,0.2727,NO STICKER,C
NEU,893.36,524.9843,262.4921,20.1026,-0.0899,0.5333,ABOVE STICKER,C
COLB,28.37,44.9888,22.4944,11.1693,-0.1577,0.7692,BUY*,C
ADC,65.95,,,37.2599,-0.1965,0.4,NO STICKER,C
REXR,36.74,25.8,12.9,42.7209,-0.1721,0.5333,ABOVE STICKER,C
GAP,23.23,,,10.9061,-0.2088,0.3333,NO STICKER,C
AVT,99.36,,,24.7781,-0.0853,0.2857,NO STICKER,C
NIO,3.58,,,,-0.5252,0.1818,NO STICKER,C
DY,269.23,197.7906,98.8953,28.1621,-0.5247,0.7857,ABOVE STICKER,C
RAL,73.2,,,,-0.0293,0.0,NO STICKER,C
EAT,193.87,,,17.8353,-0.2397,0.8571,NO STICKER,A
TKR,116.12,12.909,6.4545,28.253,-0.2067,0.3333,ABOVE STICKER,C
ALV,109.76,35.1906,17.5953,11.4932,-0.1696,0.4,ABOVE STICKER,C
WAL,74.27,90.0308,45.0154,8.3826,-0.2361,0.7692,ON DECK,B
AOS,56.38,15.4183,7.7091,14.6442,-0.3113,0.2667,ABOVE STICKER,C
MHK,118.07,,,19.9106,-0.1584,0.0667,NO STICKER,C
HIMS,30.92,15.3,7.65,60.6275,-0.5265,0.3636,ABOVE STICKER,C
UGI,37.12,5.7163,2.8581,12.0129,-0.1021,0.0667,ABOVE STICKER,C
WLK,62.29,,,,-0.4986,0.1333,NO STICKER,C
KTOS,42.36,,,325.8462,-0.6839,0.3333,NO STICKER,C
PB,66.11,5.988,2.994,11.5577,-0.1437,0.1667,ABOVE STICKER,C
ARE,45.51,,,,-0.4206,0.0714,NO STICKER,C
FR,59.43,14.4057,7.2029,31.7807,-0.1495,0.5,ABOVE STICKER,C
CHWY,18.95,4.4681,2.2341,29.1538,-0.5227,0.5455,ABOVE STICKER,C
CNM,40.35,48.8294,24.4147,16.6049,-0.3237,0.5455,BUY*,C
LINE,34.43,,,,-0.2474,0.1429,NO STICKER,C
CBSH,54.39,29.4456,14.7228,13.4629,-0.1072,0.4444,ABOVE STICKER,C
CBC,32.42,,,18.5257,-0.0413,0.8333,NO STICKER,A
CHRD,141.54,5.017,2.5085,191.2703,-0.0988,0.3571,ABOVE STICKER,C
SF,70.34,39.0482,19.5241,11.983,-0.2169,0.3333,ABOVE STICKER,C
WYNN,75.15,12.8,6.4,23.9331,-0.4422,0.0667,ABOVE STICKER,C
OSK,125.23,159.6752,79.8376,12.4948,-0.3062,0.75,BELOW STICKER,B
ZWS,46.57,1.8322,0.9161,40.4957,-0.1533,0.2,ABOVE STICKER,C
KNSL,336.98,739.2,369.6,13.6761,-0.2936,0.9231,BUY,A
NNN,40.24,13.6293,6.8146,19.4396,-0.1952,0.1333,ABOVE STICKER,C
LNC,40.23,6.7252,3.3626,6.9005,-0.1561,0.2,ABOVE STICKER,C
MORN,204.45,147.2366,73.6183,23.0496,-0.1014,0.4667,ABOVE STICKER,C
HQY,92.61,73.8,36.9,37.6463,-0.1395,0.6,ABOVE STICKER,C
ATR,120.38,50.227,25.1135,20.438,-0.1806,0.2,ABOVE STICKER,C
THG,219.33,64.601,32.3005,12.0776,-0.0709,0.5333,ABOVE STICKER,C
ACM,59.28,12.4954,6.2477,14.0808,-0.5626,0.3571,ABOVE STICKER,C
BOKF,125.47,46.7888,23.3944,13.6827,-0.1455,0.0833,ABOVE STICKER,C
RHP,120.28,18.632,9.316,31.9045,-0.125,0.4667,ABOVE STICKER,C
ZG,29.87,1.748,0.874,331.8889,-0.6086,0.2,ABOVE STICKER,C
FIG,22.5,,,,-0.6676,0.1429,NO STICKER,C
SYRE,85.69,,,,-0.2222,0.0,NO STICKER,C
IONS,45.28,,,,-0.478,0.1333,NO STICKER,C
NFG,78.66,40.8176,20.4088,13.8486,-0.1896,0.3571,ABOVE STICKER,C
LEVI,18.7,20.9168,10.4584,12.8966,-0.2724,0.4615,BELOW STICKER,C
KMX,52.61,,,31.3155,-0.1941,0.2,NO STICKER,C
CAMT,152.81,18.0736,9.0368,206.5,-0.2925,0.8667,ABOVE STICKER,A
GLXY,20.33,,,,-0.5573,0.5,NO STICKER,C
IDA,135.42,20.3982,10.1991,22.9525,-0.1258,0.0,ABOVE STICKER,C
SLAB,222.04,,,,-0.0065,0.0667,NO STICKER,C
TAP,37.2,,,,-0.3214,0.0714,NO STICKER,C
CLF,12.98,,,,-0.2228,0.2667,NO STICKER,C
SNEX,61.235,1.4663,0.7331,10.3964,-0.3531,0.6,ABOVE STICKER,C
MGM,29.27,10.9187,5.4593,38.5132,-0.4326,0.2667,ABOVE STICKER,C
APPF,202.2,,,52.1134,-0.237,0.5333,NO STICKER,C
PATH,13.48,10.73,5.365,25.9231,-0.3206,0.4545,ABOVE STICKER,C
SFD,18.61,0.9772,0.4886,7.4143,-0.3756,0.375,ABOVE STICKER,C
ZETA,33.09,,,,-0.0491,0.3636,NO STICKER,C
PRAX,259.86,,,,-0.3383,0.2,NO STICKER,C
DUOL,149.92,257.1,128.55,17.4936,-0.5642,0.6364,BELOW STICKER,C
SSRM,35.51,30.5934,15.2967,19.1946,-0.0996,0.4545,ABOVE STICKER,C
AGCO,103.28,63.3564,31.6782,10.5928,-0.2817,0.4,ABOVE STICKER,C
MSM,129.51,,,36.2773,-0.0213,0.2,NO STICKER,C
CELH,28.58,7.5,3.75,114.32,-0.5718,0.6,ABOVE STICKER,C
RNG,79.27,14.4,7.2,165.1458,-0.0321,0.4,ABOVE STICKER,C
ACA,147.18,38.5954,19.2977,34.7123,-0.0004,0.2727,ABOVE STICKER,C
URBN,82.18,81.3751,40.6876,12.8607,-0.038,0.8667,BUY*,A
KEX,136.25,21.2711,10.6355,21.5245,-0.136,0.0667,ABOVE STICKER,C
EMN,62.69,1.0156,0.5078,15.2902,-0.249,0.0,ABOVE STICKER,C
APLD,23.68,,,,-0.5332,0.1818,NO STICKER,C
QLYS,202.42,125.3177,62.6589,35.1424,-0.0097,0.9333,ABOVE STICKER,A
VCTR,112.44,63.0355,31.5178,20.4436,-0.0899,0.8,BUY*,A
NCLH,15.57,,,16.9239,-0.3804,0.1333,NO STICKER,C
DSGX,82.82,56.1,28.05,44.2888,-0.1579,0.8,ABOVE STICKER,C
COMP,9.39,,,,-0.3271,0.3636,NO STICKER,C
CHYM,30.08,,,,-0.1539,0.1429,NO STICKER,C
AAON,86.16,0.5309,0.2654,66.7907,-0.4274,0.5333,ABOVE STICKER,C
NICE,117.49,187.1224,93.5612,12.1499,-0.1522,0.4667,BELOW STICKER,C
CMC,63.89,,,86.3378,-0.2472,0.2,NO STICKER,C
TRNO,64.79,117.3,58.65,16.5703,-0.1793,0.6429,BELOW STICKER,C
AXS,96.73,57.4748,28.7374,7.8324,-0.1938,0.2667,ABOVE STICKER,C
SSD,171.12,180.9028,90.4514,18.7426,-0.1985,0.8667,ON DECK,A
ETSY,76.71,,,55.1871,-0.128,0.2667,NO STICKER,C
MSA,180.71,102.8238,51.4119,22.4764,-0.135,0.6667,ABOVE STICKER,C
POWL,191.93,77.1015,38.5507,36.7716,-0.4148,0.7333,ABOVE STICKER,C
SGOL,39.92,117.7032,58.8516,2.478,-0.2445,0.8889,BELOW MOS,A
PLXS,262.54,65.775,32.8875,41.9393,-0.145,0.4667,ABOVE STICKER,C
ABTC,7.73,,,,-0.9205,0.1818,NO STICKER,C
FSS,113.57,97.2774,48.6387,24.4763,-0.1557,1.0,ABOVE STICKER,A
AXTA,32.63,25.5308,12.7654,18.7529,-0.1549,0.3333,ABOVE STICKER,C
PRMB,19.27,,,120.4375,-0.2648,0.2857,NO STICKER,C
VLY,12.62,2.9643,1.4822,12.495,-0.1697,0.1667,ABOVE STICKER,C
AVAV,137.11,,,,-0.6665,0.4,NO STICKER,C
AWI,161.87,104.5269,52.2635,22.174,-0.2145,0.7333,ABOVE STICKER,B
STAG,36.01,26.1066,13.0533,24.6423,-0.1549,0.2727,ABOVE STICKER,C
SOBO,33.22,,,16.0483,-0.1486,0.7143,NO STICKER,B
WULF,13.77,,,,-0.5385,0.3333,NO STICKER,C
PACS,43.3,,,35.4918,-0.1251,1.0,NO STICKER,A
GLBE,40.39,11.7,5.85,103.5641,-0.0818,0.4545,ABOVE STICKER,C
PPC,28.65,32.8142,16.4071,6.3106,-0.3611,0.4,BELOW STICKER,C
ALKS,40.61,11.1872,5.5936,28.3986,-0.2705,0.3333,ABOVE STICKER,C
DOX,58.84,11.577,5.7885,13.8447,-0.3129,0.2,ABOVE STICKER,C
FLR,50.68,,,,-0.1314,0.0667,NO STICKER,C
NE,42.36,22.0738,11.0369,31.3778,-0.2295,0.2727,ABOVE STICKER,C
NOV,18.97,0.2611,0.1306,48.641,-0.135,0.0,ABOVE STICKER,C
GTES,26.67,4.976,2.488,27.7813,-0.121,0.3636,ABOVE STICKER,C
MATX,225.67,171.6071,85.8036,16.3411,-0.0631,0.5333,ABOVE STICKER,C
MTDR,54.28,47.2654,23.6327,9.3105,-0.1879,0.6667,BUY*,C
TTAN,72.59,,,,-0.3482,0.2857,NO STICKER,C
ESE,257.83,96.7419,48.371,22.3229,-0.2881,0.6,ABOVE STICKER,C
LAD,290.24,290.9308,145.4654,9.6106,-0.3396,0.6,ON DECK,C
SARO,20.17,,,24.3012,-0.415,0.4286,NO STICKER,C
IAUM,41.81,,,2.4667,-0.2435,0.5,NO STICKER,
ALGM,35.57,,,,-0.5044,0.1818,NO STICKER,C
IOVA,14.62,,,,-0.0444,0.0714,NO STICKER,C
VSXY,82.87,5.4485,2.7242,42.9378,-0.1912,0.3636,ABOVE STICKER,C
LB,86.25,,,91.7553,-0.0593,1.0,NO STICKER,B
LW,47.87,0.5155,0.2577,23.0144,-0.2863,0.3333,ABOVE STICKER,C
NPO,311.45,,,163.0628,-0.2023,0.2667,NO STICKER,C
CVLT,157.25,15.597,7.7985,100.8013,-0.1156,0.6,ABOVE STICKER,C
LNTH,100.15,61.3028,30.6514,29.3695,-0.1047,0.5333,ABOVE STICKER,C
ELF,109.23,29.4,14.7,111.4592,-0.2281,0.7333,ABOVE STICKER,C
TXNM,58.61,10.7902,5.3951,39.6014,-0.0155,0.2143,ABOVE STICKER,C
ENS,179.81,139.0926,69.5463,23.3519,-0.264,0.3333,ABOVE STICKER,C
OMF,56.07,10.1306,5.0653,8.5473,-0.2205,0.25,ABOVE STICKER,C
OKLO,34.7,,,,-0.821,0.1667,NO STICKER,C
CAG,13.49,,,,-0.3361,0.0667,NO STICKER,C
HXL,84.96,2.1178,1.0589,62.128,-0.2397,0.0,ABOVE STICKER,C
INGM,27.72,,,19.9424,-0.1253,0.5714,NO STICKER,C
AMRX,19.91,,,90.5,-0.0597,0.1818,NO STICKER,C
RIOT,16.885,,,,-0.4431,0.3333,NO STICKER,C
ACT,45.97,17.5302,8.7651,10.1704,-0.0908,0.4545,ABOVE STICKER,C
MAC,22.25,,,,-0.166,0.2,NO STICKER,C
KNSA,79.78,5.5232,2.7616,106.3733,-0.0381,0.3,ABOVE STICKER,C
IMVT,30.47,,,,-0.3292,0.0,NO STICKER,C
OWL,9.49,3.0,1.5,94.9,-0.4524,0.3333,ABOVE STICKER,C
VNO,33.63,3.8422,1.9211,8.0071,-0.1916,0.3571,ABOVE STICKER,C
GRAL,140.58,,,,-0.1555,0.1429,NO STICKER,C
KOD,99.87,,,,-0.0397,0.0,NO STICKER,C
CAVA,53.64,,,99.3333,-0.457,0.4286,NO STICKER,C
ECG,122.44,,,30.9975,-0.2864,0.8571,NO STICKER,A
RYTM,90.78,,,,-0.2571,0.1429,NO STICKER,C
FAF,61.2,17.9106,8.9553,10.2,-0.2338,0.3333,ABOVE STICKER,C
UBSI,45.46,6.8784,3.4392,13.9021,-0.0838,0.3333,ABOVE STICKER,C
SFM,65.14,66.8667,33.4333,12.4551,-0.4303,0.7333,BUY*,B
BLCO,17.3,,,,-0.0854,0.0909,NO STICKER,C
ST,42.29,,,201.381,-0.2153,0.0667,NO STICKER,C
RIG,5.51,,,,-0.2807,0.2,NO STICKER,C
LYFT,16.22,16.87,8.435,2.3818,-0.3649,0.3636,BELOW STICKER,C
VNOM,42.99,,,,-0.1592,0.7143,NO STICKER,C
SWX,84.14,17.1906,8.5953,13.8388,-0.1093,0.1667,ABOVE STICKER,C
SKYD,9.16,,,,-0.4819,0.1429,NO STICKER,C
BLTE,154.49,,,,-0.2275,0.1111,NO STICKER,C
ANF,142.58,116.9383,58.4692,13.631,-0.0814,0.4667,ABOVE STICKER,C
EPAM,113.24,85.7971,42.8986,15.365,-0.4911,0.7333,BUY*,B
FNB,17.06,5.1981,2.599,10.9359,-0.1291,0.25,ABOVE STICKER,C
LGND,301.81,,,49.2349,-0.076,0.4,NO STICKER,C
CZR,29.5,,,,-0.0447,0.3333,NO STICKER,C
INGR,95.09,89.9267,44.9633,8.5054,-0.23,0.4,ABOVE STICKER,C
MOS,18.74,,,11.0235,-0.4189,0.1333,NO STICKER,C
INSW,119.82,1.6151,0.8076,19.2327,-0.0239,0.2667,ABOVE STICKER,C
FSV,129.73,79.6744,39.8372,40.9243,-0.3138,0.5333,ABOVE STICKER,C
M,22.67,,,9.7716,-0.1474,0.4,NO STICKER,C
ACI,12.19,,,30.475,-0.3905,0.2308,NO STICKER,C
MOGU,2.24,,,,-0.3333,0.0,NO STICKER,C
VFC,15.0,,,23.4375,-0.3264,0.1333,NO STICKER,C
MTG,27.43,18.3204,9.1602,8.5719,-0.1399,0.6,BUY*,C
FMS,21.06,,,5.1872,-0.2353,0.3333,NO STICKER,C
HR,17.15,,,,-0.2219,0.2,NO STICKER,C
WEX,172.43,146.826,73.413,20.3577,-0.1547,0.3333,ABOVE STICKER,C
PEGA,35.65,30.6988,15.3494,16.7371,-0.4765,0.5333,ABOVE STICKER,C
MTRN,280.45,25.6238,12.8119,78.338,-0.1371,0.2,ABOVE STICKER,C
CVI,58.02,,,214.8889,-0.0503,0.2857,NO STICKER,C
DOCS,30.5,25.2,12.6,36.3095,-0.5726,0.8182,ABOVE STICKER,A
LEA,118.03,49.4433,24.7217,14.4822,-0.2149,0.2667,ABOVE STICKER,C
GATX,164.78,85.3507,42.6754,18.068,-0.1984,0.2667,ABOVE STICKER,C
VAL,83.65,69.5619,34.781,6.0354,-0.267,0.4286,ABOVE STICKER,C
HWC,72.4,26.398,13.199,12.769,-0.0965,0.25,ABOVE STICKER,C
BKH,76.08,4.0851,2.0425,19.1156,-0.0332,0.0,ABOVE STICKER,C
POOL,159.54,114.0941,57.0471,14.7041,-0.478,0.4,ABOVE STICKER,C
LUMN,5.62,,,,-0.5297,0.0,NO STICKER,C
PI,189.63,,,,-0.2325,0.2667,NO STICKER,C
MKTX,164.58,15.4415,7.7208,24.7861,-0.1602,0.4667,ABOVE STICKER,C
TEX,50.67,31.4174,15.7087,15.2162,-0.3216,0.4667,ABOVE STICKER,C
G,34.4,33.9394,16.9697,10.9904,-0.2928,0.4286,ABOVE STICKER,C
EXLS,36.79,47.1,23.55,23.4331,-0.1616,0.7857,ON DECK,B
VRNS,50.12,,,,-0.2144,0.4667,NO STICKER,C
LSTR,169.11,,,51.0906,-0.2598,0.2,NO STICKER,C
OTEX,23.695,34.0203,17.0102,9.1841,-0.4061,0.2667,BELOW STICKER,C
CPB,19.21,,,14.6641,-0.4004,0.1333,NO STICKER,C
DLB,58.74,6.4971,3.2486,22.4198,-0.1603,0.0667,ABOVE STICKER,C
TTD,12.08,25.2,12.6,14.381,-0.7808,0.7857,BUY,C
FTDR,79.8,27.442,13.721,21.0554,-0.1459,0.7273,ABOVE STICKER,B
MGY,24.1,52.575,26.2875,13.7518,-0.2643,0.6667,BELOW MOS,C
RYN,18.98,4.7553,2.3776,12.5281,-0.2692,0.2667,ABOVE STICKER,C
MCY,102.75,57.1454,28.5727,10.5169,-0.0912,0.4,ABOVE STICKER,C
BLDR,52.85,28.2059,14.1029,13.5861,-0.5981,0.5333,ABOVE STICKER,C
HRB,44.05,31.6193,15.8096,7.7827,-0.2492,0.6,BUY*,C
CGON,63.82,,,,-0.2118,0.1429,NO STICKER,C
HOMB,28.25,17.6125,8.8063,11.722,-0.1088,0.3333,ABOVE STICKER,C
SAIC,134.66,90.6444,45.3222,17.4883,-0.0561,0.5333,ABOVE STICKER,C
ESNT,62.49,50.9496,25.4748,9.0565,-0.112,0.5333,ABOVE STICKER,C
HNGE,102.9,,,,-0.0037,0.2857,NO STICKER,C
CIFR,13.52,,,,-0.5514,0.1429,NO STICKER,C
ERAS,16.03,,,,-0.3398,0.0,NO STICKER,C
CRUS,106.87,119.6536,59.8268,13.0648,-0.4077,0.8,BUY*,A
WFRD,77.92,1.5159,0.7579,13.14,-0.3114,0.3333,ABOVE STICKER,C
MIRM,86.01,,,,-0.3384,0.2727,NO STICKER,C
RDNT,70.91,,,,-0.1739,0.4667,NO STICKER,C
CHDN,79.96,119.1086,59.5543,14.9899,-0.3244,0.3333,BELOW STICKER,C
AGX,392.61,211.1449,105.5724,31.0118,-0.5127,0.7857,BUY*,B
GBCI,42.73,,,21.4724,-0.2171,0.3571,NO STICKER,C
BXSL,23.86,,,9.6992,-0.1654,0.0,NO STICKER,C
JBTM,107.08,,,,-0.3708,0.5333,NO STICKER,C
SXT,130.37,8.0722,4.0361,41.2563,-0.0609,0.0667,ABOVE STICKER,C
MUR,38.68,1.7103,0.8551,53.7222,-0.1075,0.0,ABOVE STICKER,C
MMED,19.71,,,,-0.1932,0.1429,NO STICKER,C
SNDR,31.5,,,53.3898,-0.1979,0.0667,NO STICKER,C
LKQ,21.84,6.6899,3.3449,9.2936,-0.4118,0.2667,ABOVE STICKER,C
BGC,11.48,0.9028,0.4514,37.0323,-0.1094,0.2667,ABOVE STICKER,C
CROX,114.98,,,,-0.1862,0.5333,NO STICKER,C
WH,74.06,2.8527,1.4263,29.624,-0.1803,0.3636,ABOVE STICKER,C
EPRT,25.37,35.7287,17.8643,19.8203,-0.2695,0.5455,BELOW STICKER,C
MANE,130.9,,,,-0.0426,0.0,NO STICKER,
ORA,88.92,1.2366,0.6183,44.0198,-0.3926,0.0667,ABOVE STICKER,C
GPCR,25.54,,,,-0.7309,0.1667,NO STICKER,C
LAUR,39.47,3.4666,1.7333,20.8836,-0.0356,0.4,ABOVE STICKER,C
ORKA,82.11,,,,-0.2892,0.0,NO STICKER,C
ASB,28.65,6.3427,3.1713,10.343,-0.1174,0.0833,ABOVE STICKER,C
KGS,53.47,,,60.0787,-0.3117,0.4286,NO STICKER,C
PTCT,64.7,75.53,37.765,8.3162,-0.288,0.2143,BELOW STICKER,C
AUB,37.8,2.5619,1.2809,18.6207,-0.1334,0.25,ABOVE STICKER,C
CAKE,108.45,5.829,2.9145,35.4412,-0.0845,0.3333,ABOVE STICKER,C
JOBY,5.44,,,,-0.7102,0.2,NO STICKER,C
QBTS,14.57,,,,-0.6883,0.3636,NO STICKER,C
COGT,31.0,,,,-0.2911,0.1111,NO STICKER,C
BCPC,167.83,54.2005,27.1002,35.3326,-0.0874,0.4667,ABOVE STICKER,C
NOVT,141.28,3.6001,1.8,96.1088,-0.199,0.3333,ABOVE STICKER,C
GXO,46.56,8.4,4.2,166.2857,-0.3035,0.1818,ABOVE STICKER,C
POR,45.39,16.9281,8.4641,16.3863,-0.169,0.2143,ABOVE STICKER,C
NIQ,18.09,,,,-0.0813,0.2857,NO STICKER,C
DAVE,368.42,,,27.2299,-0.196,0.7143,NO STICKER,C
CWST,83.78,,,698.1667,-0.224,0.4667,NO STICKER,C
AROC,30.28,14.4942,7.2471,16.5464,-0.283,0.3333,ABOVE STICKER,C
ABCB,79.02,58.2956,29.1478,13.17,-0.1523,0.5,ABOVE STICKER,C
TFX,125.12,,,,-0.1371,0.0667,NO STICKER,C
PL,17.18,,,,-0.6681,0.2727,NO STICKER,C
OUT,29.98,3.3527,1.6763,36.561,-0.1424,0.1333,ABOVE STICKER,C
PAGP,26.62,,,,-0.0725,0.4286,NO STICKER,C
BB,8.91,,,99.0,-0.3444,0.0667,NO STICKER,C
BYD,68.93,279.11,139.555,3.0581,-0.2459,0.7333,BUY,B
PSMT,168.88,44.4671,22.2336,35.0373,-0.1549,0.4,ABOVE STICKER,C
MMSI,87.21,28.1246,14.0623,40.9437,-0.0796,0.4667,ABOVE STICKER,C
MTN,146.03,8.0732,4.0366,35.4442,-0.106,0.1333,ABOVE STICKER,C
AN,157.38,122.9021,61.4511,9.2359,-0.3326,0.4667,ABOVE STICKER,C
NJR,51.21,34.9252,17.4626,15.3784,-0.1586,0.2857,ABOVE STICKER,C
OLLI,85.33,62.3582,31.1791,19.0895,-0.3598,0.7333,ABOVE STICKER,B
CRSP,53.39,,,,-0.2896,0.1333,NO STICKER,C
MLCO,4.23,1.6249,0.8125,27.4675,-0.5561,0.3333,ABOVE STICKER,C
SHC,18.06,1.9706,0.9853,66.8889,-0.0902,0.3636,ABOVE STICKER,C
RLI,55.71,73.9752,36.9876,11.7038,-0.17,0.6667,BUY*,C
SRRK,42.19,,,,-0.3169,0.0,NO STICKER,C
ACIW,50.87,21.4187,10.7093,23.5509,-0.1672,0.4,ABOVE STICKER,C
GHC,1173.16,116.7673,58.3837,17.6495,-0.0707,0.2667,ABOVE STICKER,C
WAY,26.68,,,43.7377,-0.3388,0.2857,NO STICKER,C
RELY,24.13,9.3,4.65,77.8387,-0.1219,0.3636,ABOVE STICKER,C
RRR,49.51,23.2305,11.6153,15.8686,-0.2824,0.4667,ABOVE STICKER,C
EXP,164.7,104.465,52.2325,12.5152,-0.3292,0.4,ABOVE STICKER,C
KVYO,17.32,,,,-0.4807,0.2857,NO STICKER,C
CNX,34.03,14.1253,7.0627,8.5503,-0.2199,0.2,ABOVE STICKER,C
IRDM,47.47,8.5876,4.2938,44.783,-0.1698,0.0667,ABOVE STICKER,C
SIGI,84.22,90.6206,45.3103,11.2443,-0.1612,0.6,BELOW STICKER,C
AX,88.44,99.3871,49.6935,10.4292,-0.1636,0.9286,BUY*,A
BOX,36.39,10.1326,5.0663,62.7414,-0.0133,0.2667,ABOVE STICKER,C
AMRN,12.03,,,,-0.4244,0.0667,NO STICKER,C
QH,3.575,,,,-0.7209,0.0,NO STICKER,C
IBP,185.44,265.5994,132.7997,20.0043,-0.4687,0.7333,ON DECK,B
NXST,161.45,,,53.8167,-0.3651,0.2,NO STICKER,C
CLMT,56.42,,,,-0.0576,0.0,NO STICKER,C
DFTX,36.9,,,,-0.2575,0.1111,NO STICKER,C
CORZ,15.41,,,,-0.4941,0.1818,NO STICKER,C
CE,45.02,,,,-0.3632,0.1333,NO STICKER,C
ALIT,9.36,,,,-0.8538,0.125,NO STICKER,C
FND,45.5,29.7545,14.8773,21.2617,-0.4126,0.6,ABOVE STICKER,C
GVA,112.5,17.5962,8.7981,29.1451,-0.3059,0.4,ABOVE STICKER,C
WTM,2060.63,2943.3995,1471.6997,4.7906,-0.1167,0.7333,BELOW STICKER,C
HCC,93.07,5.5187,2.7593,86.1759,-0.1647,0.4545,ABOVE STICKER,C
TVTX,52.125,,,,-0.2416,0.2667,NO STICKER,C
CNO,52.99,3.5592,1.7796,23.0391,-0.0799,0.2667,ABOVE STICKER,C
MYRG,311.63,147.1396,73.5698,29.5945,-0.3812,0.9286,ABOVE STICKER,A
GTX,26.24,2.3996,1.1998,17.2632,-0.2761,0.4545,ABOVE STICKER,C
CNK,36.4,,,35.0,-0.0683,0.125,NO STICKER,C
VSEC,173.63,,,315.6909,-0.2995,0.3333,NO STICKER,C
GLNG,47.92,10.0448,5.0224,79.8915,-0.1708,0.2222,ABOVE STICKER,C
UNF,260.85,12.3659,6.1829,32.688,-0.1494,0.0,ABOVE STICKER,C
SBRA,18.96,,,29.625,-0.1673,0.3333,NO STICKER,C
BTC,36.36,,,,-0.293,0.0,NO STICKER,
PECO,37.57,10.8389,5.4195,42.2135,-0.1534,0.4,ABOVE STICKER,C
SPHR,106.41,,,143.7973,-0.4141,0.0909,NO STICKER,C
KLIC,92.01,,,23002.5,-0.3225,0.2,NO STICKER,C
PSN,45.08,29.2089,14.6045,20.4909,-0.4877,0.3636,ABOVE STICKER,C
ROAD,86.81,55.2,27.6,47.1793,-0.4251,0.7273,ABOVE STICKER,C
EBC,21.03,11.0669,5.5334,48.907,-0.1155,0.4545,ABOVE STICKER,C
YSG,2.58,,,,-0.7152,0.1818,NO STICKER,C
ACMR,71.37,41.1,20.55,52.0949,-0.4389,0.4545,ABOVE STICKER,C
NSIT,163.605,17.7482,8.8741,33.6636,-0.0291,0.2,ABOVE STICKER,C
RXO,29.08,,,,-0.0274,0.2727,NO STICKER,C
MIDD,105.95,,,,-0.2868,0.0667,NO STICKER,C
KRG,23.91,41.1,20.55,17.4526,-0.2009,0.3571,BELOW STICKER,C
BROS,38.05,19.2,9.6,59.4531,-0.486,0.6667,ABOVE STICKER,C
MRCY,79.49,,,,-0.3812,0.1818,NO STICKER,C
MAT,16.69,23.064,11.532,13.4597,-0.2576,0.2667,BELOW STICKER,C
CHH,105.64,121.6312,60.8156,13.3722,-0.1468,0.5333,BELOW STICKER,C
LFST,12.42,,,502.733,-0.0841,0.3333,NO STICKER,C
CON,37.19,,,28.6077,-0.0027,0.7143,NO STICKER,B
SON,47.92,147.8469,73.9234,4.7587,-0.2102,0.4667,BELOW MOS,C
AMTM,19.29,,,71.4444,-0.4938,0.4286,NO STICKER,C
CSW,287.59,219.3,109.65,39.342,-0.191,0.7333,ABOVE STICKER,C
STWD,12.71,,,11.0522,-0.3332,0.1333,NO STICKER,C
CRC,52.96,9.915,4.9575,12.7614,-0.2642,0.3636,ABOVE STICKER,C
FLG,11.32,,,,-0.2668,0.0,NO STICKER,C
ENVA,178.07,129.3391,64.6696,13.2296,-0.3342,0.8,BUY*,C
HASI,36.49,30.9321,15.466,25.8794,-0.1731,0.4,ABOVE STICKER,C
SYNA,119.82,,,,-0.1964,0.0667,NO STICKER,C
RGTI,14.03,,,,-0.7587,0.1429,NO STICKER,C
FSLY,29.3,,,,-0.1585,0.2727,NO STICKER,C
CHEF,114.32,22.8242,11.4121,68.0476,-0.0354,0.4667,ABOVE STICKER,C
IEP,6.56,,,,-0.2961,0.0,NO STICKER,C
FBIN,39.01,,,15.7935,-0.3984,0.1333,NO STICKER,C
OPCH,31.07,28.8714,14.4357,24.4646,-0.1557,0.2143,ABOVE STICKER,C
PIPR,65.28,51.8107,25.9054,15.1319,-0.3133,0.6,BUY*,C
TREX,44.78,21.8878,10.9439,26.3412,-0.1753,0.7333,ABOVE STICKER,B
HIMX,13.3,,,166.25,-0.4699,0.0,NO STICKER,C
REYN,22.01,,,15.3916,-0.1944,0.0,NO STICKER,C
SR,78.42,75.4858,37.7429,17.9451,-0.1772,0.2,ABOVE STICKER,C
SYM,42.63,,,,-0.5149,0.2222,NO STICKER,C
GOLF,79.18,28.9034,14.4517,25.4598,-0.3382,0.3333,ABOVE STICKER,C
VSH,34.04,,,,-0.51,0.0667,NO STICKER,C
DNTH,82.37,,,,-0.3012,0.1,NO STICKER,C
LPX,65.69,,,31.5817,-0.3453,0.3333,NO STICKER,C
TENB,41.59,,,,-0.0476,0.4545,NO STICKER,C
DK,74.51,,,,-0.0943,0.0667,NO STICKER,C
NWE,74.15,,,25.2211,-0.0243,0.0,NO STICKER,C
OGS,72.5,18.6721,9.336,16.5904,-0.2014,0.1667,ABOVE STICKER,C
UEC,9.19,,,,-0.5482,0.2,NO STICKER,C
NNI,125.26,55.6117,27.8058,10.6243,-0.1324,0.1667,ABOVE STICKER,C
MNDY,88.96,67.2,33.6,39.7143,-0.5774,0.3636,ABOVE STICKER,C
GOSS,9.31,,,,-0.9699,0.0,NO STICKER,C
CUZ,27.62,,,115.0833,-0.1618,0.2667,NO STICKER,C
PRM,27.75,,,,-0.273,0.3636,NO STICKER,C
OPLN,36.71,,,,-0.1443,0.2143,NO STICKER,C
TFSL,16.07,0.3555,0.1778,50.2188,-0.1755,0.0833,ABOVE STICKER,C
PRIM,83.6,69.1608,34.5804,16.6534,-0.5932,0.7143,ABOVE STICKER,C
AXTI,68.46,,,,-0.5218,0.0667,NO STICKER,C
RDN,33.93,22.8487,11.4243,8.1957,-0.1734,0.4667,ABOVE STICKER,C
RSI,18.9,9.3,4.65,60.9677,-0.4526,0.6364,ABOVE STICKER,C
OII,44.81,10.4951,5.2475,12.8395,-0.174,0.4667,ABOVE STICKER,C
KBR,35.34,13.9317,6.9658,11.0093,-0.2211,0.2667,ABOVE STICKER,C
NTSK,20.755,,,,-0.1691,0.1429,NO STICKER,C
GNTX,21.04,6.185,3.0925,12.092,-0.2205,0.2667,ABOVE STICKER,C
CIGI,86.6,36.0956,18.0478,41.0427,-0.4951,0.6667,ABOVE STICKER,C
FFIN,30.77,7.7505,3.8752,17.3842,-0.1574,0.5,ABOVE STICKER,C
CVSA,129.38,108.5248,54.2624,18.3778,-0.172,0.4667,ABOVE STICKER,C
HHH,73.73,,,33.362,-0.1904,0.2857,NO STICKER,C
SKY,79.63,78.8657,39.4328,23.2836,-0.197,0.8,ABOVE STICKER,A
ALK,39.36,,,47.4217,-0.3508,0.1333,NO STICKER,C
CNR,88.46,,,,-0.2294,0.5333,NO STICKER,C
TPC,83.36,,,55.2053,-0.1851,0.3571,NO STICKER,C
DIOD,94.94,2.8379,1.419,66.3916,-0.2464,0.4,ABOVE STICKER,C
VNT,32.24,16.4086,8.2043,11.6812,-0.3311,0.5455,ABOVE STICKER,C
MIR,16.62,2.8746,1.4373,151.0909,-0.4511,0.2727,ABOVE STICKER,C
COE,12.22,,,,-0.7823,0.2,NO STICKER,C
HTFL,49.74,,,,-0.0843,0.1429,NO STICKER,C
FELE,97.72,28.8714,14.4357,30.3478,-0.1563,0.2667,ABOVE STICKER,C
KRMN,32.59,,,250.6923,-0.7247,0.8571,NO STICKER,A
PTEN,11.31,,,,-0.1553,0.1333,NO STICKER,C
ENPH,32.81,30.3,15.15,32.4851,-0.5551,0.6154,ABOVE STICKER,C
ITGR,126.61,9.6755,4.8377,43.8097,-0.0015,0.1333,ABOVE STICKER,C
OTF,9.36,52.7852,26.3926,5.3197,-0.376,0.3333,BELOW MOS,C
BDC,109.15,65.8139,32.907,18.4687,-0.3178,0.4667,ABOVE STICKER,C
BCO,103.4,65.933,32.9665,22.0469,-0.2418,0.4667,ABOVE STICKER,C
TDW,85.42,107.6266,53.8133,12.8645,-0.1591,0.4,BELOW STICKER,C
FHI,56.52,32.5656,16.2828,11.0175,-0.1589,0.4667,ABOVE STICKER,C
EWTX,39.06,,,,-0.1948,0.0,NO STICKER,C
SLM,22.52,21.3855,10.6927,6.5087,-0.275,0.3333,ABOVE STICKER,C
INDV,35.83,,,21.8476,-0.163,0.2857,NO STICKER,C
ALH,21.27,,,37.9821,-0.2465,0.7143,NO STICKER,B
ADPT,26.49,,,,-0.1383,0.1818,NO STICKER,C
IBOC,67.92,38.8844,19.4422,10.2598,-0.1343,0.5,ABOVE STICKER,C
FULT,22.1,6.7498,3.3749,10.625,-0.1241,0.2857,ABOVE STICKER,C
WIX,76.56,26.4,13.2,87.0,-0.4839,0.4286,ABOVE STICKER,C
LIVN,76.39,,,,-0.1093,0.2727,NO STICKER,C
EPR,54.74,2.0599,1.03,16.689,-0.1575,0.2,ABOVE STICKER,C
ACLS,134.71,62.3966,31.1983,45.2047,-0.3048,0.7333,ABOVE STICKER,B
CRGY,12.66,,,,-0.1816,0.8571,NO STICKER,C
ESAB,66.85,24.8226,12.4113,18.2153,-0.5135,0.1818,ABOVE STICKER,C
CVCO,532.43,418.9266,209.4633,23.1592,-0.2533,0.9333,ABOVE STICKER,A
HESM,32.26,,,,-0.2215,0.0,NO STICKER,
CCC,7.02,,,,-0.2571,0.3636,NO STICKER,C
HRI,123.46,,,4115.3333,-0.3445,0.3333,NO STICKER,C
WK,73.25,,,,-0.2456,0.3077,NO STICKER,C
PAY,31.88,15.6,7.8,61.3077,-0.2964,0.8182,ABOVE STICKER,C
AZZ,136.85,234.6113,117.3056,13.0333,-0.1563,0.6667,BELOW STICKER,C
GFF,90.59,0.7117,0.3558,83.1101,-0.1656,0.1333,ABOVE STICKER,C
SIVR,57.6,335.83,167.915,1.2237,-0.5003,0.8889,BELOW MOS,A
GEO,31.13,6.2348,3.1174,17.1044,-0.0615,0.1333,ABOVE STICKER,C
UFPI,74.21,46.1509,23.0755,14.842,-0.3711,0.4667,ABOVE STICKER,C
FRSH,13.92,10.78,5.39,22.0952,-0.0313,0.3636,ABOVE STICKER,C
FINV,3.06,1.5048,0.7524,11.3333,-0.5669,0.5455,ABOVE STICKER,C
BRC,85.35,46.376,23.188,19.8437,-0.1404,0.4167,ABOVE STICKER,C
FBP,26.68,12.9312,6.4656,12.4093,-0.1071,0.5333,ABOVE STICKER,C
LAZ,36.75,,,16.9355,-0.3745,0.2,NO STICKER,C
PARR,81.89,143.8382,71.9191,4.8058,-0.0845,0.6,BUY*,C
LRN,85.59,88.0826,44.0413,11.9874,-0.448,0.7333,BUY*,C
FIGR,28.54,,,64.8636,-0.6341,0.2857,NO STICKER,C
AIR,100.43,81.6397,40.8198,20.6646,-0.3479,0.5333,ABOVE STICKER,C
SIG,105.22,7.9868,3.9934,14.8616,-0.0452,0.4,ABOVE STICKER,C
CRK,13.71,14.9513,7.4757,9.5874,-0.5121,0.4286,BELOW STICKER,C
UCB,33.38,19.8197,9.9099,12.7405,-0.1022,0.4,ABOVE STICKER,C
TNGX,23.81,,,,-0.3076,0.3636,NO STICKER,C
ICUI,160.32,,,5344.0,-0.1687,0.2,NO STICKER,C
COLD,13.99,,,,-0.1712,0.0,NO STICKER,C
HP,39.88,,,,-0.1721,0.1333,NO STICKER,C
BC,61.48,,,,-0.3188,0.2,NO STICKER,C
TDS,33.53,,,,-0.3174,0.0,NO STICKER,C
BYND,7.7,,,,-0.9666,0.0,NO STICKER,C
AQN,5.11,,,23.2273,-0.2813,0.0833,NO STICKER,C
CATY,59.12,30.9929,15.4965,13.022,-0.0941,0.4286,ABOVE STICKER,C
MDU,18.74,,,20.1505,-0.1845,0.0,NO STICKER,C
CRVL,77.16,52.4818,26.2409,34.2933,-0.0286,0.9286,ABOVE STICKER,A
RLAY,17.88,,,,-0.1594,0.0909,NO STICKER,C
PENG,76.28,3.6423,1.8211,272.4286,-0.1511,0.2667,ABOVE STICKER,C
MSGE,80.84,41.4,20.7,58.5797,-0.1059,0.5455,ABOVE STICKER,C
CBT,74.91,68.3006,34.1503,12.4435,-0.2076,0.4,ABOVE STICKER,C
BFH,100.58,77.9765,38.9882,9.236,-0.1218,0.3333,ABOVE STICKER,C
WDH,1.04,,,52.0,-0.4877,0.4286,NO STICKER,C
VVV,30.27,1.4191,0.7095,18.4573,-0.2631,0.4,ABOVE STICKER,C
CECO,65.82,33.4323,16.7161,48.0438,-0.3499,0.4,ABOVE STICKER,C
WSFS,75.39,34.843,17.4215,14.8114,-0.091,0.75,ABOVE STICKER,B
APLE,16.31,0.5436,0.2718,22.0405,-0.0561,0.1333,ABOVE STICKER,C
ABCL,12.545,,,,-0.1645,0.0909,NO STICKER,C
BMI,131.38,92.075,46.0375,30.7681,-0.356,0.8571,ABOVE STICKER,A
ONDS,6.73,,,,-0.5596,0.3333,NO STICKER,C
PLSE,53.81,,,,-0.0864,0.0,NO STICKER,C
MTH,58.81,30.5933,15.2967,9.2614,-0.3112,0.4167,ABOVE STICKER,C
TNL,62.62,,,18.2035,-0.2269,0.3333,NO STICKER,C
BILL,44.83,,,,-0.2164,0.3636,NO STICKER,C
ACHR,4.96,,,,-0.6607,0.2,NO STICKER,C
SEB,3976.0,4485.298,2242.649,7.7285,-0.3362,0.4,BELOW STICKER,C
SITE,87.16,10.3831,5.1916,25.8635,-0.4829,0.5333,ABOVE STICKER,C
CMCM,2.48,,,,-0.7244,0.0909,NO STICKER,C
CDP,33.48,2.9312,1.4656,24.9851,-0.1393,0.0,ABOVE STICKER,C
CVBF,21.49,4.6138,2.3069,14.1382,-0.082,0.0833,ABOVE STICKER,C
ARX,19.8,,,,-0.005,0.2857,NO STICKER,C
FCN,136.16,77.1695,38.5848,16.5243,-0.2807,0.2667,ABOVE STICKER,C
PVH,81.35,,,156.4423,-0.1926,0.0,NO STICKER,C
SKYW,96.52,72.2673,36.1337,9.3256,-0.1801,0.4667,ABOVE STICKER,C
ITRI,85.58,98.3025,49.1513,13.1662,-0.3973,0.5333,BELOW STICKER,C
SLGN,35.44,5.6172,2.8086,13.1259,-0.2848,0.2667,ABOVE STICKER,C
CAR,105.98,,,,-0.875,0.2143,NO STICKER,C
MARA,9.65,,,,-0.5885,0.3333,NO STICKER,C
DQ,11.0,,,,-0.6994,0.3333,NO STICKER,C
MRP,22.36,,,9.1639,-0.3323,0.0,NO STICKER,
NVST,23.0,1.8886,0.9443,82.1429,-0.2439,0.0,ABOVE STICKER,C
JOE,64.86,59.7,29.85,32.593,-0.118,0.5333,ABOVE STICKER,C
TNK,106.14,24.1895,12.0948,10.5089,-0.0116,0.4,ABOVE STICKER,C
OTTR,87.46,63.1258,31.5629,18.8898,-0.0802,0.6,ABOVE STICKER,C
KFY,71.66,56.5875,28.2937,13.572,-0.1811,0.6,BUY*,C
BOOT,119.96,152.695,76.3475,15.1848,-0.4294,1.0,ON DECK,A
BATRA,57.57,,,,-0.0481,0.2857,NO STICKER,C
KTB,65.62,71.329,35.6645,13.6994,-0.2624,0.8182,BUY*,A
QTWO,58.6,24.0,12.0,73.25,-0.2314,0.4667,ABOVE STICKER,C
GPGI,12.6,,,,-0.5295,0.2222,NO STICKER,C
INDB,77.02,17.7854,8.8927,17.3468,-0.1198,0.25,ABOVE STICKER,C
RGC,7.35,,,,-0.8935,0.1111,NO STICKER,C
MGNI,25.4,28.5,14.25,26.7368,-0.0537,0.4,BELOW STICKER,C
CENX,36.76,2.272,1.136,87.5238,-0.4781,0.3333,ABOVE STICKER,C
DORM,120.4,129.8806,64.9403,16.699,-0.2659,0.6,ON DECK,C
VCYT,45.23,24.6,12.3,55.1585,-0.2574,0.4667,ABOVE STICKER,C
OGN,13.81,,,19.1806,-0.0014,0.2727,NO STICKER,C
VAC,105.34,,,,-0.198,0.0667,NO STICKER,C
LXP,61.0,,,33.5165,-0.0099,0.0714,NO STICKER,C
LMND,46.46,,,,-0.5349,0.1818,NO STICKER,C
RUSHA,44.52,12.1761,6.0881,13.6147,-0.2013,0.3333,ABOVE STICKER,C
IPAR,112.21,156.9,78.45,21.4551,-0.1321,0.8,BUY*,A
BANF,106.18,74.1757,37.0878,14.9339,-0.1582,0.9167,ABOVE STICKER,A
RNST,39.01,5.8216,2.9108,18.8454,-0.1242,0.1667,ABOVE STICKER,C
LIF,43.72,53.1,26.55,24.7006,-0.5845,0.4545,BELOW STICKER,C
CNS,69.26,43.1487,21.5744,23.3199,-0.1999,0.3333,ABOVE STICKER,C
PLMR,130.76,183.694,91.847,17.5753,-0.1142,1.0,BUY*,A
NHC,227.11,66.9221,33.4611,29.6102,-0.0509,0.2857,ABOVE STICKER,C
GNW,9.4,,,17.4074,-0.1207,0.0667,NO STICKER,C
XENE,36.44,,,,-0.4985,0.0,NO STICKER,C
YJ,1.79,,,,-0.8719,0.0,NO STICKER,C
COCO,58.39,54.3,27.15,32.2597,-0.3197,0.8182,ABOVE STICKER,A
IRTC,106.7,,,,-0.4967,0.3333,NO STICKER,C
WSBC,36.59,3.6117,1.8058,16.4081,-0.1495,0.25,ABOVE STICKER,C
BNL,18.26,0.6224,0.3112,36.52,-0.2095,0.2,ABOVE STICKER,C
CSTM,25.81,,,13.4427,-0.3022,0.8571,NO STICKER,C
BBWI,17.34,,,5.5756,-0.3672,0.2667,NO STICKER,C
ATMU,42.81,,,17.124,-0.3562,0.8571,NO STICKER,B
STEP,44.1,,,,-0.4331,0.4,NO STICKER,C
IDYA,36.11,,,,-0.1539,0.1818,NO STICKER,C
IRT,14.77,3.0289,1.5145,61.5417,-0.1698,0.5333,ABOVE STICKER,C
RHI,33.93,,,25.5113,-0.2734,0.1429,NO STICKER,C
AVNT,37.79,,,42.4607,-0.1898,0.1333,NO STICKER,C
SXI,285.01,79.5697,39.7848,32.8731,-0.2168,0.4,ABOVE STICKER,C
OLED,74.96,74.815,37.4075,14.7559,-0.5113,0.4667,ABOVE STICKER,C
SLG,48.41,,,,-0.1944,0.2,NO STICKER,C
WT,22.61,1.2484,0.6242,30.1467,-0.1274,0.5714,ABOVE STICKER,C
NIC,162.79,100.4796,50.2398,16.6452,-0.0956,0.6667,ABOVE STICKER,C
EQPT,15.085,,,1508.5,-0.5751,0.4286,NO STICKER,C
ACAD,19.78,28.3437,14.1718,8.6,-0.3611,0.4,BELOW STICKER,C
NATL,45.79,,,21.3972,-0.0559,0.4286,NO STICKER,C
MWA,21.67,15.3686,7.6843,17.7623,-0.301,0.4286,ABOVE STICKER,C
HNI,46.86,,,42.2162,-0.1123,0.4,NO STICKER,C
BFAM,69.45,48.969,24.4845,20.6696,-0.3678,0.3333,ABOVE STICKER,C
MHO,127.82,89.4443,44.7222,10.7322,-0.219,0.6,ABOVE STICKER,C
SBLK,29.7,5.613,2.8065,40.6849,-0.0967,0.3333,ABOVE STICKER,C
WING,122.26,126.9,63.45,28.9031,-0.5962,0.7333,ON DECK,B
KNTK,53.46,48.4457,24.2229,20.327,-0.0608,0.5,ABOVE STICKER,C
FLY,20.0,,,,-0.6783,0.1429,NO STICKER,C
ARQT,26.58,,,,-0.1634,0.1818,NO STICKER,C
IPGP,78.27,,,107.2192,-0.4977,0.0,NO STICKER,C
AAMI,93.71,,,42.4027,-0.0488,0.375,NO STICKER,C
VKTX,28.51,,,,-0.3393,0.1333,NO STICKER,C
CELC,67.94,,,,-0.5501,0.1111,NO STICKER,C
EXPO,69.81,14.4261,7.2131,33.7246,-0.1481,0.2,ABOVE STICKER,C
LION,11.13,,,,-0.3335,0.1429,NO STICKER,C
BRZE,29.06,,,,-0.2215,0.3636,NO STICKER,C
THO,63.87,,,18.8964,-0.48,0.1333,NO STICKER,C
CDNA,63.67,,,,-0.1219,0.2667,NO STICKER,C
ASO,53.49,24.215,12.1075,9.6552,-0.1434,0.4545,ABOVE STICKER,C
FIBK,34.52,6.6571,3.3286,11.7415,-0.1498,0.1667,ABOVE STICKER,C
POST,74.82,54.547,27.2735,13.5789,-0.362,0.1333,ABOVE STICKER,C
PPLI,40.89,,,,-0.1538,0.0,NO STICKER,C
FA,19.04,,,,-0.2429,0.3636,NO STICKER,C
LXEH,1.71,,,,-0.7846,0.0,NO STICKER,C
AWR,82.26,26.9167,13.4584,24.4095,-0.1031,0.2667,ABOVE STICKER,C
CXW,32.93,1.8613,0.9307,30.4907,-0.099,0.2,ABOVE STICKER,C
AB,34.9,,,,-0.2088,0.0,NO STICKER,
SHOO,44.3,,,70.3175,-0.1087,0.3333,NO STICKER,C
ASH,70.57,,,,-0.0981,0.0,NO STICKER,C
COHU,68.19,,,,-0.0994,0.1333,NO STICKER,C
TARS,73.16,,,,-0.2007,0.1818,NO STICKER,C
KN,37.56,,,75.12,-0.1251,0.0833,NO STICKER,C
SFNC,22.18,,,,-0.088,0.1667,NO STICKER,C
ATKR,94.84,,,,-0.0006,0.4667,NO STICKER,C
HIW,29.04,,,20.0276,-0.1806,0.2857,NO STICKER,C
VECO,52.28,2.8432,1.4216,88.6102,-0.3965,0.2667,ABOVE STICKER,C
PRK,176.5,56.9651,28.4826,15.8866,-0.1791,0.4615,ABOVE STICKER,C
STKH,0.5858,,,,-0.9554,0.1667,NO STICKER,C
NHI,64.85,,,21.4735,-0.2903,0.1333,NO STICKER,C
KRKR,2.995,,,,-0.5298,0.0,NO STICKER,C
ARLP,24.62,,,,-0.164,0.3333,NO STICKER,C
WRBY,25.3,0.3,0.15,2530.0,-0.1839,0.3636,ABOVE STICKER,C
FOUR,40.0,3306.6254,1653.3127,0.3629,-0.4912,0.625,BELOW MOS,C
EXTR,24.19,2.2073,1.1036,78.0323,-0.2828,0.3333,ABOVE STICKER,C
DAN,29.34,,,45.8438,-0.2583,0.0667,NO STICKER,C
LBRT,19.0,11.8361,5.9181,21.3483,-0.4489,0.4545,ABOVE STICKER,C
GBDC,12.1,,,8.5211,-0.1603,0.1111,NO STICKER,C
AMLX,28.14,,,,-0.316,0.1429,NO STICKER,C
ABG,167.6,228.154,114.077,6.2374,-0.3523,0.8,BUY*,C
USLM,108.58,92.1915,46.0957,23.2505,-0.2323,1.0,ABOVE STICKER,A
NAMI,2.19,,,,-0.9181,0.0,NO STICKER,C
PFSI,59.9,,,6.4409,-0.6265,0.4545,NO STICKER,C
MMS,59.39,64.7466,32.3733,10.7786,-0.4061,0.4667,BELOW STICKER,C
DNLI,19.45,,,,-0.2875,0.0,NO STICKER,C
RCUS,24.41,,,,-0.2308,0.0909,NO STICKER,C
DYN,16.64,,,,-0.3906,0.0,NO STICKER,C
OSIS,194.91,87.1105,43.5553,21.7777,-0.3747,0.4667,ABOVE STICKER,C
CURB,27.01,,,73.0,-0.1599,0.4286,NO STICKER,C
UCTT,68.59,,,,-0.5244,0.1333,NO STICKER,C
AVPT,14.63,4.5,2.25,97.5333,-0.0518,0.3636,ABOVE STICKER,C
WSC,17.07,,,,-0.4266,0.4,NO STICKER,C
HTGC,16.51,,,8.9243,-0.137,0.1,NO STICKER,C
DAC,169.09,64.2808,32.1404,6.3188,-0.0117,0.5333,ABOVE STICKER,C
FIGS,15.78,,,47.8182,-0.0973,0.6364,NO STICKER,C
USCI,110.2,,,,-0.0148,0.0,NO STICKER,
CBU,58.63,2.7758,1.3879,14.7683,-0.1755,0.3846,ABOVE STICKER,C
NMIH,40.01,49.0057,24.5029,7.876,-0.144,0.8,BUY*,A
AGO,70.03,55.6658,27.8329,6.8255,-0.2421,0.4,ABOVE STICKER,C
CPK,127.75,46.4576,23.2288,21.3987,-0.0929,0.4,ABOVE STICKER,C
FRPT,64.07,79.2,39.6,24.2689,-0.255,0.5333,BELOW STICKER,C
WOR,62.45,,,19.8885,-0.0754,0.2,NO STICKER,C
KAI,260.43,163.3383,81.6692,28.0032,-0.2645,0.8,ABOVE STICKER,C
SBCF,31.74,7.0879,3.544,20.2166,-0.1249,0.4167,ABOVE STICKER,C
NMRK,12.12,9.8208,4.9104,17.8235,-0.389,0.5455,ABOVE STICKER,C
BTU,25.13,,,,-0.3892,0.2667,NO STICKER,C
PK,15.17,,,,-0.0636,0.0667,NO STICKER,C
MIAX,30.71,,,,-0.4625,0.4286,NO STICKER,C
SPSC,84.59,73.8,36.9,34.3862,-0.2636,0.8,ABOVE STICKER,C
AEO,18.17,,,16.6697,-0.3616,0.2,NO STICKER,C
BITB,44.63,,,,-0.2934,0.0,NO STICKER,
INTA,39.61,,,,-0.1736,0.2727,NO STICKER,C
BKU,42.28,17.1871,8.5935,11.9773,-0.1886,0.1429,ABOVE STICKER,C
CALM,64.35,98.7388,49.3694,9.7059,-0.3267,0.5333,BELOW STICKER,C
DKL,56.49,,,,-0.0815,0.5,NO STICKER,C
TNET,65.45,14.798,7.399,20.4531,-0.1044,0.3333,ABOVE STICKER,C
FHB,24.69,5.8691,2.9346,11.2227,-0.1926,0.0714,ABOVE STICKER,C
NP,28.74,,,,-0.1824,0.25,NO STICKER,
ELVN,40.98,,,,-0.3424,0.1111,NO STICKER,C
DBRG,16.0,,,34.7826,0.0,0.2667,NO STICKER,C
APPN,40.1,0.6,0.3,2005.0,-0.1294,0.2667,ABOVE STICKER,C
MCHB,14.26,38.1,19.05,11.2283,-0.1795,0.5385,BELOW MOS,C
AMBA,67.43,,,,-0.3026,0.2667,NO STICKER,C
CBZ,54.82,16.0689,8.0345,29.9563,-0.0282,0.6,ABOVE STICKER,C
AVA,35.49,5.2829,2.6414,14.9118,-0.1841,0.0667,ABOVE STICKER,C
LBTYA,8.66,,,,-0.3595,0.0769,NO STICKER,C
AGYS,105.03,41.1,20.55,76.6642,-0.2769,0.6667,ABOVE STICKER,C
NTCT,40.69,,,31.3,-0.1014,0.2,NO STICKER,C
NG,6.71,,,,-0.534,0.0,NO STICKER,C
SLDE,25.14,,,7.4821,-0.0602,1.0,NO STICKER,A
PII,51.6,,,,-0.3383,0.2,NO STICKER,C
BHE,81.47,0.5667,0.2834,119.8088,-0.1886,0.0667,ABOVE STICKER,C
COLM,57.04,13.3814,6.6907,17.6049,-0.1741,0.2667,ABOVE STICKER,C
AD,33.39,,,59.625,-0.451,0.0667,NO STICKER,C
ABM,49.63,17.1846,8.5923,19.1622,-0.0324,0.0714,ABOVE STICKER,C
YETI,39.79,3.6685,1.8342,19.601,-0.263,0.4545,ABOVE STICKER,C
CXT,50.45,,,20.18,-0.2639,0.3333,NO STICKER,C
SMG,49.86,,,20.1862,-0.3382,0.0667,NO STICKER,C
DBVT,9.8,,,,-0.6257,0.1818,NO STICKER,C
SPNT,24.96,22.5881,11.2941,6.8571,-0.0581,0.5333,ABOVE STICKER,C
ARCB,129.36,3.2341,1.617,49.374,-0.2679,0.2143,ABOVE STICKER,C
SDRL,46.15,,,,-0.168,0.2222,NO STICKER,C
PFS,22.09,15.169,7.5845,9.9058,-0.1334,0.2857,ABOVE STICKER,C
OUST,39.9,,,,-0.3745,0.2727,NO STICKER,C
GPOR,162.66,72.0405,36.0202,7.5726,-0.2796,0.4667,ABOVE STICKER,C
DGII,75.63,10.0283,5.0141,70.0278,-0.1291,0.4,ABOVE STICKER,C
FIZZ,30.52,11.2979,5.6489,15.5714,-0.2013,0.4667,ABOVE STICKER,C
TDC,30.59,,,22.6593,-0.2678,0.3333,NO STICKER,C
CWT,45.94,9.162,4.581,21.3674,-0.1464,0.0714,ABOVE STICKER,C
ATRC,55.81,,,,-0.0955,0.2667,NO STICKER,C
LEU,142.44,22.3618,11.1809,36.5231,-0.6932,0.4667,ABOVE STICKER,C
KNF,49.84,,,18.058,-0.4823,0.4286,NO STICKER,C
FUBO,8.84,,,,-0.8322,0.2,NO STICKER,C
DNOW,15.57,,,,-0.0979,0.2667,NO STICKER,C
CLBT,11.26,3.1364,1.5682,48.9565,-0.4364,0.8182,ABOVE STICKER,A
DXPE,180.92,67.935,33.9675,33.6909,-0.1302,0.2667,ABOVE STICKER,C
TALO,16.8,,,,-0.1028,0.3333,NO STICKER,C
SHAK,66.9,32.7,16.35,61.3761,-0.3774,0.5333,ABOVE STICKER,C
HOG,26.9,25.1106,12.5553,9.6763,-0.0679,0.2,ABOVE STICKER,C
PGEN,7.81,,,,-0.1303,0.0667,NO STICKER,C
BHF,48.53,,,8.4991,-0.2735,0.2308,NO STICKER,C
IMAX,50.8,,,80.6349,-0.12,0.3333,NO STICKER,C
MGRC,113.64,84.6647,42.3323,17.8961,-0.0969,0.4667,ABOVE STICKER,C
TWOD,26.366,,,,-0.0073,0.0,NO STICKER,C
AEHR,84.64,,,,-0.4258,0.2667,NO STICKER,C
GPI,232.01,202.1751,101.0876,9.5635,-0.497,0.6667,ABOVE STICKER,C
POWI,49.12,,,125.9487,-0.4613,0.1333,NO STICKER,C
BANC,17.3,5.7908,2.8954,14.7863,-0.2111,0.3333,ABOVE STICKER,C
TR,37.48,7.5907,3.7954,27.3577,-0.1682,0.2,ABOVE STICKER,C
ALRM,55.65,31.3248,15.6624,22.622,-0.0429,0.4667,ABOVE STICKER,C
CWK,11.62,5.7961,2.898,30.5789,-0.3322,0.2727,ABOVE STICKER,C
ACHC,29.25,,,,-0.1836,0.0,NO STICKER,C
GRBK,62.86,57.7038,28.8519,9.4669,-0.2443,0.8,ABOVE STICKER,A
FIVN,36.4,13.5,6.75,80.8889,-0.09,0.4667,ABOVE STICKER,C
WDFC,202.29,63.2175,31.6087,30.2377,-0.3232,0.4,ABOVE STICKER,C
HWKN,130.0,55.6658,27.8329,33.6788,-0.2638,0.9333,ABOVE STICKER,A
AHG,1.25,0.0307,0.0153,125.0,-0.5,0.2143,ABOVE STICKER,C
MZTI,99.3,31.7781,15.8891,14.2264,-0.4366,0.3333,ABOVE STICKER,C
OUNZ,40.3,,,,-0.2446,1.0,NO STICKER,
CHRN,18.59,,,,-0.3803,0.1333,NO STICKER,C
TMDX,77.87,146.1,73.05,15.9897,-0.5008,0.6364,BELOW STICKER,C
CLSK,10.495,34.4092,17.2046,9.1502,-0.5555,0.4545,BELOW MOS,C
CARG,28.85,54.6,27.3,15.8516,-0.3001,0.7333,BUY*,B
UNFI,44.51,,,33.2164,-0.2194,0.1429,NO STICKER,C
HGV,34.53,,,38.7978,-0.3767,0.4,NO STICKER,C
KWR,155.95,,,,-0.1479,0.0667,NO STICKER,C
RLX,1.73,2.31,1.155,17.3,-0.3346,0.3636,BELOW STICKER,C
FUL,49.56,8.1829,4.0914,18.0218,-0.2779,0.1333,ABOVE STICKER,C
NMM,93.06,,,,-0.0204,0.625,NO STICKER,C
EZPW,31.96,10.8737,5.4368,22.507,-0.1392,0.2667,ABOVE STICKER,C
PRVA,20.85,,,115.8333,-0.2765,0.6364,NO STICKER,C
AMC,2.98,,,,-0.1235,0.0667,NO STICKER,C
HURN,167.05,54.1806,27.0903,28.6045,-0.1056,0.2667,ABOVE STICKER,C
BEAM,25.7,,,,-0.3283,0.3636,NO STICKER,C
BKV,24.24,,,11.8244,-0.2612,0.4286,NO STICKER,C
WLY,49.64,,,11.9327,-0.1359,0.2667,NO STICKER,C
NOG,24.76,1.6255,0.8128,63.4872,-0.2056,0.4,ABOVE STICKER,C
QS,4.58,,,,-0.7598,0.0,NO STICKER,C
BOH,66.81,9.1735,4.5868,14.4298,-0.2259,0.3846,ABOVE STICKER,C
ADEA,23.89,,,24.1313,-0.3043,0.4545,NO STICKER,C
ROG,147.41,,,,-0.1278,0.0,NO STICKER,C
FBK,52.65,5.614,2.807,21.4898,-0.1597,0.25,ABOVE STICKER,C
KBH,43.13,55.6251,27.8126,7.013,-0.3617,0.4667,BELOW STICKER,C
PONY,6.04,,,,-0.7339,0.2857,NO STICKER,C
GRND,15.03,,,34.9535,-0.1876,0.7143,NO STICKER,B
GCMG,13.2,1.8623,0.9312,31.4286,-0.1121,0.5455,ABOVE STICKER,C
NBTB,50.06,14.8701,7.4351,15.033,-0.0815,0.4286,ABOVE STICKER,C
REZI,17.07,,,,-0.4584,0.0909,NO STICKER,C
CENT,40.58,17.4999,8.75,15.9137,-0.136,0.2,ABOVE STICKER,C
SKWD,58.32,,,14.3292,-0.1122,1.0,NO STICKER,A
NEOG,11.85,,,,-0.169,0.2,NO STICKER,C
DRH,12.62,0.1113,0.0556,28.6818,-0.0848,0.1429,ABOVE STICKER,C
PPTA,20.64,,,,-0.4477,0.2222,NO STICKER,C
MGEE,70.22,18.2468,9.1234,18.8763,-0.2015,0.0833,ABOVE STICKER,C
NAMS,21.575,,,,-0.4888,0.0,NO STICKER,C
DCO,170.56,,,,-0.1893,0.0667,NO STICKER,C
GLTR,187.45,673.245,336.6225,1.8794,-0.3655,0.6667,BELOW MOS,C
TRMK,44.21,14.8068,7.4034,11.9486,-0.0978,0.25,ABOVE STICKER,C
BCC,73.57,6.691,3.3455,20.8414,-0.2001,0.4,ABOVE STICKER,C
MBX,53.24,,,,-0.2671,0.0,NO STICKER,C
KD,11.75,,,13.8235,-0.601,0.0,NO STICKER,C
MH,13.37,,,70.3684,-0.2572,0.4286,NO STICKER,C
AAP,42.3,,,57.9452,-0.3512,0.0,NO STICKER,C
NOAH,7.57,,,32.913,-0.392,0.2667,NO STICKER,C
FG,19.26,,,10.2447,-0.4549,0.4286,NO STICKER,C
COTY,2.85,,,,-0.3567,0.1333,NO STICKER,C
BULL,6.31,,,,-0.4733,0.2857,NO STICKER,C
AKR,18.24,,,182.4,-0.208,0.2143,NO STICKER,C
CUBI,74.04,49.7224,24.8612,11.8275,-0.1225,0.9167,ABOVE STICKER,A
HSAI,16.01,,,37.2326,-0.4545,0.4286,NO STICKER,C
UUUU,9.96,,,,-0.643,0.1333,NO STICKER,C
INFQ,11.04,,,,-0.4812,0.25,NO STICKER,
TAL,12.86,29.6012,14.8006,4.6764,-0.0381,0.4667,BELOW MOS,C
SUPN,42.67,,,,-0.285,0.2,NO STICKER,C
KALU,151.51,123.8795,61.9398,22.3796,-0.242,0.2667,ABOVE STICKER,C
PPBT,1.33,,,,-0.9057,0.0,NO STICKER,
GPK,8.35,22.5019,11.251,5.6419,-0.5425,0.2667,BELOW MOS,C
LPG,57.64,15.7904,7.8952,12.696,-0.0389,0.3333,ABOVE STICKER,C
MAN,52.78,,,,-0.1738,0.0714,NO STICKER,C
CLOV,4.79,,,,-0.1431,0.2222,NO STICKER,C
LQDA,27.38,,,,-0.7075,0.1818,NO STICKER,C
FRME,39.0,18.0725,9.0363,10.0515,-0.1396,0.1667,ABOVE STICKER,C
HCI,191.69,318.1975,159.0988,8.2625,-0.0894,0.9333,BUY*,C
FBNC,59.17,6.0007,3.0003,22.0784,-0.114,0.3846,ABOVE STICKER,C
HTO,58.48,13.7172,6.8586,20.0274,-0.1283,0.1429,ABOVE STICKER,C
CALY,13.67,,,,-0.3259,0.2,NO STICKER,C
UE,19.36,1.2639,0.6319,26.1622,-0.197,0.2,ABOVE STICKER,C
KMT,31.92,19.0714,9.5357,7.2217,-0.2714,0.3333,ABOVE STICKER,C
PLUS,93.3,63.9749,31.9874,20.3712,-0.0493,0.6667,ABOVE STICKER,C
PAYO,7.14,5.7,2.85,37.5789,-0.007,0.4545,ABOVE STICKER,C
BKD,10.12,,,,-0.4078,0.0667,NO STICKER,C
EEFT,64.6,91.4967,45.7483,9.4444,-0.2777,0.5333,BELOW STICKER,C
OSW,23.74,19.65,9.825,34.4058,-0.1883,0.1818,ABOVE STICKER,C
HAYW,11.35,2.8127,1.4064,16.6912,-0.3598,0.4545,ABOVE STICKER,C
NWL,5.64,,,,-0.209,0.0,NO STICKER,C
NGVT,69.76,,,,-0.1202,0.3333,NO STICKER,C
FLYW,18.76,3.3,1.65,170.5455,-0.0492,0.2727,ABOVE STICKER,C
RDW,9.58,,,,-0.6404,0.2727,NO STICKER,C
BUSE,28.93,,,19.6803,-0.0874,0.2308,NO STICKER,C
ASAN,10.07,,,,-0.341,0.1818,NO STICKER,C
IRON,62.06,,,,-0.3763,0.1111,NO STICKER,C
HRMY,40.28,47.7288,23.8644,13.0356,-0.0738,0.7273,BUY*,B
IOSP,95.65,35.0393,17.5196,20.4818,-0.0481,0.2667,ABOVE STICKER,C
SLS,11.65,,,,-0.2664,0.0833,NO STICKER,C
LIND,35.82,,,,-0.0149,0.3333,NO STICKER,C
PLUG,1.68,,,,-0.612,0.1333,NO STICKER,C
CLDX,29.89,,,,-0.3378,0.0,NO STICKER,C
PLGO,24.28,,,11.5071,-0.0782,0.4286,NO STICKER,C
UPST,24.1,13.5,6.75,53.5556,-0.5636,0.2727,ABOVE STICKER,C
CALX,37.24,,,143.2308,-0.4771,0.4,NO STICKER,C
CNXN,92.81,26.2672,13.1336,28.3823,-0.0115,0.1333,ABOVE STICKER,C
ATRO,64.22,,,79.284,-0.3201,0.2667,NO STICKER,C
FCPT,21.28,23.6439,11.8219,19.5229,-0.2077,0.4667,BELOW STICKER,C
RXRX,4.36,,,,-0.3928,0.1818,NO STICKER,C
SYBT,75.09,66.0228,33.0114,15.8084,-0.1584,1.0,ABOVE STICKER,A
PGNY,27.93,5.8281,2.914,30.3587,-0.1553,0.8182,BUY*,C
IVT,29.78,5.8274,2.9137,20.9718,-0.1999,0.2667,ABOVE STICKER,C
ADMA,10.36,14.6315,7.3157,17.2667,-0.4936,0.4667,BELOW STICKER,C
NRIX,22.35,,,,-0.2083,0.1818,NO STICKER,C
PRCH,17.56,,,,-0.0441,0.1818,NO STICKER,C
NAVN,23.64,,,,-0.2345,0.1429,NO STICKER,C
KSS,20.35,,,8.5504,-0.1931,0.2,NO STICKER,C
PBI,16.8,,,20.0,-0.119,0.1333,NO STICKER,C
AMR,181.57,,,,-0.2847,0.2727,NO STICKER,C
NESR,22.78,6.2704,3.1352,43.8077,-0.3833,0.2727,ABOVE STICKER,C
PDFS,54.4,,,,-0.2412,0.2,NO STICKER,C
NTB,57.5,20.2009,10.1005,10.5119,-0.1039,0.5,ABOVE STICKER,C
HLIO,69.53,29.8161,14.908,47.9517,-0.2685,0.2667,ABOVE STICKER,C
LTC,42.46,2.5614,1.2807,16.8492,-0.0261,0.2667,ABOVE STICKER,C
PBH,48.23,19.0878,9.5439,12.335,-0.3214,0.0667,ABOVE STICKER,C
RAMP,37.56,12.6298,6.3149,16.7679,-0.0175,0.1333,ABOVE STICKER,C
BBT,27.19,1.0679,0.5339,26.3981,-0.1718,0.3333,ABOVE STICKER,C
BKE,44.16,14.4246,7.2123,10.6667,-0.2454,0.2,ABOVE STICKER,C
HG,34.52,,,6.2198,-0.0748,1.0,NO STICKER,A
BHC,6.04,0.6429,0.3215,14.381,-0.245,0.0,ABOVE STICKER,C
DJT,8.11,,,,-0.5255,0.1429,NO STICKER,C
UFPT,288.97,227.2229,113.6114,31.24,-0.1469,1.0,ABOVE STICKER,A
MBIN,48.92,10.0213,5.0107,12.9418,-0.1398,0.4167,ABOVE STICKER,C
PRLB,93.84,,,106.6364,-0.0612,0.0667,NO STICKER,C
ICHR,59.91,,,,-0.4725,0.1333,NO STICKER,C
AGM,203.9,122.8821,61.4411,12.2684,-0.1788,0.4167,ABOVE STICKER,C
VVX,71.44,18.3855,9.1928,29.1592,-0.2398,0.4286,ABOVE STICKER,C
PTON,5.12,,,36.5714,-0.3748,0.1818,NO STICKER,C
IMNM,19.55,,,,-0.3496,0.2,NO STICKER,C
LASR,38.48,,,,-0.5574,0.1818,NO STICKER,C
NVTS,10.78,,,,-0.6845,0.1818,NO STICKER,C
AUPH,16.65,62.1,31.05,8.0435,-0.1351,0.5455,BELOW MOS,C
RH,116.99,4.5973,2.2987,18.5404,-0.5113,0.4667,ABOVE STICKER,C
SOUN,5.39,,,,-0.7569,0.2857,NO STICKER,C
PURR,11.11,,,3.4611,-0.2473,1.0,NO STICKER,
USO,148.2,,,,-0.0927,0.0,NO STICKER,C
FRMI,3.43,,,,-0.8941,0.0,NO STICKER,
APAM,33.46,20.552,10.276,8.2617,-0.2809,0.4,ABOVE STICKER,C
BCRX,8.55,6.58,3.29,7.0661,-0.238,0.2143,ABOVE STICKER,C
WAFD,29.43,7.3363,3.6681,11.1901,-0.2547,0.0,ABOVE STICKER,C
ANDE,63.89,63.3682,31.6841,22.9205,-0.2219,0.0833,ABOVE STICKER,C
BWIN,31.87,,,,-0.0255,0.0,NO STICKER,C
MD,26.64,,,13.732,-0.0465,0.2143,NO STICKER,C
DBD,63.67,1.8009,0.9005,25.0669,-0.3086,0.2667,ABOVE STICKER,C
LIFE,36.96,,,30.2951,-0.1314,0.5,NO STICKER,
PEB,19.12,,,,-0.0406,0.0714,NO STICKER,C
OPEN,2.22,,,,-0.7652,0.1818,NO STICKER,C
VERA,29.88,,,,-0.4669,0.0,NO STICKER,C
ATEN,29.63,9.9164,4.9582,51.9825,-0.2302,0.3333,ABOVE STICKER,C
NWBI,14.67,4.829,2.4145,15.9457,-0.0922,0.2222,ABOVE STICKER,C
CHA,11.25,,,12.7841,-0.363,1.0,NO STICKER,
PRDO,33.71,20.2322,10.1161,12.2582,-0.1244,0.6,BUY*,C
OFG,50.54,25.4589,12.7294,11.0349,-0.0721,0.5,ABOVE STICKER,C
ADUS,114.33,148.5096,74.2548,21.9023,-0.0812,0.5714,BELOW STICKER,C
INOD,62.04,27.6,13.8,67.4348,-0.5042,0.6667,ABOVE STICKER,C
EFSC,58.59,39.594,19.797,11.0339,-0.1475,0.5833,ABOVE STICKER,C
PHIN,57.83,,,17.8488,-0.3348,0.2857,NO STICKER,C
PTRN,18.42,,,,-0.3819,0.7143,NO STICKER,C
ECPG,99.77,27.2072,13.6036,9.1448,-0.0496,0.2667,ABOVE STICKER,C
STGW,8.65,0.8426,0.4213,74.7118,-0.0942,0.3636,ABOVE STICKER,C
VRDN,18.66,,,,-0.4558,0.3333,NO STICKER,C
CAN,0.3,,,,-0.8649,0.2727,NO STICKER,C
CTRI,20.9,,,83.6,-0.5138,0.2857,NO STICKER,C
CTOS,9.25,,,,-0.2437,0.2727,NO STICKER,C
NVAX,12.75,8.85,4.425,4.9419,-0.0478,0.4,ABOVE STICKER,C
SHO,11.31,,,282.75,-0.063,0.0714,NO STICKER,C
UAA,4.93,,,,-0.3951,0.0,NO STICKER,C
SAH,60.56,19.604,9.802,17.7076,-0.4672,0.4,ABOVE STICKER,C
NEO,16.35,,,,-0.1886,0.3333,NO STICKER,C
SFBS,38.41,35.28,17.64,7.5909,-0.1657,1.0,ABOVE STICKER,A
GCT,57.26,40.7628,20.3814,13.6333,-0.0024,1.0,BUY*,A
BLX,54.0,,,19.6364,-0.1456,0.3333,NO STICKER,C
ASTH,37.55,,,81.6304,-0.2723,0.4667,NO STICKER,C
DV,13.49,9.0,4.5,44.9667,-0.0117,0.5455,ABOVE STICKER,C
PRGO,15.06,,,,-0.3161,0.0,NO STICKER,C
ALGT,76.43,,,,-0.3818,0.2667,NO STICKER,C
NCNO,19.73,1.5,0.75,394.6,-0.2825,0.4545,ABOVE STICKER,C
DAO,17.4,2.2826,1.1413,133.8462,-0.0813,0.2222,ABOVE STICKER,C
NN,12.35,,,,-0.4943,0.0909,NO STICKER,C
HTH,36.38,,,13.7803,-0.0997,0.0833,NO STICKER,C
BLLN,98.09,,,700.6429,-0.348,0.1429,NO STICKER,C
MCRI,114.34,117.2901,58.6451,19.3797,-0.1588,0.7143,BUY*,B
ETH,23.61,,,,-0.4136,0.0,NO STICKER,
PENN,15.48,,,,-0.3077,0.2,NO STICKER,C
AMPL,15.67,,,,-0.0126,0.2727,NO STICKER,C
MLYS,23.37,,,,-0.5095,0.1667,NO STICKER,C
BLKB,45.48,9.8126,4.9063,19.1899,-0.3568,0.2667,ABOVE STICKER,C
VCEL,40.1,9.6,4.8,125.3125,-0.1869,0.6,ABOVE STICKER,C
CC,13.61,,,,-0.5253,0.0,NO STICKER,C
PLBL,5.64,,,,-0.52,0.0,NO STICKER,
SONO,17.26,,,,-0.1292,0.0,NO STICKER,C
TRLV,10.67,,,,-0.1965,0.2727,NO STICKER,C
IDT,81.49,17.3172,8.6586,23.552,-0.01,0.5333,ABOVE STICKER,C
BFLY,8.25,,,,-0.192,0.1818,NO STICKER,C
PATK,63.46,8.6411,4.3205,16.2718,-0.5727,0.4,ABOVE STICKER,C
TBBK,48.25,69.9284,34.9642,9.0695,-0.4091,0.7143,BUY*,B
TRN,25.52,,,8.3672,-0.3339,0.2667,NO STICKER,C
SRCE,83.9,41.6465,20.8232,13.0889,-0.0827,0.6667,ABOVE STICKER,C
FCF,19.89,8.4706,4.2353,13.5306,-0.1097,0.3333,ABOVE STICKER,C
NWN,47.73,3.3203,1.6602,17.231,-0.1475,0.4545,ABOVE STICKER,C
WGS,67.33,,,,-0.606,0.2727,NO STICKER,C
TILE,34.73,10.2666,5.1333,17.7194,-0.1425,0.4,ABOVE STICKER,C
SDGR,27.28,,,,-0.1924,0.1818,NO STICKER,C
PVLA,138.77,,,,-0.1401,0.0,NO STICKER,C
INSP,68.89,146.7,73.35,14.0879,-0.5315,0.4545,BELOW MOS,C
FTRE,20.84,,,,-0.1136,0.0,NO STICKER,C
SEDG,32.21,,,,-0.6036,0.2,NO STICKER,C
DXC,12.4,,,124.0,-0.2092,0.2667,NO STICKER,C
VIR,11.7,,,,-0.025,0.0,NO STICKER,C
MTX,63.6,,,,-0.2459,0.0,NO STICKER,C
LMAT,80.69,85.8,42.9,28.2133,-0.3162,1.0,ON DECK,A
CHCO,139.97,49.2359,24.618,15.6741,-0.0605,0.4286,ABOVE STICKER,C
INVX,28.06,,,23.3833,-0.1676,0.2,NO STICKER,C
WERN,32.7,,,,-0.3114,0.0,NO STICKER,C
GRC,73.99,25.1173,12.5586,36.6287,-0.2025,0.5333,ABOVE STICKER,C
STUB,6.12,,,,-0.7152,0.1429,NO STICKER,C
DBC,32.96,,,,-0.0243,0.0,NO STICKER,C
PPLT,15.25,92.0452,46.0226,1.4481,-0.4171,0.5556,BELOW MOS,C
TIC,8.91,,,,-0.341,0.0,NO STICKER,
AXGN,36.13,,,,-0.3171,0.3333,NO STICKER,C
PLPC,397.25,50.4615,25.2307,55.6373,-0.2129,0.4667,ABOVE STICKER,C
ZD,56.52,,,49.1478,-0.0655,0.0667,NO STICKER,C
DRVN,11.72,25.5,12.75,13.7882,-0.3225,0.3636,BELOW MOS,C
SFL,13.34,,,,-0.0458,0.0,NO STICKER,C
ARR,13.59,10.1089,5.0545,4.1182,-0.2962,0.25,ABOVE STICKER,C
XERS,10.48,,,,-0.075,0.2727,NO STICKER,C
WU,6.12,,,4.0263,-0.4087,0.3333,NO STICKER,C
LCII,78.3,48.3386,24.1693,10.3435,-0.5096,0.4667,ABOVE STICKER,C
AGIO,31.81,,,,-0.3085,0.1333,NO STICKER,C
BLFS,38.61,,,,-0.0289,0.4,NO STICKER,C
SRPT,17.85,,,,-0.2767,0.2,NO STICKER,C
BLBD,56.29,71.0419,35.5209,6.6615,-0.325,0.7333,BUY*,B
KEEL,3.05,,,,-0.5862,0.1429,NO STICKER,C
WHR,28.83,,,5.0936,-0.696,0.0,NO STICKER,C
TRVI,13.19,,,,-0.3477,0.2222,NO STICKER,C
MPT,3.14,,,,-0.5147,0.0,NO STICKER,C
ETHE,19.85,,,,-0.4354,0.0,NO STICKER,
ALNT,109.91,3.7032,1.8516,83.2652,-0.0948,0.4,ABOVE STICKER,C
VSTS,14.13,,,,-0.1639,0.0,NO STICKER,C
SBET,8.59,,,,-0.4698,0.2857,NO STICKER,C
SAM,170.51,,,17.2406,-0.3553,0.2,NO STICKER,C
WKC,36.41,,,,-0.1163,0.1333,NO STICKER,C
NSP,48.73,,,,-0.1283,0.2,NO STICKER,C
JKS,8.88,,,,-0.7215,0.2,NO STICKER,C
BXMT,11.03,,,17.2344,-0.4664,0.0,NO STICKER,C
ALG,152.42,116.4307,58.2153,17.7439,-0.3068,0.4667,ABOVE STICKER,C
HMN,45.56,15.7181,7.8591,11.6821,-0.18,0.3333,ABOVE STICKER,C
NGL,14.74,,,,-0.2267,0.1667,NO STICKER,C
BRSL,9.84,,,13.2973,-0.4406,0.0,NO STICKER,C
EVTC,29.64,13.2612,6.6306,19.2468,-0.1386,0.6,BUY*,C
ESTA,61.67,,,,-0.3681,0.1818,NO STICKER,C
WS,36.05,,,212.0588,-0.2668,0.1429,NO STICKER,C
TH,18.41,,,,-0.154,0.2727,NO STICKER,C
NTLA,13.07,,,,-0.5373,0.0714,NO STICKER,C
XNCR,24.63,,,,-0.1954,0.0714,NO STICKER,C
ZYME,25.79,,,,-0.1771,0.1818,NO STICKER,C
STRA,82.39,26.1074,13.0537,15.2292,-0.0818,0.2143,ABOVE STICKER,C
BHVN,12.08,,,,-0.3493,0.0,NO STICKER,C
SGRY,13.89,,,,-0.4074,0.2667,NO STICKER,C
SMA,32.83,,,,-0.1515,0.6667,NO STICKER,C
CMRE,15.12,14.1221,7.0611,5.2867,-0.1628,0.5,ABOVE STICKER,C
DHC,7.5,,,,-0.2236,0.0,NO STICKER,C
FORTY,118.145,,,,-0.38,1.0,NO STICKER,
GABC,48.16,18.0723,9.0362,15.7386,-0.0779,0.4615,ABOVE STICKER,C
CMPR,74.21,30.1987,15.0993,19.5805,-0.3037,0.2,ABOVE STICKER,C
WMK,72.99,1.3435,0.6717,19.9973,-0.1284,0.0667,ABOVE STICKER,C
RBCAA,90.93,48.4864,24.2432,13.7167,-0.1104,0.6364,ABOVE STICKER,C
URGN,36.83,,,,-0.2751,0.1429,NO STICKER,C
NAT,8.47,,,141.1667,-0.0276,0.0,NO STICKER,C
INVA,21.21,19.0846,9.5423,4.9211,-0.1567,0.6,BUY*,C
MBLY,7.1,,,,-0.5463,0.3636,NO STICKER,C
MNR,10.73,,,9.844,-0.2856,0.3333,NO STICKER,
SEPN,38.37,,,,-0.2491,0.1429,NO STICKER,C
ATLC,93.73,63.8763,31.9381,12.1727,-0.1803,0.9286,BUY*,A
HYMC,19.19,,,,-0.6733,0.1111,NO STICKER,C
EPAC,34.93,1.4131,0.7066,20.5471,-0.2238,0.4,ABOVE STICKER,C
SPB,77.37,63.2998,31.6499,20.044,-0.219,0.2667,ABOVE STICKER,C
ZBIO,27.26,,,,-0.3888,0.1429,NO STICKER,C
RUM,6.96,,,,-0.3431,0.0,NO STICKER,C
ACVA,10.44,,,,-0.0057,0.3636,NO STICKER,C
NTST,17.45,2.4,1.2,218.125,-0.2234,0.4545,ABOVE STICKER,C
GEL,14.44,,,,-0.2253,0.0,NO STICKER,C
FLOC,19.46,,,15.6935,-0.3114,0.8571,NO STICKER,A
NEXT,6.62,,,,-0.2835,0.0,NO STICKER,C
XRAY,8.83,,,,-0.4018,0.0,NO STICKER,C
WB,6.54,24.2823,12.1412,3.8471,-0.4476,0.4667,BELOW MOS,C
NUVB,5.0,,,,-0.4872,0.2,NO STICKER,C
AIN,61.8,,,,-0.1974,0.0,NO STICKER,C
HAPN,15.17,29.0644,14.5322,13.0776,-0.3,0.2308,BELOW STICKER,C
PLAB,29.62,21.0757,10.5378,12.9912,-0.4711,0.4,ABOVE STICKER,C
ABSI,10.16,,,,-0.1572,0.0,NO STICKER,C
BL,29.77,11.7,5.85,76.3333,-0.5003,0.2667,ABOVE STICKER,C
UWMC,1.08,,,9.0,-0.8244,0.3,NO STICKER,C
GTY,27.86,,,20.637,-0.2436,0.0,NO STICKER,C
PSNL,16.0,,,,-0.153,0.0,NO STICKER,C
RLJ,11.21,,,1121.0,-0.1303,0.0667,NO STICKER,C
CPRI,14.95,,,13.114,-0.4712,0.0667,NO STICKER,C
YQ,3.39,,,,-0.4744,0.0,NO STICKER,C
NVCR,14.58,,,,-0.3203,0.0667,NO STICKER,C
TOUR,4.95,,,495.0,-0.4438,0.0667,NO STICKER,C
OLN,14.89,,,,-0.5112,0.1333,NO STICKER,C
HOPE,13.28,,,27.102,-0.0898,0.0833,NO STICKER,C
STBA,48.05,14.3613,7.1806,13.7679,-0.1019,0.25,ABOVE STICKER,C
SNDA,35.24,,,,-0.2061,0.0667,NO STICKER,C
WLTH,10.82,,,,-0.2664,0.7143,NO STICKER,C
NBHC,37.93,21.7257,10.8628,13.3088,-0.1978,0.0714,ABOVE STICKER,C
DCOM,38.14,70.0204,35.0102,16.161,-0.0913,0.6429,BELOW STICKER,C
QUBT,7.44,,,,-0.6873,0.3,NO STICKER,C
GLP,49.37,,,,-0.0906,0.5,NO STICKER,C
TGLS,37.57,40.9071,20.4536,13.1825,-0.4249,0.8,ON DECK,B
FLNG,30.84,18.63,9.315,22.3478,-0.0766,0.1818,ABOVE STICKER,C
UNIT,6.87,,,1.4107,-0.469,0.5714,NO STICKER,C
XHR,18.02,,,28.1562,-0.1831,0.1429,NO STICKER,C
CMPS,12.0,,,,-0.2439,0.0,NO STICKER,C
OCUL,7.54,,,,-0.5414,0.2667,NO STICKER,C
TSLX,17.35,,,9.5856,-0.2518,0.1111,NO STICKER,C
AZTA,37.72,,,,-0.1872,0.3333,NO STICKER,C
ATEC,10.67,,,,-0.5419,0.2667,NO STICKER,C
TCBK,51.41,24.1429,12.0714,13.8946,-0.1669,0.2857,ABOVE STICKER,C
BY,36.32,17.0289,8.5144,12.5675,-0.0927,0.3333,ABOVE STICKER,C
DEI,9.79,,,108.7778,-0.3007,0.0,NO STICKER,C
ARCO,7.77,19.2811,9.6405,6.3171,-0.2031,0.7333,BUY,B
GIC,42.95,,,23.2162,-0.0318,0.4667,NO STICKER,C
CTS,57.25,17.7574,8.8787,26.1416,-0.1769,0.4667,ABOVE STICKER,C
GNL,7.75,,,,-0.2277,0.0,NO STICKER,C
OMCL,35.82,,,895.5,-0.3487,0.0667,NO STICKER,C
IE,10.19,,,12.8987,-0.5271,0.2857,NO STICKER,C
WOLF,30.61,,,,-0.6213,0.0,NO STICKER,
DSGR,35.03,,,194.6111,-0.0076,0.4,NO STICKER,C
AI,11.53,,,,-0.4177,0.0,NO STICKER,C
TRIN,17.1,,,8.7245,-0.095,0.0,NO STICKER,C
LILA,8.1,,,,-0.103,0.0714,NO STICKER,C
EVCM,9.14,1.7723,0.8861,91.4,-0.3657,0.1818,ABOVE STICKER,C
API,4.08,0.0121,0.0061,204.0,-0.2575,0.0909,ABOVE STICKER,C
BFC,145.41,51.4847,25.7423,20.112,-0.086,0.5556,ABOVE STICKER,C
PRGS,39.33,,,23.6928,-0.1676,0.3333,NO STICKER,C
KMTS,26.98,,,,-0.1007,0.2857,NO STICKER,C
GSL,44.58,,,,-0.0427,0.8889,NO STICKER,A
MOMO,4.72,2.0696,1.0348,13.8824,-0.349,0.4,ABOVE STICKER,C
BAND,53.27,,,,-0.3264,0.3333,NO STICKER,C
STOK,24.74,,,,-0.3849,0.2,NO STICKER,C
LOB,34.48,31.0291,15.5145,15.4619,-0.2257,0.5833,ABOVE STICKER,C
WWW,19.43,,,17.0439,-0.2993,0.2,NO STICKER,C
ARDT,11.3,,,11.7708,-0.27,0.1429,NO STICKER,C
QCRH,97.21,65.4371,32.7185,12.9786,-0.1008,0.9167,ABOVE STICKER,A
OBK,51.56,18.9619,9.4809,21.4833,-0.0722,0.2222,ABOVE STICKER,C
KMPR,26.95,,,11.7686,-0.4665,0.1333,NO STICKER,C
CNXC,25.95,,,,-0.4603,0.1818,NO STICKER,C
CCS,55.67,8.5197,4.2599,11.4547,-0.2675,0.4,ABOVE STICKER,C
PWP,15.67,3.7297,1.8648,33.3404,-0.3956,0.0,ABOVE STICKER,C
ETON,55.21,,,,-0.1681,0.2727,NO STICKER,C
UROY,4.18,,,43.2414,-0.2428,0.4286,NO STICKER,C
HUBG,25.76,7.3584,3.6792,15.1529,-0.5163,0.2143,ABOVE STICKER,C
XNET,5.01,99.375,49.6875,1.5125,-0.4878,0.4667,BELOW MOS,C
GSHD,43.51,31.2,15.6,41.8365,-0.4551,0.7273,ABOVE STICKER,B
BETA,20.98,,,,-0.4689,0.2857,NO STICKER,C
KOS,2.64,,,,-0.2096,0.0667,NO STICKER,C
ICFI,87.55,37.5912,18.7956,17.6869,-0.1069,0.0667,ABOVE STICKER,C
PAHC,38.3,17.0519,8.526,15.7613,-0.3625,0.5333,ABOVE STICKER,C
ANIP,73.89,39.8863,19.9431,22.256,-0.2382,0.5333,ABOVE STICKER,C
QURE,22.59,,,,-0.6841,0.0,NO STICKER,C
RVLV,21.69,1.0233,0.5117,21.2647,-0.3153,0.7273,ABOVE STICKER,B
ALHC,7.545,,,,-0.6996,0.5,NO STICKER,C
CASH,71.87,63.3724,31.6862,8.995,-0.2902,0.6429,BUY*,C
NVGS,23.93,,,16.2789,-0.0608,0.2667,NO STICKER,C
OCFC,16.08,0.799,0.3995,13.7436,-0.2198,0.0833,ABOVE STICKER,C
TEN,51.4,,,11.5506,-0.0453,0.0,NO STICKER,C
STC,50.7,,,12.5185,-0.355,0.2667,NO STICKER,C
EFOR,37.5,,,14.4231,-0.3174,0.1429,NO STICKER,C
AESI,12.29,,,,-0.3895,0.2857,NO STICKER,C
ALKT,14.29,,,,-0.4159,0.2727,NO STICKER,C
RARE,15.48,,,,-0.6119,0.1538,NO STICKER,C
SAFT,103.82,,,15.4955,-0.0018,0.4,NO STICKER,C
LUNR,13.19,,,,-0.7179,0.0,NO STICKER,
SNDX,16.99,,,,-0.3361,0.2,NO STICKER,C
JJSF,81.13,23.1492,11.5746,24.1458,-0.1774,0.1333,ABOVE STICKER,C
PGY,18.22,19.39,9.695,19.5914,-0.4134,0.6364,BELOW STICKER,C
IMCR,29.39,,,,-0.2782,0.1429,NO STICKER,C
HE,8.76,,,12.338,-0.496,0.0,NO STICKER,C
CNOB,29.94,,,18.3681,-0.123,0.0833,NO STICKER,C
MAZE,27.11,,,,-0.4947,0.0,NO STICKER,C
EFC,11.66,,,9.7983,-0.1742,0.0909,NO STICKER,C
CBL,48.51,,,11.1774,-0.1969,0.4615,NO STICKER,C
CSWC,23.54,,,12.3895,-0.0858,0.1111,NO STICKER,C
TFIN,62.53,,,67.2366,-0.2513,0.3333,NO STICKER,C
LCID,3.79,,,,-0.831,0.1818,NO STICKER,C
SBH,15.9,8.3774,4.1887,8.4127,-0.1127,0.5333,ABOVE STICKER,C
PRKS,32.67,46.1143,23.0572,10.6765,-0.3997,0.2667,BELOW STICKER,C
TMC,3.355,4.1819,2.091,4.0422,-0.7044,0.25,BELOW STICKER,C
AMSC,30.52,53.54,26.77,10.0066,-0.567,0.2667,BELOW STICKER,C
CRSR,13.63,,,,-0.09,0.1818,NO STICKER,C
NRP,111.11,,,,-0.136,0.3333,NO STICKER,
SHLS,8.74,6.0,3.0,43.7,-0.3369,0.4444,ABOVE STICKER,C
RAPP,30.65,,,,-0.4209,0.1667,NO STICKER,C
BORR,4.78,4.68,2.34,28.1176,-0.2817,0.2727,ABOVE STICKER,C
TSHA,4.49,,,,-0.3849,0.2,NO STICKER,C
ENR,21.33,9.0269,4.5135,6.4247,-0.1586,0.1333,ABOVE STICKER,C
DMLP,29.75,11.347,5.6735,25.6466,-0.0259,0.625,ABOVE STICKER,C
JBLU,3.84,,,,-0.4199,0.0714,NO STICKER,C
PCRX,36.31,,,226.9375,-0.0041,0.4,NO STICKER,C
PRSU,52.94,,,66.175,-0.0633,0.3333,NO STICKER,C
FCEL,18.03,,,,-0.524,0.1333,NO STICKER,C
XZO,15.98,,,16.1414,-0.3504,1.0,NO STICKER,A
MLKN,20.88,,,15.8182,-0.155,0.0,NO STICKER,C
OMER,19.83,,,,-0.0664,0.0833,NO STICKER,C
ESQ,118.57,84.8551,42.4275,20.1993,-0.1205,0.7778,ABOVE STICKER,B
IIPR,51.83,10.5108,5.2554,13.1883,-0.2072,0.1818,ABOVE STICKER,C
HUN,8.14,,,,-0.4941,0.0667,NO STICKER,C
PNTG,39.73,11.8174,5.9087,43.6593,-0.0704,0.6364,ABOVE STICKER,C
CXM,5.52,2.7,1.35,61.3333,-0.3329,0.3636,ABOVE STICKER,C
SVV,9.23,,,65.9286,-0.335,0.4286,NO STICKER,C
UFCS,55.14,6.7794,3.3897,12.308,-0.0282,0.3333,ABOVE STICKER,C
AMBQ,58.56,,,,-0.3608,0.0,NO STICKER,C
AMN,36.52,,,,-0.0499,0.1333,NO STICKER,C
HCSG,20.59,,,25.4198,-0.2004,0.2857,NO STICKER,C
LKFN,56.84,14.8901,7.445,14.1746,-0.1194,0.5,ABOVE STICKER,C
NUTX,206.29,100.1516,50.0758,19.6842,-0.0879,0.6667,ABOVE STICKER,C
NKTR,41.17,,,,-0.6223,0.1333,NO STICKER,C
WBTN,10.35,,,,-0.4555,0.0,NO STICKER,C
INBX,95.01,,,,-0.3882,0.1429,NO STICKER,C
SLN,9.86,,,,-0.439,0.0,NO STICKER,C
USAS,4.36,,,,-0.5848,0.0,NO STICKER,
VISN,6.05,,,0.6282,-0.7056,0.1333,NO STICKER,C
AMAL,46.58,19.541,9.7705,13.6598,-0.0971,0.6667,ABOVE STICKER,C
CERT,9.13,,,,-0.2944,0.2727,NO STICKER,C
BHRB,68.88,,,8.9223,-0.0827,0.8333,NO STICKER,A
DMC,29.48,3.4398,1.7199,15.6809,-0.3235,0.1333,ABOVE STICKER,C
REX,42.09,39.1258,19.5629,11.5315,-0.2112,0.7333,BUY*,C
CRCT,6.39,,,18.2571,-0.0405,0.3636,NO STICKER,C
SCL,61.03,,,29.7707,-0.1025,0.0,NO STICKER,C
AGL,82.39,,,,-0.3807,0.1111,NO STICKER,C
AMPX,9.44,,,,-0.6103,0.2857,NO STICKER,C
TMP,95.73,65.3916,32.6958,8.5169,-0.0669,0.5,ABOVE STICKER,C
IAUX,1.59,,,,-0.2902,0.1429,NO STICKER,C
ANAB,45.95,,,,-0.365,0.4,NO STICKER,C
ARHS,9.69,10.18,5.09,20.1875,-0.1978,0.5455,BELOW STICKER,C
TRS,38.15,9.9436,4.9718,12.9322,-0.1602,0.1333,ABOVE STICKER,C
HLF,13.03,,,5.9227,-0.3613,0.2667,NO STICKER,C
COUR,5.16,,,,-0.5209,0.1818,NO STICKER,C
BAR,41.27,,,5.7882,-0.2445,0.0,NO STICKER,
RYZ,26.23,,,,-0.1803,0.2,NO STICKER,C
HLMN,6.97,6.0,3.0,34.85,-0.3576,0.1818,ABOVE STICKER,C
WABC,58.66,15.0235,7.5117,12.9779,-0.0778,0.25,ABOVE STICKER,C
LQDT,43.13,11.282,5.641,49.5747,-0.0416,0.4667,ABOVE STICKER,C
ULCC,5.86,,,,-0.3028,0.0909,NO STICKER,C
GT,4.68,,,,-0.5593,0.0667,NO STICKER,C
CTBI,74.16,24.8224,12.4112,13.6575,-0.0721,0.5833,ABOVE STICKER,C
DCH,5.67,,,,-0.387,0.1333,NO STICKER,C
MBC,6.61,,,31.4762,-0.5263,0.0,NO STICKER,C
RSKD,8.53,,,,-0.0047,0.125,NO STICKER,C
ADNT,17.42,,,,-0.3624,0.1333,NO STICKER,C
RDWR,30.98,1.1439,0.572,68.8444,-0.0552,0.1333,ABOVE STICKER,C
ARLO,12.4,1.2443,0.6221,88.5714,-0.3781,0.1818,ABOVE STICKER,C
CNMD,44.42,13.5585,6.7793,29.4172,-0.1722,0.2,ABOVE STICKER,C
YMT,0.991,,,,-0.9981,0.0,NO STICKER,
UVE,45.85,47.4174,23.7087,6.025,-0.036,0.6,BUY*,C
AAT,21.52,3.4503,1.7251,23.3913,-0.1714,0.0667,ABOVE STICKER,C
RES,5.96,0.9171,0.4585,39.7333,-0.2696,0.3333,ABOVE STICKER,C
VIPS,12.9,15.3743,7.6872,1.2747,-0.3704,0.5,BELOW STICKER,C
OMDA,21.55,,,,-0.1993,0.1429,NO STICKER,C
EYE,16.68,1.3808,0.6904,45.0811,-0.4444,0.0667,ABOVE STICKER,C
UAN,124.75,4.7391,2.3695,13.3708,-0.1057,0.4444,ABOVE STICKER,C
TK,15.27,,,13.5133,-0.0148,0.2,NO STICKER,C
FOR,25.65,28.6157,14.3078,7.7964,-0.1999,0.4,BELOW STICKER,C
DMRA,21.08,,,264.8241,-0.45,0.1111,NO STICKER,C
SLVM,32.65,,,10.0772,-0.4252,0.2727,NO STICKER,C
NSSC,36.14,36.0,18.0,30.1167,-0.3019,0.8667,ABOVE STICKER,A
OPY,113.94,87.5635,43.7817,8.7377,-0.0949,0.4,ABOVE STICKER,C
IBTA,43.07,,,358.9167,-0.0178,0.2857,NO STICKER,C
UMH,15.17,0.8729,0.4364,216.7143,-0.0954,0.1429,ABOVE STICKER,C
FMBH,48.52,13.8568,6.9284,12.6684,-0.0907,0.3333,ABOVE STICKER,C
NBR,80.67,22.6608,11.3304,4.6389,-0.2855,0.2667,ABOVE STICKER,C
PEBO,35.8,36.3821,18.1911,11.9732,-0.1535,0.2857,BELOW STICKER,C
XYF,5.15,8.6724,4.3362,6.131,-0.636,0.7273,BUY*,B
CBRL,57.46,,,41.0429,-0.0465,0.0667,NO STICKER,C
EPC,27.8,,,52.4528,-0.0718,0.0,NO STICKER,C
RDVT,79.78,27.3,13.65,87.6703,-0.0246,0.7273,ABOVE STICKER,C
BJRI,59.87,2.9927,1.4964,27.7176,-0.1975,0.2667,ABOVE STICKER,C
PD,16.16,7.06,3.53,8.6417,-0.0146,0.2727,ABOVE STICKER,C
HBT,34.95,13.9976,6.9988,14.3238,-0.0682,0.6667,ABOVE STICKER,C
DRTS,14.41,,,,-0.0874,0.0,NO STICKER,C
USPH,84.67,,,59.6268,-0.0944,0.2667,NO STICKER,C
APPS,10.43,,,,-0.3201,0.3333,NO STICKER,C
HUIZ,1.25,,,,-0.6914,0.1,NO STICKER,C
UTZ,14.3,,,1430.0,-0.0021,0.1429,NO STICKER,C
OSBC,24.61,15.5871,7.7936,15.1914,-0.0556,0.75,ABOVE STICKER,C
ESRT,4.63,,,18.52,-0.4241,0.2,NO STICKER,C
ORIC,11.99,,,,-0.1832,0.1111,NO STICKER,C
ASIC,25.93,,,16.4114,-0.1059,1.0,NO STICKER,A
NFE,4.35,,,,-0.9582,0.0909,NO STICKER,C
INNV,9.1,,,,-0.2801,0.1818,NO STICKER,C
DOLE,13.14,,,24.7925,-0.207,0.0909,NO STICKER,C
CCO,2.43,,,60.75,-0.0041,0.1333,NO STICKER,C
FLO,5.81,,,14.525,-0.5568,0.0,NO STICKER,C
USAR,12.56,,,,-0.7144,0.0,NO STICKER,C
ALX,240.99,,,43.8164,-0.1674,0.2857,NO STICKER,C
ESBA,4.55,,,18.2,-0.4262,0.0,NO STICKER,C
XPEL,44.43,59.4,29.7,22.4394,-0.2053,1.0,ON DECK,A
SCSC,60.93,18.5961,9.2981,16.739,-0.0876,0.2,ABOVE STICKER,C
CCEC,20.63,38.3046,19.1523,7.1632,-0.1386,0.5,BELOW STICKER,C
GDRX,3.43,0.7145,0.3572,38.1111,-0.2079,0.0909,ABOVE STICKER,C
DBA,28.33,,,,-0.0403,0.0,NO STICKER,C
BGM,10.75,,,,-0.9645,0.2727,NO STICKER,C
PRG,30.48,13.3282,6.6641,8.4903,-0.3614,0.4545,ABOVE STICKER,C
VTOL,40.69,86.0396,43.0198,9.419,-0.1923,0.5333,BELOW MOS,C
LBRX,37.22,,,,-0.258,0.0,NO STICKER,C
HLIT,10.99,,,,-0.3784,0.2,NO STICKER,C
QMCO,30.425,,,,-0.1466,0.0,NO STICKER,C
DFIN,48.46,,,42.1391,-0.1386,0.2667,NO STICKER,C
CRON,3.23,,,,-0.1048,0.2727,NO STICKER,C
TYRA,19.94,,,,-0.5095,0.0,NO STICKER,C
TBN,34.02,,,,-0.3484,0.1429,NO STICKER,C
GBX,38.43,35.1999,17.6,6.052,-0.3507,0.2667,ABOVE STICKER,C
CRI,32.36,,,12.7905,-0.2718,0.1333,NO STICKER,C
WEN,6.23,1.7626,0.8813,7.3294,-0.3844,0.0667,ABOVE STICKER,C
REAL,9.75,,,,-0.4394,0.3,NO STICKER,C
GO,11.96,,,,-0.2492,0.0909,NO STICKER,C
SMR,7.2,,,,-0.8746,0.1,NO STICKER,C
VOR,19.9,,,,-0.4045,0.0,NO STICKER,C
LNN,112.02,62.8926,31.4463,21.501,-0.2431,0.7333,ABOVE STICKER,C
FUN,11.41,,,,-0.5831,0.1429,NO STICKER,C
LZB,29.22,5.1436,2.5718,11.83,-0.3492,0.1333,ABOVE STICKER,C
BCAX,17.5,,,,-0.4353,0.0,NO STICKER,C
HZO,52.37,,,,-0.0036,0.4,NO STICKER,C
GNK,26.5,,,,-0.0676,0.0,NO STICKER,C
PSIX,50.07,69.439,34.7195,10.1356,-0.5299,0.4667,BELOW STICKER,C
MYE,30.63,0.858,0.429,32.9355,-0.1821,0.3333,ABOVE STICKER,C
BBAI,2.39,,,,-0.7455,0.0,NO STICKER,C
JCAP,19.93,,,7.0674,-0.1845,1.0,NO STICKER,
WLDN,75.12,93.6544,46.8272,21.5244,-0.4517,0.7333,BELOW STICKER,C
TRUP,26.06,13.5,6.75,57.9111,-0.4453,0.4667,ABOVE STICKER,C
SPH,17.09,2.8112,1.4056,10.5494,-0.1784,0.3333,ABOVE STICKER,C
TPB,57.38,60.9943,30.4971,24.8398,-0.6094,0.6,ON DECK,C
UTI,20.64,33.9,16.95,18.2655,-0.598,0.6,BELOW STICKER,C
SG,9.63,,,,-0.0941,0.0909,NO STICKER,C
AMRC,21.33,13.6965,6.8482,19.9346,-0.5253,0.5333,ABOVE STICKER,C
WD,33.01,,,20.128,-0.6332,0.2,NO STICKER,C
AMPH,26.62,32.3294,16.1647,13.1133,-0.0982,0.5333,BELOW STICKER,C
ZOOZ,6.99,,,,-0.8426,0.1429,NO STICKER,C
PDM,9.03,,,,-0.1086,0.0,NO STICKER,C
GTM,3.88,11.4,5.7,10.2105,-0.6848,0.4,BELOW MOS,C
UVSP,40.9,16.1385,8.0692,13.0671,-0.1003,0.2667,ABOVE STICKER,C
AMTB,28.77,3.2998,1.6499,22.8333,-0.0598,0.2222,ABOVE STICKER,C
REPL,13.42,,,,-0.1782,0.0,NO STICKER,C
IRMD,87.45,53.7,26.85,48.8547,-0.1895,0.8,ABOVE STICKER,A
MSDL,13.38,12.1045,6.0523,9.5571,-0.2529,0.1429,ABOVE STICKER,C
JANX,18.39,,,,-0.4796,0.0,NO STICKER,C
TNC,65.93,7.574,3.787,27.9364,-0.2828,0.0667,ABOVE STICKER,C
BOW,34.03,,,21.4025,-0.0297,0.7143,NO STICKER,C
TNDM,16.11,,,,-0.4567,0.1333,NO STICKER,C
NMAX,10.34,,,,-0.1462,0.1429,NO STICKER,C
PUMP,9.09,0.0652,0.0326,909.0,-0.5086,0.2143,ABOVE STICKER,C
HFWA,27.16,6.5329,3.2664,13.8571,-0.1309,0.1667,ABOVE STICKER,C
GOLD,40.69,,,13.4735,-0.39,0.6,BUY*,C
CRAI,176.73,71.5359,35.768,21.7113,-0.2224,0.3846,ABOVE STICKER,C
AIP,22.44,,,,-0.5535,0.3,NO STICKER,C
HOS,7.47,2.2932,1.1466,35.5714,-0.3288,0.1333,ABOVE STICKER,C
MGRT,102.0,,,600.0,-0.4,0.8571,NO STICKER,B
HROW,29.36,,,,-0.4647,0.2,NO STICKER,C
ECVT,10.05,,,,-0.3338,0.1333,NO STICKER,C
MUX,17.88,10.8661,5.433,30.3051,-0.398,0.2,ABOVE STICKER,C
VOYG,27.26,,,,-0.4798,0.1429,NO STICKER,C
DEA,23.08,3.517,1.7585,85.4815,-0.1109,0.4286,ABOVE STICKER,C
ROCK,36.66,,,,-0.5117,0.1333,NO STICKER,C
KRT,54.58,9.7919,4.8959,34.9872,-0.0141,0.5455,ABOVE STICKER,C
STAA,21.67,,,,-0.3959,0.2,NO STICKER,C
NPK,151.59,,,32.7408,-0.0416,0.0667,NO STICKER,C
FSUN,38.49,18.9493,9.4746,11.0922,-0.0909,0.3333,ABOVE STICKER,C
UPWK,8.6,14.3697,7.1849,10.2381,-0.6235,0.5455,BELOW STICKER,C
MRVI,7.44,,,,-0.2102,0.1818,NO STICKER,C
MCB,86.62,50.2405,25.1202,13.0846,-0.1511,0.3571,ABOVE STICKER,C
MMI,28.24,,,,-0.1583,0.2667,NO STICKER,C
VIA,32.37,,,,-0.4136,0.1429,NO STICKER,C
BVC,12.09,,,,-0.3283,0.4286,NO STICKER,C
EE,34.76,33.7276,16.8638,27.1562,-0.1949,0.4,ABOVE STICKER,C
DLX,23.14,3.1575,1.5788,12.8556,-0.2785,0.2,ABOVE STICKER,C
MNKD,3.29,0.6,0.3,164.5,-0.4946,0.2,ABOVE STICKER,C
CWEN,30.19,144.8571,72.4286,6.2524,-0.2767,0.0909,BELOW MOS,C
CFFN,8.39,0.1348,0.0674,16.1346,-0.094,0.1429,ABOVE STICKER,C
PRCT,18.4,,,,-0.5172,0.1818,NO STICKER,C
IGIC,24.59,23.5395,11.7697,8.5087,-0.1688,0.375,ABOVE STICKER,C
TUYA,1.72,1.6534,0.8267,19.1111,-0.341,0.1818,ABOVE STICKER,C
CSTL,34.42,,,,-0.2227,0.1818,NO STICKER,C
CDRE,24.55,,,24.0686,-0.4965,0.3636,NO STICKER,C
WINA,291.86,30.8114,15.4057,25.8283,-0.4029,0.1429,ABOVE STICKER,C
TDOC,5.77,,,,-0.4164,0.1333,NO STICKER,C
FMC,8.35,,,,-0.7332,0.0,NO STICKER,C
IART,13.44,,,,-0.3441,0.0,NO STICKER,C
GSG,36.08,13.5957,6.7978,28.6349,-0.0327,0.2222,ABOVE STICKER,C
FSBC,42.48,,,14.6483,-0.1548,0.5556,NO STICKER,C
MRTN,12.75,,,60.7143,-0.3101,0.0,NO STICKER,C
UMAC,20.83,,,,-0.4036,0.2857,NO STICKER,C
AORT,21.26,0.6444,0.3222,101.2381,-0.5594,0.4667,ABOVE STICKER,C
HRTG,34.83,40.2191,20.1095,5.5111,-0.0458,0.3333,BELOW STICKER,C
ITRN,52.22,31.9842,15.9921,17.8836,-0.2354,0.5333,ABOVE STICKER,C
OPK,1.38,,,,-0.2114,0.0,NO STICKER,C
CLVT,1.61,,,,-0.584,0.1818,NO STICKER,C
AVO,11.735,1.2091,0.6046,22.1415,-0.2444,0.1818,ABOVE STICKER,C
MGTX,10.69,,,,-0.3036,0.2,NO STICKER,C
LZ,5.98,0.4164,0.2082,74.75,-0.5177,0.3636,ABOVE STICKER,C
OCSL,11.6,,,29.7436,-0.1894,0.1667,NO STICKER,C
ENOV,17.69,,,,-0.484,0.1333,NO STICKER,C
EMAT,1.64,,,,-0.9319,0.0,NO STICKER,
LGIH,43.82,,,14.0449,-0.3386,0.2667,NO STICKER,C
TRIP,8.675,,,27.9839,-0.5132,0.2,NO STICKER,C
ORC,5.08,15.1973,7.5986,4.0968,-0.3952,0.75,BELOW MOS,C
SVRA,4.92,,,,-0.2976,0.0,NO STICKER,C
BRBR,8.55,42.6,21.3,6.0211,-0.7603,0.7273,BUY,B
YELP,18.59,32.1714,16.0857,8.2991,-0.461,0.5333,BELOW STICKER,C
GPRE,14.34,,,,-0.2702,0.0667,NO STICKER,C
REPX,45.37,36.1397,18.0699,5.9776,-0.0105,0.5333,ABOVE STICKER,C
TDAY,6.82,,,682.0,-0.2595,0.1333,NO STICKER,C
CGEM,15.53,,,,-0.3303,0.0,NO STICKER,
MBWM,57.78,33.9312,16.9656,10.5631,-0.0821,0.6667,ABOVE STICKER,C
TE,3.39,,,,-0.7286,0.1429,NO STICKER,C
CANG,3.51,,,,-0.845,0.25,NO STICKER,C
RXT,3.9,,,,-0.5465,0.0909,NO STICKER,C
NXDR,2.57,,,,-0.3091,0.0909,NO STICKER,C
BFST,30.49,29.1628,14.5814,10.9283,-0.0626,0.5714,ABOVE STICKER,C
YALA,5.51,6.4554,3.2277,7.25,-0.2963,0.7273,BUY*,B
HBNC,19.26,,,,-0.0846,0.0833,NO STICKER,C
BV,10.67,0.2204,0.1102,82.0769,-0.2887,0.0909,ABOVE STICKER,C
GSBD,8.77,,,8.5146,-0.1547,0.3333,NO STICKER,C
VYX,7.15,0.077,0.0385,23.8333,-0.4076,0.0,ABOVE STICKER,C
CCNE,33.28,9.614,4.807,13.3655,-0.0799,0.1667,ABOVE STICKER,C
MCBS,34.2,24.4106,12.2053,12.9545,-0.087,0.6667,ABOVE STICKER,C
DEC,13.83,,,3.0197,-0.2683,0.8571,NO STICKER,B
XIFR,10.37,,,,-0.2174,0.0,NO STICKER,C
NWPX,101.32,40.5739,20.2869,28.4607,-0.3336,0.2667,ABOVE STICKER,C
FTK,26.79,20.1115,10.0557,31.8929,-0.3247,0.3333,ABOVE STICKER,C
NBBK,22.12,,,16.5075,-0.0575,0.5,NO STICKER,C
HSTM,33.13,1.8634,0.9317,54.3115,-0.0024,0.0667,ABOVE STICKER,C
FLNC,7.43,,,,-0.7783,0.2222,NO STICKER,C
VPG,72.63,,,181.575,-0.5215,0.0,NO STICKER,C
GHM,82.37,33.6,16.8,73.5446,-0.3453,0.3333,ABOVE STICKER,C
NPKI,11.34,,,25.2,-0.3127,0.1333,NO STICKER,C
EQBK,46.7,,,37.9675,-0.1066,0.0833,NO STICKER,C
CMP,22.79,,,,-0.3394,0.1667,NO STICKER,C
ANRO,24.37,,,,-0.3498,0.0,NO STICKER,C
UTL,52.26,14.3708,7.1854,17.596,-0.0873,0.1429,ABOVE STICKER,C
AEVA,13.66,,,,-0.5636,0.1818,NO STICKER,C
FET,84.61,,,,-0.0592,0.0667,NO STICKER,C
DFH,9.38,18.39,9.195,4.3832,-0.6195,0.4,BELOW STICKER,C
ZEPP,3.72,,,,-0.9359,0.0909,NO STICKER,C
KURA,10.6,,,,-0.2374,0.0769,NO STICKER,C
CEVA,33.49,,,,-0.351,0.0667,NO STICKER,C
CSR,55.88,,,54.7843,-0.1972,0.0,NO STICKER,C
CAC,55.49,10.7336,5.3668,14.4505,-0.0842,0.4286,ABOVE STICKER,C
RPC,7.94,,,46.7059,-0.3078,0.2727,NO STICKER,C
OI,6.08,,,,-0.6404,0.2667,NO STICKER,C
SCHL,38.6,2.3608,1.1804,16.4957,-0.197,0.0,ABOVE STICKER,C
RPD,13.74,10.8,5.4,38.1667,-0.3075,0.4,ABOVE STICKER,C
SVC,7.15,,,,-0.4115,0.0667,NO STICKER,C
RHLD,118.17,,,,-0.4997,0.5714,NO STICKER,C
BRCC,9.69,,,,-0.4776,0.2222,NO STICKER,C
MLTX,10.82,,,,-0.5354,0.0,NO STICKER,C
QDEL,13.42,,,,-0.6228,0.2727,NO STICKER,C
KFRC,51.28,,,26.1633,-0.1686,0.2143,NO STICKER,C
EOSE,2.52,,,,-0.8731,0.2,NO STICKER,C
RIGL,49.08,230.431,115.2155,2.5195,-0.0605,0.5,BELOW MOS,C
CPF,35.6,30.8099,15.405,12.4476,-0.1315,0.5,ABOVE STICKER,C
JBIO,14.39,,,,-0.4861,0.0,NO STICKER,C
HAFC,30.78,12.5908,6.2954,12.2629,-0.0812,0.4615,ABOVE STICKER,C
TRST,53.59,8.7218,4.3609,16.4892,-0.096,0.0833,ABOVE STICKER,C
THRM,29.68,,,50.3051,-0.3861,0.1333,NO STICKER,C
CBLL,23.63,,,,-0.0779,0.1429,NO STICKER,C
TTI,6.11,0.0328,0.0164,305.5,-0.5128,0.2,ABOVE STICKER,C
MPB,35.7,1.265,0.6325,14.0,-0.0881,0.25,ABOVE STICKER,C
PLOW,39.19,0.4895,0.2447,19.9949,-0.2875,0.4,ABOVE STICKER,C
KODK,9.21,,,,-0.3806,0.1333,NO STICKER,C
ASM,5.55,,,,-0.5371,0.0,NO STICKER,
SMPL,10.18,19.3905,9.6952,9.9804,-0.6033,0.2727,BELOW STICKER,C
BVS,13.065,6.1331,3.0665,39.5909,-0.1779,0.4444,ABOVE STICKER,C
INMD,14.21,16.9229,8.4615,9.9371,-0.1476,0.5455,BELOW STICKER,C
SBSI,30.2,1.3085,0.6543,13.1878,-0.1657,0.0,ABOVE STICKER,C
QNST,15.73,4.0872,2.0436,11.2357,-0.2943,0.4667,ABOVE STICKER,C
UPBD,15.4,,,12.32,-0.3578,0.3333,NO STICKER,C
HIPO,33.97,29.8,14.9,15.3018,-0.1228,0.3636,ABOVE STICKER,C
FCBC,47.34,,,75.1429,-0.0564,0.0,NO STICKER,C
ACEL,11.0,16.4927,8.2463,18.3333,-0.2143,0.3636,BELOW STICKER,C
MHLA,8.93,,,,-0.4144,0.0,NO STICKER,C
BBDC,8.52,,,7.6071,-0.1069,0.2222,NO STICKER,C
BZH,33.41,,,21.9803,-0.0327,0.1429,NO STICKER,C
ASTE,38.71,,,23.0417,-0.4107,0.1333,NO STICKER,C
EIG,49.4,,,107.3913,-0.0607,0.0,NO STICKER,C
FMNB,14.97,2.24,1.12,10.3241,-0.0905,0.4615,ABOVE STICKER,C
AMBR,1.88,,,,-0.4051,0.0,NO STICKER,C
CRVS,10.52,,,,-0.6096,0.0833,NO STICKER,C
DJCO,642.18,1107.9901,553.9951,7.8882,-0.0727,0.6,BELOW STICKER,C
TC,1.55,,,2731.0036,-0.9225,0.0,NO STICKER,C
RCAT,5.77,,,,-0.6928,0.2727,NO STICKER,C
SBGI,12.73,,,,-0.288,0.4286,NO STICKER,C
DSP,13.13,,,36.4722,-0.1128,0.6364,NO STICKER,C
SB,8.53,0.9578,0.4789,28.4333,-0.0838,0.25,ABOVE STICKER,C
CYRX,17.35,9.51,4.755,12.3929,-0.055,0.3333,ABOVE STICKER,C
GLUE,10.3,,,,-0.6003,0.125,NO STICKER,C
PUBM,18.64,,,,-0.0431,0.4545,NO STICKER,C
APEI,47.87,,,35.1985,-0.2228,0.2143,NO STICKER,C
KRO,7.61,,,,-0.1701,0.0,NO STICKER,C
NABL,4.63,,,,-0.4699,0.1818,NO STICKER,C
PLTK,2.29,,,,-0.4819,0.2727,NO STICKER,C
VRTS,131.22,144.4473,72.2237,6.5709,-0.3271,0.3333,BELOW STICKER,C
SIBN,19.37,,,,-0.1151,0.1818,NO STICKER,C
PAYS,15.37,3.9,1.95,118.2308,-0.0052,0.6429,ABOVE STICKER,C
DAKT,18.01,7.5587,3.7793,19.5761,-0.3629,0.4667,ABOVE STICKER,C
THFF,72.79,28.1814,14.0907,10.8967,-0.1352,0.5,ABOVE STICKER,C
WLFC,40.88,60.76,30.38,7.9688,-0.4987,0.6,BELOW STICKER,C
EGBN,28.22,,,,-0.0365,0.0,NO STICKER,C
HTLD,11.12,,,,-0.3317,0.0,NO STICKER,C
CVLG,31.95,,,118.3333,-0.3595,0.2,NO STICKER,C
BKSY,20.92,,,,-0.6044,0.0,NO STICKER,C
SMBK,50.02,11.9516,5.9758,16.7852,-0.0761,0.5833,ABOVE STICKER,C
AEBI,11.02,,,64.8235,-0.3095,0.2857,NO STICKER,C
NAVI,9.11,,,,-0.3242,0.0833,NO STICKER,C
LAC,2.35,,,,-0.7766,0.1667,NO STICKER,C
SAFE,12.0,42.4977,21.2488,7.5472,-0.3123,0.2667,BELOW MOS,C
APOG,40.59,33.54,16.77,16.1071,-0.2022,0.2667,ABOVE STICKER,C
KRNT,18.3,,,,-0.0748,0.0667,NO STICKER,C
MCS,27.07,11.9275,5.9637,66.7183,-0.165,0.1,ABOVE STICKER,C
FEIM,75.09,,,,-0.1634,0.0,NO STICKER,C
ACDC,4.635,,,,-0.4361,0.2222,NO STICKER,C
QFIN,6.2,15.7685,7.8842,1.4142,-0.7784,0.8182,BUY,A
SXC,9.94,,,,-0.0693,0.0,NO STICKER,C
AOSL,27.87,,,,-0.4871,0.0667,NO STICKER,C
ROOT,49.13,70.8,35.4,20.8178,-0.4601,0.4545,BELOW STICKER,C
NX,18.29,,,,-0.216,0.3333,NO STICKER,C
GSBC,76.745,,,12.3982,-0.0744,0.5,NO STICKER,C
HSHP,17.92,,,47.1579,-0.0834,0.0,NO STICKER,C
SANA,2.79,,,,-0.574,0.0,NO STICKER,C
ABUS,4.22,,,,-0.2257,0.1333,NO STICKER,C
SGP,24.92,,,,-0.2318,0.0,NO STICKER,
ZH,3.47,,,,-0.2679,0.0,NO STICKER,C
KOPN,4.46,,,446.0,-0.3253,0.1333,NO STICKER,C
MTUS,19.99,,,,-0.1147,0.0,NO STICKER,C
AHCO,6.06,,,,-0.5488,0.3636,NO STICKER,C
AVBP,16.73,,,,-0.5331,0.0,NO STICKER,C
NNE,15.34,,,,-0.748,0.1667,NO STICKER,C
CCBG,48.1,31.8843,15.9422,13.3611,-0.1026,0.75,ABOVE STICKER,C
KBDC,12.45,,,7.4551,-0.2155,0.0,NO STICKER,C
GRML,5.17,,,,-0.8603,0.1667,NO STICKER,C
KOP,43.41,,,15.8431,-0.1809,0.2,NO STICKER,C
EVLV,4.53,,,,-0.4858,0.1818,NO STICKER,C
SMP,36.67,,,19.9293,-0.2028,0.2,NO STICKER,C
WRLD,175.48,,,25.5058,-0.2293,0.0,NO STICKER,C
ARDX,3.28,,,,-0.6095,0.2,NO STICKER,C
CAPL,21.4,11.5787,5.7894,20.9804,-0.1311,0.375,ABOVE STICKER,C
CODI,10.85,,,,-0.1811,0.0,NO STICKER,C
DC,6.08,,,,-0.1614,0.0,NO STICKER,C
BW,5.46,,,,-0.7522,0.0714,NO STICKER,C
INR,13.34,,,14.9888,-0.3189,0.6667,NO STICKER,C
TRNS,86.23,,,151.2807,-0.1377,0.4,NO STICKER,C
RJET,17.2,56.1,28.05,9.1979,-0.3558,0.7273,BELOW MOS,C
ORRF,40.9,45.9592,22.9796,9.7847,-0.0664,0.7143,BELOW STICKER,C
OBX,13.0,,,,-0.7398,0.0,NO STICKER,
ABX,8.19,,,22.75,-0.3416,0.1429,NO STICKER,C
ARI,6.24,,,7.7037,-0.4448,0.0714,NO STICKER,C
MITK,17.7,0.7789,0.3894,93.1579,-0.1591,0.6,ABOVE STICKER,C
WEST,8.18,,,,-0.1973,0.1818,NO STICKER,C
SPFI,42.32,15.0519,7.526,12.3023,-0.0984,0.7778,ABOVE STICKER,B
TCBIO,18.28,19.198,9.599,2.6922,-0.2033,0.25,BELOW STICKER,C
CMMB,1.38,,,76.6667,-0.6057,0.0,NO STICKER,C
BNO,63.99,,,,-0.0143,0.0,NO STICKER,
BBNX,17.63,,,,-0.461,0.1429,NO STICKER,C
NRDY,6.56,,,,-0.7065,0.1,NO STICKER,C
TXO,14.28,,,,-0.0834,0.3333,NO STICKER,
JBSS,67.0,1.3459,0.6729,12.7376,-0.2724,0.3636,ABOVE STICKER,C
PCT,3.92,,,,-0.7469,0.0,NO STICKER,C
GERN,1.225,,,,-0.3905,0.0,NO STICKER,C
SMWB,9.05,,,,-0.0474,0.1818,NO STICKER,C
BUR,3.58,,,12.7857,-0.6857,0.0,NO STICKER,C
BLZE,12.69,,,,-0.471,0.3636,NO STICKER,C
ASC,19.28,,,21.9091,-0.0374,0.2,NO STICKER,C
IBCP,35.37,17.4984,8.7492,10.8165,-0.0986,0.5,ABOVE STICKER,C
GYRE,7.04,0.6,0.3,352.0,-0.2527,0.2143,ABOVE STICKER,C
MTW,21.67,,,108.35,-0.0971,0.0,NO STICKER,C
NXTT,5.3,1853.1208,926.5604,0.0858,-0.9979,0.375,BELOW MOS,C
VREX,18.46,,,,-0.0091,0.0667,NO STICKER,C
ALRS,31.07,,,45.6912,-0.0968,0.1111,NO STICKER,C
FDMT,13.33,,,,-0.2126,0.1818,NO STICKER,C
CSIQ,11.38,,,,-0.671,0.1333,NO STICKER,C
CRTO,15.73,18.3469,9.1734,5.9583,-0.378,0.5333,BELOW STICKER,C
SMBC,69.93,41.1128,20.5564,10.8756,-0.1243,0.6667,ABOVE STICKER,C
LYTS,20.65,11.6604,5.8302,30.8209,-0.2452,0.4,ABOVE STICKER,C
PGC,43.37,14.0732,7.0366,20.6524,-0.1174,0.2,ABOVE STICKER,C
BBSI,31.72,22.9212,11.4606,15.25,-0.2713,0.4667,ABOVE STICKER,C
CTO,20.49,,,256.125,-0.0978,0.2667,NO STICKER,C
SABR,1.9,,,1.4179,-0.24,0.0667,NO STICKER,C
LWLG,4.97,,,,-0.7344,0.3077,NO STICKER,C
HTB,45.71,21.3333,10.6666,12.2876,-0.1293,0.4167,ABOVE STICKER,C
ACHV,7.41,,,,-0.1424,0.0,NO STICKER,C
CADL,9.94,,,,-0.29,0.0,NO STICKER,C
VSTM,8.38,,,,-0.2255,0.0714,NO STICKER,C
FOXF,18.05,,,,-0.2902,0.2,NO STICKER,C
FISI,38.45,6.086,3.043,10.651,-0.1052,0.0,ABOVE STICKER,C
GRPN,18.63,,,,-0.3769,0.0667,NO STICKER,C
TASK,8.14,32.3492,16.1746,7.4,-0.433,0.7273,BELOW MOS,C
PRAA,20.03,,,,-0.1118,0.1333,NO STICKER,C
BITW,53.24,,,,-0.3302,1.0,NO STICKER,
CIM,8.96,,,5.2093,-0.3681,0.1667,NO STICKER,C
LXRX,1.68,,,,-0.3731,0.1333,NO STICKER,C
EVER,19.8,40.908,20.454,7.5285,-0.3108,0.6364,BELOW MOS,C
WLKP,21.19,,,,-0.1126,0.0,NO STICKER,C
SHBI,22.27,13.8831,6.9415,12.5112,-0.1053,0.4286,ABOVE STICKER,C
BFS,30.0,,,27.5229,-0.2192,0.2,NO STICKER,C
BWMN,42.7,21.9,10.95,58.4932,-0.0683,0.6364,ABOVE STICKER,C
LINC,23.49,,,32.1781,-0.5831,0.7333,BUY*,C
SLDB,6.87,,,,-0.4,0.1111,NO STICKER,C
BLMN,8.6,1.5245,0.7623,86.0,-0.3191,0.4286,ABOVE STICKER,C
JBGS,10.92,,,,-0.5005,0.0,NO STICKER,C
VTEX,3.97,,,36.7593,-0.1407,0.2857,NO STICKER,C
AVTX,13.65,,,,-0.4376,0.0769,NO STICKER,C
SKYH,9.41,,,104.5556,-0.1955,0.1429,NO STICKER,C
HOV,105.8,4.5664,2.2832,14.2396,-0.2874,0.1333,ABOVE STICKER,C
DSGN,11.65,,,,-0.3246,0.0,NO STICKER,C
VTS,17.28,19.2,9.6,27.0,-0.2476,0.5,BELOW STICKER,C
PACB,2.33,,,,-0.3227,0.0667,NO STICKER,C
PRME,3.99,,,,-0.4,0.1818,NO STICKER,C
FDUS,19.06,7.1004,3.5502,9.1635,-0.0988,0.0,ABOVE STICKER,C
DNA,13.0,,,,-0.2865,0.0909,NO STICKER,C
COLL,22.09,44.2022,22.1011,12.7688,-0.565,0.5714,BELOW MOS,C
GDOT,12.61,,,,-0.0829,0.3333,NO STICKER,C
CGBD,10.42,0.6391,0.3195,10.3168,-0.2154,0.1111,ABOVE STICKER,C
MOV,31.57,,,26.9829,-0.2205,0.1333,NO STICKER,C
SOC,3.72,,,,-0.8068,0.0,NO STICKER,C
MLAB,127.51,1.9129,0.9564,105.3802,-0.1167,0.2667,ABOVE STICKER,C
SWIM,6.04,,,67.1111,-0.3263,0.0,NO STICKER,C
PKOH,49.03,,,28.8412,-0.0801,0.2667,NO STICKER,C
WASH,37.07,,,13.679,-0.0856,0.2857,NO STICKER,C
LXU,9.81,2.1845,1.0923,28.8529,-0.4303,0.2667,ABOVE STICKER,C
CTKB,5.43,,,,-0.1256,0.1111,NO STICKER,C
GUTS,4.42,,,,-0.8494,0.0,NO STICKER,C
BALY,13.94,,,,-0.3279,0.1818,NO STICKER,C
MFIC,8.47,,,12.4559,-0.3224,0.0,NO STICKER,C
CWBC,25.71,5.2696,2.6348,12.855,-0.0873,0.3333,ABOVE STICKER,C
OABI,4.79,,,,-0.1179,0.0,NO STICKER,C
MFA,6.88,,,5.2923,-0.3404,0.1667,NO STICKER,C
RGR,43.26,,,,-0.1027,0.1333,NO STICKER,C
SATL,5.15,,,,-0.5708,0.0909,NO STICKER,C
BCSF,10.62,,,6.9412,-0.2776,0.1111,NO STICKER,C
TCBX,41.34,30.9896,15.4948,10.9077,-0.1082,0.5556,ABOVE STICKER,C
PSTL,22.76,14.1,7.05,48.4255,-0.0975,0.5455,ABOVE STICKER,C
NVCT,21.12,,,,-0.2786,0.1667,NO STICKER,C
CD,8.66,,,,-0.652,0.2,NO STICKER,C
ADAM,7.65,,,6.9545,-0.2616,0.1667,NO STICKER,C
KE,28.68,,,25.3805,-0.1038,0.0667,NO STICKER,C
SSYS,7.98,,,,-0.377,0.0667,NO STICKER,C
YEXT,6.93,1.0932,0.5466,99.0,-0.2326,0.2667,ABOVE STICKER,C
HYLN,3.84,,,,-0.5477,0.0909,NO STICKER,C
LUCK,5.01,,,,-0.5049,0.1818,NO STICKER,C
OLMA,7.82,,,,-0.7843,0.0,NO STICKER,C
HIVE,2.5,,,,-0.6494,0.4286,NO STICKER,C
NGVC,29.68,12.028,6.014,14.84,-0.2773,0.4667,ABOVE STICKER,C
CASS,53.4,11.0067,5.5033,20.4598,-0.1045,0.2667,ABOVE STICKER,C
BCAL,21.23,,,11.0,-0.0527,0.5,NO STICKER,C
WVE,3.46,,,,-0.8408,0.2,NO STICKER,C
LPTH,9.72,,,,-0.4868,0.4,NO STICKER,C
MDXG,4.67,0.4085,0.2043,14.5938,-0.4141,0.5333,ABOVE STICKER,C
TDTH,0.9494,,,,-0.9644,0.0,NO STICKER,C
AURA,6.54,,,,-0.3141,0.0,NO STICKER,C
FWRG,10.98,9.3,4.65,35.4194,-0.4167,0.1818,ABOVE STICKER,C
IMMX,9.46,,,,-0.3735,0.1111,NO STICKER,C
ZVRA,11.39,9.0,4.5,8.437,-0.2424,0.2,ABOVE STICKER,C
STLN,6.63,,,,-0.0701,0.1818,NO STICKER,C
AROW,36.38,4.3996,2.1998,13.7283,-0.148,0.3333,ABOVE STICKER,C
MAX,10.09,9.611,4.8055,25.8718,-0.3136,0.5455,ABOVE STICKER,C
PFIS,67.25,17.7155,8.8578,11.4371,-0.0834,0.25,ABOVE STICKER,C
CCSI,36.71,,,8.4391,-0.1133,0.3636,NO STICKER,C
FTH,26.03,,,,-0.3823,0.0,NO STICKER,C
CNNE,15.5,,,,-0.1842,0.0,NO STICKER,C
OSPN,18.22,1.5184,0.7592,9.6915,-0.0324,0.2667,ABOVE STICKER,C
PHR,10.81,1.2,0.6,270.25,-0.5509,0.4545,ABOVE STICKER,C
CARE,30.16,2.1395,1.0697,21.8551,-0.1636,0.2727,ABOVE STICKER,C
MSBI,32.16,,,,-0.0838,0.0,NO STICKER,C
PFLT,6.68,,,,-0.3149,0.0,NO STICKER,
JZ,1.28,,,,-0.987,0.1429,NO STICKER,C
MG,20.77,,,39.1887,-0.0459,0.0667,NO STICKER,C
LEGH,27.81,2.195,1.0975,15.9828,-0.1126,0.3636,ABOVE STICKER,C
WGO,23.39,,,25.7033,-0.5337,0.4667,NO STICKER,C
RRBI,100.27,35.6767,17.8383,15.7163,-0.0439,0.8889,ABOVE STICKER,A
GILT,8.94,,,26.2941,-0.5729,0.2667,NO STICKER,C
AVR,6.77,,,,-0.3876,0.0,NO STICKER,C
IBEX,44.52,38.2109,19.1054,14.2236,-0.0168,0.9091,ABOVE STICKER,A
NRDS,9.74,25.3902,12.6951,10.8222,-0.4002,0.8182,BUY,C
HNRG,13.92,2.3508,1.1754,14.5,-0.4364,0.3333,ABOVE STICKER,C
INN,6.08,,,,-0.152,0.1333,NO STICKER,C
PZZA,19.75,,,21.9444,-0.6457,0.2667,NO STICKER,C
HPP,11.97,,,,-0.3849,0.0,NO STICKER,C
DMII,10.19,,,,-0.0136,0.0,NO STICKER,
BUUU,43.27,,,865.4,-0.1822,0.5714,NO STICKER,C
LITB,2.99,,,74.75,-0.283,0.0,NO STICKER,C
JFU,2.75,,,27.5,-0.7099,0.2727,NO STICKER,C
GDYN,7.95,3.3,1.65,72.2727,-0.2214,0.5455,ABOVE STICKER,C
SPT,11.0,,,,-0.0877,0.3636,NO STICKER,C
CGNT,8.815,,,,-0.2839,0.0909,NO STICKER,C
PRTH,7.81,11.1049,5.5524,11.4853,-0.0081,0.5455,BELOW STICKER,C
RZLV,1.91,,,,-0.6678,0.1429,NO STICKER,C
TIPT,17.25,2.5727,1.2863,22.6974,-0.1076,0.0,ABOVE STICKER,C
PMT,7.36,0.2528,0.1264,7.4343,-0.4671,0.0667,ABOVE STICKER,C
PAR,15.51,,,,-0.6174,0.2667,NO STICKER,C
NTGR,23.6,,,,-0.343,0.0,NO STICKER,C
MATV,11.6,,,,-0.2506,0.2,NO STICKER,C
WOOF,2.23,0.0852,0.0426,74.3333,-0.4238,0.0909,ABOVE STICKER,C
NMFC,6.73,,,42.0625,-0.3161,0.1111,NO STICKER,C
BHB,37.83,3.1773,1.5887,16.3766,-0.08,0.1667,ABOVE STICKER,C
CLDT,13.61,,,97.2143,-0.0313,0.0714,NO STICKER,C
ACNB,62.29,20.2874,10.1437,17.3028,-0.0786,0.4615,ABOVE STICKER,C
RSVR,9.6,,,73.8462,-0.283,0.3636,NO STICKER,C
EGY,6.01,,,,-0.1057,0.5714,NO STICKER,C
CLYM,11.0,,,,-0.3999,0.0,NO STICKER,C
IRWD,3.82,,,25.4667,-0.3391,0.1429,NO STICKER,C
THM,2.4,,,,-0.3425,0.0,NO STICKER,C
CBNK,38.54,25.3762,12.6881,11.3021,-0.0531,0.6667,ABOVE STICKER,C
SWBI,13.98,,,34.0976,-0.2039,0.4,NO STICKER,C
ANNX,4.02,,,,-0.4401,0.0,NO STICKER,C
GRNT,4.77,,,,-0.2238,0.6364,BUY*,C
CCB,40.74,50.2179,25.1089,13.3137,-0.6606,0.5556,BELOW STICKER,C
AGNT,3.72,,,,-0.6957,0.4,NO STICKER,C
SLRC,11.37,20.3391,10.1696,6.6882,-0.305,0.25,BELOW STICKER,
HELE,26.51,,,,-0.171,0.0667,NO STICKER,C
ANGX,3.98,,,,-0.4749,0.1429,NO STICKER,C
LMB,51.26,55.9362,27.9681,20.4223,-0.5541,0.6667,BUY*,C
GOOD,12.68,0.3978,0.1989,90.5714,-0.0452,0.1429,ABOVE STICKER,C
IVR,5.7,,,4.3182,-0.4,0.1667,NO STICKER,C
EVC,6.73,,,,-0.5102,0.0667,NO STICKER,C
AMCX,10.81,,,6.512,-0.164,0.0,NO STICKER,C
RERE,3.76,,,12.5333,-0.4189,0.3333,NO STICKER,C
WYFI,15.69,,,,-0.6652,0.4286,NO STICKER,C
ALMS,7.16,,,,-0.7716,0.1667,NO STICKER,C
ADTN,7.46,,,,-0.6266,0.3333,NO STICKER,C
GAIN,15.25,44.5296,22.2648,3.1954,-0.1103,0.5714,BELOW MOS,C
CLMB,33.26,16.186,8.093,29.5702,-0.0516,0.7333,BUY*,B
HTZ,1.92,,,,-0.7653,0.1429,NO STICKER,C
MAMA,13.55,0.1592,0.0796,79.7059,-0.3548,0.6667,ABOVE STICKER,C
AQST,4.78,,,,-0.3669,0.0,NO STICKER,C
STTK,5.97,,,,-0.2833,0.0,NO STICKER,C
FLGT,21.74,,,,-0.2996,0.25,NO STICKER,C
MLR,52.46,,,26.4949,-0.1213,0.2667,NO STICKER,C
TRON,1.255,,,,-0.6976,0.1429,NO STICKER,C
JF,1.02,,,,-0.1774,0.0,NO STICKER,C
NRGV,3.25,,,,-0.5109,0.1,NO STICKER,C
WEAV,7.38,,,,-0.0416,0.3636,NO STICKER,C
KRNY,9.07,,,15.9123,-0.1143,0.25,NO STICKER,C
PHAT,7.25,,,,-0.604,0.1111,NO STICKER,C
EVEX,1.67,,,,-0.6764,0.0,NO STICKER,C
VEL,14.73,18.2896,9.1448,5.3564,-0.3115,0.6667,BELOW STICKER,C
MATW,18.61,,,,-0.3983,0.0,NO STICKER,C
FBIZ,69.36,42.493,21.2465,11.6768,-0.0594,0.8333,ABOVE STICKER,A
TROX,3.63,,,,-0.6572,0.0,NO STICKER,C
SHEN,10.405,,,,-0.4003,0.2,NO STICKER,C
CRMD,7.38,7.76,3.88,3.6176,-0.4332,0.4667,BELOW STICKER,C
BZUN,3.31,,,,-0.1326,0.2667,NO STICKER,C
GCBC,33.65,29.754,14.877,13.9627,-0.0738,0.9167,ABOVE STICKER,A
HY,32.34,,,,-0.2169,0.0,NO STICKER,C
IIIN,29.5,12.3171,6.1585,14.0476,-0.2328,0.4,ABOVE STICKER,C
JBI,4.18,,,11.0,-0.595,0.4545,NO STICKER,C
ARRY,3.68,,,,-0.6991,0.0909,NO STICKER,C
KIDS,21.65,,,,-0.1904,0.2,NO STICKER,C
SFST,59.65,36.1284,18.0642,16.0349,-0.0836,0.3571,ABOVE STICKER,C
BWB,20.25,11.7344,5.8672,13.5906,-0.1048,0.5556,ABOVE STICKER,C
XMAX,8.74,,,,-0.0702,0.1333,NO STICKER,C
ACRS,3.83,,,,-0.4197,0.0,NO STICKER,C
PALL,20.77,33.9367,16.9683,1.5855,-0.4739,0.4444,BELOW STICKER,C
DDD,3.38,,,17.7895,-0.1796,0.0,NO STICKER,C
ITIC,296.95,65.9359,32.968,15.9908,-0.0407,0.3333,ABOVE STICKER,C
EBF,22.12,0.9163,0.4582,13.3253,-0.0357,0.2667,ABOVE STICKER,C
CTMX,2.57,,,,-0.687,0.0833,NO STICKER,C
CTGO,16.73,,,,-0.5134,0.5,NO STICKER,C
SBC,5.42,,,10.84,-0.0163,0.7143,NO STICKER,B
BXC,70.76,,,3538.0,-0.2456,0.2,NO STICKER,C
MEI,15.55,,,,-0.237,0.0714,NO STICKER,C
CBIO,14.91,,,,-0.456,0.0,NO STICKER,C
TOP,14.92,,,,-0.1435,0.3636,NO STICKER,C
OOMA,20.04,3.5628,1.7814,87.1304,-0.2348,0.2667,ABOVE STICKER,C
UAMY,3.68,,,,-0.8133,0.4,NO STICKER,C
NVEC,113.82,3.5111,1.7555,36.2484,-0.1569,0.2667,ABOVE STICKER,C
CIVB,26.41,13.0262,6.5131,10.0038,-0.1188,0.3571,ABOVE STICKER,C
YI,3.15,,,,-0.718,0.0,NO STICKER,C
WTI,3.63,,,,-0.2854,0.2,NO STICKER,C
NPB,15.84,,,7.5071,-0.1963,0.8333,NO STICKER,A
KELYA,15.59,,,,-0.1217,0.1429,NO STICKER,C
NRIM,24.24,21.8833,10.9416,7.9737,-0.2135,0.7692,BUY*,B
IIIV,15.975,17.0886,8.5443,22.1875,-0.5297,0.1818,BELOW STICKER,C
UNTY,54.33,54.921,27.4605,9.582,-0.1307,0.8333,BELOW STICKER,C
PANL,8.32,0.1875,0.0938,27.7333,-0.114,0.2667,ABOVE STICKER,C
SLDP,2.385,,,,-0.7308,0.1818,NO STICKER,C
HNST,5.07,,,,-0.1564,0.0909,NO STICKER,C
FWDI,7.34,,,,-0.7122,0.2,NO STICKER,C
ENVX,2.46,,,,-0.8269,0.1818,NO STICKER,C
WNC,13.2,10.5005,5.2502,2.6036,-0.0928,0.2,ABOVE STICKER,C
ABR,2.87,,,5.125,-0.7644,0.1667,NO STICKER,C
CSV,33.69,14.5448,7.2724,10.3662,-0.3534,0.5333,ABOVE STICKER,C
NCDL,10.81,,,5.8118,-0.2827,0.0,NO STICKER,C
DCTH,15.36,2.1,1.05,219.4286,-0.1183,0.2857,ABOVE STICKER,C
MSIF,11.75,,,8.8346,-0.1874,0.0,NO STICKER,C
RGNX,8.07,,,,-0.5015,0.1333,NO STICKER,C
TITN,22.63,,,,-0.1587,0.2,NO STICKER,C
PBYI,10.29,0.1552,0.0776,16.8689,-0.0068,0.2857,ABOVE STICKER,C
SSII,2.645,,,,-0.7355,0.2,NO STICKER,C
MNPR,78.96,,,,-0.3674,0.2,NO STICKER,C
FWRD,15.64,,,,-0.4984,0.1333,NO STICKER,C
NGNE,26.4,,,,-0.3953,0.1538,NO STICKER,C
AII,26.77,,,4.7381,-0.023,0.8571,NO STICKER,A
UNG,11.01,,,,-0.3535,0.3333,NO STICKER,
TLRY,3.54,,,,-0.8076,0.2727,NO STICKER,C
UHT,37.57,,,29.5827,-0.1886,0.0,NO STICKER,C
BSVN,54.79,40.5899,20.295,12.1756,-0.0501,0.7778,ABOVE STICKER,B
CARS,9.71,,,30.3438,-0.2907,0.0,NO STICKER,C
MNTN,10.19,,,,-0.4523,0.2857,NO STICKER,C
HUYA,2.26,,,,-0.5416,0.0909,NO STICKER,C
HBCP,65.67,34.3244,17.1622,11.1874,-0.1185,0.5833,ABOVE STICKER,C
MYPS,4.11,,,,-0.5848,0.0909,NO STICKER,C
BWFG,64.72,55.1315,27.5658,14.5438,-0.07,0.6429,ABOVE STICKER,C
FBRT,6.19,,,9.6719,-0.4311,0.4,NO STICKER,C
DNUT,2.96,,,,-0.4207,0.0,NO STICKER,C
SD,13.84,14.5862,7.2931,7.2842,-0.2499,0.5333,BELOW STICKER,C
INDI,2.6,,,,-0.5702,0.0909,NO STICKER,C
ETD,20.34,,,13.0385,-0.2836,0.1333,NO STICKER,C
PNRG,214.87,174.6604,87.3302,20.7403,-0.2296,0.6,BUY*,C
OPFI,5.93,29.0845,14.5423,5.0202,-0.4927,0.9,BUY,A
EOLS,7.73,,,,-0.1697,0.1818,NO STICKER,C
TJGC,33.28,,,,-0.0947,0.0,NO STICKER,C
TCMD,22.44,24.5971,12.2986,27.3659,-0.4059,0.4,BELOW STICKER,C
TMQ,2.8,,,,-0.752,0.0,NO STICKER,C
ALT,2.61,,,,-0.5947,0.2143,NO STICKER,C
CCM,3.88,,,,-0.4425,0.1333,NO STICKER,C
ALOY,7.32,,,,-0.7279,0.0667,NO STICKER,C
ALLO,1.46,,,,-0.6726,0.0,NO STICKER,C
BSRR,38.905,13.0902,6.5451,12.5096,-0.098,0.1667,ABOVE STICKER,C
YORW,31.06,2.4703,1.2351,22.3453,-0.1077,0.0,ABOVE STICKER,C
NUAI,4.695,,,,-0.5029,0.1667,NO STICKER,C
ARVN,7.64,,,,-0.4735,0.0909,NO STICKER,C
ESEA,71.24,47.3794,23.6897,3.6515,-0.1058,0.8,BUY*,A
MASS,12.05,6.31,3.155,22.3148,-0.0972,0.2727,ABOVE STICKER,C
OBT,36.93,18.9088,9.4544,11.0901,-0.0791,0.8889,ABOVE STICKER,A
NXRT,19.35,,,,-0.402,0.0667,NO STICKER,C
OIS,8.17,,,,-0.4366,0.0667,NO STICKER,C
NB,3.37,,,,-0.7321,0.25,NO STICKER,C
WEYS,51.46,6.2797,3.1399,21.3527,-0.0194,0.0667,ABOVE STICKER,C
SGHT,8.89,,,,-0.0847,0.0909,NO STICKER,C
CWCO,30.58,16.7403,8.3701,26.8246,-0.2183,0.2667,ABOVE STICKER,C
COFS,32.48,0.7146,0.3573,16.1592,-0.0825,0.3077,ABOVE STICKER,C
ONT,13.81,,,,-0.5531,0.3636,NO STICKER,C
PDLB,20.05,34.6174,17.3087,16.7083,-0.0498,0.4444,BELOW STICKER,C
ANGO,11.52,,,,-0.2928,0.0,NO STICKER,C
CIX,39.26,6.8263,3.4131,24.8481,-0.0256,0.2667,ABOVE STICKER,C
BRRR,23.17,,,,-0.2938,0.0,NO STICKER,
WTBA,28.37,1.6343,0.8172,14.776,-0.0698,0.5,ABOVE STICKER,C
KRUS,40.53,,,,-0.4986,0.4545,NO STICKER,C
BRSP,3.81,,,,-0.382,0.0,NO STICKER,C
GLRE,14.76,26.8785,13.4392,6.8018,-0.2388,0.4,BELOW STICKER,C
AUTL,1.81,,,,-0.2984,0.1,NO STICKER,C
OVID,2.46,,,,-0.2077,0.125,NO STICKER,C
TMS,6.52,,,,-0.5061,0.0,NO STICKER,
OLP,21.96,,,19.0957,-0.1515,0.25,NO STICKER,C
ASMB,23.53,,,,-0.4075,0.1429,NO STICKER,C
ILPT,7.14,,,,-0.2428,0.1111,NO STICKER,C
YDES,6.73,,,,-0.6941,0.1667,NO STICKER,C
FMAO,34.55,12.2322,6.1161,14.2181,-0.0435,0.1667,ABOVE STICKER,C
ACIC,9.78,,,4.5488,-0.2511,0.3333,NO STICKER,C
RYAM,7.02,,,,-0.4076,0.0,NO STICKER,C
SENS,8.98,,,,-0.156,0.2,NO STICKER,C
TKNO,8.84,,,,-0.0675,0.0,NO STICKER,C
MCTA,29.355,,,,-0.074,0.4286,NO STICKER,C
MTC,4.76,,,,-0.4766,0.1111,NO STICKER,C
HBB,34.76,,,17.8256,-0.1308,0.3333,NO STICKER,C
BBCP,9.36,0.3887,0.1944,104.0,-0.2322,0.0,ABOVE STICKER,C
MCFT,19.36,,,,-0.3193,0.3333,NO STICKER,C
RZLT,4.87,,,,-0.5749,0.0,NO STICKER,C
ASPN,5.65,,,,-0.3956,0.2,NO STICKER,C
QUAD,9.34,,,17.2963,-0.1623,0.1333,NO STICKER,C
BDN,2.68,,,,-0.3111,0.0,NO STICKER,C
BTBT,1.29,,,,-0.7165,0.2727,NO STICKER,C
SVA,6.47,,,,,0.3333,NO STICKER,C
GRVY,66.87,,,2229.0,-0.1201,0.1429,NO STICKER,C
CERS,2.3,,,,-0.3372,0.2667,NO STICKER,C
LOCO,15.22,3.3941,1.697,16.9111,-0.1253,0.0667,ABOVE STICKER,C
CLB,10.09,,,16.0159,-0.5044,0.2857,NO STICKER,C
CLFD,34.01,,,,-0.355,0.5333,NO STICKER,C
LXFR,17.24,,,61.5714,-0.1136,0.0,NO STICKER,C
ARKO,4.11,3.7093,1.8546,27.4,-0.5306,0.3636,ABOVE STICKER,C
CMCO,15.99,,,,-0.3447,0.3333,NO STICKER,C
ENTX,2.66,,,42.56,-0.3667,0.0909,NO STICKER,C
GFUZ,8.66,,,12.8296,-0.4168,0.0,NO STICKER,
IBO,4.25,,,,-0.5955,0.1667,NO STICKER,C
ULH,17.35,,,,-0.3275,0.3333,NO STICKER,C
FPI,10.47,0.1856,0.0928,17.1639,-0.2083,0.0714,ABOVE STICKER,C
EVH,4.04,,,,-0.5133,0.1429,NO STICKER,C
TECX,23.33,,,,-0.4098,0.2222,NO STICKER,C
UUP,29.02,,,,-0.0021,0.1667,NO STICKER,C
CAPR,7.83,,,,-0.806,0.1333,NO STICKER,C
PRTA,8.84,,,,-0.2508,0.1333,NO STICKER,C
AMSF,24.41,,,9.8826,-0.4218,0.2,NO STICKER,C
ROMA,8.74,,,,-0.2574,0.1429,NO STICKER,C
TRTX,5.87,,,10.2982,-0.3735,0.0,NO STICKER,C
AHRT,6.04,,,,-0.176,0.0667,NO STICKER,C
NRC,20.33,53.1561,26.578,0.4066,-0.1415,0.3846,BELOW MOS,C
DMAC,8.33,,,,-0.2006,0.1111,NO STICKER,C
GOTU,2.75,,,,-0.1667,0.1818,NO STICKER,C
TWI,6.95,,,,-0.406,0.1333,NO STICKER,C
CZNC,24.94,1.3218,0.6609,17.0822,-0.0542,0.0833,ABOVE STICKER,C
VRRM,2.94,25.5,12.75,3.4588,-0.8845,0.6364,BELOW MOS,C
EDIT,2.9,,,,-0.3303,0.0714,NO STICKER,C
XRN,33.59,,,,-0.1309,0.1333,NO STICKER,C
TRC,16.35,,,,-0.2328,0.0667,NO STICKER,C
NHP,15.545,,,,-0.1097,0.0,NO STICKER,C
MFI,9.0,,,41.3235,-0.7935,0.3333,NO STICKER,C
GNE,16.63,5.0644,2.5322,18.4778,-0.0142,0.3333,ABOVE STICKER,C
LOT,0.6862,,,,-0.6748,0.0,NO STICKER,C
GTN,4.54,,,,-0.295,0.2,NO STICKER,C
FXY,57.9,,,,-0.0548,0.0,NO STICKER,C
TATT,33.89,10.6518,5.3259,24.7372,-0.4746,0.4,ABOVE STICKER,C
JOUT,42.76,,,,-0.2013,0.1667,NO STICKER,C
ASIX,16.24,0.4538,0.2269,9.0222,-0.3924,0.2667,ABOVE STICKER,C
IPI,32.51,0.3302,0.1651,38.2471,-0.3542,0.1538,ABOVE STICKER,C
CCOI,8.54,,,,-0.8131,0.0667,NO STICKER,C
AVBC,21.89,,,,-0.044,0.25,NO STICKER,
NPCE,12.67,,,,-0.3536,0.2727,NO STICKER,C
BNED,12.51,0.5067,0.2534,25.5306,-0.1519,0.0,ABOVE STICKER,C
FGDL,55.836,,,,-0.2479,0.75,NO STICKER,
PBFS,17.4,7.155,3.5775,20.9639,-0.1261,0.3636,ABOVE STICKER,C
BMRC,26.67,,,,-0.1375,0.0833,NO STICKER,C
RLGT,9.21,,,23.6154,-0.0971,0.1429,NO STICKER,C
SPCE,2.84,,,,-0.6809,0.0909,NO STICKER,C
RBB,25.42,6.0799,3.04,13.8907,-0.0999,0.0714,ABOVE STICKER,C
CTRN,51.55,,,81.8254,-0.3383,0.1333,NO STICKER,C
NGS,33.1,35.5488,17.7744,21.0828,-0.258,0.3333,BELOW STICKER,C
SGU,12.99,3.0832,1.5416,6.0582,-0.0399,0.0,ABOVE STICKER,C
MNRO,13.57,,,452.3333,-0.4325,0.0,NO STICKER,C
PLBC,60.96,34.1784,17.0892,13.4273,-0.0475,0.75,ABOVE STICKER,B
CBAN,19.97,,,52.5526,-0.1109,0.0833,NO STICKER,C
CBK,30.89,,,10.4712,-0.1367,0.5,NO STICKER,C
FOSL,7.15,,,,-0.0246,0.0,NO STICKER,C
ACTG,4.32,,,19.6364,-0.1803,0.2857,NO STICKER,C
SPRY,4.23,,,,-0.6783,0.0,NO STICKER,C
FXF,106.07,,,,-0.088,0.0,NO STICKER,C
TCI,47.75,48.0,24.0,29.8438,-0.1995,0.2857,BELOW STICKER,C
MBUU,21.64,,,240.4444,-0.3812,0.3333,NO STICKER,C
CTEV,24.66,,,,-0.6653,0.0,NO STICKER,C
CAL,12.09,,,,-0.1961,0.2,NO STICKER,C
NATH,101.77,56.5535,28.2768,20.9835,-0.0864,0.4,ABOVE STICKER,C
ACCO,4.49,,,10.2045,-0.0154,0.0667,NO STICKER,C
AVIR,5.15,,,,-0.2016,0.0,NO STICKER,C
MYGN,4.31,,,,-0.4983,0.0,NO STICKER,C
MAGN,11.5,,,,-0.259,0.2,NO STICKER,C
VALU,43.88,28.3906,14.1953,19.0783,-0.0292,0.2667,ABOVE STICKER,C
OPRT,8.92,4.0625,2.0313,16.8302,-0.0165,0.1818,ABOVE STICKER,C
LAND,9.48,,,,-0.2708,0.0,NO STICKER,C
RCEL,13.21,,,,-0.0365,0.2,NO STICKER,C
ALLT,8.39,,,104.875,-0.2961,0.2667,NO STICKER,C
STRZ,23.79,,,,-0.2698,0.0,NO STICKER,C
USCB,22.04,,,16.5714,-0.0773,0.5714,NO STICKER,C
FVR,16.6,,,,-0.2553,0.0,NO STICKER,
BOC,12.89,,,,-0.1531,0.2667,NO STICKER,C
LAES,2.11,,,,-0.7577,0.4286,NO STICKER,C
VHI,14.21,,,,-0.2595,0.2,NO STICKER,C
URG,1.01,,,,-0.5702,0.1333,NO STICKER,C
LSAK,4.68,,,156.0,-0.1552,0.1333,NO STICKER,C
VITL,9.33,,,,-0.787,0.9091,NO STICKER,A
SRTA,4.53,4.88,2.44,9.06,-0.3031,0.3636,BELOW STICKER,C
MRAM,16.45,,,,-0.6806,0.1333,NO STICKER,C
RWT,3.17,,,,-0.5452,0.0,NO STICKER,C
GALT,3.94,,,,-0.4474,0.0,NO STICKER,C
ISTR,28.82,9.7506,4.8753,13.5305,-0.0929,0.2143,ABOVE STICKER,C
KYTX,6.39,,,,-0.5326,0.0,NO STICKER,C
GCO,36.51,,,29.208,-0.1626,0.0667,NO STICKER,C
CARL,14.42,,,,-0.1631,0.1429,NO STICKER,C
ATNI,25.49,,,,-0.2371,0.0,NO STICKER,C
ARCT,13.74,,,,-0.4315,0.0909,NO STICKER,C
CHCT,13.61,,,170.125,-0.2899,0.0714,NO STICKER,C
PCB,27.73,19.3923,9.6961,10.7481,-0.1008,0.4545,ABOVE STICKER,C
CYH,2.76,2.4119,1.2059,0.7321,-0.377,0.2143,ABOVE STICKER,C
VMD,9.52,,,26.4444,-0.245,0.6364,NO STICKER,C
CCCC,3.16,,,,-0.3888,0.0,NO STICKER,C
RMNI,4.16,2.3891,1.1946,10.6667,-0.2676,0.2,ABOVE STICKER,C
CHMG,80.54,,,25.6497,-0.0635,0.4167,NO STICKER,C
ADV,30.28,,,,-0.3619,0.0,NO STICKER,C
SMC,31.95,,,,-0.1239,0.2857,NO STICKER,C
IRD,4.65,,,,-0.3423,0.0714,NO STICKER,C
VGZ,2.65,,,,-0.1534,0.0,NO STICKER,C
NIPG,11.05,,,,-0.7883,0.0,NO STICKER,
MEC,15.11,,,,-0.6102,0.0,NO STICKER,C
FRPH,20.04,,,111.3333,-0.2214,0.0667,NO STICKER,C
ZURA,4.0,,,,-0.4624,0.0,NO STICKER,C
IMXI,12.67,3.3623,1.6811,11.7315,-0.2056,0.5455,ABOVE STICKER,C
TWIN,26.26,19.3736,9.6868,14.1183,-0.1019,0.2667,ABOVE STICKER,C
CRNC,8.43,,,,-0.3751,0.0909,NO STICKER,C
SFIX,2.84,,,,-0.5057,0.0667,NO STICKER,C
OXM,25.38,,,,-0.4881,0.2,NO STICKER,C
PKBK,32.19,14.3175,7.1588,10.1867,-0.0983,0.6667,ABOVE STICKER,C
PHOE,17.51,,,,-0.8685,0.4286,NO STICKER,C
SI,18.13,,,,-0.2629,0.1429,NO STICKER,C
SERV,4.35,,,,-0.7666,0.2857,NO STICKER,C
IDR,23.79,28.9025,14.4513,20.8684,-0.5651,0.6429,BELOW STICKER,C
VSA,1.94,,,1.5299,-0.9988,0.0,NO STICKER,C
FENC,10.71,,,,-0.1917,0.1333,NO STICKER,C
CZFS,78.05,35.231,17.6155,10.2428,-0.078,0.5714,ABOVE STICKER,C
ZIP,4.17,,,,-0.2567,0.0,NO STICKER,C
MPLT,8.83,,,,-0.7816,0.0,NO STICKER,C
GTE,10.58,,,,-0.0816,0.2857,NO STICKER,C
SLP,18.5,,,,-0.1195,0.4,NO STICKER,C
TWFG,24.76,,,46.717,-0.2089,1.0,NO STICKER,A
OFIX,9.17,,,,-0.4603,0.1333,NO STICKER,C
CPS,21.0,,,,-0.5623,0.0,NO STICKER,C
FNLC,32.97,11.0817,5.5408,10.7394,-0.0917,0.5,ABOVE STICKER,C
SHAZ,37.93,,,,-0.6109,0.1667,NO STICKER,C
NECB,27.0,27.7517,13.8759,8.3077,-0.067,0.6667,BELOW STICKER,C
DIN,29.35,,,26.4414,-0.2603,0.0,NO STICKER,C
YXT,2.08,,,,-0.9353,0.0,NO STICKER,C
CTNM,13.38,,,,-0.2477,0.0,NO STICKER,C
ORN,9.15,,,152.5,-0.4741,0.0714,NO STICKER,C
NBP,1.395,,,,-0.7946,0.0,NO STICKER,C
FSTR,34.94,,,50.6377,-0.2373,0.1333,NO STICKER,C
FXE,103.37,,,117.4659,-0.0732,0.0,NO STICKER,C
NWFL,33.53,12.8348,6.4174,11.1395,-0.055,0.4286,ABOVE STICKER,C
ENTA,12.5,,,,-0.2711,0.0667,NO STICKER,C
DBB,25.16,,,,-0.058,0.0,NO STICKER,C
AIOT,2.7,,,,-0.5408,0.2727,NO STICKER,C
DFNS,6.01,,,4.5302,-0.9969,0.0,NO STICKER,C
EBS,7.06,,,7.5914,-0.4979,0.1333,NO STICKER,C
RLMD,3.39,,,,-0.5762,0.0833,NO STICKER,C
XRX,2.75,,,,-0.2725,0.0909,NO STICKER,C
ORBS,0.84,,,,-0.918,0.1429,NO STICKER,C
MNTK,2.53,0.1821,0.0911,253.0,-0.2287,0.1111,ABOVE STICKER,C
OBIO,5.95,,,,-0.0846,0.2857,NO STICKER,C
TTRX,12.0,,,,-0.2705,0.0,NO STICKER,C
VEEA,5.7,,,,-0.6949,0.1667,NO STICKER,C
TREE,25.19,140.1878,70.0939,2.3367,-0.6346,0.3333,BELOW MOS,C
IA,19.41,24.709,12.3545,18.3113,-0.3727,0.8,ON DECK,C
SHIP,17.11,6.1021,3.051,16.9406,-0.1098,0.2667,ABOVE STICKER,C
FNKO,6.44,,,,-0.1238,0.0,NO STICKER,C
WSBF,19.48,,,13.1622,-0.1006,0.1667,NO STICKER,C
FBYD,8.91,,,297.0,-0.693,0.1429,NO STICKER,C
KREF,5.97,,,,-0.3443,0.0833,NO STICKER,C
RNGR,15.42,10.1946,5.0973,28.5556,-0.1804,0.3077,ABOVE STICKER,C
NKLR,3.16,,,0.6489,-0.8557,0.0,NO STICKER,
CGC,0.8271,,,,-0.6525,0.0,NO STICKER,
ERII,6.84,,,16.2857,-0.6266,0.1333,NO STICKER,C
VIOT,1.655,,,16.55,-0.5416,0.1818,NO STICKER,C
GLAS,4.26,,,,-0.6942,0.0909,NO STICKER,C
SRZN,29.69,,,,-0.2152,0.0,NO STICKER,C
GBLI,24.46,0.4479,0.224,13.9771,-0.198,0.0,ABOVE STICKER,C
TSBK,44.82,19.4794,9.7397,12.2125,-0.0923,0.6667,ABOVE STICKER,C
FLXS,85.17,1.5552,0.7776,14.0313,-0.0605,0.3333,ABOVE STICKER,C
IMSR,3.28,,,,-0.8959,0.0,NO STICKER,C
ARTNA,33.63,9.0107,4.5054,15.2172,-0.0906,0.1429,ABOVE STICKER,C
SHOE,12.75,20.9975,10.4987,6.7105,-0.41,0.4,BELOW STICKER,C
TLS,4.63,,,,-0.4462,0.1538,NO STICKER,C
PERI,8.86,,,,-0.2138,0.2667,NO STICKER,C
AGEN,7.67,,,,-0.2561,0.2143,NO STICKER,C
FOA,12.82,47.5521,23.7761,3.4278,-0.5697,0.3333,BELOW MOS,C
NAAS,3.0547,,,,-0.271,0.0,NO STICKER,
BRBS,3.84,,,34.9091,-0.1975,0.0,NO STICKER,C
AFRI,12.72,,,,-0.0353,0.1111,NO STICKER,C
CION,6.94,,,,-0.3327,0.1429,NO STICKER,C
REI,1.31,,,,-0.345,0.2857,NO STICKER,C
AVBH,31.05,,,,-0.0916,0.3333,NO STICKER,C
OPI,15.52,,,,-0.6877,0.0,NO STICKER,C
CMDB,20.8,,,,-0.1599,0.2857,NO STICKER,C
LWAY,22.16,9.1331,4.5666,32.1159,-0.3225,0.6667,ABOVE STICKER,C
NL,6.94,,,,-0.193,0.0,NO STICKER,C
ARTV,6.94,,,,-0.5224,0.0,NO STICKER,C
RCKY,44.93,18.937,9.4685,15.1791,-0.1524,0.2,ABOVE STICKER,C
GASS,9.05,3.1831,1.5915,5.5183,-0.1422,0.2,ABOVE STICKER,C
PPHC,11.13,,,,-0.2653,0.2857,NO STICKER,C
SILC,58.92,,,,-0.0648,0.0,NO STICKER,C
KDK,1.67,,,,-0.8529,0.0,NO STICKER,
CCAP,9.09,,,5.0221,-0.401,0.1111,NO STICKER,C
INDP,2.51,,,,-0.5789,0.0,NO STICKER,C
ASPI,2.65,,,,-0.8171,0.2857,NO STICKER,C
AERT,6.9,,,138.0,-0.1332,0.0,NO STICKER,C
BCML,30.53,15.3253,7.6627,14.0046,-0.1272,0.2222,ABOVE STICKER,C
SOHU,12.74,13.96,6.98,0.9126,-0.2636,0.1818,BELOW STICKER,C
CVEO,32.12,,,,-0.12,0.0,NO STICKER,C
LVWR,1.61,,,,-0.75,0.0909,NO STICKER,C
CV,6.59,,,,-0.5712,0.1429,NO STICKER,C
CFFI,101.39,38.3733,19.1867,12.2304,-0.0206,0.4,ABOVE STICKER,C
SVRN,44.0,,,,-0.4113,0.125,NO STICKER,C
SPIR,10.27,11.45,5.725,6.8926,-0.6039,0.0909,BELOW STICKER,C
FSBW,44.1,16.7455,8.3728,10.2797,-0.0382,0.5,ABOVE STICKER,C
VFF,2.68,1.0519,0.526,9.9259,-0.4629,0.3636,ABOVE STICKER,C
CABA,1.93,,,,-0.5437,0.0,NO STICKER,C
FLX,1.49,,,21.2857,-0.6652,0.3333,NO STICKER,C
NNDM,1.55,,,,-0.3319,0.1429,NO STICKER,C
DSX,2.82,0.3096,0.1548,25.6364,-0.1188,0.1333,ABOVE STICKER,C
GEVO,1.32,,,,-0.5556,0.2,NO STICKER,C
NNBR,3.95,,,,-0.1754,0.0,NO STICKER,C
OEC,5.77,,,,-0.3322,0.4545,NO STICKER,C
OPTX,8.09,,,,-0.4578,0.0,NO STICKER,C
CLNE,1.47,,,,-0.5273,0.0667,NO STICKER,C
OCGN,0.9555,,,,-0.6494,0.1111,NO STICKER,C
TPTS,13.3,,,,-0.4458,0.0,NO STICKER,C
CBNA,49.25,,,15.9903,-0.0341,0.5,NO STICKER,C
GAME,3.11,,,,-0.4789,0.2857,NO STICKER,C
ZJYL,2.06,,,206.0,-0.7701,0.2857,NO STICKER,C
SMTI,35.07,,,,-0.0076,0.2667,NO STICKER,C
EMBC,5.685,,,3.5093,-0.6187,0.4545,NO STICKER,C
JMSB,22.8,,,15.302,-0.0602,0.3333,NO STICKER,C
DGXX,3.17,,,,-0.6554,0.1429,NO STICKER,C
LTRX,6.85,,,,-0.2171,0.4667,NO STICKER,C
CLPT,10.48,,,,-0.627,0.2667,NO STICKER,C
COSO,26.67,,,12.3472,-0.0662,0.4286,NO STICKER,C
PACK,3.71,,,,-0.525,0.0,NO STICKER,C
FDBC,54.73,18.8503,9.4252,11.2613,-0.0381,0.75,ABOVE STICKER,B
CYPH,2.94,0.745,0.3725,42.0,-0.2983,0.2222,ABOVE STICKER,C
QNRX,4.5,,,,-0.8085,0.0,NO STICKER,
ATII,10.69,,,,-0.0623,0.0,NO STICKER,
PINE,17.92,,,,-0.1851,0.2727,NO STICKER,C
GPMT,6.53,,,,-0.7709,0.0,NO STICKER,C
FVRR,8.72,16.8,8.4,15.5714,-0.6344,0.5455,BELOW STICKER,C
NIU,1.97,,,,-0.6004,0.2727,NO STICKER,C
NEWT,10.89,,,4.9954,-0.3059,0.3333,NO STICKER,C
BBW,25.53,28.4175,14.2088,6.3985,-0.6463,0.5333,BELOW STICKER,C
GOGO,2.32,2.1258,1.0629,25.7778,-0.7664,0.5333,ABOVE STICKER,C
FVCB,17.37,,,14.3554,-0.0911,0.3,NO STICKER,C
FIP,2.65,,,,-0.6039,0.1818,NO STICKER,C
PRLD,3.89,,,,-0.4305,0.1,NO STICKER,C
LE,10.5,,,58.3333,-0.476,0.0,NO STICKER,C
BKKT,6.88,,,,-0.8542,0.2222,NO STICKER,C
ELA,11.94,18.06,9.03,13.8837,-0.5977,0.8,BUY*,A
BNTC,8.87,,,,-0.4708,0.2222,NO STICKER,C
RM,33.51,29.0182,14.5091,7.5303,-0.2436,0.4,ABOVE STICKER,C
AUDC,11.39,0.9003,0.4501,36.7419,-0.0147,0.0667,ABOVE STICKER,C
IH,1.15,0.3566,0.1783,23.0,-0.6179,0.0,ABOVE STICKER,C
HRZN,4.585,,,,-0.3307,0.125,NO STICKER,C
MPTI,70.63,,,26.958,-0.3264,0.8571,NO STICKER,A
ANGI,6.59,7.8435,3.9217,7.0106,-0.548,0.2667,BELOW STICKER,C
CLW,18.97,,,,-0.1958,0.1333,NO STICKER,C
EGHT,2.11,0.1292,0.0646,211.0,-0.2674,0.0667,ABOVE STICKER,C
CATX,2.66,,,,-0.5682,0.0833,NO STICKER,C
SWKHL,25.095,,,,-0.0318,0.0667,NO STICKER,C
FCCO,32.27,,,13.0648,-0.0971,0.5,NO STICKER,C
FRD,41.98,,,,-0.1392,0.6667,NO STICKER,
RCMT,41.38,26.7375,13.3688,17.9913,-0.0527,0.6667,BUY*,C
QSI,1.53,,,,-0.5065,0.0,NO STICKER,C
HLLY,2.49,,,15.5625,-0.4442,0.0,NO STICKER,C
TDUP,2.48,,,,-0.752,0.2727,NO STICKER,C
NODK,14.79,,,,-0.1144,0.0,NO STICKER,C
GTBP,6.68,,,,-0.7677,0.0,NO STICKER,C
ZSQR,5.66,,,,-0.7356,0.0,NO STICKER,C
PSFE,5.77,,,,-0.5544,0.0,NO STICKER,C
EPRX,7.46,,,,-0.1996,0.1429,NO STICKER,C
MTRX,10.53,,,,-0.3406,0.0667,NO STICKER,C
IHRT,1.92,,,,-0.7073,0.0667,NO STICKER,C
MGPI,13.78,,,,-0.4852,0.4667,NO STICKER,C
IRHO,10.06,,,,-0.0079,0.0,NO STICKER,
PSBD,9.62,,,5.7952,-0.2583,0.0,NO STICKER,C
RMR,17.71,,,17.1942,-0.1744,0.3333,NO STICKER,C
MLP,14.83,,,,-0.2555,0.2667,NO STICKER,C
PMTS,25.54,,,20.432,-0.1827,0.4667,NO STICKER,C
EYPT,3.4,,,,-0.8221,0.1333,NO STICKER,C
PESI,13.76,,,,-0.3546,0.0,NO STICKER,C
BPRN,42.82,,,15.8007,-0.0376,0.3333,NO STICKER,C
MYFW,29.83,,,22.2612,-0.1318,0.0909,NO STICKER,C
BIOA,6.34,,,,-0.7557,0.0,NO STICKER,C
DBO,24.13,,,,-0.0935,0.0,NO STICKER,C
NREF,15.38,15.5333,7.7667,2.6982,-0.1655,0.2222,BELOW STICKER,C
CDZI,3.42,,,,-0.5086,0.25,NO STICKER,C
SGMT,8.93,,,,-0.22,0.0,NO STICKER,C
XFOR,2.91,,,,-0.3975,0.2727,NO STICKER,C
CMRC,3.48,,,,-0.3724,0.1818,NO STICKER,C
ASYS,16.45,,,,-0.3602,0.0,NO STICKER,C
UCFI,5.51,,,,-0.0002,0.0,NO STICKER,
FULC,3.77,,,,-0.7605,0.0909,NO STICKER,C
EFTY,15.02,,,,0.0,0.5714,NO STICKER,C
LAW,4.42,,,,-0.5148,0.0909,NO STICKER,C
ECX,0.846,,,,-0.6867,0.0,NO STICKER,
NAUT,2.25,,,,-0.478,0.0,NO STICKER,C
PTLO,4.02,8.1,4.05,14.8889,-0.3991,0.1818,BELOW MOS,C
SEG,22.25,,,,-0.2486,0.1429,NO STICKER,C
TTGT,3.94,,,,-0.4119,0.1429,NO STICKER,C
ALCO,38.35,,,,-0.148,0.0667,NO STICKER,C
ISBA,37.29,5.242,2.621,14.5664,-0.3661,0.3333,ABOVE STICKER,C
DSY,3.48,,,,-0.8251,0.0,NO STICKER,C
ABEO,4.94,1.9106,0.9553,4.8911,-0.3542,0.1429,ABOVE STICKER,C
FRAF,62.6,12.5072,6.2536,13.2068,-0.043,0.5833,ABOVE STICKER,C
RCKT,2.56,,,,-0.5303,0.0714,NO STICKER,C
JFIN,1.345,6.7571,3.3785,1.281,-0.8742,0.7273,BUY,B
ABAT,1.97,,,,-0.8285,0.2143,NO STICKER,C
OVLY,33.37,18.2969,9.1484,11.5868,-0.0723,0.6667,ABOVE STICKER,C
III,5.79,0.2062,0.1031,30.4737,-0.1023,0.2857,ABOVE STICKER,C
DBI,5.7,,,,-0.3784,0.2,NO STICKER,C
BMBL,2.54,,,,-0.5738,0.3636,NO STICKER,C
MREO,0.3499,,,,-0.8524,0.0,NO STICKER,C
VELO,8.67,,,,-0.7269,0.1818,NO STICKER,C
ATLO,31.46,2.1669,1.0834,14.7009,-0.0426,0.25,ABOVE STICKER,C
FUNC,43.15,20.4568,10.2284,11.4456,-0.068,0.2857,ABOVE STICKER,C
LRMR,2.67,,,,-0.5841,0.0,NO STICKER,C
BKTI,73.52,62.7012,31.3506,21.3721,-0.2968,0.7333,ABOVE STICKER,C
HCKT,11.13,1.0366,0.5183,24.1957,-0.4618,0.2667,ABOVE STICKER,C
VNDA,4.57,,,,-0.5402,0.0,NO STICKER,C
SVCO,8.125,,,,-0.4354,0.0,NO STICKER,C
IKT,1.97,,,,-0.2452,0.2222,NO STICKER,C
BDSX,26.02,,,,-0.1861,0.1818,NO STICKER,C
PC,9.4,,,,-0.0682,0.0,NO STICKER,C
HERE,1.66,,,5.5333,-0.7912,0.5714,NO STICKER,C
TSSI,9.7,10.2,5.1,17.3214,-0.5544,0.6,ON DECK,C
NXDT,5.15,,,,-0.1345,0.0,NO STICKER,C
MFIN,11.88,6.2157,3.1079,6.6742,-0.031,0.3333,ABOVE STICKER,C
MOVE,9.84,,,,-0.6317,0.0,NO STICKER,C
KWY,9.4,,,,-0.4306,0.2,NO STICKER,C
LFT,5.17,,,,-0.725,0.1667,NO STICKER,C
SABS,2.98,,,,-0.4214,0.1818,NO STICKER,C
NKSH,42.56,0.6459,0.3229,17.0924,-0.0542,0.2857,ABOVE STICKER,C
USNA,14.66,,,25.2759,-0.3786,0.2,NO STICKER,C
WNEB,13.51,3.2395,1.6198,18.0133,-0.0999,0.25,ABOVE STICKER,C
LAB,0.6894,,,,-0.5992,0.0667,NO STICKER,C
INFU,13.56,,,43.7419,-0.0209,0.2667,NO STICKER,C
TBI,8.87,,,,-0.1958,0.0667,NO STICKER,C
BCYC,3.89,,,,-0.5716,0.2727,NO STICKER,C
NCIQ,20.64,,,,-0.3378,0.0,NO STICKER,
OSUR,3.9,,,,-0.1485,0.0,NO STICKER,C
PALI,1.54,,,,-0.4615,0.1333,NO STICKER,C
RWAY,6.395,,,6.8763,-0.373,0.1111,NO STICKER,C
PCYO,11.11,11.1394,5.5697,20.5741,-0.1069,0.3333,BELOW STICKER,C
KINS,18.49,35.9935,17.9968,6.4201,-0.1153,0.6667,BELOW STICKER,C
PAMT,12.78,,,,-0.28,0.0667,NO STICKER,C
FBLA,16.77,,,239.5714,-0.034,0.1667,NO STICKER,C
FXNC,29.46,16.3406,8.1703,15.0306,-0.1137,0.4286,ABOVE STICKER,C
IPSC,1.47,,,,-0.5164,0.1,NO STICKER,C
NC,35.57,,,15.1362,-0.4014,0.2,NO STICKER,C
AVNW,20.77,,,109.3158,-0.2313,0.1818,NO STICKER,C
ARL,16.45,11.9323,5.9661,16.9588,-0.3269,0.2143,ABOVE STICKER,C
OFLX,26.32,,,17.9048,-0.3059,0.2,NO STICKER,C
BBOT,3.31,,,,-0.7774,0.0,NO STICKER,C
LXEO,3.23,,,,-0.7061,0.1667,NO STICKER,C
AIRJ,3.61,,,,-0.4652,0.0,NO STICKER,
LCNB,18.52,1.952,0.976,11.362,-0.1313,0.25,ABOVE STICKER,C
RELL,20.79,2.0636,1.0318,41.3325,-0.1019,0.0,ABOVE STICKER,C
VABK,48.5,7.9789,3.9894,13.662,-0.03,0.5833,ABOVE STICKER,C
ETHW,17.69,,,,-0.4225,0.0,NO STICKER,
FISN,4.45,,,,-0.7658,0.0,NO STICKER,
ANIK,19.58,,,,-0.1442,0.0667,NO STICKER,C
FATE,2.18,,,,-0.3251,0.0667,NO STICKER,C
HWBK,37.82,13.6458,6.8229,11.0262,-0.0685,0.5,ABOVE STICKER,C
ALTI,2.61,,,,-0.5207,0.1667,NO STICKER,C
POWW,2.23,,,,-0.1648,0.0,NO STICKER,C
SES,0.7798,,,,-0.7909,0.1,NO STICKER,C
BLND,0.996,,,,-0.7245,0.0,NO STICKER,C
UPB,4.7,,,,-0.8605,0.1429,NO STICKER,C
TMCI,3.95,,,,-0.4421,0.1818,NO STICKER,C
RMBI,15.32,,,13.094,-0.0766,0.2222,NO STICKER,C
PPIH,31.32,22.672,11.336,14.9856,-0.1471,0.5333,ABOVE STICKER,C
ESCA,18.64,,,18.8283,-0.192,0.0667,NO STICKER,C
ONMD,4.3,,,,-0.875,0.25,NO STICKER,
AIV,1.77,,,0.4574,-0.779,0.2667,NO STICKER,C
XPER,5.21,,,,-0.4046,0.0,NO STICKER,C
STRT,63.73,,,12.746,-0.3147,0.0,NO STICKER,C
OPTU,0.9295,,,,-0.6433,0.0,NO STICKER,C
CURV,2.54,,,,-0.1103,0.2727,NO STICKER,C
FEDU,11.188,,,55.94,-0.2405,0.1818,NO STICKER,C
LIMN,3.76,,,,-0.9734,0.0,NO STICKER,
CXAI,2.16,,,,-0.9525,0.0,NO STICKER,
PROF,6.9,,,4.8936,-0.2291,0.2857,NO STICKER,C
BRT,13.41,,,,-0.142,0.0667,NO STICKER,C
SSP,2.86,,,,-0.4694,0.1333,NO STICKER,C
LCTX,0.994,,,,-0.5244,0.1333,NO STICKER,C
GBFH,17.31,,,12.0208,-0.5889,0.5,NO STICKER,C
TLSI,4.06,,,,-0.4893,0.25,NO STICKER,
DBP,96.14,,,,-0.317,0.0,NO STICKER,C
LX,0.7037,20.2613,10.1306,1.0419,-0.8815,0.6667,BELOW MOS,C
CNDT,1.6,,,,-0.3985,0.0,NO STICKER,C
PDYN,5.04,0.2105,0.1053,21.0,-0.5302,0.0,ABOVE STICKER,C
QTTB,8.34,3.88,1.94,3.4463,-0.6462,0.3636,ABOVE STICKER,C
IMMR,7.43,,,53.0714,-0.077,0.5333,NO STICKER,C
EFSI,45.53,,,28.6352,-0.0548,0.25,NO STICKER,C
EVI,19.12,0.2708,0.1354,39.8333,-0.3501,0.3333,ABOVE STICKER,C
AGCC,15.44,,,403.1332,-0.3998,0.5714,NO STICKER,C
TG,7.03,4.401,2.2005,7.3229,-0.3324,0.3333,ABOVE STICKER,C
LFCR,6.45,,,,-0.2817,0.0,NO STICKER,C
JACK,12.7,,,,-0.4677,0.2,NO STICKER,C
NEGG,11.58,,,,-0.8797,0.3333,NO STICKER,C
GLSI,16.53,,,,-0.5152,0.0,NO STICKER,C
ASLE,5.08,,,28.2222,-0.3679,0.1818,NO STICKER,C
IMPP,5.42,3.1195,1.5597,4.2016,-0.175,0.3636,ABOVE STICKER,C
CMTV,43.2,13.4986,6.7493,14.3522,-0.0171,0.5833,ABOVE STICKER,C
MSB,18.42,69.3323,34.6661,2.5911,-0.5654,1.0,BELOW MOS,A
REFI,9.42,,,5.6071,-0.3017,0.6667,NO STICKER,C
PLAY,6.9,,,,-0.6878,0.2,NO STICKER,C
PEBK,43.78,12.525,6.2625,12.0939,-0.0437,0.5833,ABOVE STICKER,C
HQI,17.2,4.2908,2.1454,38.2222,-0.1747,0.5333,ABOVE STICKER,C
ACU,62.15,7.5777,3.7888,24.9598,-0.0419,0.2667,ABOVE STICKER,C
MGNX,3.74,,,,-0.2638,0.0,NO STICKER,C
CTSO,3.79,,,,-0.8078,0.0667,NO STICKER,C
EAF,9.11,,,,-0.5517,0.0769,NO STICKER,C
BGIN,2.1,,,,-0.6769,0.0,NO STICKER,C
UTMD,74.54,4.7876,2.3938,21.4195,-0.0306,0.1333,ABOVE STICKER,C
TBCH,13.24,,,17.1948,-0.2385,0.2,NO STICKER,C
KROS,11.95,,,2.5978,-0.4701,0.0909,NO STICKER,C
STRO,14.27,,,,-0.6746,0.2,NO STICKER,C
CAMP,3.77,,,,-0.5135,0.1429,NO STICKER,C
SIGA,3.28,,,10.25,-0.6164,0.2857,NO STICKER,C
GWRS,8.14,,,74.0,-0.2647,0.3333,NO STICKER,C
SAR,15.03,,,6.5065,-0.3756,0.2222,NO STICKER,C
FUFU,1.375,,,,-0.6605,0.2857,NO STICKER,C
PTLE,6.9,,,,-0.8083,0.1429,NO STICKER,C
SMHI,8.57,,,,-0.143,0.0,NO STICKER,C
RGCO,22.29,2.489,1.2445,17.2791,-0.2036,0.2857,ABOVE STICKER,C
ALEC,2.08,,,,-0.3882,0.0,NO STICKER,C
ELMD,27.69,32.8716,16.4358,21.3,-0.4158,0.9333,ON DECK,A
NUS,4.74,0.7951,0.3976,1.4906,-0.5938,0.0667,ABOVE STICKER,C
MBI,4.52,,,,-0.4257,0.0769,NO STICKER,C
QNBC,46.25,0.9712,0.4856,12.2354,-0.0075,0.5,ABOVE STICKER,C
FF,5.22,,,,-0.2532,0.0,NO STICKER,C
AENT,4.46,,,17.1538,-0.4932,0.25,NO STICKER,C
USAU,13.77,,,,-0.4202,0.1667,NO STICKER,C
LTBR,6.07,,,,-0.8063,0.1667,NO STICKER,C
INBK,25.99,,,,-0.164,0.0,NO STICKER,C
EVMN,6.25,,,,-0.8117,0.1429,NO STICKER,C
DUOT,7.2,,,,-0.5288,0.3333,NO STICKER,C
SPOK,10.73,,,14.3067,-0.3477,0.0,NO STICKER,C
SMRT,1.17,,,,-0.4682,0.0909,NO STICKER,C
PLX,2.78,,,,-0.1285,0.1333,NO STICKER,C
SND,5.28,,,176.0,-0.1081,0.3333,NO STICKER,C
AIAI,3.18,,,,-0.8375,0.0,NO STICKER,
MVST,0.5786,,,,-0.9187,0.4545,NO STICKER,C
NATR,12.64,0.9334,0.4667,11.9245,-0.5508,0.3333,ABOVE STICKER,C
MRBK,18.64,,,9.8624,-0.1398,0.7,NO STICKER,B
OPBK,14.89,15.8957,7.9478,8.657,-0.1153,0.7273,BELOW STICKER,B
ONIT,26.6,38.8786,19.4393,1.2395,-0.5083,0.2,BELOW STICKER,C
AKBA,0.8011,,,,-0.7497,0.1333,NO STICKER,C
ZUMZ,14.48,,,18.5641,-0.5432,0.0667,NO STICKER,C
KLC,1.87,,,,-0.7018,0.4286,NO STICKER,C
SION,4.9,,,,-0.9109,0.0,NO STICKER,C
EXFY,2.4,,,,-0.1459,0.1818,NO STICKER,C
DHX,5.1,,,,-0.0173,0.0,NO STICKER,C
ADCT,1.73,,,,-0.6526,0.1667,NO STICKER,C
TRDA,5.67,,,,-0.6553,0.0,NO STICKER,C
SLNH,0.9,,,,-0.8249,0.2667,NO STICKER,C
WHK,26.25,,,,-0.097,0.4286,NO STICKER,C
ALMU,11.4,,,,-0.6414,0.1429,NO STICKER,C
LCUT,9.52,,,,-0.0639,0.0,NO STICKER,C
LMNR,12.05,,,,-0.2191,0.0,NO STICKER,C
FORR,11.39,,,,-0.1067,0.0,NO STICKER,C
HDSN,5.14,2.7863,1.3931,13.8919,-0.4674,0.4667,ABOVE STICKER,C
VUZI,2.56,,,,-0.5445,0.0,NO STICKER,C
CFBK,33.84,0.6901,0.345,12.5799,-0.112,0.5833,ABOVE STICKER,C
HKD,1.73,0.1139,0.0569,3.9318,-0.6837,0.3636,ABOVE STICKER,C
RNAC,7.055,,,,-0.3586,0.0,NO STICKER,C
LYEL,8.71,,,,-0.8064,0.0,NO STICKER,C
NAGE,2.69,6.0,3.0,13.45,-0.6616,0.6,BELOW MOS,C
CHPT,7.92,,,,-0.3719,0.0909,NO STICKER,C
IVVD,0.7212,,,,-0.7651,0.2857,NO STICKER,C
TROO,1.74,,,,-0.6705,0.2,NO STICKER,C
ASUR,7.34,,,,-0.2804,0.3333,NO STICKER,C
LIEN,9.27,,,6.3493,-0.1775,0.6667,NO STICKER,C
OVBC,44.74,12.8707,6.4354,13.5166,-0.186,0.2727,ABOVE STICKER,C
FCAP,62.7,16.7497,8.3748,12.8221,-0.1169,0.5714,ABOVE STICKER,C
CURR,2.72,,,,-0.4646,0.25,NO STICKER,
AOUT,16.5,,,,-0.0672,0.0909,NO STICKER,C
OSG,4.62,,,,-0.5549,0.0,NO STICKER,C
SGC,13.05,,,28.3696,-0.1056,0.0667,NO STICKER,C
PNNT,3.18,,,6.3449,-0.5232,0.0,NO STICKER,C
ALTG,6.34,,,,-0.2704,0.0909,NO STICKER,C
CMT,23.27,1.3916,0.6958,18.0388,-0.1889,0.0,ABOVE STICKER,C
RILY,5.11,78.1947,39.0974,0.5214,-0.5454,0.3333,BELOW MOS,C
FC,18.15,,,75.625,-0.323,0.0667,NO STICKER,C
LOVE,14.21,,,50.75,-0.2616,0.4545,NO STICKER,C
RAIL,6.25,,,5.7339,-0.5805,0.0714,NO STICKER,C
XGN,8.42,,,,-0.3115,0.1818,NO STICKER,C
SCM,7.16,,,7.5368,-0.4716,0.0,NO STICKER,C
AMWL,12.7,,,,-0.105,0.0,NO STICKER,C
CZWI,21.1,,,14.4521,-0.1363,0.0833,NO STICKER,C
NNNN,4.66,,,31.7007,-0.8958,0.7143,NO STICKER,B
PRPL,1.87,,,3.8958,-0.9183,0.0,NO STICKER,C
CPSS,9.38,,,11.725,-0.1058,0.3333,NO STICKER,C
ELDN,2.48,,,,-0.4609,0.0833,NO STICKER,C
CGEN,2.13,1.84,0.92,5.6053,-0.3426,0.3333,ABOVE STICKER,C
KLTR,1.32,,,,-0.3561,0.1818,NO STICKER,C
RBKB,12.86,4.3517,2.1759,13.9783,-0.032,0.2727,ABOVE STICKER,C
CUE,27.66,,,,-0.3921,0.1818,NO STICKER,C
WHWK,3.52,,,,-0.3594,0.0714,NO STICKER,C
PDEX,62.49,59.4842,29.7421,15.1675,-0.1884,0.8667,ABOVE STICKER,A
RXST,4.81,,,,-0.6362,0.0909,NO STICKER,C
RR,1.64,,,,-0.7674,0.2857,NO STICKER,C
SLGL,71.77,,,,-0.2674,0.1429,NO STICKER,C
NCMI,2.12,,,,-0.5351,0.0667,NO STICKER,C
RICK,26.07,2.7635,1.3817,21.1951,-0.1853,0.3333,ABOVE STICKER,C
QUIK,10.85,,,,-0.554,0.0,NO STICKER,C
USBC,0.5099,,,,-0.6047,0.0,NO STICKER,C
MPAA,10.42,,,16.8065,-0.4249,0.2,NO STICKER,C
ACRE,3.55,,,,-0.3973,0.0,NO STICKER,C
ACOG,9.04,,,,-0.1085,0.0,NO STICKER,C
CHCI,18.71,10.1103,5.0551,11.4881,-0.1522,0.6364,ABOVE STICKER,C
CXDO,5.88,,,36.75,-0.4764,0.5333,NO STICKER,C
BGS,2.4,,,,-0.6238,0.0,NO STICKER,C
ESOA,10.4,,,520.0,-0.4784,0.4,NO STICKER,C
SY,2.49,,,,-0.4758,0.0,NO STICKER,C
AIRO,6.12,,,,-0.7276,0.0,NO STICKER,C
OSS,7.74,0.3061,0.153,35.1818,-0.6293,0.1818,ABOVE STICKER,C
TPVG,4.7,,,4.4762,-0.3237,0.0,NO STICKER,C
AP,9.25,,,,-0.2779,0.0,NO STICKER,C
CRNT,2.16,,,,-0.3435,0.1333,NO STICKER,C
TAYD,58.92,19.2501,9.6251,22.4885,-0.348,0.25,ABOVE STICKER,C
ZNTL,2.64,,,,-0.6201,0.0,NO STICKER,C
CBFV,37.2,,,40.4348,-0.0427,0.0833,NO STICKER,C
GPRO,1.19,,,,-0.5641,0.0,NO STICKER,C
EU,0.97,,,,-0.7679,0.0,NO STICKER,C
FIRY,12.07,,,,-0.3965,0.1818,NO STICKER,C
RDNW,4.94,,,,-0.4222,0.0667,NO STICKER,C
HLP,2.54,,,84.6667,-0.0342,0.3636,NO STICKER,C
GCTS,2.02,,,,-0.486,0.0,NO STICKER,
NVA,4.86,,,,-0.7015,0.1667,NO STICKER,C
DTIL,6.72,,,,-0.3015,0.1818,NO STICKER,C
AMPY,4.46,0.6307,0.3154,4.3301,-0.3432,0.2667,ABOVE STICKER,C
ECBK,21.12,,,22.4681,-0.0303,0.2857,NO STICKER,C
SCHW,96.7,111.776,55.888,20.7957,-0.1557,0.6,BELOW STICKER,C
GSIT,4.81,,,,-0.735,0.1333,NO STICKER,C
STRW,12.93,,,21.55,-0.1234,0.4286,NO STICKER,C
UGA,146.32,,,,-0.0465,0.0,NO STICKER,C
INTT,14.55,,,,-0.2725,0.3333,NO STICKER,C
SBFG,29.21,,,13.3379,-0.113,0.3333,NO STICKER,C
ESP,59.95,33.3131,16.6566,15.4113,-0.1982,0.5333,ABOVE STICKER,C
PEPG,2.62,,,,-0.6641,0.0,NO STICKER,C
BSET,20.95,,,29.9286,-0.0588,0.0833,NO STICKER,C
SRI,6.35,,,,-0.346,0.0,NO STICKER,C
OCG,1.84,,,,-0.9999,0.2727,NO STICKER,C
EPSN,5.95,,,,-0.1053,0.5455,NO STICKER,C
BVFL,21.24,,,14.8531,-0.0419,0.3333,NO STICKER,C
WHG,18.92,,,23.9494,-0.0978,0.0667,NO STICKER,C
MITT,5.63,,,6.2556,-0.3927,0.1667,NO STICKER,C
PED,13.47,,,,-0.2869,0.4286,NO STICKER,C
CMPX,0.993,,,,-0.8557,0.2,NO STICKER,C
FNWD,41.17,,,21.8989,-0.1031,0.0833,NO STICKER,C
VLN,1.73,,,,-0.5337,0.0909,NO STICKER,C
TONX,3.22,,,,-0.4059,0.2143,NO STICKER,C
PLTM,16.18,,,,-0.4157,0.0,NO STICKER,
CIA,3.47,,,,-0.4694,0.125,NO STICKER,C
MNSB,24.63,,,13.9943,-0.0479,0.0,NO STICKER,C
YRD,1.0,,,22.4215,-0.8371,0.3333,NO STICKER,C
IMRX,3.94,,,,-0.5354,0.1111,NO STICKER,C
ALXO,1.25,,,,-0.5301,0.0,NO STICKER,C
HNVR,24.48,,,24.48,-0.1238,0.2222,NO STICKER,C
FLWS,2.7,,,,-0.6197,0.0,NO STICKER,C
XPOF,4.95,,,,-0.4649,0.2222,NO STICKER,C
RDCM,10.29,18.3714,9.1857,14.493,-0.3853,0.5333,BELOW STICKER,C
AREC,1.59,3.16,1.58,2.5238,-0.7764,0.0714,BELOW STICKER,C
EDRY,58.72,,,,-0.1964,0.3333,NO STICKER,C
LEE,7.61,,,,-0.3594,0.0,NO STICKER,C
NUCL,5.73,,,,-0.597,0.0,NO STICKER,
PYXS,2.03,,,,-0.6342,0.0,NO STICKER,C
CMTG,1.2,,,,-0.6685,0.0,NO STICKER,C
TLIH,5.75,,,38.3333,-0.1469,1.0,NO STICKER,A
AOMR,7.26,,,4.0333,-0.2338,0.3333,NO STICKER,C
CNTN,2.11,,,,-0.6938,0.1111,NO STICKER,C
LODE,2.21,,,,-0.5562,0.1333,NO STICKER,C
JRVR,3.63,0.8668,0.4334,4.5949,-0.4958,0.0667,ABOVE STICKER,C
CURX,5.31,,,,-0.6865,0.1667,NO STICKER,C
CURI,2.8,,,,-0.451,0.2727,NO STICKER,C
ANTX,4.4,,,,-0.388,0.0,NO STICKER,C
ORGO,1.29,,,8.6,-0.8177,0.4545,NO STICKER,C
VWAV,5.74,,,,-0.9818,0.0,NO STICKER,
CHRS,1.07,,,0.7483,-0.591,0.1333,NO STICKER,C
GEMI,4.395,,,,-0.8143,0.1429,NO STICKER,C
TOYO,4.37,,,3.8673,-0.7493,0.8571,NO STICKER,A
EBMT,20.61,0.8141,0.4071,10.8474,-0.1642,0.5,ABOVE STICKER,C
INGN,6.18,,,,-0.3231,0.0,NO STICKER,C
ADAG,2.76,,,,-0.4309,0.1818,NO STICKER,C
EVGO,1.22,,,,-0.7469,0.2222,NO STICKER,C
TARA,2.755,,,,-0.6477,0.0833,NO STICKER,C
RRGB,8.61,,,,-0.2137,0.1333,NO STICKER,C
SITC,3.1,,,0.9226,-0.6536,0.2857,NO STICKER,C
ATOM,4.16,,,,-0.6636,0.0,NO STICKER,C
STIM,2.13,,,,-0.3808,0.1818,NO STICKER,C
UIS,2.22,,,,-0.5542,0.2,NO STICKER,C
LZMH,1.05,,,,-0.9857,0.1429,NO STICKER,C
NKTX,2.25,,,,-0.3952,0.0,NO STICKER,C
NXH,1.69,,,,-0.8179,0.0,NO STICKER,C
SSTK,4.35,0.3099,0.1549,3.48,-0.8525,0.3571,ABOVE STICKER,C
MRT,1.86,,,,-0.3236,0.1429,NO STICKER,C
MENS,2.1,,,,-0.9667,0.0,NO STICKER,
KRSA,33.92,,,,-0.4286,0.0,NO STICKER,C
FOCL,4.19,,,,-0.3453,0.0,NO STICKER,C
ELME,1.76,,,,-0.9005,0.0714,NO STICKER,C
SEVN,6.9,,,6.9,-0.3676,0.125,NO STICKER,C
OPRX,8.28,8.1,4.05,30.6667,-0.6279,0.4667,ABOVE STICKER,C
QTRX,3.28,,,,-0.626,0.0,NO STICKER,C
WYHG,3.08,,,19.25,-0.8823,0.0,NO STICKER,C
ABOS,2.14,,,,-0.4056,0.0,NO STICKER,C
ZCSH,32.02,,,,-0.2707,0.0,NO STICKER,
DERM,6.31,,,,-0.3396,0.1818,NO STICKER,C
CDXS,1.41,,,,-0.5268,0.0667,NO STICKER,C
SCNX,3.76,,,,-0.9422,0.2,NO STICKER,C
NEOV,2.61,,,,-0.6339,0.3636,NO STICKER,C
HTLM,1.717,,,9.5389,-0.5902,1.0,NO STICKER,A
NAKA,8.54,,,,-0.7967,0.1429,NO STICKER,C
FINW,10.99,,,9.7257,-0.4466,0.5,NO STICKER,C
NERV,3.18,,,,-0.7448,0.0,NO STICKER,C
FEAM,3.64,,,,-0.5121,0.0,NO STICKER,C
BETR,9.86,,,,-0.8936,0.1429,NO STICKER,C
SWMR,12.69,,,,-0.8477,0.0,NO STICKER,
VYGR,2.45,,,,-0.5586,0.0,NO STICKER,C
WHF,7.02,,,11.3226,-0.1046,0.1111,NO STICKER,C
GIBO,62.27,,,,-0.1965,0.0,NO STICKER,
KRRO,10.16,,,,-0.8182,0.1818,NO STICKER,C
BCBP,8.23,,,,-0.2972,0.0833,NO STICKER,C
SKYX,1.1,,,,-0.6657,0.1,NO STICKER,C
WW,14.86,,,,-0.6128,1.0,NO STICKER,
SIF,23.75,,,,-0.181,0.0667,NO STICKER,C
EML,24.59,,,21.0171,-0.1779,0.0,NO STICKER,C
VRA,5.14,,,,-0.0338,0.0,NO STICKER,C
EPM,3.67,,,,-0.2645,0.3333,NO STICKER,C
OTLK,0.599,,,,-0.764,0.0,NO STICKER,C
BAFN,5.38,,,,-0.4817,0.0,NO STICKER,C
HSDT,2.39,,,,-0.8578,0.1429,NO STICKER,C
COOK,51.6,,,,-0.4041,0.0,NO STICKER,C
MKDW,1.02,,,,-0.9212,0.1429,NO STICKER,C
LSBK,18.25,,,18.8144,-0.044,0.5,NO STICKER,C
NLOP,9.67,,,,-0.6804,0.0,NO STICKER,C
TRAK,7.86,1.4437,0.7219,20.1538,-0.5025,0.3333,ABOVE STICKER,C
SRBK,17.945,,,40.7841,-0.1434,0.1667,NO STICKER,C
GSOL,8.21,,,,-0.5125,0.0,NO STICKER,
DOUG,1.55,0.8231,0.4115,9.1176,-0.4884,0.1818,ABOVE STICKER,C
FRNM,15.78,,,,-0.0983,0.0,NO STICKER,
MRDN,11.09,,,,-0.3108,0.2667,NO STICKER,C
OCC,15.8,,,,-0.4353,0.0,NO STICKER,C
EGAN,5.32,3.2286,1.6143,16.625,-0.6665,0.2,ABOVE STICKER,C
EDHL,5.21,,,,-0.7588,0.4286,NO STICKER,C
OZ,37.07,,,,-0.4628,0.3333,NO STICKER,C
OWLT,4.73,,,,-0.7208,0.0909,NO STICKER,C
UP,3.81,,,,-0.8942,0.0,NO STICKER,C
AVXL,1.49,,,,-0.8432,0.1667,NO STICKER,C
CTW,2.3,,,38.3333,-0.2675,0.5714,NO STICKER,C
FGBI,8.34,,,,-0.2429,0.0,NO STICKER,C
KRMD,2.96,,,,-0.5521,0.2,NO STICKER,C
HURC,21.0,,,,-0.1425,0.0,NO STICKER,C
HYNE,16.79,,,559.6667,-0.0042,0.0,NO STICKER,
DFDV,4.51,,,,-0.7223,0.2857,NO STICKER,C
TUSK,2.82,,,28.2,-0.2806,0.0,NO STICKER,C
AGPU,11.68,,,,-0.1945,0.2,NO STICKER,C
CAAS,4.48,,,3.1549,-0.2057,1.0,NO STICKER,A
MYND,0.2923,,,,-0.6499,0.0667,NO STICKER,C
DLTH,3.9,,,,-0.2338,0.0,NO STICKER,C
ARMP,3.63,,,,-0.7778,0.0,NO STICKER,C
ICG,1.11,,,,-0.5132,0.0,NO STICKER,C
RDGT,1.01,,,,-0.9987,0.2727,NO STICKER,C
TLYS,4.46,,,,-0.2864,0.0,NO STICKER,C
CLAR,3.495,,,,-0.1219,0.0,NO STICKER,C
JELD,1.54,,,,-0.687,0.0,NO STICKER,C
DVLT,0.1405,,,,-0.9657,0.2727,NO STICKER,C
HCAT,1.77,,,,-0.5104,0.0909,NO STICKER,C
HOFT,12.43,,,,-0.3129,0.0,NO STICKER,C
GLNK,11.28,,,,-0.6402,0.0,NO STICKER,
DLNG,3.6,2.4804,1.2402,2.6087,-0.191,0.2,ABOVE STICKER,C
LGCY,10.23,,,15.5,-0.3041,0.8571,NO STICKER,A
EP,3.15,,,,-0.2279,0.0769,NO STICKER,C
TNYA,0.5803,,,,-0.7362,0.1111,NO STICKER,C
MED,11.61,,,,-0.1463,0.1333,NO STICKER,C
LUCD,0.638,,,,-0.6083,0.1,NO STICKER,C
SHIM,3.13,,,,-0.5372,0.0,NO STICKER,C
WTF,2.67,,,,-0.5782,0.2857,NO STICKER,C
HUCK,3.13,,,,-0.7817,0.0,NO STICKER,C
SAFX,0.312,,,1.8,-0.7636,0.0,NO STICKER,
DIBS,3.78,,,,-0.4294,0.0,NO STICKER,C
LFMD,2.63,3.24,1.62,10.52,-0.5972,0.2857,BELOW STICKER,C
SPRB,44.05,,,,-0.766,0.1,NO STICKER,C
MRLN,1.25,,,,-0.9265,0.0,NO STICKER,
ENHA,1.25,,,,-0.8771,0.0,NO STICKER,
MPU,2.745,,,,-0.2925,0.0,NO STICKER,C
TNXP,7.3,,,,-0.6472,0.2308,NO STICKER,C
HURA,1.96,,,,-0.4286,0.0769,NO STICKER,C
ONL,2.17,,,,-0.2885,0.0909,NO STICKER,C
BRCB,7.25,,,,-0.7262,0.2,NO STICKER,
NRXP,2.85,,,,-0.4362,0.0,NO STICKER,C
BOTJ,26.94,12.9611,6.4806,13.5377,-0.0957,0.7143,ABOVE STICKER,B
MGYR,18.96,21.7641,10.8821,12.1538,-0.052,0.5,BELOW STICKER,C
ACNT,13.55,,,150.5556,-0.2439,0.0,NO STICKER,C
ZJK,1.91,,,11.9375,-0.5284,1.0,NO STICKER,A
AIFU,12.02,,,,-0.8917,0.1667,NO STICKER,C
SEER,2.19,,,,-0.0913,0.2857,NO STICKER,C
RVSB,5.97,,,,-0.0402,0.0833,NO STICKER,C
WSBK,12.91,,,26.3469,-0.0355,0.1667,NO STICKER,C
TISI,26.16,,,,-0.1153,0.0,NO STICKER,C
DOYU,3.97,,,,-0.4524,0.0,NO STICKER,C
AMTX,1.66,,,,-0.5632,0.0,NO STICKER,C
FRSX,0.8502,,,,-0.8931,0.0,NO STICKER,C
KVHI,6.59,,,,-0.4931,0.0667,NO STICKER,C
GHI,5.07,,,,-0.5,0.2222,NO STICKER,C
NRSN,3.66,,,,-0.8626,0.0,NO STICKER,
DBE,37.77,,,,-0.0315,0.0,NO STICKER,C
INO,1.15,,,,-0.5772,0.0,NO STICKER,C
SMID,22.4,43.6377,21.8189,9.4915,-0.4686,1.0,BUY*,A
FHTX,2.0,,,,-0.7372,0.2,NO STICKER,C
AKA,10.755,,,,-0.3434,0.1818,NO STICKER,C
ABLV,2.39,,,119.5,-0.1658,0.2857,NO STICKER,C
PLBY,0.9827,,,,-0.6427,0.0,NO STICKER,C
AIRS,1.62,,,,-0.865,0.1111,NO STICKER,C
CVGI,2.87,,,,-0.5119,0.0,NO STICKER,C
BOOM,5.66,,,,-0.3848,0.3333,NO STICKER,C
BANL,4.225,,,,-0.7423,0.2857,NO STICKER,C
COYA,4.95,,,,-0.3613,0.1429,NO STICKER,C
ENGN,1.73,,,0.7555,-0.8588,0.1667,NO STICKER,C
BSBK,9.08,,,53.4118,-0.0492,0.0,NO STICKER,C
GNLX,2.56,,,,-0.7001,0.0,NO STICKER,C
CODA,10.25,1.1919,0.5959,27.7027,-0.4068,0.5455,ABOVE STICKER,C
LENZ,3.645,,,,-0.9152,0.0,NO STICKER,C
UNCY,4.11,,,,-0.5297,0.1111,NO STICKER,C
RTB,8.145,,,,-0.6075,0.0667,NO STICKER,C
MX,3.12,,,,-0.6836,0.0,NO STICKER,C
KULR,2.46,,,,-0.5535,0.3636,NO STICKER,C
PROV,18.26,0.6184,0.3092,17.7282,-0.0384,0.1667,ABOVE STICKER,C
QUCY,1.35,,,,-0.7262,0.0,NO STICKER,C
UNB,22.9,,,9.5021,-0.1329,0.5,NO STICKER,C
UFI,6.09,,,,-0.281,0.0,NO STICKER,C
VANI,1.25,,,,-0.349,0.0,NO STICKER,C
BEEP,2.73,,,,-0.2778,0.0,NO STICKER,C
HUMA,0.4053,,,,-0.7861,0.0,NO STICKER,C
AIXI,2.03,,,,-0.9946,0.125,NO STICKER,C
IMUX,8.19,,,,-0.5301,0.0,NO STICKER,C
SOTK,7.08,1.4249,0.7124,64.3636,-0.0535,0.4667,ABOVE STICKER,C
STXS,1.11,,,,-0.6531,0.1333,NO STICKER,C
AXR,20.72,5.6862,2.8431,10.8482,-0.2858,0.2,ABOVE STICKER,C
IMDX,3.37,,,,-0.604,0.1429,NO STICKER,C
PDC,3.25,,,,-0.6319,0.25,NO STICKER,C
SSTI,8.36,,,,-0.2963,0.2,NO STICKER,C
APYX,2.59,,,,-0.4902,0.0667,NO STICKER,C
SFBC,42.46,,,15.3285,-0.1372,0.1667,NO STICKER,C
NXXT,0.644,,,,-0.9768,0.2,NO STICKER,C
NINE,7.74,,,,-0.415,0.0909,NO STICKER,C
SUIG,1.4,,,,-0.6277,0.3,NO STICKER,C
HMR,1.835,,,,-0.0893,0.5714,NO STICKER,C
AMBO,1.85,,,78.3898,-0.6769,0.1538,NO STICKER,C
UDN,17.77,,,,-0.0573,0.0,NO STICKER,C
OPHC,8.7,3.4921,1.746,12.2535,-0.1854,0.5833,ABOVE STICKER,C
BYRN,4.52,12.0,6.0,11.3,-0.8372,0.4667,BELOW MOS,C
TANH,17.01,,,,-0.8151,0.0,NO STICKER,C
SUPX,7.01,,,,-0.8999,0.2857,NO STICKER,C
OESX,25.83,,,,-0.1839,0.0667,NO STICKER,C
CPIX,7.03,,,,-0.2425,0.1333,NO STICKER,C
PNBK,0.881,,,,-0.5595,0.0833,NO STICKER,C
DH,0.98,,,,-0.6859,0.2222,NO STICKER,C
ANNA,2.57,,,64.25,-0.7585,0.2857,NO STICKER,C
ULBI,6.26,,,,-0.2412,0.1333,NO STICKER,C
EGG,4.03,,,201.5,-0.6917,0.5714,NO STICKER,C
MXCT,1.01,,,,-0.4584,0.0909,NO STICKER,C
AARD,4.76,,,,-0.7133,0.0,NO STICKER,C
CRBP,5.38,,,,-0.7383,0.0,NO STICKER,C
HOVR,1.55,,,,-0.6292,0.0,NO STICKER,
FTFT,3.2,,,,-0.9789,0.2667,NO STICKER,C
BMEA,1.42,,,,-0.3652,0.0,NO STICKER,C
HOST,3.17,,,,-0.8828,0.2857,NO STICKER,C
GSIW,10.23,,,7.413,-0.7564,0.4286,NO STICKER,C
TCX,9.14,,,,-0.6369,0.0,NO STICKER,C
SKK,5.45,,,,-0.6964,0.4286,NO STICKER,C
VIRC,6.48,,,40.5,-0.1485,0.2,NO STICKER,C
GCL,0.7914,,,,-0.6687,0.1429,NO STICKER,C
SLNG,5.44,,,,-0.2306,0.2,NO STICKER,C
UCL,0.2667,,,13.335,-0.8986,0.2727,NO STICKER,C
ANIX,2.9,,,,-0.4689,0.1667,NO STICKER,C
PAL,3.58,,,,-0.6737,0.0,NO STICKER,
STHO,8.31,,,,-0.164,0.0,NO STICKER,C
WALD,0.8794,,,,-0.7269,0.0909,NO STICKER,C
FXA,69.15,,,93.4459,-0.0399,0.1111,NO STICKER,C
PZG,1.16,,,,-0.572,0.0,NO STICKER,C
PLYX,2.0,,,,-0.9591,0.0,NO STICKER,C
JYNT,7.04,,,37.0526,-0.3402,0.0667,NO STICKER,C
LAKE,9.955,,,,-0.4382,0.0667,NO STICKER,C
INSE,3.75,,,,-0.6231,0.1333,NO STICKER,C
CSTE,2.85,,,,-0.2578,0.0,NO STICKER,C
VATE,7.22,,,,-0.661,0.2857,NO STICKER,C
BYFC,11.44,,,,-0.0737,0.2143,NO STICKER,C
RGP,2.83,,,,-0.473,0.0,NO STICKER,C
KEQU,33.79,24.9528,12.4764,10.4938,-0.2744,0.5333,ABOVE STICKER,C
OKUR,2.41,,,,-0.552,0.0,NO STICKER,C
SERA,2.04,,,,-0.4835,0.0909,NO STICKER,C
NPWR,1.23,,,,-0.7635,0.0,NO STICKER,C
RDZN,1.13,,,,-0.5586,0.25,NO STICKER,
CTNT,2.64,,,,-1.0,0.1429,NO STICKER,C
BUDA,7.6,,,38.0,-0.3667,0.7143,NO STICKER,B
CHMI,2.58,,,,-0.1342,0.0,NO STICKER,C
EPOW,3.28,,,,-0.907,0.0909,NO STICKER,C
MIST,0.765,,,,-0.75,0.0,NO STICKER,C
ATRA,9.48,,,3.6887,-0.5048,0.0,NO STICKER,C
TORO,4.41,,,55.125,-0.4812,0.0,NO STICKER,C
AUC,9.19,,,,-0.1553,0.0,NO STICKER,C
SDHC,10.15,,,8.5294,-0.5679,0.5714,NO STICKER,C
FNWB,9.83,,,,-0.2149,0.0,NO STICKER,C
ALP,3.97,,,0.7192,-0.9898,0.6667,NO STICKER,C
SIEB,2.26,0.2258,0.1129,17.3846,-0.4541,0.3333,ABOVE STICKER,C
AUBN,26.54,,,12.7596,-0.081,0.2308,NO STICKER,C
PYPD,5.07,,,2.4258,-0.1152,0.2222,NO STICKER,C
BWEN,3.87,,,16.8261,-0.3211,0.2,NO STICKER,C
CEPL,4.36,,,,-0.6464,0.0714,NO STICKER,C
FDSB,17.32,,,21.65,-0.0734,0.0,NO STICKER,C
RLYB,17.02,,,,-0.0315,0.1,NO STICKER,C
UPXI,1.1,,,,-0.8353,0.1,NO STICKER,C
FUSB,16.4,4.0786,2.0393,16.4,-0.0347,0.2308,ABOVE STICKER,C
SRG,1.6,,,,-0.6347,0.0,NO STICKER,C
SAMG,10.23,,,18.2679,-0.367,0.2,NO STICKER,C
ORIQ,10.41,,,,-0.0038,1.0,NO STICKER,
JLHL,4.39,,,24.3889,-0.9242,1.0,NO STICKER,
FLNT,2.83,,,,-0.3697,0.0667,NO STICKER,C
EQ,1.41,,,,-0.6017,0.0,NO STICKER,C
NMRA,0.4757,,,,-0.8697,0.0,NO STICKER,C
ICCC,9.8,,,,-0.1901,0.2667,NO STICKER,C
MWC,1.58,,,8.7778,-0.8867,1.0,NO STICKER,
ARQ,2.03,,,,-0.7246,0.1333,NO STICKER,C
KAZR,2.16,,,,-0.5592,0.4286,NO STICKER,C
GRWG,1.5,,,,-0.375,0.1333,NO STICKER,C
MAAS,11.56,,,,-0.5357,0.1429,NO STICKER,C
ISPR,1.52,,,,-0.6072,0.0,NO STICKER,C
USGO,6.23,,,,-0.6535,0.1667,NO STICKER,C
AEYE,6.93,,,,-0.5772,0.2667,NO STICKER,C
ECOR,9.66,,,,-0.2394,0.1818,NO STICKER,C
NRXS,6.93,,,,-0.2572,0.2857,NO STICKER,C
BDL,46.79,23.2322,11.6161,17.2657,-0.1023,0.3333,ABOVE STICKER,C
GLOO,3.825,,,,-0.6167,0.1429,NO STICKER,C
PFX,44.945,,,21.818,-0.2042,0.0,NO STICKER,C
FTLF,9.21,,,46.05,-0.5572,0.2,NO STICKER,C
MGLD,2.02,,,,-0.0472,0.0,NO STICKER,C
LSE,5.168,,,64.6,-0.2596,0.2857,NO STICKER,C
PMN,9.61,,,,-0.6493,0.0,NO STICKER,
LGL,6.83,,,124.1818,-0.1332,0.0667,NO STICKER,C
BCIC,6.93,,,6.6635,-0.4867,0.1111,NO STICKER,C
EMPD,3.05,,,,-0.6115,0.1429,NO STICKER,C
AMPG,2.84,,,,-0.7191,0.3333,NO STICKER,C
HFFG,1.58,,,,-0.4327,0.1818,NO STICKER,C
NDLS,14.22,,,,-0.2516,0.0,NO STICKER,C
QXL,3.93,,,1.7237,-0.4896,0.1667,NO STICKER,C
UBCP,14.66,2.0299,1.0149,10.9403,-0.1546,0.4167,ABOVE STICKER,C
CRDF,1.08,,,,-0.6737,0.1333,NO STICKER,C
RPT,10.78,,,,-0.3991,0.0,NO STICKER,C
CPBI,20.0,,,19.0476,-0.084,0.1667,NO STICKER,C
CGTX,0.8769,,,,-0.5615,0.1111,NO STICKER,C
AISP,2.42,,,3.1842,-0.602,0.0,NO STICKER,
LUD,3.67,,,122.3333,-0.8483,0.4286,NO STICKER,C
BHR,1.21,,,,-0.6207,0.1333,NO STICKER,C
SPAI,4.06,,,,-0.5514,0.1429,NO STICKER,C
MAYS,40.95,,,,-0.3394,0.0714,NO STICKER,C
AIRT,30.55,131.2751,65.6376,1.0589,-0.1271,0.2667,BELOW MOS,C
LEXX,3.32,,,,-0.8463,0.2,NO STICKER,C
ZYBT,1.73,,,,-0.784,0.0,NO STICKER,C
ACRV,1.91,,,,-0.4635,0.0,NO STICKER,C
MDIA,1.03,,,,-0.372,0.1818,NO STICKER,C
CHGG,0.7362,,,,-0.5281,0.0,NO STICKER,C
CPHC,15.7,,,,-0.0748,0.2,NO STICKER,C
CGTL,3.45,,,,-0.9641,0.4286,NO STICKER,C
PMVP,1.52,,,,-0.2042,0.0,NO STICKER,C
PXS,7.79,,,41.0,-0.0614,0.1429,NO STICKER,C
FSEA,17.25,,,,0.0,0.1667,NO STICKER,C
NTRB,6.65,,,,-0.276,0.0909,NO STICKER,C
ZSTK,4.62,,,,-0.7741,0.1429,NO STICKER,C
HNNA,10.19,1.3868,0.6934,8.0236,-0.0753,0.3333,ABOVE STICKER,C
ICCM,1.1,,,4.5833,-0.9592,0.0,NO STICKER,C
DWSN,2.59,,,,-0.6701,0.0,NO STICKER,C
EARN,3.41,,,12.1786,-0.4038,0.0,NO STICKER,C
LNZA,6.13,,,,-0.8607,0.1667,NO STICKER,C
NXL,3.63,,,,-0.9284,0.2857,NO STICKER,C
ZVIA,1.21,,,,-0.5647,0.0,NO STICKER,C
MMLP,2.04,,,,-0.3704,0.0,NO STICKER,C
WRAP,1.42,,,,-0.5604,0.0909,NO STICKER,C
JEM,3.61,,,,-0.9733,0.0,NO STICKER,
USIO,2.78,,,,-0.0915,0.1333,NO STICKER,C
SUNS,5.85,,,6.2903,-0.4402,0.4286,NO STICKER,C
LUNG,1.84,,,,-0.3633,0.0909,NO STICKER,C
PTHS,20.5,,,,-0.4533,0.0,NO STICKER,C
PSIG,5.1,,,,-0.575,0.0,NO STICKER,C
LNSR,6.37,,,,-0.5077,0.1,NO STICKER,C
SKYA,1.82,,,,-0.7036,0.0,NO STICKER,C
JRSH,6.15,,,22.7778,-0.0065,0.3636,NO STICKER,C
CTOR,0.84,,,,-0.6267,0.0,NO STICKER,C
LINK,4.95,,,,-0.3949,0.0667,NO STICKER,C
SDEV,1.54,,,,-0.9846,0.0,NO STICKER,C
TTEC,1.58,,,,-0.604,0.0,NO STICKER,C
OBTC,26.33,,,,-0.2449,0.0,NO STICKER,
FSI,6.05,,,100.8333,-0.3883,0.2667,NO STICKER,C
PDSB,1.38,,,,-0.1097,0.0,NO STICKER,C
HRTX,0.4061,,,,-0.743,0.0714,NO STICKER,C
TELO,1.12,,,,-0.36,0.1667,NO STICKER,C
BSIN,1.46,,,,-0.1257,0.2143,NO STICKER,C
FXB,127.254,92.4,46.2,41.3162,-0.044,0.2222,ABOVE STICKER,C
OM,4.05,,,,-0.7459,0.1818,NO STICKER,C
HYPR,0.9307,,,,-0.5808,0.0909,NO STICKER,C
EEIQ,4.91,,,,-0.6134,0.0909,NO STICKER,C
GXRP,26.75,,,,-0.4249,0.0,NO STICKER,
APUS,5.02,,,,-0.9159,0.0,NO STICKER,C
FXC,68.49,4.3915,2.1957,207.5455,-0.0549,0.1111,ABOVE STICKER,C
VENU,1.34,,,,-0.904,0.1429,NO STICKER,C
INSG,4.58,,,,-0.7909,0.0,NO STICKER,C
LFVN,6.0,,,15.0,-0.4876,0.2667,NO STICKER,C
NSTS,14.26,,,,-0.0014,0.0,NO STICKER,C
MNOV,1.52,,,,-0.6103,0.0,NO STICKER,C
OSTX,1.62,,,,-0.28,0.0,NO STICKER,
ASRV,4.39,0.5861,0.2931,12.9118,-0.184,0.2143,ABOVE STICKER,C
MAIA,1.22,,,,-0.6176,0.0,NO STICKER,C
CSPI,7.36,,,,-0.5093,0.0667,NO STICKER,C
ATGL,4.51,,,,-0.9098,0.0,NO STICKER,C
ROC,3.88,,,,-0.5026,0.1667,NO STICKER,C
RGS,29.45,14.5376,7.2688,12.2199,-0.0651,0.0667,ABOVE STICKER,C
FATN,5.19,,,14.8286,-0.397,0.8571,NO STICKER,B
HFBL,24.16,11.5243,5.7621,11.9604,-0.1371,0.3571,ABOVE STICKER,C
TGEN,2.42,,,,-0.7995,0.1333,NO STICKER,C
NTIC,7.69,,,,-0.2333,0.1333,NO STICKER,C
NMAD,4.53,,,,-0.4594,0.1667,NO STICKER,C
WYY,7.29,,,,-0.7,0.1333,NO STICKER,C
SRFM,0.9458,,,,-0.8383,0.0,NO STICKER,
GLE,4.1,,,,-0.6239,0.1429,NO STICKER,C
ETS,1.49,,,,-0.4582,0.2,NO STICKER,
BARK,8.02,,,,-0.6144,0.0,NO STICKER,C
DTI,2.05,,,,-0.5629,0.4286,NO STICKER,C
NTHI,2.78,,,,-0.7701,0.0,NO STICKER,
SLSN,1.02,,,51.0,-0.745,0.4,NO STICKER,C
MBOT,1.07,,,,-0.648,0.0833,NO STICKER,C
MNTS,3.27,,,,-0.9051,0.0909,NO STICKER,C
SKIN,0.55,,,,-0.6839,0.2727,NO STICKER,C
GANX,1.64,,,,-0.6221,0.1111,NO STICKER,C
CING,4.89,,,,-0.5887,0.0,NO STICKER,C
ONCY,0.557,,,,-0.578,0.0,NO STICKER,
CBUS,1.55,,,,-0.6302,0.0667,NO STICKER,C
NTWK,5.93,0.7726,0.3863,23.72,-0.0705,0.2667,ABOVE STICKER,C
HUHU,2.94,,,,-0.759,0.1429,NO STICKER,C
FJET,1.6,,,,-0.9492,0.0,NO STICKER,C
VRCA,4.11,,,,-0.5815,0.1,NO STICKER,C
OPXS,10.11,10.3362,5.1681,13.6622,-0.4307,0.8,BELOW STICKER,A
YDDL,1.34,,,5.945,-0.9174,0.8571,NO STICKER,A
TENX,1.87,,,,-0.9036,0.1,NO STICKER,C
SPRO,1.2,1.3601,0.6801,8.0,-0.6104,0.2857,BELOW STICKER,C
XBIT,2.29,,,,-0.3343,0.0,NO STICKER,C
IOR,17.15,3.2143,1.6071,17.5,-0.2042,0.0833,ABOVE STICKER,C
PRTS,8.64,,,,-0.2131,0.0,NO STICKER,C
PUSA,2.585,,,,-0.6867,0.1429,NO STICKER,C
TSQ,4.3,,,,-0.4605,0.0,NO STICKER,C
INTG,32.17,,,45.3099,-0.3813,0.1429,NO STICKER,C
GOAI,1.76,,,6.7692,-0.9022,0.4286,NO STICKER,C
UEIC,5.36,,,,-0.1052,0.0667,NO STICKER,C
ATLX,2.29,,,,-0.7224,0.1538,NO STICKER,C
AFCG,3.03,,,,-0.2109,0.0,NO STICKER,C
CPSH,3.54,,,118.0,-0.754,0.2,NO STICKER,C
RNTX,0.794,,,,-0.6358,0.0,NO STICKER,C
ASPS,5.99,,,39.9333,-0.5392,0.0,NO STICKER,C
TYGO,0.889,,,,-0.8331,0.25,NO STICKER,C
CVU,5.14,,,,-0.1405,0.1333,NO STICKER,C
CLST,16.8,,,30.0,-0.1805,0.1429,NO STICKER,C
BTCS,1.29,,,,-0.7495,0.2857,NO STICKER,C
RSSS,2.0,2.7,1.35,22.2222,-0.4413,0.4,BELOW STICKER,C
ARBE,0.55,,,,-0.7985,0.2727,NO STICKER,C
BLNK,0.4651,,,,-0.8029,0.1333,NO STICKER,C
CSBR,4.84,,,,-0.4176,0.0714,NO STICKER,C
QTEX,1.87,,,,-0.5143,0.0,NO STICKER,C
GEG,2.16,,,,-0.2367,0.0909,NO STICKER,C
WFCF,13.484,1.9281,0.9641,44.9467,-0.3912,0.2,ABOVE STICKER,C
DTCX,1.67,,,,-0.7047,0.2,NO STICKER,C
CITR,2.95,,,,-0.7155,0.2,NO STICKER,C
GENI,6.65,,,,-0.4633,0.3636,NO STICKER,C
ZONE,0.1305,,,,-0.9367,0.2,NO STICKER,
MF,9.09,,,,-0.8911,0.1429,NO STICKER,C
INVZ,0.3079,,,,-0.8788,0.0909,NO STICKER,C
KBSX,1.46,,,,-0.1844,0.1429,NO STICKER,C
ITOC,4.065,,,,-0.7791,0.1429,NO STICKER,C
PODC,2.15,,,,-0.5865,0.1429,NO STICKER,C
PSHG,1.66,1.1158,0.5579,1.2969,-0.3566,0.5333,ABOVE STICKER,C
PN,2.465,,,,-0.9384,0.4286,NO STICKER,C
TKLF,1.51,,,75.5,-0.5984,0.1818,NO STICKER,C
DIT,65.13,,,70.7935,-0.3187,0.2,NO STICKER,C
COPR,3.37,,,,-0.2071,0.0,NO STICKER,C
CABO,11.14,,,,-0.9339,0.0667,NO STICKER,C
SLQT,0.3579,,,,-0.8388,0.0909,NO STICKER,C
PLRX,1.02,,,,-0.4769,0.0,NO STICKER,C
HOUR,1.79,,,35.8,-0.4371,0.6364,NO STICKER,C
AMCI,2.78,,,,-0.8259,0.0,NO STICKER,C
THRY,1.41,,,141.0,-0.8878,0.0,NO STICKER,C
WATT,11.33,,,,-0.6936,0.1333,NO STICKER,C
DLHC,4.31,,,47.8889,-0.4679,0.3571,NO STICKER,C
GNSS,1.37,,,,-0.4453,0.0667,NO STICKER,C
WFF,12.29,,,,-0.3678,0.5714,NO STICKER,C
MSGY,3.63,,,6.4821,-0.9313,0.5714,NO STICKER,C
ASST,27.8,,,,-0.232,0.2857,NO STICKER,C
SCOR,4.03,8.45,4.225,2.8447,-0.5685,0.2667,BELOW MOS,C
AIFC,0.436,,,,-0.8443,0.2667,NO STICKER,C
GAUZ,4.7,,,,-0.9668,0.1429,NO STICKER,C
GEOS,4.68,,,,-0.8434,0.0,NO STICKER,C
ENLV,0.254,15.15,7.575,0.0498,-0.9906,0.25,BELOW MOS,C
SKYE,1.69,,,,-0.8757,0.0833,NO STICKER,C
YIBO,1.05,,,,-0.4231,0.2857,NO STICKER,C
RENT,1.77,5.97,2.985,2.8245,-0.8253,0.0909,BELOW MOS,C
SORA,2.4,,,4.7895,-0.5987,0.1429,NO STICKER,C
MGN,3.67,,,367.0,-0.9994,0.0,NO STICKER,
APT,5.84,,,17.697,-0.2213,0.2,NO STICKER,C
FBIO,2.135,,,,-0.5287,0.1333,NO STICKER,C
SPWR,0.2845,,,,-0.8747,0.1818,NO STICKER,C
IPWR,3.61,,,,-0.6118,0.0,NO STICKER,C
FRMM,4.48,,,,-0.8167,0.1111,NO STICKER,C
CTM,0.623,,,,-0.5419,0.2727,NO STICKER,C
TRT,5.67,,,,-0.7348,0.4,NO STICKER,C
OPNW,4.47,,,,-0.7708,0.1333,NO STICKER,C
ANTA,2.37,,,3.16,-0.8121,0.5714,NO STICKER,C
INVE,2.42,,,,-0.5434,0.1333,NO STICKER,C
WWR,0.4552,,,,-0.8786,0.0,NO STICKER,C
BATL,1.01,,,,-0.966,0.1333,NO STICKER,C
LFS,2.21,,,20.0909,-0.8231,1.0,NO STICKER,
RNXT,1.28,,,,-0.5058,0.1,NO STICKER,C
TPCS,5.75,,,,-0.0887,0.1333,NO STICKER,C
BOLD,2.53,,,,-0.2004,0.0,NO STICKER,C
STEX,0.4909,,,,-0.9245,0.0833,NO STICKER,C
DRIO,5.8,,,0.5731,-0.6485,0.1333,NO STICKER,C
MYO,1.43,,,,-0.2414,0.1818,NO STICKER,C
KLRS,2.36,,,,-0.8013,0.0,NO STICKER,C
TLPH,1.08,,,,-0.3121,0.0667,NO STICKER,C
IBIO,0.871,,,,-0.772,0.1333,NO STICKER,C
SELF,4.9,1.1341,0.567,27.2222,-0.1478,0.1818,ABOVE STICKER,C
SKIL,6.11,,,,-0.6688,0.0,NO STICKER,C
VERI,0.553,,,,-0.9413,0.0909,NO STICKER,C
ELOX,13.74,,,,-0.4128,0.0,NO STICKER,C
ALDX,0.9163,,,,-0.8455,0.0,NO STICKER,C
PEW,1.86,,,,-0.6409,0.4286,NO STICKER,C
OMH,2.465,,,,-0.9775,0.1667,NO STICKER,C
CNTB,0.87,,,,-0.7723,0.0,NO STICKER,C
INKT,10.72,,,,-0.3667,0.0,NO STICKER,C
LONA,5.75,,,,-0.5954,0.0,NO STICKER,C
XPL,0.57,,,,-0.4184,0.0,NO STICKER,C
DCX,2.727,,,,-0.9999,0.0,NO STICKER,C
TEAD,0.5437,,,,-0.7013,0.1818,NO STICKER,C
TZOO,5.22,,,12.7317,-0.5787,0.1538,NO STICKER,C
USL,59.0596,,,,-0.0042,0.0,NO STICKER,C
SGA,8.36,,,,-0.3564,0.0,NO STICKER,C
MDAI,1.65,,,,-0.4444,0.0,NO STICKER,C
AIOS,11.45,,,,-0.8634,0.0667,NO STICKER,C
BOF,3.46,,,,-0.341,0.2857,NO STICKER,C
AIRG,4.04,,,,-0.4724,0.0,NO STICKER,C
HYPD,3.4,,,,-0.6276,0.1818,NO STICKER,C
ALGS,5.34,,,,-0.6099,0.0,NO STICKER,C
YARW,19.71,,,,-0.5802,0.0714,NO STICKER,C
DOMH,2.17,,,,-0.6599,0.1429,NO STICKER,C
ACET,5.61,,,,-0.6783,0.0,NO STICKER,C
INMB,1.89,,,,-0.2731,0.1818,NO STICKER,C
XLO,9.05,,,,-0.2809,0.2,NO STICKER,C
ELTK,7.677,,,63.975,-0.3376,0.3333,NO STICKER,C
ANVS,1.21,,,,-0.78,0.0,NO STICKER,C
FTEK,1.65,,,,-0.5217,0.0,NO STICKER,C
PAAI,1.08,1.0663,0.5332,0.4122,-0.8185,0.1429,ABOVE STICKER,C
IPDN,3.53,,,,-0.5416,0.0667,NO STICKER,C
UAVS,0.8093,,,,-0.6887,0.1429,NO STICKER,C
SER,2.0,,,,-0.6219,0.1,NO STICKER,C
COCH,0.6578,,,,-0.3239,0.0,NO STICKER,
BGSF,4.75,,,,-0.2963,0.0,NO STICKER,C
CELU,1.56,,,,-0.3882,0.1,NO STICKER,C
OPAL,1.73,,,11.5333,-0.3972,0.4286,NO STICKER,C
CLPR,3.13,,,,-0.2755,0.0,NO STICKER,C
HAIN,0.5535,,,,-0.6625,0.0667,NO STICKER,C
KNDI,0.609,,,,-0.5279,0.0,NO STICKER,C
NXB,2.0,,,,-0.4872,0.5714,NO STICKER,C
POCI,4.58,,,,-0.2553,0.4,NO STICKER,C
BRID,5.51,,,,-0.3608,0.1333,NO STICKER,C
TELA,1.11,,,,-0.2885,0.1818,NO STICKER,C
FBDT,0.893,,,,-0.9256,0.1429,NO STICKER,C
ELTX,1.89,,,,-0.8819,0.0,NO STICKER,C
CLNN,3.86,,,,-0.7141,0.0,NO STICKER,C
CRBU,0.4602,,,,-0.8698,0.0909,NO STICKER,C
PROP,0.4353,,,,-0.8293,0.4667,NO STICKER,C
ROLR,4.45,,,13.4848,-0.8679,0.1429,NO STICKER,C
MATH,1.04,,,,-0.7087,0.2727,NO STICKER,C
SPCB,9.11,17.9766,8.9883,12.1467,-0.2922,0.3333,BELOW STICKER,C
TCBS,17.0,,,17.0,-0.15,0.0,NO STICKER,C
CSAI,2.59,,,,-0.9625,0.1429,NO STICKER,C
EXOZ,5.25,,,,-0.7147,0.0,NO STICKER,C
CRVO,3.22,,,,-0.678,0.0,NO STICKER,C
BRTX,1.91,,,,-0.9445,0.0667,NO STICKER,C
SRTS,2.95,,,,-0.4627,0.2667,NO STICKER,C
VHC,11.5,,,,-0.6034,0.2143,NO STICKER,C
VRM,9.31,,,,-0.6645,0.1111,NO STICKER,C
STI,5.69,,,,-0.8763,0.0,NO STICKER,
NCEW,16.8,,,,-0.1936,0.0,NO STICKER,C
LIDR,1.04,,,,-0.7127,0.1818,NO STICKER,C
SNWV,5.62,12.3,6.15,13.7073,-0.8457,0.4667,BELOW MOS,C
NPT,2.41,,,,-0.8923,0.1429,NO STICKER,C
DSWL,3.03,2.1465,1.0733,4.5224,-0.2537,0.1333,ABOVE STICKER,C
IMA,4.24,,,,-0.5341,0.0,NO STICKER,C
HOWL,0.98,,,,-0.4645,0.0,NO STICKER,C
DWTX,1.4,,,,-0.8012,0.0,NO STICKER,C
STKS,1.5,,,,-0.4845,0.3333,NO STICKER,C
YHNA,11.09,,,,-0.0758,0.0,NO STICKER,
VBIO,2.14,,,,-0.972,0.1667,NO STICKER,C
SYPR,2.06,,,,-0.5654,0.0,NO STICKER,C
AVD,1.6,,,,-0.7117,0.0,NO STICKER,C
RFL,1.6,,,,-0.596,0.0909,NO STICKER,C
SAIH,25.61,,,,-0.2239,0.2,NO STICKER,C
FBGL,3.48,,,,-0.7514,0.2857,NO STICKER,C
ACFN,18.69,17.72,8.86,18.8788,-0.3091,0.4667,ABOVE STICKER,C
MKTW,19.25,,,8.3333,-0.1568,0.0,NO STICKER,C
SEV,1.64,,,,-0.9269,0.0,NO STICKER,C
CULP,3.67,,,,-0.1734,0.0,NO STICKER,C
KFFB,5.75,,,287.5,-0.1099,0.0,NO STICKER,C
REKR,0.3372,,,,-0.9014,0.0909,NO STICKER,C
CATO,2.47,,,,-0.4619,0.0,NO STICKER,C
TACT,4.49,,,,-0.2542,0.2,NO STICKER,C
IDN,2.28,1.6101,0.805,38.0,-0.7489,0.2667,ABOVE STICKER,C
RYM,21.1,,,,-0.6067,0.0909,NO STICKER,C
CAST,1.16,,,,-0.9648,0.1429,NO STICKER,C
TIL,6.74,,,,-0.6908,0.0,NO STICKER,C
XOS,3.21,,,,-0.6119,0.0909,NO STICKER,C
MBBC,15.095,0.2142,0.1071,22.8712,-0.044,0.3333,ABOVE STICKER,C
SOWG,2.24,,,,-0.8591,0.0,NO STICKER,C
BZFD,1.19,,,,-0.4615,0.0,NO STICKER,C
SCWO,2.537,,,,-0.6617,0.1333,NO STICKER,C
CLGN,3.51,,,,-0.869,0.0909,NO STICKER,C
CNVS,1.91,,,,-0.4448,0.0667,NO STICKER,C
LNAI,1.23,,,,-0.9074,0.0,NO STICKER,C
GROV,1.04,,,,-0.3376,0.0,NO STICKER,C
WOK,1.53,,,,-1.0,0.0,NO STICKER,C
FLL,1.21,,,,-0.6409,0.0667,NO STICKER,C
TVGN,6.78,,,,-0.8262,0.0,NO STICKER,
BSEM,2.47,,,,-0.706,0.4286,NO STICKER,C
SDA,0.4571,,,,-0.8307,0.1429,NO STICKER,C
AACG,0.686,,,,-0.5427,0.0,NO STICKER,C
CALC,1.27,,,,-0.9647,0.0,NO STICKER,C
HGBL,1.25,,,12.5,-0.2331,0.4667,NO STICKER,C
SFHG,2.13,,,,-0.5697,0.0,NO STICKER,C
PHUN,2.11,,,,-0.3059,0.0,NO STICKER,C
SPWH,1.1,,,,-0.6346,0.0667,NO STICKER,C
VSME,0.7825,,,,-0.9766,0.1429,NO STICKER,C
ODYS,2.55,,,,-0.7743,0.1429,NO STICKER,C
RDI,1.89,,,,-0.2158,0.0667,NO STICKER,C
HIT,0.7398,,,36.99,-0.791,0.8571,NO STICKER,C
BZAI,0.2942,,,,-0.9565,0.1429,NO STICKER,C
SLND,0.782,,,,-0.8536,0.1429,NO STICKER,C
MTNB,2.87,,,,-0.9009,0.0,NO STICKER,C
BTMD,1.15,,,1.5541,-0.6472,0.5714,NO STICKER,C
INDO,2.74,,,,-0.6776,0.0,NO STICKER,C
CVRX,1.58,,,,-0.8602,0.1818,NO STICKER,C
VERU,2.46,,,,-0.6644,0.0,NO STICKER,C
AGIG,0.95,,,,-0.8582,0.0714,NO STICKER,C
NA,2.11,,,2.1753,-0.6466,0.1429,NO STICKER,C
ENGS,3.3,,,,-0.7356,0.0,NO STICKER,
PRPO,23.12,,,,-0.3125,0.2667,NO STICKER,C
MIND,4.5,0.4613,0.2306,50.0,-0.6897,0.2,ABOVE STICKER,C
SCYX,4.08,,,,-0.5526,0.1429,NO STICKER,C
SJ,0.97,,,,-0.4049,0.0,NO STICKER,C
CHGA,2.02,,,,-0.9579,0.0,NO STICKER,C
LCCC,10.54,,,34.0,-0.0019,0.0,NO STICKER,
ZDGE,2.93,,,,-0.3766,0.3333,NO STICKER,C
CPOP,2.84,,,,-0.9926,0.2727,NO STICKER,C
IZEA,2.3,,,,-0.6074,0.0667,NO STICKER,C
STEM,4.16,,,,-0.8709,0.1,NO STICKER,C
RPID,0.8935,,,,-0.8191,0.1818,NO STICKER,C
VAI,2.74,,,,-0.0584,0.0,NO STICKER,C
ELWT,6.0,,,,-0.3827,0.1429,NO STICKER,C
SMJF,1.53,,,,-0.8667,0.0,NO STICKER,
NOEM,10.63,,,,-0.1577,0.0,NO STICKER,
FLNA,0.8168,,,,-0.836,0.0,NO STICKER,C
CIRC,0.483,,,,-0.8941,0.1,NO STICKER,C
QTI,2.68,,,,-0.9271,0.1429,NO STICKER,C
LOAN,3.43,0.4787,0.2394,7.6222,-0.366,0.2,ABOVE STICKER,C
OMEX,0.6651,,,,-0.8499,0.0,NO STICKER,C
AXIL,5.71,6.7,3.35,17.303,-0.4209,0.5455,BELOW STICKER,C
MAMO,0.935,,,23.375,-0.8327,0.4286,NO STICKER,C
IXHL,3.1,,,,-0.7921,0.1429,NO STICKER,C
BNAI,5.19,,,,-0.9398,0.1429,NO STICKER,C
VHUB,0.424,,,,-0.9895,0.0,NO STICKER,
LITS,1.27,,,,-0.4573,0.0833,NO STICKER,C
KG,4.91,,,0.6077,-0.8143,0.4286,NO STICKER,C
SIDU,1.55,,,,-0.7717,0.1818,NO STICKER,C
AFJK,12.11,,,,-0.9071,0.0,NO STICKER,
NEPH,3.53,3.3,1.65,32.0909,-0.4502,0.4,ABOVE STICKER,C
BIAF,4.725,,,,-0.9414,0.1429,NO STICKER,C
XBP,3.21,,,7.8293,-0.6246,0.0,NO STICKER,
RMCO,2.51,,,,-0.498,0.4286,NO STICKER,C
STRR,10.32,,,,-0.1335,0.2857,NO STICKER,C
ED,106.1,21.7325,10.8662,18.8121,-0.0872,0.2667,ABOVE STICKER,C
STFS,3.8,,,,-0.819,0.0,NO STICKER,
NCT,1.49,,,14.9,-0.9984,0.7143,NO STICKER,B
ELUT,0.8231,,,0.9461,-0.4057,0.0,NO STICKER,C
MGX,1.0,,,,-0.7468,0.0,NO STICKER,C
BHST,1.66,,,,-0.8703,0.1667,NO STICKER,C
HBIO,8.24,,,,-0.1234,0.1333,NO STICKER,C
CPHI,0.871,,,,-0.9546,0.0667,NO STICKER,C
NNOX,0.5378,,,,-0.8857,0.2,NO STICKER,C
LASE,0.7404,,,,-0.8408,0.2,NO STICKER,C
FLYX,1.35,,,,-0.848,0.1667,NO STICKER,C
LVO,2.7,,,,-0.6245,0.0,NO STICKER,C
BCHT,1.39,,,,-0.7104,0.0714,NO STICKER,C
ATHR,2.98,,,,-0.5656,0.1429,NO STICKER,C
FFR,1.8,,,,-0.6985,0.0909,NO STICKER,C
KOSS,3.84,,,,-0.3263,0.0,NO STICKER,C
AHMA,1.28,,,32.0,-0.9676,0.5714,NO STICKER,C
AIFA,5.68,,,,-0.3639,0.1,NO STICKER,C
SEAT,3.21,,,,-0.7704,0.5714,NO STICKER,C
PXLW,5.94,,,,-0.6133,0.0,NO STICKER,C
NTIP,1.57,,,,-0.1029,0.0667,NO STICKER,C
BAER,0.605,,,,-0.8241,0.5,NO STICKER,
AMIX,3.11,,,,-0.9045,0.0,NO STICKER,C
DLXY,2.17,,,,-0.9025,0.0,NO STICKER,C
SNT,1.52,,,10.8571,-0.7154,0.2857,NO STICKER,C
GRDX,4.97,,,,-0.2827,0.0,NO STICKER,C
AVX,4.79,,,,-0.9063,0.1,NO STICKER,C
FSP,0.34,,,,-0.7763,0.0,NO STICKER,C
CMTL,1.18,,,,-0.81,0.0,NO STICKER,C
CCEL,4.36,,,,-0.1102,0.1429,NO STICKER,C
MLCI,3.13,,,,-0.6394,0.0,NO STICKER,C
EUDA,18.475,,,,-0.7852,0.1667,NO STICKER,C
XTIA,0.9064,,,,-0.7159,0.2,NO STICKER,C
LVLU,12.05,,,,-0.6272,0.0,NO STICKER,C
ATNM,1.1,,,,-0.3678,0.0,NO STICKER,C
EHLD,12.218,,,2.3184,-0.2267,0.7143,NO STICKER,B
COHN,10.65,,,1.2241,-0.6733,0.5333,NO STICKER,C
PPSI,3.075,,,,-0.5111,0.1333,NO STICKER,C
CVM,1.94,,,,-0.8105,0.0,NO STICKER,C
BCTX,3.91,,,,-0.7337,0.0,NO STICKER,C
LBGJ,1.87,,,,-0.9999,0.1429,NO STICKER,C
TOON,0.5444,,,,-0.578,0.2,NO STICKER,C
GRCE,2.08,,,,-0.5985,0.0,NO STICKER,C
EDSA,3.51,,,,-0.8273,0.25,NO STICKER,C
DDI,13.65,,,0.3352,-0.0109,0.2857,NO STICKER,C
COSM,0.3359,,,,-0.7324,0.1333,NO STICKER,C
GSUI,15.33,,,,-0.2036,0.0,NO STICKER,
YSXT,1.3,,,11.8182,-0.586,0.4286,NO STICKER,C
ACCL,2.68,,,32.2892,-0.464,0.8571,NO STICKER,A
WNW,2.14,,,,-0.9984,0.2727,NO STICKER,C
DCGO,0.3382,,,,-0.795,0.0909,NO STICKER,C
NNVC,1.3,,,,-0.417,0.0,NO STICKER,C
HHS,4.45,,,,-0.0471,0.0667,NO STICKER,C
GAIA,1.33,,,,-0.7872,0.0667,NO STICKER,C
BXBL,3.2,,,,-0.7886,0.0,NO STICKER,
ACH,0.428,,,,-0.9236,0.0,NO STICKER,C
NXTC,7.18,,,,-0.5438,0.0,NO STICKER,C
BODI,4.71,,,,-0.7208,0.0909,NO STICKER,C
RYET,0.9199,,,,-0.5468,0.1429,NO STICKER,C
RAVE,2.3,3.0861,1.5431,11.5,-0.3611,0.4,BELOW STICKER,C
LSF,2.92,,,,-0.4772,0.1818,NO STICKER,C
HOLO,1.45,,,,-0.7173,0.25,NO STICKER,C
SMTK,1.15,,,,-0.9927,0.2,NO STICKER,C
FLD,0.59,,,,-0.8568,0.1429,NO STICKER,C
XAIR,2.25,,,,-0.9591,0.1818,NO STICKER,C
NSYS,11.35,,,,-0.3698,0.1333,NO STICKER,C
QNCX,31.73,,,,-0.9651,0.0,NO STICKER,C
WKHS,2.95,,,,-0.7824,0.2667,NO STICKER,C
CREX,2.38,,,,-0.4615,0.2,NO STICKER,C
UG,7.0,,,15.2174,-0.1716,0.2,NO STICKER,C
BOSC,4.56,2.7797,1.3899,8.0,-0.3214,0.4667,ABOVE STICKER,C
BHM,8.195,,,,-0.3838,0.2857,NO STICKER,C
CYCU,2.97,,,,-0.9663,0.1429,NO STICKER,C
RMTI,7.89,,,,-0.3884,0.0,NO STICKER,C
PLUT,2.07,,,,-0.4825,0.1429,NO STICKER,C
FTCI,1.93,,,,-0.8486,0.1,NO STICKER,C
RYOJ,2.75,,,275.0,-0.7594,0.4286,NO STICKER,C
GRAN,1.3,,,,-0.78,0.4286,NO STICKER,C
NSRX,3.51,,,,-0.6305,0.0,NO STICKER,C
WPRT,1.82,,,,-0.2863,0.0,NO STICKER,C
GMHS,0.592,,,7.4,-0.6027,0.2857,NO STICKER,C
PLCE,1.42,,,,-0.8515,0.0,NO STICKER,C
FGC,6.195,,,,-0.7799,0.2,NO STICKER,C
BDMD,0.77,,,,-0.7919,0.2857,NO STICKER,C
RNAZ,1.86,,,,-0.883,0.0,NO STICKER,C
MIRA,0.746,,,,-0.6955,0.1667,NO STICKER,C
FIEE,3.66,,,36.6,-0.6544,0.1333,NO STICKER,C
VIVK,3.8,,,,-0.9999,0.2727,NO STICKER,C
MLSS,0.35,,,,-0.3966,0.0667,NO STICKER,C
PRHI,8.28,,,,-0.2831,0.0,NO STICKER,C
TCRX,0.238,,,,-0.9074,0.1818,NO STICKER,C
NTRP,2.07,,,,-0.6019,0.3333,NO STICKER,C
GROW,2.93,,,12.2083,-0.1973,0.0714,NO STICKER,C
VTSI,2.69,,,134.5,-0.5723,0.2727,NO STICKER,C
DAIO,2.91,,,,-0.3519,0.0,NO STICKER,C
DXST,1.86,,,,-0.97,0.5714,NO STICKER,C
SPRU,1.56,,,,-0.7689,0.1818,NO STICKER,C
SRXH,1.46,,,,-0.9657,0.0,NO STICKER,C
NIKI,4.0,,,,-0.7727,0.0,NO STICKER,C
QRHC,1.38,,,,-0.4274,0.2,NO STICKER,C
BGDE,5.13,,,,-0.8718,0.0714,NO STICKER,C
CVV,4.18,,,,-0.5407,0.0,NO STICKER,C
IGC,0.2799,,,,-0.378,0.0,NO STICKER,C
TAOX,3.84,,,,-0.616,0.2,NO STICKER,C
MSS,1.615,,,23.0714,-0.9622,0.2857,NO STICKER,C
MVIS,1.2,,,,-0.9459,0.0,NO STICKER,C
APWC,1.38,,,1.7468,-0.3947,0.0,NO STICKER,
KLXE,1.32,,,,-0.7067,0.0909,NO STICKER,C
CNTX,0.304,,,,-0.916,0.0,NO STICKER,C
PETS,1.285,,,,-0.6866,0.0,NO STICKER,C
CLPS,1.005,,,,-0.4654,0.1818,NO STICKER,C
MWYN,1.37,,,,-0.1697,0.1429,NO STICKER,C
BMR,1.77,,,,-0.4309,0.0909,NO STICKER,C
ARAY,0.2297,,,,-0.881,0.0,NO STICKER,C
AEI,0.7002,,,,-0.824,0.0909,NO STICKER,C
BEAT,0.4802,,,,-0.88,0.1111,NO STICKER,C
NTCL,1.5,,,,-0.9903,0.1429,NO STICKER,C
MCRB,2.71,,,4.2344,-0.9096,0.0667,NO STICKER,C
ABVC,1.0,,,,-0.6835,0.2,NO STICKER,C
ATCH,0.1753,,,8.765,-0.6754,0.1429,NO STICKER,C
SPHL,2.31,,,,-0.908,0.1429,NO STICKER,C
JVA,4.63,0.478,0.239,18.52,-0.0795,0.0667,ABOVE STICKER,C
YOUL,0.3614,,,4.5175,-0.8303,0.0,NO STICKER,
FKWL,2.21,,,,-0.5967,0.0,NO STICKER,C
SWAG,1.39,,,,-0.6029,0.2727,NO STICKER,C
FAC,5.14,,,,-0.7971,0.0,NO STICKER,
KUST,3.97,,,,-0.9872,0.0,NO STICKER,C
CRWS,2.39,,,14.0588,-0.2389,0.0,NO STICKER,C
CEPS,10.24,,,,-0.0201,0.0,NO STICKER,
QNME,0.742,,,,-0.5053,0.1429,NO STICKER,C
RYDE,0.5701,,,,-0.6322,0.2857,NO STICKER,C
SHPH,5.33,,,,-0.88,0.1667,NO STICKER,C
NAII,1.14,,,,-0.7702,0.0,NO STICKER,C
ELAB,3.08,,,,-0.9988,0.0,NO STICKER,
BYSI,0.606,,,,-0.7516,0.0,NO STICKER,C
KMRK,1.18,,,176.1194,-0.8209,0.4286,NO STICKER,C
MSGM,5.13,,,3.5874,-0.077,0.3333,NO STICKER,C
SCLX,2.92,,,,-0.8263,0.0,NO STICKER,C
LOCL,1.06,,,,-0.7347,0.1818,NO STICKER,C
KYNB,6.11,,,0.1347,-0.4755,0.0,NO STICKER,C
VTIX,1.07,,,,-0.9885,0.1429,NO STICKER,C
NXPL,9.0,,,,-0.1892,0.1333,NO STICKER,C
CIIT,2.52,,,,-0.9647,0.25,NO STICKER,C
ATOS,2.44,,,,-0.8586,0.0833,NO STICKER,C
NSPR,0.521,,,,-0.7949,0.2,NO STICKER,C
BEEM,1.07,,,,-0.7351,0.2667,NO STICKER,C
ATYR,0.2462,,,,-0.7782,0.0,NO STICKER,C
CNTY,0.858,,,,-0.6568,0.2667,NO STICKER,C
AAME,1.18,,,,-0.6358,0.0667,NO STICKER,C
DRK,2.75,,,,-0.7817,0.1333,NO STICKER,C
BIRD,2.93,,,,-0.8795,0.0,NO STICKER,C
TXMD,2.06,,,,-0.3017,0.2,NO STICKER,C
JOB,0.2149,,,,-0.2325,0.1333,NO STICKER,C
LIVE,7.65,10.0119,5.006,1.5517,-0.663,0.4,BELOW STICKER,C
KTCC,2.12,,,,-0.5204,0.0,NO STICKER,C
NOMA,1.53,,,,-0.8944,0.0,NO STICKER,C
KPLT,4.7,,,,-0.6862,0.1,NO STICKER,C
BLNE,0.709,,,,-0.8109,0.1333,NO STICKER,C
BRLT,1.58,,,,-0.4552,0.3333,NO STICKER,C
EOCN,3.54,,,1.4812,-0.7127,0.0909,NO STICKER,C
MLGO,2.99,,,1.4104,-0.7219,0.25,NO STICKER,C
MBAI,3.255,,,4.9318,-0.8814,0.0,NO STICKER,C
INV,0.2699,,,,-0.9657,0.0,NO STICKER,
AWRE,1.04,,,,-0.5953,0.0,NO STICKER,C
USEA,2.54,,,,-0.2063,0.0,NO STICKER,C
EHTH,0.7,,,,-0.8812,0.0667,NO STICKER,C
PAVM,2.79,,,,-0.9019,0.1538,NO STICKER,C
PMI,9.48,,,,-0.9861,0.0,NO STICKER,
PMEC,0.574,,,,-0.7648,0.0,NO STICKER,C
ANPA,1.91,,,166.087,-0.9894,0.4286,NO STICKER,C
AYTU,2.025,,,,-0.3404,0.1333,NO STICKER,C
WETO,1.06,,,,-0.9946,0.0,NO STICKER,
CLIR,3.21,,,,-0.6853,0.1333,NO STICKER,C
HKIT,2.53,,,126.5,-0.9998,0.1818,NO STICKER,C
DXLG,0.393,,,,-0.7513,0.0667,NO STICKER,C
SKYQ,2.45,,,,-0.874,0.0,NO STICKER,
VIP,1.41,1.29,0.645,4.1471,-0.5804,0.125,ABOVE STICKER,C
JAGU,1.07,,,,-0.8055,0.0,NO STICKER,C
INLX,4.78,,,,-0.5932,0.2667,NO STICKER,C
ASTI,2.185,,,,-0.7786,0.0667,NO STICKER,C
CKX,10.425,5.2286,2.6143,7.0918,-0.162,0.4,ABOVE STICKER,C
PAPL,0.845,,,,-0.8568,0.1429,NO STICKER,C
WXM,3.415,,,,-0.9069,0.2857,NO STICKER,C
GIFT,0.595,,,,-0.5388,0.0,NO STICKER,C
MXC,10.3,8.4074,4.2037,16.3492,-0.375,0.4667,ABOVE STICKER,C
UTSI,2.26,,,,-0.3774,0.0,NO STICKER,C
REFR,0.5933,,,,-0.7803,0.0,NO STICKER,C
COCP,1.07,,,,-0.4729,0.0,NO STICKER,C
BRLS,0.96,,,,-0.7594,0.0,NO STICKER,C
TLF,2.49,1.4728,0.7364,2.2636,-0.2589,0.0667,ABOVE STICKER,C
LOOP,0.419,,,,-0.7894,0.0,NO STICKER,C
SMXT,4.26,,,,-0.7205,0.25,NO STICKER,
MTEN,0.995,,,,-0.9992,0.2,NO STICKER,
CHOW,0.56,,,,-0.9535,0.0,NO STICKER,
RVP,0.663,,,,-0.4184,0.1333,NO STICKER,C
VNTG,0.64,,,,-0.5844,0.2857,NO STICKER,C
PR,23.03,18.9311,9.4655,17.9922,-0.0655,0.2727,ABOVE STICKER,C
UCAR,4.26,,,,-0.9903,0.0,NO STICKER,C
MNDO,0.95,,,7.3077,-0.2636,0.1333,NO STICKER,C
INLF,3.02,,,,-0.9993,0.2857,NO STICKER,C
KAPA,0.8103,,,,-0.9116,0.0,NO STICKER,C
IDAI,3.38,,,,-0.3598,0.1818,NO STICKER,C
EFOI,2.99,,,,-0.6961,0.0667,NO STICKER,C
JBDI,1.0,,,200.0,-0.763,0.0,NO STICKER,C
JSPR,0.57,,,,-0.7881,0.0,NO STICKER,C
EXYN,2.38,,,,-0.6694,0.0,NO STICKER,C
CCHH,0.99,,,,-0.9936,0.1429,NO STICKER,C
AIFF,1.19,,,,-0.6222,0.2,NO STICKER,C
LEDS,2.23,,,,-0.384,0.2,NO STICKER,C
ARTW,3.54,,,17.7,-0.1511,0.0667,NO STICKER,C
FXHO,10.87,,,,-0.9983,0.1111,NO STICKER,C
LFWD,6.49,,,,-0.3247,0.1333,NO STICKER,C
SST,2.34,,,,-0.7143,0.0,NO STICKER,C
RECT,1.26,,,6.6316,-0.7169,0.8571,NO STICKER,B
NEUP,3.36,,,,-0.8173,0.1429,NO STICKER,C
UONE,4.05,,,,-0.7609,0.0,NO STICKER,C
STG,2.68,,,0.3454,-0.6383,0.4545,NO STICKER,C
BBGI,10.03,,,,-0.6577,0.0,NO STICKER,C
BCG,1.05,,,26.25,-0.6948,0.4286,NO STICKER,C
NYC,5.66,,,,-0.5948,0.0,NO STICKER,C
ESLA,0.41,,,,-0.8698,0.0,NO STICKER,
FOXX,2.5,,,,-0.6835,0.0,NO STICKER,
TGHL,0.7717,,,,-0.6888,0.0,NO STICKER,
ACCS,4.59,5.1274,2.5637,4.1351,-0.5952,0.2,BELOW STICKER,C
REBN,2.0,,,,-0.322,0.2857,NO STICKER,C
JL,4.67,,,6.2267,-0.4319,0.4286,NO STICKER,C
MDRR,10.505,,,,-0.2765,0.0,NO STICKER,C
BNGO,1.435,,,,-0.3565,0.1818,NO STICKER,C
AZIO,1.02,,,,-0.7923,0.1538,NO STICKER,C
FEMY,2.0,,,,-0.9099,0.2727,NO STICKER,C
LHAI,1.01,,,,-0.9355,0.5714,NO STICKER,C
ESYN,2.16,,,,-0.2313,0.0,NO STICKER,C
SOAR,0.3101,,,3.1536,-0.9199,0.1667,NO STICKER,C
CDTG,1.22,,,,-0.9322,0.0,NO STICKER,C
DUKR,4.84,,,,-0.6592,0.1429,NO STICKER,C
PMA,1.27,,,,-0.4879,0.3333,NO STICKER,C
AIIO,1.04,,,,-0.9687,0.0,NO STICKER,C
CTRM,1.7,2.2787,1.1394,0.9444,-0.3609,0.2727,BELOW STICKER,C
VJET,1.14,,,,-0.9627,0.0909,NO STICKER,C
INTZ,0.6614,,,,-0.7086,0.1333,NO STICKER,C
MRKR,0.972,,,,-0.6049,0.0714,NO STICKER,C
DYAI,0.4441,,,,-0.7224,0.0909,NO STICKER,C
PIII,4.95,,,,-0.7069,0.1111,NO STICKER,C
RKTO,0.6493,,,,-0.735,0.0,NO STICKER,C
ARKR,4.467,,,,-0.5298,0.0,NO STICKER,C
MGIH,1.43,,,,-0.3755,0.0,NO STICKER,C
MERC,0.239,,,,-0.9161,0.0,NO STICKER,C
IPM,1.77,,,,-0.2168,0.2,NO STICKER,C
ICU,3.61,,,,-0.5088,0.1429,NO STICKER,C
ONEG,0.9921,,,,-0.9336,0.0,NO STICKER,C
FABC,2.25,,,,-0.7134,0.0,NO STICKER,C
ALLR,0.99,,,,-0.462,0.0,NO STICKER,C
UUU,5.2,,,,-0.335,0.0,NO STICKER,C
BCDA,1.04,,,,-0.4222,0.0,NO STICKER,C
UNL,5.802,,,,-0.3631,0.0,NO STICKER,C
IRIX,0.89,,,,-0.4606,0.0667,NO STICKER,C
KTTA,0.4675,,,,-0.7731,0.1667,NO STICKER,C
BESS,2.2,,,,-0.8715,0.0833,NO STICKER,C
EDTK,0.952,,,,-0.3,0.0,NO STICKER,C
GTIM,1.46,0.6387,0.3193,14.6,-0.3014,0.1333,ABOVE STICKER,C
PTN,8.6,,,,-0.7226,0.1333,NO STICKER,C
HSCS,3.18,,,,-0.3943,0.1429,NO STICKER,C
GIGM,1.38,,,,-0.1977,0.0667,NO STICKER,C
MTEX,7.86,,,,-0.3687,0.0,NO STICKER,C
DOGZ,0.8501,,,,-0.9458,0.2,NO STICKER,C
ARTL,3.26,,,,-0.9818,0.0,NO STICKER,C
FGI,7.75,,,,-0.6111,0.2857,NO STICKER,C
ATTT,2.54,,,2.7609,-0.676,0.8571,NO STICKER,A
EONR,0.477,,,,-0.6981,0.1429,NO STICKER,C
FCHL,0.874,,,,-0.9963,0.5714,NO STICKER,C
SUNE,2.28,,,,-0.7587,0.1333,NO STICKER,C
FOFO,1.94,,,,-0.9111,0.2857,NO STICKER,C
HIND,2.09,,,,-0.6814,0.0667,NO STICKER,C
ACTU,0.61,,,,-0.9265,0.1667,NO STICKER,C
CNSY,1.93,,,,-0.8984,0.0714,NO STICKER,C
NCEL,3.045,,,1.4097,-0.8356,0.0,NO STICKER,C
BTLN,5.38,,,,-0.6155,0.0,NO STICKER,C
SMSI,2.61,,,,-0.4387,0.0,NO STICKER,C
GTEC,0.766,,,2.471,-0.5242,0.3636,NO STICKER,C
OFAL,0.55,,,,-0.9574,0.2,NO STICKER,
ONTO,294.53,83.4,41.7,105.946,-0.2379,0.6,ABOVE STICKER,C
PLRZ,8.988,,,1.8343,-0.5062,0.0,NO STICKER,C
BFRI,0.97,,,,-0.4157,0.3636,NO STICKER,C
AEMD,6.05,,,,-0.8319,0.0,NO STICKER,C
GPUS,0.1569,,,,-0.9545,0.2667,NO STICKER,C
LPCN,1.72,,,,-0.861,0.0,NO STICKER,C
BRN,0.9755,,,,-0.3032,0.0667,NO STICKER,C
NEON,0.838,,,1.6431,-0.7735,0.1333,NO STICKER,C
SINT,2.11,,,,-0.5311,0.0667,NO STICKER,C
AHT,2.17,,,,-0.6132,0.0667,NO STICKER,C
OHI,44.41,10.11,5.055,22.8918,-0.1523,0.2857,ABOVE STICKER,C
AEON,0.276,,,,-0.8097,0.0,NO STICKER,
TVRD,1.03,,,,-0.8575,0.0,NO STICKER,C
KPTI,0.605,,,,-0.9449,0.0714,NO STICKER,C
CTXR,0.4994,,,,-0.772,0.0,NO STICKER,C
CLRB,1.45,,,,-0.714,0.0,NO STICKER,C
ASTC,6.81,,,,-0.9011,0.0667,NO STICKER,C
DLPN,1.05,,,,-0.4415,0.1333,NO STICKER,C
SCAG,0.188,,,,-0.9447,0.25,NO STICKER,
LIQT,0.408,,,,-0.8782,0.0667,NO STICKER,C
INAB,1.34,,,,-0.5092,0.0,NO STICKER,C
TULP,2.725,,,,-0.5072,0.1818,NO STICKER,C
CJMB,2.28,,,,-0.5936,0.0,NO STICKER,C
TOMZ,1.61,,,,-0.5165,0.0,NO STICKER,C
AIRI,2.7,,,,-0.3165,0.0,NO STICKER,C
OPAD,2.71,,,,-0.6156,0.0909,NO STICKER,C
PETZ,1.26,,,7.4118,-0.3096,0.2,NO STICKER,C
MI,0.9046,,,,-0.9544,0.1667,NO STICKER,C
BRFH,0.794,,,,-0.7871,0.2857,NO STICKER,C
AIT,335.38,234.7407,117.3703,30.6283,-0.1052,0.6667,BUY*,C
TMDE,0.6347,,,7.0522,-0.8669,0.4286,NO STICKER,C
PSQH,3.77,,,,-0.8995,0.1429,NO STICKER,C
WIMI,0.6434,13.7301,6.865,0.2834,-0.8595,0.1818,BELOW MOS,C
IHT,1.11,,,,-0.4158,0.0667,NO STICKER,C
CUPR,1.69,,,,-0.8858,0.0,NO STICKER,C
WETH,0.93,1.6408,0.8204,1.55,-0.7473,0.4545,BELOW STICKER,C
TEM,70.93,,,,-0.2711,0.2857,NO STICKER,C
FUSE,0.4264,,,,-0.9829,0.0,NO STICKER,
FNGR,0.201,,,,-0.8914,0.1818,NO STICKER,C
CDLX,2.06,,,,-0.9064,0.0,NO STICKER,C
PRZO,0.615,,,1.9839,-0.6583,0.1429,NO STICKER,C
CABR,1.16,,,,-0.3696,0.0,NO STICKER,
SDOT,9.08,,,,-0.9651,0.125,NO STICKER,C
CETY,0.985,,,,-0.677,0.0667,NO STICKER,C
BFRG,0.646,,,,-0.6704,0.0,NO STICKER,C
OLB,0.495,,,,-0.725,0.1333,NO STICKER,C
PASG,3.69,,,,-0.8155,0.0,NO STICKER,C
INTS,3.63,,,,-0.9166,0.1667,NO STICKER,C
DARE,0.7734,,,,-0.7954,0.0769,NO STICKER,C
PLUR,0.953,,,,-0.8043,0.0,NO STICKER,C
EQS,0.839,,,,-0.6336,0.0,NO STICKER,C
SLGB,0.2716,,,,-0.9553,0.0,NO STICKER,
ASBP,8.3,,,,-0.5576,0.0,NO STICKER,
STAK,1.08,,,,-0.91,0.5714,NO STICKER,C
HPAI,0.3094,,,6.188,-0.9323,0.7143,NO STICKER,B
EBON,1.83,,,,-0.6405,0.0909,NO STICKER,C
ZDAI,1.36,,,,-0.8867,0.1429,NO STICKER,C
CMCT,3.87,,,,-0.9973,0.0,NO STICKER,C
PHIO,0.9788,,,,-0.7664,0.1667,NO STICKER,C
BNKK,1.42,,,,-0.8771,0.1818,NO STICKER,C
IQST,1.04,,,,-0.8414,0.1667,NO STICKER,C
CRMT,1.35,,,,-0.953,0.0667,NO STICKER,C
KPRX,2.54,,,,-0.1271,0.0667,NO STICKER,C
JAGX,4.79,,,,-0.9962,0.0714,NO STICKER,C
MDBH,2.0501,,,,-0.5729,0.0,NO STICKER,
EDUC,1.3,,,4.8148,-0.2486,0.0667,NO STICKER,C
KITT,1.48,,,,-0.9912,0.1429,NO STICKER,C
SPPL,1.9,,,,-0.7286,0.1429,NO STICKER,C
ATER,0.611,,,,-0.6733,0.0,NO STICKER,C
TPST,0.76,,,,-0.9379,0.0833,NO STICKER,C
GCTK,1.03,31.22,15.61,0.033,-0.9914,0.1667,BELOW MOS,C
AMOD,2.19,,,,-0.9579,0.0,NO STICKER,
CVR,11.2,,,,-0.2533,0.0,NO STICKER,C
UPLD,3.6,,,,-0.8691,0.0667,NO STICKER,C
AURE,1.04,,,,-0.9168,0.1429,NO STICKER,C
WVVI,2.11,,,,-0.4725,0.0,NO STICKER,C
GYRO,4.77,,,,-0.5305,0.0,NO STICKER,
BIVI,1.39,,,,-0.6332,0.0833,NO STICKER,C
CLRO,3.91,,,,-0.763,0.0,NO STICKER,C
BTBD,1.69,,,,-0.3185,0.0909,NO STICKER,C
LTRN,0.813,,,,-0.8225,0.0,NO STICKER,C
ELOG,0.805,,,,-0.7376,0.1429,NO STICKER,C
AXG,0.0827,,,,-0.9826,0.2857,NO STICKER,C
IZM,0.89,,,8.9,-0.9348,0.1429,NO STICKER,C
MSAI,4.65,,,,-0.9516,0.1429,NO STICKER,C
ENSC,0.527,,,,-0.8084,0.0,NO STICKER,C
JCTC,2.91,,,,-0.1686,0.0,NO STICKER,C
ADIL,3.9,,,,-0.6195,0.0,NO STICKER,C
VIRT,57.51,34.0743,17.0371,11.2105,-0.1636,0.4,ABOVE STICKER,C
JXG,7.15,,,,-0.546,0.0,NO STICKER,C
FLUX,0.471,,,,-0.9376,0.0667,NO STICKER,C
CLWT,1.36,,,68.0,-0.4925,0.0667,NO STICKER,C
PLAG,0.71,,,,-0.8957,0.0,NO STICKER,C
ICMB,0.7,,,,-0.7756,0.0,NO STICKER,C
YAAS,1.08,,,,-0.7831,0.0,NO STICKER,C
ZKIN,1.76,,,,-0.4341,0.0,NO STICKER,C
TOVX,0.217,,,,-0.7477,0.0,NO STICKER,C
RMCF,1.04,,,,-0.6522,0.0,NO STICKER,C
SNTI,0.3144,,,,-0.8908,0.0,NO STICKER,C
BTOC,0.2151,,,,-0.7267,0.0,NO STICKER,C
NMTC,1.12,,,,-0.817,0.1429,NO STICKER,C
VTGN,0.2361,,,,-0.9541,0.0667,NO STICKER,C
HUDI,0.6739,,,,-0.5965,0.2727,NO STICKER,C
BTCT,1.01,,,,-0.6505,0.0909,NO STICKER,C
LSTA,1.06,,,,-0.7909,0.0,NO STICKER,C
INHD,3.75,,,,-0.9977,0.2857,NO STICKER,C
HODO,0.111,,,,-0.9897,0.0,NO STICKER,C
BLIN,0.7401,,,,-0.4931,0.0,NO STICKER,C
MTVA,1.41,,,,-0.9051,0.0,NO STICKER,C
MYSE,1.78,,,,-0.6915,0.2,NO STICKER,C
CENN,3.71,,,,-0.8634,0.1818,NO STICKER,C
MGRX,0.422,,,,-0.8465,0.0,NO STICKER,C
MEDS,2.96,,,,-0.9595,0.1429,NO STICKER,C
ATCX,2.6,,,,-0.8144,0.0,NO STICKER,C
INEO,0.545,,,,-0.5458,0.4286,NO STICKER,C
NCPL,1.14,,,,-0.5512,0.2,NO STICKER,C
AIMD,1.21,,,,-0.7275,0.1333,NO STICKER,C
MASK,0.8387,,,11.9814,-0.9623,0.7143,NO STICKER,B
AMS,1.32,,,,-0.4477,0.0667,NO STICKER,C
RCT,0.1282,,,,-0.9452,0.0,NO STICKER,
TPET,1.62,,,,-0.928,0.1429,NO STICKER,C
CISO,0.1894,,,,-0.872,0.1818,NO STICKER,C
BURU,0.9295,,,,-0.9915,0.0,NO STICKER,C
MBRX,0.442,,,,-0.9719,0.0909,NO STICKER,C
GENK,1.66,,,,-0.4813,0.0,NO STICKER,C
FEBO,0.77,,,,-0.4726,0.0,NO STICKER,C
INUV,0.516,,,,-0.8642,0.0833,NO STICKER,C
SLE,4.99,,,,-0.9012,0.2727,NO STICKER,C
BMRA,1.835,,,,-0.4283,0.0,NO STICKER,C
SEED,0.7001,,,,-0.7188,0.0769,NO STICKER,C
OXBR,1.02,,,,-0.4537,0.2,NO STICKER,C
RGNT,1.6,,,,-0.8968,0.0,NO STICKER,C
GDOG,9.9,,,,-0.4697,0.0,NO STICKER,
NIXX,0.285,,,,-0.8553,0.1429,NO STICKER,C
NDRA,5.46,,,,-0.4457,0.1111,NO STICKER,C
AWX,2.47,0.375,0.1875,30.875,-0.5451,0.0667,ABOVE STICKER,C
MSN,0.383,,,,-0.544,0.0,NO STICKER,C
NHTC,0.927,,,,-0.8019,0.0667,NO STICKER,C
IFBD,0.971,,,,-0.5536,0.2727,NO STICKER,C
BOLT,4.11,,,,-0.4292,0.0909,NO STICKER,C
SNGX,0.3636,,,,-0.7934,0.0833,NO STICKER,C
AZTR,0.13,,,,-0.8807,0.0,NO STICKER,C
ARAI,0.1517,,,,-0.9779,0.0,NO STICKER,C
CNSP,5.35,,,,-0.4924,0.1111,NO STICKER,C
DTST,3.34,147.84,73.92,0.4217,-0.3515,0.3333,BELOW MOS,C
LUCY,0.9031,,,,-0.5595,0.2857,NO STICKER,C
REED,0.644,,,,-0.9463,0.1333,NO STICKER,C
OPTT,0.8476,,,,-0.9608,0.2,NO STICKER,C
HLSQ,0.285,,,0.1927,-0.9977,0.0,NO STICKER,C
APRE,0.6044,,,,-0.6424,0.0,NO STICKER,C
RVSN,3.47,,,,-0.994,0.2,NO STICKER,C
CYN,0.5253,,,,-0.9219,0.1,NO STICKER,C
FBLG,1.13,,,,-0.883,0.1667,NO STICKER,C
SURG,0.1418,,,,-0.9548,0.0714,NO STICKER,C
INM,1.36,,,,-0.4163,0.0,NO STICKER,C
POM,0.77,,,,-0.9933,0.0,NO STICKER,
JCSE,1.39,,,2.8958,-0.444,0.4286,NO STICKER,C
ADVB,5.31,,,,-0.7808,0.1667,NO STICKER,C
HCTI,0.4834,,,,-0.9974,0.1818,NO STICKER,C
AQMS,2.03,,,,-0.9485,0.0,NO STICKER,C
CHE,499.82,74.1213,37.0607,27.253,-0.1027,0.2667,ABOVE STICKER,C
YHGJ,2.75,,,,-0.6132,0.0667,NO STICKER,C
DFLI,0.4719,,,,-0.9819,0.1429,NO STICKER,C
HTCO,1.29,,,,-0.9772,0.4545,NO STICKER,C
XWEL,0.8215,,,,-0.6266,0.0714,NO STICKER,C
FTHM,0.2125,,,,-0.8893,0.1818,NO STICKER,C
CODX,1.12,,,,-0.9759,0.0,NO STICKER,C
ZTG,0.685,,,6.85,-0.9441,0.8571,NO STICKER,A
TRAW,0.4452,2.11,1.055,1.0859,-0.8622,0.1429,BELOW MOS,C
GYGY,0.4713,,,,-0.9856,0.25,NO STICKER,
ACON,2.34,,,,-0.8055,0.1429,NO STICKER,C
ACXP,1.27,,,,-0.8409,0.1111,NO STICKER,C
XCUR,1.05,,,,-0.8892,0.0,NO STICKER,C
AIRE,1.12,,,,-0.9655,0.2857,NO STICKER,C
UZX,1.13,,,,-0.9842,0.1429,NO STICKER,C
VS,1.05,,,,-0.5195,0.1429,NO STICKER,C
ENVB,1.45,,,,-0.8906,0.25,NO STICKER,C
ALZN,1.34,,,,-0.5,0.1111,NO STICKER,C
GFAI,0.261,,,,-0.7788,0.0,NO STICKER,
GITS,1.51,,,,-0.787,0.0,NO STICKER,C
WKSP,0.4147,,,,-0.8879,0.4,NO STICKER,C
LGCL,2.23,,,3.8407,-0.9959,0.5,NO STICKER,C
RBNE,2.23,,,,-0.983,0.7143,NO STICKER,C
AUUD,1.06,,,,-0.9437,0.0,NO STICKER,C
LOBO,0.4856,,,,-0.6719,0.0,NO STICKER,C
DSS,0.6053,,,,-0.6746,0.0833,NO STICKER,C
IMNN,1.08,,,,-0.7958,0.0833,NO STICKER,C
PRSO,0.4005,,,,-0.831,0.0667,NO STICKER,C
NVNO,8.75,,,,-0.6951,0.1111,NO STICKER,C
LOAR,62.07,,,82.76,-0.256,0.4286,NO STICKER,C
DTSS,0.6169,,,,-0.7306,0.1429,NO STICKER,C
MITQ,0.594,,,,-0.4696,0.0909,NO STICKER,C
ORKT,1.01,,,,-0.5944,0.1429,NO STICKER,C
SNOA,1.23,,,,-0.7106,0.0667,NO STICKER,C
NWTG,1.08,,,,-0.4433,0.1429,NO STICKER,C
AUID,0.35,,,,-0.8822,0.0909,NO STICKER,C
MDCX,0.0921,,,,-0.9669,0.0,NO STICKER,
JWEL,2.445,,,,-0.5271,0.1818,NO STICKER,C
XHLD,0.485,,,,-0.9686,0.0,NO STICKER,C
AMST,0.876,,,,-0.7754,0.0909,NO STICKER,C
TWAV,1.47,,,,-0.5421,0.0714,NO STICKER,C
CHSN,1.06,0.9,0.45,35.3333,-0.9968,0.3636,ABOVE STICKER,C
KALA,0.2939,,,,-0.9969,0.0,NO STICKER,C
VEEE,9.865,,,,-0.9227,0.0909,NO STICKER,C
DKI,0.3424,,,,-0.9625,0.2857,NO STICKER,C
MWG,1.47,,,,-0.757,0.1818,NO STICKER,C
OBAI,0.188,,,,-0.9951,0.0,NO STICKER,
HAE,118.69,10.1951,5.0976,57.8976,-0.0206,0.1333,ABOVE STICKER,C
BGMS,0.849,,,,-0.8733,0.0,NO STICKER,C
GDC,1.35,,,,-0.9993,0.1111,NO STICKER,C
DAIC,2.39,,,,-0.968,0.1429,NO STICKER,C
JTAI,1.57,,,1.1894,-0.9745,0.1429,NO STICKER,C
CRE,2.86,,,8.1714,-0.6674,0.8571,NO STICKER,C
CDIO,1.87,,,,-0.7636,0.0,NO STICKER,C
CELZ,0.8385,,,,-0.8658,0.0667,NO STICKER,C
AIM,0.18,,,,-0.9356,0.0,NO STICKER,C
SEGG,1.6,,,,-0.9554,0.0,NO STICKER,C
UK,2.0194,,,,-0.8195,0.0,NO STICKER,C
ZCMD,1.59,,,,-0.9989,0.0,NO STICKER,C
ILAG,2.61,,,,-0.637,0.0,NO STICKER,C
SONM,3.639,,,,-0.7856,0.0,NO STICKER,C
AQB,1.05,,,,-0.467,0.0,NO STICKER,C
CNET,1.47,,,,-0.4878,0.0,NO STICKER,C
PULM,1.46,,,,-0.7211,0.0,NO STICKER,C
CWD,0.5131,,,,-0.8778,0.0,NO STICKER,C
KNRX,0.188,,,,-0.9455,0.0,NO STICKER,C
SHFS,0.429,,,,-0.9919,0.0,NO STICKER,C
KSCP,0.62,,,,-0.9119,0.1818,NO STICKER,C
GWH,0.1567,,,,-0.9887,0.0,NO STICKER,C
QCLS,0.63,,,,-0.9229,0.0833,NO STICKER,C
IOTR,1.95,,,,-0.739,0.2857,NO STICKER,C
LICN,0.954,,,,-0.8995,0.0909,NO STICKER,C
SCKT,0.6027,,,,-0.784,0.0,NO STICKER,C
XBIO,2.13,,,,-0.6731,0.2,NO STICKER,C
CANF,1.9,,,,-0.8468,0.0909,NO STICKER,C
GURE,2.73,,,,-0.7692,0.1333,NO STICKER,C
SNTG,1.74,,,,-0.4563,0.1818,NO STICKER,C
ATHS,23.619,,,,-0.0774,0.6667,NO STICKER,C
SOS,0.295,,,,-0.8659,0.2,NO STICKER,C
YDKG,0.8611,,,,-0.9964,0.2667,NO STICKER,C
MTEK,0.5814,,,,-0.7938,0.0,NO STICKER,C
GXAI,0.4341,,,,-0.8349,0.1429,NO STICKER,C
CHAI,0.2336,,,,-0.962,0.3333,NO STICKER,C
INBS,1.53,,,,-0.9386,0.2727,NO STICKER,C
SEZL,128.64,66.25,33.125,34.5806,-0.3427,0.6364,ABOVE STICKER,C
CDT,0.718,,,,-1.0,0.0,NO STICKER,
LOPE,159.8,27.2039,13.6019,20.7263,-0.2835,0.2667,ABOVE STICKER,C
RENX,1.67,,,,-0.9494,0.2857,NO STICKER,C
POLA,1.14,,,,-0.8017,0.0,NO STICKER,C
YCBD,0.3899,,,,-0.8477,0.0909,NO STICKER,C
PMCB,0.4044,,,,-0.7322,0.1333,NO STICKER,C
DUO,0.659,,,,-0.8084,0.1818,NO STICKER,C
PCSA,1.52,,,,-0.8628,0.0833,NO STICKER,C
WAFU,1.45,,,,-0.5261,0.0909,NO STICKER,C
HXHX,0.319,,,1.0633,-0.7873,0.8571,NO STICKER,A
DRMA,1.02,,,,-0.7811,0.1111,NO STICKER,C
MOBX,0.9,,,,-0.9323,0.1429,NO STICKER,C
HYFM,0.84,,,,-0.7565,0.0,NO STICKER,C
TAOP,0.42,,,,-0.8658,0.1429,NO STICKER,C
XPON,4.16,,,,-0.8041,0.2857,NO STICKER,C
LRHC,1.2,,,,-0.9997,0.1429,NO STICKER,C
AIDX,0.375,,,,-0.9925,0.1667,NO STICKER,C
HIHO,0.86,,,,-0.6109,0.0,NO STICKER,C
WLDS,1.37,,,,-0.9627,0.2727,NO STICKER,C
TOPP,0.1596,,,,-0.9543,0.1429,NO STICKER,C
XELB,0.6,,,,-0.7571,0.0,NO STICKER,C
ERNA,2.4,,,,-0.9664,0.0833,NO STICKER,C
NCRA,1.61,,,,-0.9776,0.1,NO STICKER,C
SGLY,0.7198,,,,-0.9496,0.0,NO STICKER,C
OST,1.695,,,,0.0,0.1818,NO STICKER,C
GRI,1.74,,,,-0.9729,0.1111,NO STICKER,C
FLYE,2.33,,,,-0.8941,0.1429,NO STICKER,C
BGLC,1.29,,,,-0.7809,0.0,NO STICKER,C
MKZR,1.35,,,,-0.7615,0.0,NO STICKER,C
DBGI,4.01,,,,-0.9944,0.0,NO STICKER,C
BJDX,0.8239,,,,-0.9455,0.0,NO STICKER,C
BTTC,0.476,,,,-0.9526,0.0,NO STICKER,
GBR,0.715,,,,-0.4542,0.0667,NO STICKER,C
SNES,0.6698,,,,-0.8435,0.3333,NO STICKER,C
ILLR,0.177,,,,-0.9802,0.0,NO STICKER,C
NCI,0.8788,,,87.88,-0.992,0.4286,NO STICKER,C
CETX,2.05,,,,-0.9789,0.4167,NO STICKER,C
MEGL,0.6728,,,,-0.5898,0.0,NO STICKER,C
IVDA,0.272,,,,-0.8211,0.1333,NO STICKER,C
SXTP,0.9654,,,,-0.888,0.1429,NO STICKER,C
TRNR,2.09,,,,-0.9913,0.1429,NO STICKER,C
SUGP,2.23,,,,-0.9926,0.0,NO STICKER,C
YYAI,0.7109,,,,-0.9999,0.1818,NO STICKER,C
CYAB,0.185,,,,-0.9702,0.25,NO STICKER,
CVKD,0.9101,,,,-0.9372,0.0,NO STICKER,C
APVO,1.79,,,,-0.9405,0.0,NO STICKER,C
BON,1.16,,,,-0.5043,0.1818,NO STICKER,C
ATXG,3.021,,,,-0.8135,0.1333,NO STICKER,C
PPCB,0.486,,,,-0.9898,0.0,NO STICKER,C
REVB,0.76,,,,-0.869,0.2222,NO STICKER,C
KXIN,1.35,,,,-0.9984,0.2,NO STICKER,C
INTJ,2.93,,,,-0.766,0.0,NO STICKER,C
FFBC,30.9,14.1834,7.0917,11.6165,-0.1476,0.5,ABOVE STICKER,C
HCWB,1.6,,,,-0.9414,0.0,NO STICKER,C
FCUV,4.17,,,,-0.9801,0.0,NO STICKER,C
ADGM,0.13,,,,-0.9387,0.0,NO STICKER,
VNRX,0.2113,,,,-0.9797,0.2,NO STICKER,C
ISPC,1.13,,,,-0.9689,0.0,NO STICKER,C
ABTS,1.2,,,,-0.869,0.3636,NO STICKER,C
CAPS,0.1372,,,,-0.8991,0.1,NO STICKER,C
DX,10.86,,,8.7935,-0.2726,0.3333,NO STICKER,C
BQ,0.7339,,,,-0.9869,0.0909,NO STICKER,C
RMSG,0.2997,,,,-0.9232,0.0,NO STICKER,C
CLDI,1.03,,,,-0.963,0.1667,NO STICKER,C
AVAH,12.25,5.4994,2.7497,11.6667,-0.1672,0.3636,ABOVE STICKER,C
HTCR,1.705,,,0.5167,-0.9056,0.1818,NO STICKER,C
PW,6.95,,,,-0.4621,0.0667,NO STICKER,C
NUWE,0.689,,,,-0.996,0.0667,NO STICKER,C
KIDZ,2.1,,,,-0.9997,0.0,NO STICKER,
ONCO,0.62,,,,-0.9969,0.1429,NO STICKER,C
BGL,0.17,,,,-0.9841,0.0,NO STICKER,
SILO,1.47,,,,-0.859,0.1818,NO STICKER,C
RIME,0.1355,,,,-0.9704,0.0,NO STICKER,C
BANR,66.43,6.7473,3.3736,11.7784,-0.1124,0.4167,ABOVE STICKER,C
TOPS,0.4968,5.11,2.555,0.7415,-0.9329,0.3571,BELOW MOS,C
TNON,3.41,,,,-0.9323,0.1429,NO STICKER,C
EZGO,0.871,,,,-0.9992,0.2727,NO STICKER,C
PASW,0.122,,,,-0.8727,0.0,NO STICKER,
GNPX,2.72,,,,-0.9978,0.2222,NO STICKER,C
ATPC,2.225,,,,-0.9697,0.2727,NO STICKER,C
GMEX,1.74,,,,-0.9999,0.1429,NO STICKER,C
BOXL,3.33,,,,-0.9551,0.2,NO STICKER,C
JUNS,2.85,,,,-0.979,0.0,NO STICKER,C
MIMI,0.8795,,,,-0.9885,0.3333,NO STICKER,C
BIYA,1.83,,,,-0.9891,0.2857,NO STICKER,C
JYD,0.9205,,,,-0.8656,0.1429,NO STICKER,C
EDBL,1.07,,,,-0.9991,0.1429,NO STICKER,C
GWAV,2.5,,,,-0.8958,0.2143,NO STICKER,C
GOVX,0.281,,,,-0.9822,0.0714,NO STICKER,C
VVOS,0.1489,,,,-0.9546,0.1,NO STICKER,C
IPST,3.01,,,,-0.9902,0.2857,NO STICKER,C
OGEN,0.456,,,,-0.6855,0.0,NO STICKER,C
RUN,7.64,37.5868,18.7934,4.4678,-0.6595,0.2,BELOW MOS,C
TCRT,0.786,,,,-0.8253,0.0,NO STICKER,C
GNLN,2.84,,,,-0.9216,0.1818,NO STICKER,C
MBIO,0.4001,,,,-0.7633,0.0,NO STICKER,C
EZRA,1.95,,,,-0.9633,0.1818,NO STICKER,C
NXGL,0.2,,,,-0.9298,0.2727,NO STICKER,C
UPC,4.15,,,,-0.7689,0.3636,NO STICKER,C
GLXG,1.03,,,,-0.7889,0.1429,NO STICKER,C
LABT,0.782,,,,-0.992,0.0,NO STICKER,
TGL,1.1,,,,-0.981,0.0,NO STICKER,C
ZBAO,0.0574,,,,-0.9572,0.1429,NO STICKER,C
YHC,1.4,,,,-0.9882,0.0,NO STICKER,C
BKYI,1.67,,,,-0.9152,0.2,NO STICKER,C
ONFO,0.714,,,,-0.9942,0.1429,NO STICKER,C
POAS,0.138,,,,-0.9813,0.0,NO STICKER,C
TRUG,1.89,,,,-0.9929,0.0,NO STICKER,C
LHSW,0.5199,,,,-0.9856,0.5714,NO STICKER,C
SPRC,4.47,,,,-0.8976,0.0,NO STICKER,
CHR,1.51,,,0.0627,-0.964,0.4545,NO STICKER,C
EJH,1.33,,,,-0.9498,0.1818,NO STICKER,C
JDZG,5.79,,,,-0.9943,0.1429,NO STICKER,C
ATEX,84.53,48.32,24.16,17.501,-0.2519,0.2,ABOVE STICKER,C
PWCM,0.8612,,,,-0.9734,0.2,NO STICKER,C
ITP,0.1519,,,,-0.6105,0.0,NO STICKER,C
WCT,0.9763,,,,-0.9901,0.4286,NO STICKER,C
OLOX,0.906,,,,-0.9903,0.0,NO STICKER,C
BYAH,2.525,,,,-0.9858,0.1429,NO STICKER,C
CRIS,0.6712,,,,-0.98,0.0,NO STICKER,C
DPU,1.47,,,,-0.6423,0.2727,NO STICKER,C
EHGO,0.6244,,,,-0.9443,0.1429,NO STICKER,C
SBFM,0.338,,,,-0.9861,0.1333,NO STICKER,C
IVF,0.7275,,,,-0.9914,0.2,NO STICKER,C
BBLG,0.4671,,,,-0.8307,0.0833,NO STICKER,C
CCTG,0.504,,,,-0.9702,0.1429,NO STICKER,C
NXTS,0.8575,,,,-0.9739,0.1111,NO STICKER,C
SQFT,0.867,,,,-0.8645,0.2,NO STICKER,C
GIII,27.07,10.0447,5.0224,17.9272,-0.2789,0.2,ABOVE STICKER,C
SLXN,0.2146,,,0.0958,-0.9946,0.0,NO STICKER,C
WHLR,0.5721,,,,-1.0,0.3333,NO STICKER,C
UVV,42.0,,,32.3077,-0.2927,0.0,NO STICKER,C
EDVA,0.156,,,,-0.9884,0.0,NO STICKER,C
WBUY,0.6922,,,,-0.8604,0.0,NO STICKER,C
DCOY,1.47,,,,-0.9737,0.0833,NO STICKER,C
BRNX,1.34,,,,-0.9967,0.0,NO STICKER,C
CNEY,0.49,,,,-0.8133,0.1818,NO STICKER,C
LESL,0.102,,,,-0.9919,0.0909,NO STICKER,C
GDHG,1.19,,,,-0.8468,0.2857,NO STICKER,C
AGMH,0.527,6.6896,3.3448,1.6469,-0.9087,0.4545,BELOW MOS,C
MYSZ,1.25,,,,-0.8754,0.2143,NO STICKER,C
PFSA,1.42,,,,-0.9995,0.0,NO STICKER,
IPW,0.6795,,,,-0.9997,0.0909,NO STICKER,C
SDST,0.0556,,,,-0.9928,0.0,NO STICKER,
GIPR,0.418,,,,-0.979,0.2,NO STICKER,C
MNDR,0.85,,,,-0.9739,0.0,NO STICKER,C
PRFX,0.8789,,,,-0.8894,0.1,NO STICKER,C
CLIK,1.07,,,,-0.9093,0.0,NO STICKER,
RKDA,0.2643,,,,-0.9538,0.0,NO STICKER,C
RETO,1.32,,,,-0.9971,0.2,NO STICKER,C
GSUN,0.221,,,,-0.9219,0.3,NO STICKER,C
VIVS,0.1801,,,,-0.947,0.0,NO STICKER,C
EH,4.19,,,,-0.7796,0.2,NO STICKER,C
IBG,0.875,,,,-0.9646,0.0,NO STICKER,C
XXII,0.8116,,,,-0.9985,0.0667,NO STICKER,C
HCAI,0.4727,,,,-0.9818,0.0,NO STICKER,C
PKE,26.38,0.4794,0.2397,47.1071,-0.3382,0.3333,ABOVE STICKER,C
FRGT,0.2937,,,,-0.9943,0.1333,NO STICKER,C
GVH,1.06,,,0.6584,-0.8359,0.5714,NO STICKER,C
JZXN,1.11,,,,-0.9397,0.0909,NO STICKER,C
BAOS,0.2488,,,,-0.9421,0.0,NO STICKER,C
MVBF,28.91,1.5933,0.7967,14.034,-0.0963,0.1667,ABOVE STICKER,C
FRST,15.25,6.4049,3.2025,6.1245,-0.0966,0.25,ABOVE STICKER,C
JILL,24.51,8.1268,4.0634,13.467,-0.0249,0.2727,ABOVE STICKER,C
ZNB,0.93,,,,-0.9995,0.3,NO STICKER,C
ICON,0.87,,,,-0.9134,0.1429,NO STICKER,C
WORX,3.73,,,,-0.9685,0.0667,NO STICKER,C
ALTO,3.725,,,23.2812,-0.3903,0.0,NO STICKER,C
RBBN,1.7,,,7.7273,-0.5844,0.0667,NO STICKER,C
PAVS,3.64,,,,-1.0,0.2727,NO STICKER,C
DRCT,0.91,,,,-0.9902,0.0,NO STICKER,C
CISS,0.7831,,,0.1968,-0.9999,0.1429,NO STICKER,C
FNRN,16.05,4.5393,2.2697,12.6378,-0.1662,0.0833,ABOVE STICKER,C
NEXR,1.01,,,,-0.9985,0.3636,NO STICKER,C
SGRX,0.7402,,,,-0.9945,0.125,NO STICKER,C
FAMI,0.1231,,,,-0.9365,0.0909,NO STICKER,C
ORMP,4.33,8.4942,4.2471,2.8867,-0.2084,0.2308,BELOW STICKER,C
CCLD,2.0,1.375,0.6875,20.0,-0.4751,0.2143,ABOVE STICKER,C
BNC,5.26,2.92,1.46,2.0873,-0.4933,0.2,ABOVE STICKER,C
RUBI,0.5,,,0.0713,-1.0,0.4286,NO STICKER,C
LARK,31.16,,,10.1498,-0.0994,0.3333,NO STICKER,C
SXTC,0.1487,,,,-1.0,0.0,NO STICKER,C
PARA,0.6617,,,,-0.9902,0.1429,NO STICKER,C
RCON,1.11,,,,-0.9973,0.2667,NO STICKER,C
MDT,88.48,7.7401,3.8701,23.7212,-0.1679,0.0,ABOVE STICKER,C
RAYA,1.71,,,,-0.9762,0.3636,NO STICKER,C
MHH,6.73,,,134.6,-0.1959,0.2,NO STICKER,C
TWG,0.094,,,0.0243,-0.9964,0.7143,NO STICKER,B
FDX,291.71,75.7531,37.8766,15.7256,-0.1554,0.3333,ABOVE STICKER,C
RFIL,8.31,,,831.0,-0.6274,0.3333,NO STICKER,C
HAO,2.4,,,,-0.9994,0.1429,NO STICKER,C
XTNT,0.326,0.8134,0.4067,10.8667,-0.6568,0.2,BELOW MOS,C
RANI,0.799,,,,-0.7935,0.3333,NO STICKER,C
SUNB,75.17,,,23.8635,-0.1328,0.4286,NO STICKER,C
PCG,13.13,,,11.1271,-0.3147,0.0,NO STICKER,C
NIVF,0.0721,,,0.0026,-1.0,0.0,NO STICKER,C
GLPI,38.28,24.3068,12.1534,12.9763,-0.2336,0.4,ABOVE STICKER,C
CACC,547.6,285.3685,142.6842,15.0522,-0.1813,0.3333,ABOVE STICKER,C
KRC,34.25,5.5481,2.774,14.7629,-0.2141,0.0714,ABOVE STICKER,C
VC,85.43,,,11.7349,-0.3271,0.2,NO STICKER,C
XLAB,0.974,,,,-0.9128,0.25,NO STICKER,
MSEX,53.43,7.419,3.7095,22.6398,-0.1407,0.0,ABOVE STICKER,C
QVCG,12.87,,,,-0.3565,0.0,NO STICKER,C
BRK-B,515.62,,,,-0.0411,0.3333,NO STICKER,C
V,385.45,,,,-0.0036,1.0,NO STICKER,A
XOM,168.94,,,,-0.0423,,NO STICKER,
ASML,1780.34,,,,-0.1098,,NO STICKER,
HSBC,92.98,,,,-0.1384,,NO STICKER,
SHEL,100.18,,,,-0.0098,,NO STICKER,
NVS,143.75,,,,-0.1567,,NO STICKER,
RY,191.91,,,,-0.122,,NO STICKER,
MUFG,22.38,,,,-0.0775,,NO STICKER,
AZN,159.2,,,,-0.2516,,NO STICKER,
SAP,214.78,,,,-0.2367,,NO STICKER,
BHP,86.74,,,,-0.1213,,NO STICKER,
SAN,13.49,,,,-0.1037,,NO STICKER,
TTE,86.11,,,,-0.0856,,NO STICKER,
TD,115.1,,,,-0.0826,,NO STICKER,
NVO,38.64,,,,-0.3978,,NO STICKER,
PBR,25.3,,,,-0.0117,,NO STICKER,
SMFG,25.13,,,,-0.0902,,NO STICKER,
BUD,77.33,,,,-0.107,,NO STICKER,
RIO,94.78,,,,-0.1581,,NO STICKER,
UBS,48.13,,,,-0.1403,,NO STICKER,
BBVA,26.12,,,,-0.1188,,NO STICKER,
SONY,24.12,,,,-0.205,,NO STICKER,
UL,62.26,,,,-0.1696,,NO STICKER,
MFG,10.61,,,,-0.0766,,NO STICKER,
BP,46.25,,,,-0.0418,,NO STICKER,
BTI,55.5,,,,-0.1753,,NO STICKER,
BMO,162.59,,,,-0.1316,,NO STICKER,
ITUB,10.16,,,,-0.0039,,NO STICKER,
SPOT,529.14,,,,-0.2442,,NO STICKER,
BNS,88.45,,,,-0.0761,,NO STICKER,
ENB,46.6,,,,-0.2027,,NO STICKER,
EQNR,43.01,,,,-0.0617,,NO STICKER,
CNQ,49.65,,,,-0.0509,,NO STICKER,
IBN,27.89,,,,-0.1556,,NO STICKER,
ASX,46.43,,,,-0.0313,,NO STICKER,
CM,109.2,,,,-0.1254,,NO STICKER,
SNY,40.07,,,,-0.2394,,NO STICKER,
ING,33.37,,,,-0.1106,,NO STICKER,
GSK,46.5,,,,-0.2464,,NO STICKER,
SU,72.23,,,,-0.0032,,NO STICKER,
BN,37.09,,,,-0.2518,,NO STICKER,
E,56.0,,,,-0.0345,,NO STICKER,
NGG,76.48,,,,-0.1919,,NO STICKER,
LYG,5.41,,,,-0.1467,,NO STICKER,
BCS,22.95,,,,-0.2001,,NO STICKER,
NU,16.12,,,,-0.1507,,NO STICKER,
CP,84.46,,,,-0.1284,,NO STICKER,
BAM,45.88,,,,-0.2029,1.0,NO STICKER,
CNI,117.78,,,,-0.1047,,NO STICKER,
MFC,42.43,,,,-0.064,,NO STICKER,
RACE,389.91,,,,-0.1081,,NO STICKER,
NWG,17.13,,,,-0.1179,,NO STICKER,
AMX,21.32,,,,-0.2509,,NO STICKER,
B,41.06,,,,-0.2492,,NO STICKER,
DB,33.68,,,,-0.1908,,NO STICKER,
WPM,138.65,,,,-0.1635,,NO STICKER,
RELX,36.13,,,,-0.2349,,NO STICKER,
TAK,18.73,,,,-0.0194,,NO STICKER,
CVE,31.39,,,,-0.0811,,NO STICKER,
VALE,13.62,,,,-0.2408,0.0,NO STICKER,
UMC,22.96,,,,-0.2072,,NO STICKER,
NOK,10.36,,,,-0.4063,,NO STICKER,
VYLR,73.15,,,,-0.031,,NO STICKER,
ARGX,825.03,,,,-0.2309,,NO STICKER,
ABEV,3.19,,,,-0.0754,,NO STICKER,
HONA,157.94,,,,-0.4691,,NO STICKER,
DEO,86.73,,,,-0.1558,,NO STICKER,
FNV,244.85,,,,-0.1429,,NO STICKER,
MT,64.11,,,,-0.1954,,NO STICKER,
AU,94.16,,,,-0.2709,,NO STICKER,
CCEP,104.25,,,,-0.0829,,NO STICKER,
BBD,4.3,,,,-0.0611,,NO STICKER,
BSBR,5.81,,,,-0.2063,,NO STICKER,
TRI,103.21,,,,-0.3718,,NO STICKER,
KB,123.07,,,,-0.0767,,NO STICKER,
INFY,10.73,,,,-0.6423,,NO STICKER,
SLF,76.99,,,,-0.0876,,NO STICKER,
HMC,32.7,,,,-0.0224,,NO STICKER,
FMX,119.24,,,,-0.1571,,NO STICKER,
HLN,9.32,,,,-0.1738,,NO STICKER,
IX,36.95,,,,-0.1283,,NO STICKER,
CBRS,164.17,,,,-0.5751,,NO STICKER,
ARES,117.22,,,,-0.3531,0.6667,NO STICKER,C
VOD,15.56,,,,-0.1214,,NO STICKER,
CCJ,88.06,,,,-0.3489,,NO STICKER,
VIK,81.62,,,,-0.2586,,NO STICKER,
FER,50.15,,,,-0.3295,,NO STICKER,
CHT,45.99,,,,-0.0105,,NO STICKER,
SHG,75.52,,,,-0.1174,,NO STICKER,
EC,16.94,,,,-0.0783,,NO STICKER,
NTR,67.48,,,,-0.2095,,NO STICKER,
HSY,162.74,,,,-0.3204,0.3333,NO STICKER,C
GFI,36.82,,,,-0.4027,0.0,NO STICKER,
TECK,68.05,,,,-0.0622,,NO STICKER,
ERIC,9.555,,,,-0.3061,,NO STICKER,
ALC,64.11,,,,-0.2685,,NO STICKER,
BAP,381.21,,,,-0.0775,,NO STICKER,
PUK,23.92,,,,-0.2971,,NO STICKER,
TS,57.34,,,,-0.1124,,NO STICKER,
BIDU,85.33,,,,-0.4838,0.0,NO STICKER,C
RYAAY,54.24,,,,-0.2694,,NO STICKER,
NMR,9.59,,,,-0.1234,,NO STICKER,
GFS,48.24,,,,-0.4788,,NO STICKER,
KGC,23.74,,,,-0.393,,NO STICKER,
PBA,47.31,,,,-0.0828,,NO STICKER,
FTS,53.31,,,,-0.1025,,NO STICKER,
PHG,24.24,,,,-0.2751,,NO STICKER,
BSP,38.01,,,,-0.3551,,NO STICKER,
IHG,160.68,,,,-0.0865,,NO STICKER,
SBS,6.74,,,,-0.0584,,NO STICKER,
BNTX,96.96,,,,-0.2181,,NO STICKER,
CIB,94.81,,,,-0.1022,,NO STICKER,
GMAB,37.07,,,,-0.0772,,NO STICKER,
FWONA,86.67,,,,-0.1227,0.2222,NO STICKER,C
PS,54.59,,,,-0.0962,,NO STICKER,
STZ,122.64,,,,-0.2726,0.1111,NO STICKER,C
VIV,12.2,,,,-0.2932,,NO STICKER,
ARXS,47.89,,,,-0.2213,,NO STICKER,
YPF,50.04,,,,-0.1353,,NO STICKER,
BCH,38.89,,,,-0.1685,,NO STICKER,
PAAS,46.27,,,,-0.3389,,NO STICKER,
BCE,18.78,,,,-0.2919,,NO STICKER,
SQM,63.91,,,,-0.3479,,NO STICKER,
WF,72.92,,,,-0.1392,,NO STICKER,
KSPI,92.99,,,,-0.1542,,NO STICKER,
PKX,57.48,,,,-0.3779,,NO STICKER,
STLA,4.48,,,,-0.6334,,NO STICKER,
RCI,29.78,,,,-0.2761,,NO STICKER,
WIT,1.7,,,,-0.4498,,NO STICKER,
AS,28.14,,,,-0.3419,,NO STICKER,
XP,32.22,,,,-0.0022,,NO STICKER,
GFL,42.78,,,,-0.09,,NO STICKER,
WMG,28.72,,,,-0.1892,0.3333,NO STICKER,C
BSAC,32.22,,,,-0.1458,,NO STICKER,
PHYS,31.7,,,,-0.2465,,NO STICKER,
ASND,229.23,,,,-0.1876,,NO STICKER,
TIGO,79.48,,,,-0.2581,,NO STICKER,
GIB,70.09,,,,-0.2638,,NO STICKER,
INIO,19.79,,,,-0.5392,,NO STICKER,
BEP,29.53,,,,-0.2253,,NO STICKER,
EMA,45.66,,,,-0.1771,,NO STICKER,
KEP,11.03,,,,-0.5288,,NO STICKER,
CX,9.56,,,,-0.3007,,NO STICKER,
JBS,12.98,,,,-0.304,,NO STICKER,
RML,5.31,,,,-0.64,,NO STICKER,
AGI,32.9,,,,-0.4062,,NO STICKER,
SKM,34.24,,,,-0.2743,,NO STICKER,
EQX,11.42,,,,-0.3977,,NO STICKER,
TME,8.38,,,,-0.6487,,NO STICKER,
COKE,196.24,,,,-0.1066,0.6667,NO STICKER,C
EMBJ,71.16,,,,-0.1188,,NO STICKER,
TLK,12.83,,,,-0.4545,,NO STICKER,
TU,7.72,,,,-0.499,,NO STICKER,
FPS,40.03,,,,-0.3935,0.6,NO STICKER,
GRAB,3.19,,,,-0.4888,,NO STICKER,
PSLV,19.89,,,,-0.4784,,NO STICKER,
AEG,8.24,,,,-0.1426,,NO STICKER,
MAIR,24.22,,,,-0.4557,,NO STICKER,
ERIE,222.04,,,,-0.3283,0.7778,NO STICKER,B
PAC,201.5,,,,-0.3293,,NO STICKER,
ONON,35.09,,,,-0.313,,NO STICKER,
SNN,27.24,,,,-0.2738,,NO STICKER,
HBM,26.12,,,,-0.1876,,NO STICKER,
QNT,41.3,,,,-0.5241,,NO STICKER,
HMY,16.88,,,,-0.3523,,NO STICKER,
MICC,17.28,,,,-0.1646,,NO STICKER,
ELPC,14.19,,,,-0.0221,,NO STICKER,
SUZ,8.57,,,,-0.257,,NO STICKER,
IAG,18.8,,,,-0.2441,,NO STICKER,
PAYP,15.71,,,,-0.3688,,NO STICKER,
RDY,12.48,,,,-0.2036,,NO STICKER,
RTO,20.24,,,,-0.4162,,NO STICKER,
PSO,16.97,,,,-0.0439,,NO STICKER,
SSL,15.11,,,,-0.015,,NO STICKER,
GGB,5.12,,,,-0.0657,,NO STICKER,
RYAN,37.01,,,,-0.3721,0.5714,NO STICKER,C
EGO,37.66,,,,-0.2639,,NO STICKER,
TFII,114.13,,,,-0.3194,,NO STICKER,
ENLT,67.41,,,,-0.3796,,NO STICKER,
TIMB,17.98,,,,-0.3629,,NO STICKER,
KT,18.3,,,,-0.2555,,NO STICKER,
JAN,28.15,,,,-0.1426,0.0,NO STICKER,
AG,17.28,,,,-0.4607,,NO STICKER,
UGP,7.9,,,,-0.0459,,NO STICKER,
LGN,51.53,,,,-0.5195,0.4,NO STICKER,
BVN,32.46,,,,-0.2733,,NO STICKER,
GIL,41.97,,,,-0.4305,,NO STICKER,
ABVX,88.15,,,,-0.4077,,NO STICKER,
STN,66.86,,,,-0.4162,,NO STICKER,
VIST,66.26,,,,-0.1864,,NO STICKER,
CAE,23.74,,,,-0.3067,,NO STICKER,
SEI,76.4,,,,-0.1136,1.0,NO STICKER,B
SBSW,10.0,,,,-0.5303,,NO STICKER,
CEF,41.67,,,,-0.3211,,NO STICKER,
VFS,3.06,,,,-0.421,0.3333,NO STICKER,
AUGO,91.26,,,,-0.1728,,NO STICKER,
PDI,14.36,,,,-0.2773,,NO STICKER,
CIG,2.4,,,,-0.1304,,NO STICKER,
BTG,5.25,,,,-0.1653,,NO STICKER,
OR,34.84,,,,-0.2751,,NO STICKER,
TBBB,55.59,,,,-0.005,,NO STICKER,
TFPM,31.21,,,,-0.2516,,NO STICKER,
GGAL,36.81,,,,-0.4112,,NO STICKER,
XMTR,111.07,,,,-0.0166,0.2857,NO STICKER,C
ENIC,4.48,,,,-0.0549,,NO STICKER,
BILI,15.49,11.7,5.85,39.7179,-0.5745,0.4444,ABOVE STICKER,C
GDS,30.97,,,,-0.3629,,NO STICKER,
CMBT,20.6,,,,-0.0136,,NO STICKER,
OGC,27.6,,,,-0.363,,NO STICKER,
IFS,53.84,,,,-0.1228,,NO STICKER,
SGHC,11.29,,,,-0.2881,,NO STICKER,
DPC,38.73,,,,-0.3235,,NO STICKER,
AVAL,4.89,,,,-0.2113,,NO STICKER,
HAFN,10.72,,,,-0.0161,,NO STICKER,
NXE,8.75,,,,-0.3732,,NO STICKER,
PJT,137.28,,,,-0.2982,0.7778,NO STICKER,B
HLNE,85.67,,,,-0.4496,0.875,NO STICKER,A
MBGL,18.22,,,,-0.2992,,NO STICKER,
XE,13.71,,,,-0.6305,,NO STICKER,
WPP,25.38,,,,-0.0864,,NO STICKER,
CPA,134.23,,,,-0.1635,,NO STICKER,
BIRK,33.65,,,,-0.3367,,NO STICKER,
BEPC,29.63,,,,-0.3442,,NO STICKER,
OCTV,20.52,,,,-0.316,,NO STICKER,
BBUC,26.67,,,,-0.3027,,NO STICKER,
VEON,76.81,,,,-0.0256,,NO STICKER,
STVN,19.4,,,,-0.3069,,NO STICKER,
MWH,26.21,,,,-0.4585,,NO STICKER,
KLAR,14.06,,,,-0.6492,,NO STICKER,
GRFS,7.46,,,,-0.2465,,NO STICKER,
WFG,64.25,,,,-0.1655,,NO STICKER,
OZK,44.41,,,,-0.1682,,NO STICKER,
HGTY,14.21,,,,-0.0104,0.8571,NO STICKER,C
MEOH,62.1,,,,-0.0697,,NO STICKER,
BLSH,32.59,,,,-0.4751,,NO STICKER,
ADT,6.43,,,,-0.2764,0.0,NO STICKER,C
GEF,81.82,,,,-0.0966,0.0,NO STICKER,C
BIPC,37.36,,,,-0.2776,,NO STICKER,
TKC,5.02,,,,-0.3008,,NO STICKER,
DLO,15.23,,,,-0.0924,,NO STICKER,
YOU,43.43,,,,-0.3712,0.8571,NO STICKER,A
WHD,63.43,,,,-0.1436,0.7143,NO STICKER,B
SIM,28.7,,,,-0.1703,,NO STICKER,
STNG,85.14,,,,-0.0546,,NO STICKER,
MDA,28.15,,,,-0.4298,,NO STICKER,
VSNT,30.64,,,,-0.4807,0.4,NO STICKER,
OMAB,90.28,,,,-0.3312,,NO STICKER,
PAM,80.34,,,,-0.1498,,NO STICKER,
CGAU,22.54,,,,-0.0808,,NO STICKER,
BMA,64.96,,,,-0.388,,NO STICKER,
MC,57.08,,,,-0.2702,0.8333,NO STICKER,A
JMKE,17.7,,,,-0.2917,,NO STICKER,
SKT,35.08,,,,-0.1752,,NO STICKER,
TRMD,39.94,,,,-0.0386,,NO STICKER,
XXI,6.29,,,,-0.714,,NO STICKER,
MMYT,44.73,,,,-0.5227,,NO STICKER,
FRVO,13.75,,,,-0.6776,,NO STICKER,
TAC,13.13,,,,-0.2657,,NO STICKER,
DHT,24.64,,,,-0.0172,,NO STICKER,
CAAP,24.54,,,,-0.1954,,NO STICKER,
TGS,25.71,,,,-0.2927,,NO STICKER,
BWLP,26.0,,,,-0.0182,,NO STICKER,
SKE,32.59,,,,-0.1594,,NO STICKER,
DOO,52.96,,,,-0.3533,,NO STICKER,
AKO-A,24.0,,,,-0.1098,,NO STICKER,
AYA,27.42,,,,-0.106,,NO STICKER,
TLX,11.21,,,,-0.1449,,NO STICKER,
ERO,37.61,,,,-0.0789,,NO STICKER,
ECO,93.11,,,,-0.0197,,NO STICKER,
DNP,9.89,,,,-0.1138,,NO STICKER,
WBI,29.98,,,,-0.1873,0.4,NO STICKER,
SRAD,12.49,,,,-0.5515,,NO STICKER,
ZIM,29.99,,,,-0.0313,,NO STICKER,
IOND,79.15,,,,-0.1143,,NO STICKER,
LEGN,18.62,,,,-0.5035,,NO STICKER,
PBLS,27.48,,,,-0.3533,,NO STICKER,
MANU,20.51,,,,-0.1611,,NO STICKER,
ACCV,16.72,,,,-0.0165,,NO STICKER,
ARIS,17.33,,,,-0.2559,,NO STICKER,
ZGN,12.68,,,,-0.205,,NO STICKER,
BTE,4.81,,,,-0.1026,,NO STICKER,
ALM,11.87,,,,-0.5137,,NO STICKER,
UTG,36.39,,,,-0.1711,,NO STICKER,
CSQ,20.67,,,,-0.0236,,NO STICKER,
PLNT,47.98,,,,-0.5801,1.0,NO STICKER,B
INTR,7.68,,,,-0.2587,,NO STICKER,
ADX,26.17,,,,-0.0147,,NO STICKER,
BSM,14.81,,,,-0.0439,0.0,NO STICKER,C
FSM,10.92,,,,-0.2116,,NO STICKER,
VTMX,33.87,,,,-0.0946,,NO STICKER,
VGNT,44.19,,,,-0.1317,,NO STICKER,
TGB,8.85,,,,-0.0988,,NO STICKER,
NEA,10.01,,,,-0.1588,,NO STICKER,
CLBK,10.8,,,,-0.1,,NO STICKER,
SII,115.76,,,,-0.3176,,NO STICKER,
PAGS,11.16,,,,-0.0942,,NO STICKER,
SA,28.08,,,,-0.2991,,NO STICKER,
EFXT,24.04,,,,-0.1753,,NO STICKER,
CSQR,17.49,,,,-0.2557,,NO STICKER,
IHS,8.43,,,,-0.0581,,NO STICKER,
LPL,2.89,,,,-0.5043,,NO STICKER,
EROK,21.91,,,,-0.2009,,NO STICKER,
BELFA,195.38,,,,-0.3343,0.4444,NO STICKER,C
KYIV,12.1,,,,-0.2689,,NO STICKER,
WTTR,19.76,,,,-0.1237,0.3333,NO STICKER,C
AAUC,20.56,,,,-0.3615,,NO STICKER,
LFTO,15.41,,,,-0.488,,NO STICKER,
STNE,12.46,,,,-0.3656,,NO STICKER,
MNSO,9.6,,,,-0.5844,,NO STICKER,
AMBP,4.4,,,,-0.1956,,NO STICKER,
IMOS,77.73,,,,-0.0729,,NO STICKER,
BTDR,9.63,,,,-0.6536,,NO STICKER,
GRDN,41.28,,,,-0.1459,0.6,NO STICKER,
BBAR,12.65,,,,-0.437,,NO STICKER,
LCLN,24.62,,,,-0.1064,,NO STICKER,
EXK,8.65,,,,-0.429,,NO STICKER,
RNW,6.88,,,,-0.1241,,NO STICKER,
JPC,6.75,,,,-0.1867,,NO STICKER,
GDV,28.58,,,,-0.0781,,NO STICKER,
TTAM,13.08,,,,-0.3316,,NO STICKER,
PTY,10.97,,,,-0.2471,,NO STICKER,
KYN,14.25,,,,-0.0606,,NO STICKER,
NAD,10.2,,,,-0.1714,,NO STICKER,
AERO,15.57,,,,-0.3245,,NO STICKER,
NVG,10.71,,,,-0.2119,,NO STICKER,
SVM,10.49,,,,-0.3348,,NO STICKER,
TSAT,45.96,,,,-0.2532,,NO STICKER,
BGSI,78.05,,,,-0.5737,,NO STICKER,
PHVS,31.1,,,,-0.2809,,NO STICKER,
STDN,13.69,,,,-0.2105,,NO STICKER,
SIND,14.02,,,,-0.2602,,NO STICKER,
NWCL,7.47,,,,-0.356,,NO STICKER,
DNN,2.43,,,,-0.4515,,NO STICKER,
NZF,10.86,,,,-0.1659,,NO STICKER,
DRD,24.87,,,,-0.3683,,NO STICKER,
RVT,16.98,,,,-0.1119,,NO STICKER,
SSMR,14.89,,,,-0.2407,,NO STICKER,
EVT,28.12,,,,-0.0516,,NO STICKER,
SECZ,13.82,,,,-0.1875,,NO STICKER,
CDLR,21.8,,,,-0.2736,,NO STICKER,
BSTZ,30.1,,,,-0.0561,,NO STICKER,
VERX,12.95,,,,-0.5121,0.4286,NO STICKER,C
CLM,6.59,,,,-0.2274,,NO STICKER,
ETOR,25.9,,,,-0.4142,,NO STICKER,
ALVO,5.78,,,,-0.361,,NO STICKER,
KRP,15.24,,,,-0.0354,0.5,NO STICKER,
GOF,8.83,,,,-0.4117,,NO STICKER,
AADX,11.45,,,,-0.5276,,NO STICKER,
LKFT,29.73,,,,-0.1796,,NO STICKER,
NMZ,9.09,,,,-0.156,,NO STICKER,
IQMX,10.23,,,,-0.3225,,NO STICKER,
ADRX,17.78,,,,-0.234,,NO STICKER,
CEPU,12.64,,,,-0.3169,,NO STICKER,
KARO,61.08,,,,-0.1122,,NO STICKER,
BOBS,14.18,,,,-0.3963,,NO STICKER,
PAX,11.67,,,,-0.3444,,NO STICKER,
TY,34.78,,,,-0.0484,,NO STICKER,
XPRO,16.17,,,,-0.1591,,NO STICKER,
LIME,28.58,,,,-0.356,,NO STICKER,
ALMR,25.27,,,,-0.362,,NO STICKER,
VET,11.87,,,,-0.1991,,NO STICKER,
GENB,14.34,,,,-0.3674,,NO STICKER,
MFP,40.97,,,,-0.7952,,NO STICKER,
MESO,14.29,,,,-0.3353,,NO STICKER,
GAB,5.21,,,,-0.1739,,NO STICKER,
ETG,23.16,,,,-0.0627,,NO STICKER,
MHD,10.21,,,,-0.1548,,NO STICKER,
ETV,15.17,,,,-0.0207,,NO STICKER,
PDO,12.1,,,,-0.1491,,NO STICKER,
ATS,17.65,,,,-0.5073,,NO STICKER,
AGBK,6.76,,,,-0.4464,,NO STICKER,
NYAX,45.595,,,,-0.4068,,NO STICKER,
NUV,8.33,,,,-0.1004,,NO STICKER,
BXDC,16.66,,,,-0.2725,,NO STICKER,
STEW,17.58,,,,-0.0772,,NO STICKER,
BRVE,20.02,,,,-0.3744,,NO STICKER,
BDJ,9.59,,,,-0.0362,,NO STICKER,
SID,1.28,,,,-0.4182,,NO STICKER,
NEXA,13.2,,,,-0.2185,,NO STICKER,
PBT,34.86,,,,-0.0578,,NO STICKER,
IMKTA,85.66,,,,-0.1042,0.1111,NO STICKER,C
PICS,13.6,,,,-0.3183,,NO STICKER,
GLOB,36.32,,,,-0.4963,,NO STICKER,
NOMD,11.08,,,,-0.1529,,NO STICKER,
FOIL,20.54,,,,-0.279,,NO STICKER,
GAM,64.71,,,,-0.0563,,NO STICKER,
HYT,7.93,,,,-0.1696,,NO STICKER,
AGRO,10.24,,,,-0.3556,,NO STICKER,
PSQL,6.85,,,,-0.7226,,NO STICKER,
QQQX,31.1,,,,-0.0242,,NO STICKER,
GFR,6.35,,,,-0.1131,,NO STICKER,
OPRA,17.58,,,,-0.154,,NO STICKER,
WRD,4.81,,,,-0.6035,,NO STICKER,
RQI,11.23,,,,-0.1724,,NO STICKER,
MQY,9.98,,,,-0.1642,,NO STICKER,
DXYZ,30.74,,,,-0.5782,,NO STICKER,
LUXE,10.21,,,,-0.1028,,NO STICKER,
BCAT,13.72,,,,-0.1531,,NO STICKER,
COAG,31.62,,,,-0.4294,,NO STICKER,
LYNX,11.68,,,,-0.27,,NO STICKER,
ECAT,14.13,,,,-0.1514,,NO STICKER,
GHRS,21.11,,,,-0.3285,,NO STICKER,
BTT,21.79,,,,-0.0624,,NO STICKER,
AAPG,14.75,,,,-0.6067,,NO STICKER,
NFJ,14.59,,,,-0.0737,,NO STICKER,
HAWK,13.7,,,,-0.6166,,NO STICKER,
ELE,17.86,,,,-0.3375,,NO STICKER,
KARD,14.67,,,,-0.4567,,NO STICKER,
LSPD,10.64,,,,-0.2242,,NO STICKER,
AZUL,7.19,,,,-0.2686,,NO STICKER,
ADIG,16.8,,,,-0.4579,,NO STICKER,
KLRA,11.61,,,,-0.5887,,NO STICKER,
NBXG,16.03,,,,-0.0803,,NO STICKER,
AFYA,14.75,,,,-0.0873,,NO STICKER,
XNDU,3.9,,,,-0.9081,,NO STICKER,
VZLA,3.55,,,,-0.5063,,NO STICKER,
PFBC,102.58,,,,-0.0862,,NO STICKER,
MUC,9.82,,,,-0.1201,,NO STICKER,
SENEA,178.34,,,,-0.1508,0.3333,NO STICKER,
POET,6.97,,,,-0.6651,,NO STICKER,
TV,2.21,,,,-0.3668,,NO STICKER,
IRS,13.66,,,,-0.2863,,NO STICKER,
NBTX,23.68,,,,-0.5856,,NO STICKER,
AIIR,7.44,,,,-0.5137,,NO STICKER,
BH-A,1799.11,,,,-0.2841,0.1111,NO STICKER,C
LOMA,10.12,,,,-0.2333,,NO STICKER,
TRAX,31.85,,,,-0.3619,,NO STICKER,
MYI,9.57,,,,-0.1649,,NO STICKER,
NEWP,6.58,,,,-0.1285,,NO STICKER,
EOS,21.58,,,,-0.1027,,NO STICKER,
SLSR,6.83,,,,-0.4051,,NO STICKER,
HEPS,2.74,,,,-0.1772,,NO STICKER,
DSL,9.91,,,,-0.1857,,NO STICKER,
IMTX,7.43,,,,-0.4013,,NO STICKER,
HBNB,4.42,,,,-0.5762,,NO STICKER,
AVLN,25.76,,,,-0.3587,,NO STICKER,
CNL,12.06,,,,-0.4511,,NO STICKER,
BTX,9.4,,,,-0.0095,,NO STICKER,
SBR,72.36,,,,-0.0939,,NO STICKER,
PDS,84.14,,,,-0.1894,,NO STICKER,
SGML,9.35,,,,-0.6181,,NO STICKER,
CPAC,12.27,,,,-0.0369,,NO STICKER,
AOD,10.15,,,,-0.0645,,NO STICKER,
CRF,6.22,,,,-0.2396,,NO STICKER,
CII,24.33,,,,-0.0703,,NO STICKER,
ANDG,56.82,,,,-0.0234,0.4,NO STICKER,
ETW,9.67,,,,-0.0281,,NO STICKER,
ASA,56.36,,,,-0.3226,,NO STICKER,
BMEZ,16.52,,,,-0.0423,,NO STICKER,
FSCO,5.02,,,,-0.2735,,NO STICKER,
YSS,7.11,,,,-0.8404,,NO STICKER,
VCX,26.81,,,,-0.9534,,NO STICKER,
CRML,6.86,,,,-0.7866,,NO STICKER,
ANL,15.62,,,,-0.0945,,NO STICKER,
TYG,39.52,,,,-0.2278,,NO STICKER,
AKTS,18.15,,,,-0.4691,,NO STICKER,
LTGO,16.0,,,,-0.383,,NO STICKER,
LMRI,10.54,,,,-0.4581,,NO STICKER,
STK,55.48,,,,-0.051,,NO STICKER,
BRUN,13.18,,,,-0.6862,,NO STICKER,
AVEX,14.63,,,,-0.6545,,NO STICKER,
IQ,1.02,,,,-0.5678,0.0,NO STICKER,C
HSLV,5.1,,,,-0.2683,,NO STICKER,
SPTX,18.15,,,,-0.3605,,NO STICKER,
CHY,12.22,,,,-0.1215,,NO STICKER,
ITG,7.57,,,,-0.607,,NO STICKER,
FPF,15.87,,,,-0.1803,,NO STICKER,
PTA,17.13,,,,-0.1611,,NO STICKER,
TBLA,3.45,1.6571,0.8286,26.5385,-0.3958,0.1111,ABOVE STICKER,C
CHI,11.98,,,,-0.1126,,NO STICKER,
PXED,26.01,,,,-0.3189,,NO STICKER,
VMET,8.77,,,,-0.4153,,NO STICKER,
BRAI,4.61,,,,-0.8603,,NO STICKER,
PDX,20.83,,,,-0.1022,,NO STICKER,
SIFY,12.85,,,,-0.2801,,NO STICKER,
FRBT,17.99,,,,-0.1823,,NO STICKER,
BCX,12.16,,,,-0.1227,,NO STICKER,
PSNY,5.26,,,,-0.8192,,NO STICKER,
ODD,21.11,,,11.7278,-0.594,0.6667,NO STICKER,C
BBN,14.43,,,,-0.1731,,NO STICKER,
AIO,25.43,,,,-0.1108,,NO STICKER,
FSSL,11.53,,,,-0.2313,,NO STICKER,
RNP,18.56,,,,-0.1517,,NO STICKER,
ODTX,19.0,,,,-0.346,,NO STICKER,
LAR,5.27,,,,-0.5627,,NO STICKER,
OIG,8.835,,,,-0.2674,,NO STICKER,
JMIA,6.28,,,,-0.5734,,NO STICKER,
OGG,2.83,,,,-0.4098,,NO STICKER,
SLBT,1.51,,,,-0.8959,,NO STICKER,
HQ,16.3,,,,-0.6378,,NO STICKER,
RMIX,11.1,,,,-0.5647,,NO STICKER,
BTGO,7.33,,,,-0.7008,,NO STICKER,
CRESY,11.42,,,,-0.1963,,NO STICKER,
AWF,9.6,,,,-0.1351,,NO STICKER,
PML,6.58,,,,-0.1785,,NO STICKER,
EOI,20.22,,,,-0.0413,,NO STICKER,
PCN,10.89,,,,-0.1915,,NO STICKER,
MYN,8.79,,,,-0.1433,,NO STICKER,
PEO,28.86,,,,-0.0299,,NO STICKER,
ASGI,19.24,,,,-0.2586,,NO STICKER,
NRK,9.31,,,,-0.1459,,NO STICKER,
REF,13.66,,,,-0.2086,,NO STICKER,
MTA,8.77,,,,-0.244,,NO STICKER,
LU,0.9803,,,,-0.7447,,NO STICKER,
IVA,3.16,,,,-0.6042,,NO STICKER,
SCZM,9.11,,,,-0.4837,,NO STICKER,
HTD,22.67,,,,-0.1397,,NO STICKER,
MAKO,9.36,,,,-0.1568,,NO STICKER,
HELP,11.8,,,,-0.2211,,NO STICKER,
PHK,4.16,,,,-0.168,,NO STICKER,
APC,16.15,,,,-0.2564,,NO STICKER,
APMD,18.52,,,,-0.4752,,NO STICKER,
IMC,7.2,,,,-0.3919,,NO STICKER,
GOOS,7.92,,,,-0.4575,,NO STICKER,
OBE,11.12,,,,-0.2378,,NO STICKER,
GPRK,11.54,,,,-0.1211,,NO STICKER,
ATTO,16.21,,,,-0.4211,,NO STICKER,
BTO,36.39,,,,-0.1336,,NO STICKER,
VINP,11.54,,,,-0.1521,,NO STICKER,
ADSE,9.66,,,,-0.2844,,NO STICKER,
THQ,17.86,,,,-0.1241,,NO STICKER,
BAK,1.82,,,,-0.6627,,NO STICKER,
VLRS,6.23,,,,-0.4231,,NO STICKER,
RMT,13.29,,,,-0.1008,,NO STICKER,
RVI,26.1,,,,-0.6627,,NO STICKER,
VBNK,22.04,,,,-0.1202,,NO STICKER,
FFC,14.78,,,,-0.128,,NO STICKER,
MEGI,13.75,,,,-0.1347,,NO STICKER,
HDL,11.8999,,,,-0.3527,,NO STICKER,
NIE,25.48,,,,-0.0646,,NO STICKER,
GROY,3.08,,,,-0.4354,,NO STICKER,
RZAI,10.15,,,,-0.7145,,NO STICKER,
DGICA,18.23,,,,-0.1344,0.1111,NO STICKER,C
BLDP,1.91,,,,-0.7093,,NO STICKER,
BUI,25.99,,,,-0.1562,,NO STICKER,
PHAR,9.79,,,,-0.5412,,NO STICKER,
OFRM,16.94,,,,-0.3726,,NO STICKER,
CCD,24.38,,,,-0.0967,,NO STICKER,
BOT,27.69,,,,-0.5307,,NO STICKER,
SUPV,7.13,,,,-0.4738,,NO STICKER,
FPH,4.48,,,,-0.3076,0.1111,NO STICKER,C
ELVR,33.61,,,,-0.6731,,NO STICKER,
VLGEA,44.03,,,,-0.0867,0.2222,NO STICKER,C
PROK,1.74,,,,-0.5,0.2,NO STICKER,
TBLD,20.46,,,,-0.1112,,NO STICKER,
YSWY,20.72,,,,-0.2875,,NO STICKER,
WCCB,60.95,,,,-0.0217,,NO STICKER,
BWMX,16.46,,,,-0.1683,,NO STICKER,
NAK,1.12,,,,-0.6242,,NO STICKER,
DLY,13.24,,,,-0.1191,,NO STICKER,
RA,11.54,,,,-0.1508,,NO STICKER,
BIT,11.27,,,,-0.1615,,NO STICKER,
ELMT,21.12,,,,-0.1562,,NO STICKER,
XTND,2.55,,,,-0.6434,,NO STICKER,
PFN,6.25,,,,-0.1798,,NO STICKER,
PAXS,13.32,,,,-0.1898,,NO STICKER,
SOPH,7.41,,,,-0.1748,,NO STICKER,
MUA,9.33,,,,-0.1714,,NO STICKER,
OIO,1.7,,,,-0.8583,,NO STICKER,
REAX,15.65,,,,-0.6522,,NO STICKER,
CRD-A,12.8,,,,-0.0791,0.1111,NO STICKER,C
CSHR,4.67,,,,-0.5523,,NO STICKER,
WDI,11.71,,,,-0.2151,,NO STICKER,
DCBO,25.47,,,,-0.1132,,NO STICKER,
BCSS,10.23,,,,-0.0239,,NO STICKER,
NFGC,1.57,,,,-0.5627,,NO STICKER,
ISOU,9.29,,,,-0.3159,,NO STICKER,
CEPF,10.27,,,,-0.0375,0.0,NO STICKER,
SWRD,2.62,,,,-0.5236,,NO STICKER,
EROC,11.95,,,,-0.4227,,NO STICKER,
NKX,10.47,,,,-0.2068,,NO STICKER,
TWN,103.25,,,,-0.0513,,NO STICKER,
NML,10.23,,,,-0.0683,,NO STICKER,
DSU,8.87,,,,-0.1496,,NO STICKER,
ETRA,9.04,,,,-0.4168,,NO STICKER,
YB,12.105,,,,-0.5039,,NO STICKER,
GMRS,10.38,,,,-0.3504,,NO STICKER,
IGR,11.3,,,,-0.2556,,NO STICKER,
NVRI,19.75,,,,-0.1839,,NO STICKER,
EVO,1.53,,,,-0.6417,,NO STICKER,
GAU,2.19,,,,-0.395,,NO STICKER,
CHWM,5.2,,,,-0.2655,,NO STICKER,
ETJ,8.24,,,,-0.0855,,NO STICKER,
ACP,4.36,,,,-0.2431,,NO STICKER,
IPX,16.48,,,,-0.7318,,NO STICKER,
METC,8.7,,,,-0.8495,0.2,NO STICKER,C
VALN,5.78,,,,-0.5255,,NO STICKER,
BLSM,17.48,,,,-0.3755,,NO STICKER,
OCS,8.34,,,,-0.7581,,NO STICKER,
GUT,5.9,,,,-0.1655,,NO STICKER,
NDMO,8.86,,,,-0.1811,,NO STICKER,
GORO,3.41,,,,-0.4802,,NO STICKER,
CDNL,21.12,,,,-0.7809,0.8,NO STICKER,
FAX,12.87,,,,-0.2138,,NO STICKER,
SPPP,13.12,,,,-0.449,,NO STICKER,
ITRG,2.63,,,,-0.46,,NO STICKER,
NEXN,8.95,,,,-0.208,,NO STICKER,
BGY,5.73,,,,-0.0803,,NO STICKER,
BMM,4.87,,,,-0.4357,,NO STICKER,
DRUG,54.05,,,,-0.5632,,NO STICKER,
IIM,10.85,,,,-0.1762,,NO STICKER,
NWAX,10.045,,,,-0.0332,,NO STICKER,
ETO,30.4,,,,-0.0603,,NO STICKER,
PBAM,85.25,,,,-0.0743,,NO STICKER,
IGD,6.31,,,,-0.0638,,NO STICKER,
PWRL,11.85,,,,-0.7037,,NO STICKER,
ENRD,3.36,,,,-0.9012,,NO STICKER,
NMCO,8.7,,,,-0.2091,,NO STICKER,
THW,12.28,,,,-0.1531,,NO STICKER,
MMU,9.21,,,,-0.1401,,NO STICKER,
MTLS,8.3,,,,-0.059,,NO STICKER,
BRTM,9.79,,,,-0.0449,,NO STICKER,
OWLS,5.36,,,,-0.9404,,NO STICKER,
VGM,8.93,,,,-0.1623,,NO STICKER,
GTEN,10.421,,,,-0.0518,0.0,NO STICKER,
CMCL,23.75,,,,-0.3871,,NO STICKER,
GCGR,10.13,,,,-0.0088,,NO STICKER,
APXT,10.155,,,,-0.0034,,NO STICKER,
FTHY,12.82,,,,-0.111,,NO STICKER,
DPG,13.01,,,,-0.1413,,NO STICKER,
WRN,2.1,,,,-0.507,,NO STICKER,
AUXX,4.85,,,,-0.4042,,NO STICKER,
BLW,11.85,,,,-0.1596,,NO STICKER,
BWAY,11.77,,,,-0.3236,,NO STICKER,
GUG,13.98,,,,-0.1507,,NO STICKER,
NMAI,13.85,,,,-0.0803,,NO STICKER,
ETB,15.62,,,,-0.0126,,NO STICKER,
AGMB,9.08,,,,-0.4905,,NO STICKER,
GHXI,9.99,,,,-0.0818,,NO STICKER,
KMDA,8.08,,,,-0.1358,,NO STICKER,
DDL,2.15,,,,-0.3695,0.4,NO STICKER,
EIM,8.84,,,,-0.1213,,NO STICKER,
BGR,17.71,,,,-0.0117,,NO STICKER,
FFA,22.61,,,,-0.0508,,NO STICKER,
KBON,10.12,,,,-0.003,,NO STICKER,
GHY,10.91,,,,-0.1582,,NO STICKER,
IFN,10.4,,,,-0.3277,,NO STICKER,
MBVI,10.26,,,,-0.0229,,NO STICKER,
VVR,2.86,,,,-0.1538,,NO STICKER,
ASTL,4.3,,,,-0.2712,,NO STICKER,
DBCA,10.03,,,,-0.0069,,NO STICKER,
KRAQ,10.03,,,,-0.0393,,NO STICKER,
VCV,8.93,,,,-0.2153,,NO STICKER,
HVT,27.26,,,,-0.0862,0.2222,NO STICKER,C
PRE,21.84,,,,-0.1982,,NO STICKER,
CDRO,9.525,,,,-0.0716,,NO STICKER,
NPFD,17.76,,,,-0.1164,,NO STICKER,
KIO,10.14,,,,-0.1689,,NO STICKER,
BTQ,2.68,,,,-0.8065,,NO STICKER,
ECC,3.09,,,,-0.5415,,NO STICKER,
NXG,56.61,,,,-0.1394,,NO STICKER,
EIKN,7.47,,,,-0.5707,,NO STICKER,
SUJA,10.86,,,,-0.4123,,NO STICKER,
SLI,1.58,,,,-0.7531,,NO STICKER,
FINS,11.96,,,,-0.1108,,NO STICKER,
FCBM,12.74,,,,-0.0493,,NO STICKER,
CINT,3.09,,,,-0.4672,,NO STICKER,
BRBI,15.34,,,,-0.0765,,NO STICKER,
ADUR,11.11,,,,-0.3892,,NO STICKER,
ISD,11.7,,,,-0.2089,,NO STICKER,
DFP,18.9,,,,-0.1429,,NO STICKER,
MCI,18.67,,,,-0.1316,,NO STICKER,
JRI,10.62,,,,-0.2453,,NO STICKER,
AUNA,5.12,,,,-0.2364,,NO STICKER,
ALOV,10.02,,,,-0.002,,NO STICKER,
AEF,9.36,,,,-0.0769,,NO STICKER,
HPS,11.79,,,,-0.2413,,NO STICKER,
SDHY,15.35,,,,-0.0955,,NO STICKER,
GIW,10.2,,,,-0.001,,NO STICKER,
HPI,13.8,,,,-0.2092,,NO STICKER,
TRX,1.17,,,,-0.5821,,NO STICKER,
GIX,10.0,,,,-0.004,,NO STICKER,
EVN,9.37,,,,-0.1679,,NO STICKER,
HFRO,6.56,,,,-0.1525,,NO STICKER,
KNOP,10.29,,,,-0.1265,0.3333,NO STICKER,C
SCTX,21.17,,,,-0.4654,,NO STICKER,
HCIC,10.0399,,,,-0.0,,NO STICKER,
VOXR,5.12,,,,-0.2358,,NO STICKER,
ARCI,10.05,,,,-0.0147,,NO STICKER,
EAD,6.04,,,,-0.1334,,NO STICKER,
BDCI,10.135,,,,-0.0122,0.0,NO STICKER,
SBXE,10.1496,,,,-0.0088,,NO STICKER,
NMG,1.05,,,,-0.8267,,NO STICKER,
JONE,9.81,,,,-0.019,,NO STICKER,
FOF,12.5,,,,-0.1689,,NO STICKER,
HTT,2.27,,,,-0.5505,0.0,NO STICKER,C
GBAB,12.54,,,,-0.2063,,NO STICKER,
PFL,6.94,,,,-0.1958,,NO STICKER,
CGCF,9.81,,,,-0.019,,NO STICKER,
LEO,5.55,,,,-0.1527,,NO STICKER,
QNC,1.58,,,,-0.6441,,NO STICKER,
SVIA,3.75,,,,-0.6452,,NO STICKER,
SCD,14.88,,,,-0.0803,,NO STICKER,
OTLY,10.59,,,,-0.3552,,NO STICKER,
VKI,7.78,,,,-0.1896,,NO STICKER,
SPXX,18.94,,,,-0.0232,,NO STICKER,
ZKH,2.03,,,,-0.4795,,NO STICKER,
EMF,22.35,,,,-0.0951,,NO STICKER,
PACH,10.38,,,,-0.0019,0.0,NO STICKER,
CEPV,10.225,,,,-0.0262,0.0,NO STICKER,
MIY,11.46,,,,-0.1116,,NO STICKER,
JGH,11.58,,,,-0.1332,,NO STICKER,
ALDF,10.8201,,,,-0.0009,0.0,NO STICKER,
GRRR,11.13,,,,-0.5262,,NO STICKER,
ASG,5.08,,,,-0.1072,,NO STICKER,
NAN,9.65,,,,-0.1822,,NO STICKER,
CAES,10.02,,,,-0.0147,,NO STICKER,
TVA,10.58,,,,-0.1079,0.0,NO STICKER,
NOA,11.8,,,,-0.3163,,NO STICKER,
ARQQ,17.23,,,,-0.718,,NO STICKER,
RIV,10.25,,,,-0.1564,,NO STICKER,
KTF,8.07,,,,-0.1387,,NO STICKER,
HIX,3.5,,,,-0.1954,,NO STICKER,
LEGO,10.0,,,,-0.0079,,NO STICKER,
VHCP,10.07,,,,-0.003,,NO STICKER,
AWP,10.14,,,,-0.2022,,NO STICKER,
BKT,9.55,,,,-0.1578,,NO STICKER,
BGT,10.38,,,,-0.1499,,NO STICKER,
ZTR,6.19,,,,-0.1294,,NO STICKER,
USDE,12.3,,,,-0.3208,,NO STICKER,
SNDL,1.22,,,,-0.5304,,NO STICKER,
EFR,10.31,,,,-0.1027,,NO STICKER,
BRW,5.9,,,,-0.2227,,NO STICKER,
HVMC,10.29,,,,0.0,,NO STICKER,
TRVG,4.19,,,,-0.3838,,NO STICKER,
FTW,9.83,,,,-0.4285,,NO STICKER,
ELLO,21.8,,,,-0.2815,,NO STICKER,
GMTL,7.59,,,,-0.6583,,NO STICKER,
TBCV,9.8,,,,-0.1171,,NO STICKER,
MTNE,9.93,,,,-0.0119,,NO STICKER,
LZM,3.4,,,,-0.4688,,NO STICKER,
KPET,10.02,,,,-0.0128,,NO STICKER,
ELVA,5.75,,,,-0.5501,,NO STICKER,
XFLT,18.94,,,,-0.2715,,NO STICKER,
TEI,6.19,,,,-0.1157,,NO STICKER,
MXF,20.05,,,,-0.1283,,NO STICKER,
SHOT,9.855,,,,-0.0045,,NO STICKER,
CUB,10.9,,,,-0.029,0.0,NO STICKER,
HPF,13.43,,,,-0.2025,,NO STICKER,
FUND,9.75,,,,-0.1128,,NO STICKER,
MOBI,8.63,,,,-0.4356,,NO STICKER,
WLCO,9.82,,,,-0.1461,,NO STICKER,
CUVL,5.59,,,,-0.3733,,NO STICKER,
DSC,5.54,,,,-0.6612,,NO STICKER,
ACB,4.49,,,,-0.294,,NO STICKER,
CWH,4.53,,,,-0.7359,0.2222,NO STICKER,C
XSLL,10.0,,,,-0.001,,NO STICKER,
RFI,10.54,,,,-0.1268,,NO STICKER,
RFMZ,11.48,,,,-0.162,,NO STICKER,
NHIV,10.05,,,,-0.1261,,NO STICKER,
SRV,44.49,,,,-0.1368,,NO STICKER,
CEPO,10.78,,,,-0.0173,0.0,NO STICKER,
OIA,5.73,,,,-0.1047,,NO STICKER,
EOD,6.44,,,,-0.0445,,NO STICKER,
ARDC,11.45,,,,-0.1816,,NO STICKER,
DNMX,10.09,,,,0.0,,NO STICKER,
LDI,0.5628,,,,-0.8519,0.1429,NO STICKER,C
TSI,4.25,,,,-0.1466,,NO STICKER,
VOGX,17.56,,,,-0.5428,,NO STICKER,
NCZ,14.51,,,,-0.1027,,NO STICKER,
SHMD,3.82,,,,-0.6413,,NO STICKER,
KF,63.75,,,,-0.222,,NO STICKER,
GENC,18.05,13.3496,6.6748,16.8692,-0.106,0.1667,ABOVE STICKER,C
MIN,13.78,,,,-0.1398,,NO STICKER,
TRGS,9.97,,,,-0.0129,,NO STICKER,
ACIU,2.5,,,,-0.375,,NO STICKER,
AZ,5.77,,,,-0.3387,,NO STICKER,
NPCT,9.06,,,,-0.1767,,NO STICKER,
CNCK,1.35,,,,-0.855,,NO STICKER,
PHOS,15.04,,,,-0.2939,,NO STICKER,
ACV,24.87,,,,-0.1437,,NO STICKER,
IVAI,10.1,,,,-0.0213,,NO STICKER,
VLOS,10.79,,,,-0.0978,0.0,NO STICKER,
IPVV,9.85,,,,-0.0051,,NO STICKER,
DSM,5.18,,,,-0.1778,,NO STICKER,
RMM,12.87,,,,-0.142,,NO STICKER,
VCRE,9.0,,,,-0.4944,,NO STICKER,
CPZ,12.64,,,,-0.2147,,NO STICKER,
DYNC,10.9,,,,-0.0077,0.0,NO STICKER,
PMM,5.83,,,,-0.1167,,NO STICKER,
ERC,8.58,,,,-0.11,,NO STICKER,
RCS,5.04,,,,-0.3522,,NO STICKER,
IONR,2.92,,,,-0.6439,,NO STICKER,
MAGH,6.76,,,,-0.0259,,NO STICKER,
TDF,9.7,,,,-0.2049,,NO STICKER,
TWLV,10.07,,,,-0.0299,0.0,NO STICKER,
DYOR,10.16,,,,-0.0296,,NO STICKER,
NUW,13.12,,,,-0.1075,,NO STICKER,
KGEI,6.45,,,,-0.0706,,NO STICKER,
CAF,17.2,,,,-0.1966,,NO STICKER,
BIII,10.07,,,,-0.0166,,NO STICKER,
SBMT,7.8,,,,-0.3054,,NO STICKER,
MMT,4.2,,,,-0.1286,,NO STICKER,
LTGR,9.96,,,,-0.003,,NO STICKER,
TVIV,9.95,,,,-0.002,,NO STICKER,
RLTY,13.83,,,,-0.1572,,NO STICKER,
PONO,10.04,,,,-0.005,,NO STICKER,
HITI,2.61,,,,-0.275,,NO STICKER,
HMH,19.07,,,,-0.2216,,NO STICKER,
DHY,16.24,,,,-0.234,,NO STICKER,
AEHL,9.87,,,,-0.9764,,NO STICKER,
LGI,17.1,,,,-0.1398,,NO STICKER,
PRQR,1.63,,,,-0.4742,,NO STICKER,
IFRX,1.6,,,,-0.4574,,NO STICKER,
MAMK,13.0,,,,-0.0909,0.6,NO STICKER,
PSF,18.19,,,,-0.1363,,NO STICKER,
AESP,9.99,,,,-0.001,,NO STICKER,
AIBZ,3.49,,,,-0.6595,,NO STICKER,
IDAC,10.0,,,,-0.005,,NO STICKER,
EIC,8.98,,,,-0.3082,,NO STICKER,
TII,2.21,,,,-0.6088,,NO STICKER,
SABA,7.72,,,,-0.146,,NO STICKER,
MFM,4.96,,,,-0.1252,,NO STICKER,
GDEV,11.41,,,,-0.631,,NO STICKER,
BEBE,10.05,,,,0.0,,NO STICKER,
ETSS,9.95,,,,-0.005,,NO STICKER,
GGT,4.01,,,,-0.0824,,NO STICKER,
TMCR,2.97,,,,-0.8611,,NO STICKER,
RVII,21.87,,,,-0.1335,,NO STICKER,
IIF,20.99,,,,-0.2501,,NO STICKER,
PERF,1.92,,,,-0.107,,NO STICKER,
FJDI,9.87,,,,-0.003,,NO STICKER,
REA,10.04,,,,-0.6656,,NO STICKER,
NGEN,1.73,,,,-0.7254,,NO STICKER,
GLDG,0.894,,,,-0.6062,,NO STICKER,
ETX,17.48,,,,-0.126,,NO STICKER,
GOW,3.83,,,,-0.7058,,NO STICKER,
BANX,19.64,,,,-0.1271,,NO STICKER,
QMLS,5.25,,,,-0.8618,,NO STICKER,
DEFT,0.466,,,,-0.7929,,NO STICKER,
EXOD,6.21,,,,-0.7894,0.4,NO STICKER,
MSC,0.9952,,,,-0.7878,0.2857,NO STICKER,C
NPV,9.5,,,,-0.1956,,NO STICKER,
IDE,12.28,,,,-0.1413,,NO STICKER,
OMSE,4.42,,,,-0.3775,,NO STICKER,
ARCL,10.02,,,,-0.001,,NO STICKER,
DPRO,4.4,,,,-0.6892,,NO STICKER,
CHEC,10.27,,,,-0.0275,0.0,NO STICKER,
WIA,7.6,,,,-0.1101,,NO STICKER,
ONEN,1.71,,,,-0.8581,0.0,NO STICKER,
MPV,16.94,,,,-0.1769,,NO STICKER,
NEN,50.0,,,,-0.3056,0.1667,NO STICKER,C
LAWR,3.75,,,,-0.0132,,NO STICKER,
OPP,6.92,,,,-0.1811,,NO STICKER,
DMB,9.32,,,,-0.1738,,NO STICKER,
SPMC,7.84,,,,-0.5575,,NO STICKER,
MINE,2.58,,,,-0.4713,,NO STICKER,
GF,10.31,,,,-0.1745,,NO STICKER,
IPHA,1.62,,,,-0.4022,,NO STICKER,
ECF,12.11,,,,-0.1256,,NO STICKER,
NSTR,3.28,,,,-0.4487,,NO STICKER,
SAGU,10.01,,,,-0.006,,NO STICKER,
MDWD,12.54,,,,-0.3739,,NO STICKER,
SANG,4.85,,,,-0.1052,,NO STICKER,
EHI,5.5,,,,-0.1603,,NO STICKER,
VBF,14.2,,,,-0.1047,,NO STICKER,
PLG,1.29,,,,-0.6807,,NO STICKER,
FLC,15.58,,,,-0.1388,,NO STICKER,
WENC,10.015,,,,-0.0035,,NO STICKER,
ONEW,9.35,,,,-0.4611,0.5714,NO STICKER,C
NRO,2.58,,,,-0.2012,,NO STICKER,
VRXA,1.26,,,,-0.9539,,NO STICKER,
DHF,2.19,,,,-0.1544,,NO STICKER,
CRDL,1.23,,,,-0.4744,,NO STICKER,
BNR,15.49,,,,-0.6287,0.0,NO STICKER,C
MSLE,7.49,,,,-0.4408,,NO STICKER,
TONT,10.93,,,,-0.085,0.0,NO STICKER,
EDF,4.88,,,,-0.1393,,NO STICKER,
HGLB,6.38,,,,-0.4004,,NO STICKER,
APUR,10.04,,,,-0.0059,,NO STICKER,
NCO,9.93,,,,-0.003,,NO STICKER,
MOLN,3.85,,,,-0.2817,,NO STICKER,
PNI,6.055,,,,-0.159,,NO STICKER,
PIM,3.0,,,,-0.1228,,NO STICKER,
TLSA,1.19,,,,-0.4591,,NO STICKER,
GNT,8.57,,,,-0.0864,,NO STICKER,
RNA,8.4,,,,-0.4991,,NO STICKER,
SPE,12.57,,,,-0.1937,,NO STICKER,
SCPQ,10.07,,,,-0.003,,NO STICKER,
DMRC,6.25,,,,-0.6422,,NO STICKER,
GRX,9.63,,,,-0.0559,,NO STICKER,
NYXH,1.36,,,,-0.7939,,NO STICKER,
VTN,9.46,,,,-0.2182,,NO STICKER,
MHF,6.24,,,,-0.1487,,NO STICKER,
OGI,0.9593,,,,-0.5717,,NO STICKER,
PFD,10.58,,,,-0.1256,,NO STICKER,
MSD,6.77,,,,-0.1474,,NO STICKER,
BGX,10.55,,,,-0.1194,,NO STICKER,
BMN,22.01,,,,-0.2128,,NO STICKER,
LANV,0.94,,,,-0.5931,,NO STICKER,
HEQ,11.3,,,,-0.0583,,NO STICKER,
GRO,2.14,,,,-0.4637,,NO STICKER,
BCV,23.21,,,,-0.1508,,NO STICKER,
CLLS,1.26,,,,-0.7701,,NO STICKER,
MPA,9.72,,,,-0.1811,,NO STICKER,
HYI,9.75,,,,-0.1573,,NO STICKER,
CGO,12.54,,,,-0.1169,,NO STICKER,
VTVT,31.18,,,,-0.2914,0.0,NO STICKER,C
PLCI,9.92,,,,-0.0498,,NO STICKER,
IAF,12.53,,,,-0.1382,,NO STICKER,
SAIQ,4.68,,,,-0.6386,,NO STICKER,
HCHL,3.96,,,,-0.208,0.0,NO STICKER,
JHS,10.165,,,,-0.1585,,NO STICKER,
ZENA,1.11,,,,-0.8439,,NO STICKER,
TP,9.1999,,,,-0.2422,,NO STICKER,
GGZ,15.25,,,,-0.1071,,NO STICKER,
GLND,2.51,,,,-0.8909,,NO STICKER,
RMMZ,13.28,,,,-0.1315,,NO STICKER,
MCN,5.36,,,,-0.141,,NO STICKER,
PBHC,16.96,,,,-0.0732,0.0,NO STICKER,C
NIM,8.78,,,,-0.1167,,NO STICKER,
PAI,11.3,,,,-0.1274,,NO STICKER,
DMO,9.38,,,,-0.2235,,NO STICKER,
NICM,5.62,,,,-0.4698,,NO STICKER,
GLU,17.52,,,,-0.1923,,NO STICKER,
BMHL,3.55,,,,-0.4409,,NO STICKER,
RACD,11.39,,,,-0.165,,NO STICKER,
VIVO,3.1,,,,-0.5481,,NO STICKER,
DAVA,2.01,,,,-0.7966,,NO STICKER,
KZIA,8.93,,,,-0.4868,,NO STICKER,
FURY,0.5539,,,,-0.457,,NO STICKER,
SBI,7.12,,,,-0.1111,,NO STICKER,
GHG,0.98,,,,-0.5331,0.0,NO STICKER,C
PARK,20.25,,,,-0.2441,,NO STICKER,
PGP,8.25,,,,-0.1233,,NO STICKER,
PCF,5.04,,,,-0.2063,,NO STICKER,
CBAT,1.05,,,,-0.3226,,NO STICKER,
RACC,10.18,,,,-0.6961,,NO STICKER,
LPA,2.86,,,,-0.3589,,NO STICKER,
IAE,7.13,,,,-0.2309,,NO STICKER,
CNXU,3.89,,,,-0.793,,NO STICKER,
RGT,14.28,,,,-0.0956,,NO STICKER,
IGI,15.33,,,,-0.0945,,NO STICKER,
EVTL,0.5222,,,,-0.9287,,NO STICKER,
CIGL,0.329,,,,-0.5554,,NO STICKER,
GDL,8.41,,,,-0.03,,NO STICKER,
JLS,16.46,,,,-0.1328,,NO STICKER,
EVF,4.83,,,,-0.125,,NO STICKER,
MCAH,10.05,,,,-0.0897,,NO STICKER,
RMI,13.71,,,,-0.162,,NO STICKER,
MGF,13.65,,,,-0.1278,,NO STICKER,
APAC,10.2701,,,,0.0,1.0,NO STICKER,
GCV,4.11,,,,-0.1437,,NO STICKER,
TRBG,3.52,,,,-0.1639,,NO STICKER,
DTF,11.32,,,,-0.025,,NO STICKER,
HDRN,1.07,,,,-0.9144,,NO STICKER,
RFM,13.02,,,,-0.1337,,NO STICKER,
FMN,10.02,,,,-0.148,,NO STICKER,
NRT,8.49,,,,-0.1907,,NO STICKER,
SRL,5.1,,,,-0.5091,,NO STICKER,
GLBS,3.35,,,,-0.1749,,NO STICKER,
SCAT,9.87,,,,-0.008,,NO STICKER,
INCR,5.17,,,,-0.3786,,NO STICKER,
VGI,6.7,,,,-0.1667,,NO STICKER,
SWZ,5.78,,,,-0.084,,NO STICKER,
AZI,1.14,,,,-0.9896,0.0,NO STICKER,
OKYO,1.42,,,,-0.5563,,NO STICKER,
CEV,10.44,,,,-0.0369,,NO STICKER,
GLV,5.806,,,,-0.1269,,NO STICKER,
CRT,11.94,,,,-0.092,,NO STICKER,
EEA,10.231,,,,-0.1049,,NO STICKER,
HYFT,1.495,,,,-0.5,,NO STICKER,
NWGL,1.17,,,,-0.4091,,NO STICKER,
DMA,7.48,,,,-0.1825,,NO STICKER,
WBX,2.77,,,,-0.6355,,NO STICKER,
AEC,3.29,,,,-0.7366,,NO STICKER,
MB,3.66,,,,-0.8147,,NO STICKER,
SWVL,3.92,,,,-0.5375,,NO STICKER,
APLM,21.5,,,,-0.4896,,NO STICKER,
PCLA,6.615,,,,-0.6627,,NO STICKER,
NMS,9.84,,,,-0.2128,,NO STICKER,
PCM,5.029,,,,-0.255,,NO STICKER,
STKE,1.53,,,,-0.6286,,NO STICKER,
MCHX,1.28,,,,-0.3695,0.0,NO STICKER,C
DGNX,1.27,,,,-0.9943,,NO STICKER,
NAMM,1.14,,,,-0.8464,,NO STICKER,
NEXM,1.7,,,,-0.7445,,NO STICKER,
DXR,10.41,,,,-0.2947,,NO STICKER,
NVX,2.498,,,,-0.9317,,NO STICKER,
OCCI,2.08,,,,-0.6218,,NO STICKER,
SGLD,3.56,,,,-0.7484,,NO STICKER,
PVL,1.79,,,,-0.1095,,NO STICKER,
ALPS,0.37,,,,-0.8724,,NO STICKER,
PGZ,8.9,,,,-0.1588,,NO STICKER,
WSHP,4.83,,,,-0.9807,,NO STICKER,
YTRA,0.915,,,,-0.5355,,NO STICKER,
GGR,3.15,,,,-0.4199,,NO STICKER,
ATHE,3.115,,,,-0.4711,,NO STICKER,
PDCC,7.95,,,,-0.5254,,NO STICKER,
MXE,12.585,,,,-0.1199,,NO STICKER,
MDXH,0.5897,,,,-0.8894,,NO STICKER,
WATR,1.805,,,,-0.843,,NO STICKER,
WQEY,8.61,,,,-0.5647,,NO STICKER,
ELBM,0.4911,,,,-0.9436,,NO STICKER,
JMM,5.475,,,,-0.1418,,NO STICKER,
LGO,0.4713,,,,-0.8254,,NO STICKER,
GRSD,1.47,,,,-0.8151,,NO STICKER,
TGE,1.08,,,,-0.6636,,NO STICKER,
MOB,3.96,,,,-0.6349,,NO STICKER,
PFAI,3.05,,,,-0.5655,0.4,NO STICKER,
RSF,14.29,,,,-0.0518,,NO STICKER,
VGAS,1.06,,,,-0.6848,0.0,NO STICKER,
CCIF,2.35,,,,-0.5719,,NO STICKER,
AVAT,1.28,,,,-0.8799,,NO STICKER,
AMTD,0.511,,,,-0.6903,0.8,NO STICKER,
FMY,11.06,,,,-0.1052,,NO STICKER,
SNSC,1.035,,,,-0.7648,,NO STICKER,
SFWL,8.44,,,,-0.5232,0.4286,NO STICKER,C
CRGO,0.8403,,,,-0.8018,,NO STICKER,
SQNS,2.71,,,,-0.6979,,NO STICKER,
RPGL,40.0,,,,-0.9994,,NO STICKER,
FNUC,1.07,,,,-0.856,,NO STICKER,
GRF,9.66,,,,-0.1848,,NO STICKER,
JG,7.1,,,,-0.1725,0.2857,NO STICKER,C
WAVE,5.86,,,,-0.4609,,NO STICKER,
THCH,1.0,,,,-0.6923,,NO STICKER,
TREO,2.45,,,,-0.7337,,NO STICKER,
SLMT,3.065,,,,-0.9832,,NO STICKER,
GNTA,0.7852,,,,-0.9215,,NO STICKER,
BRAG,1.16,,,,-0.6107,,NO STICKER,
BRIA,1.36,,,,-0.4087,,NO STICKER,
ANGH,3.77,,,,-0.5222,,NO STICKER,
CNF,1.95,,,,-0.6995,,NO STICKER,
ARBK,2.1,,,,-0.985,,NO STICKER,
HERZ,14.96,,,,-0.4714,,NO STICKER,
MNY,0.66,,,,-0.5875,,NO STICKER,
IMMP,3.63,,,,-0.9486,,NO STICKER,
GNS,0.149,,,,-0.8594,,NO STICKER,
EVAX,3.07,,,,-0.7473,,NO STICKER,
ZEO,0.264,,,,-0.8718,0.0,NO STICKER,
BLIV,2.46,,,,-0.4312,,NO STICKER,
ORIO,1.005,,,,-0.4683,,NO STICKER,
OPTH,4.02,,,,-0.3719,,NO STICKER,
COOT,0.444,,,,-0.9013,,NO STICKER,
PRT,1.77,,,,-0.5586,,NO STICKER,
MRNO,0.232,,,,-0.9203,,NO STICKER,
SNAL,2.27,,,,-0.7898,0.0,NO STICKER,
BIOX,0.3283,,,,-0.8501,,NO STICKER,
QNTM,2.94,,,,-0.8203,,NO STICKER,
VIDA,1.47,,,,-0.7633,,NO STICKER,
MCRP,0.4592,,,,-0.9005,,NO STICKER,
TRSG,1.149,,,,-0.3434,0.6,NO STICKER,
CFND,2.65,,,,-0.6882,,NO STICKER,
GMM,1.705,,,,-0.9831,0.8,NO STICKER,
FENG,1.4,,,,-0.4355,0.0,NO STICKER,C
LGPS,0.734,,,,-0.5413,,NO STICKER,
RADX,1.13,,,,-0.9305,,NO STICKER,
EPSM,1.135,,,,-0.9701,0.4,NO STICKER,
BENF,1.05,,,,-0.9159,0.0,NO STICKER,C
LRE,1.13,,,,-0.4021,,NO STICKER,
HTOO,1.91,,,,-0.6327,,NO STICKER,
PBK,0.2273,,,,-0.9033,,NO STICKER,
AUST,0.98,,,,-0.75,,NO STICKER,
CCG,4.61,,,,-0.7461,,NO STICKER,
PLSM,1.85,,,,-0.8574,,NO STICKER,
UFG,0.396,,,,-0.7462,0.6,NO STICKER,
SAGT,0.5075,,,,-0.8503,,NO STICKER,
TURB,0.979,,,,-0.8494,,NO STICKER,
FRTT,0.7605,,,,-0.8141,,NO STICKER,
ALAR,1.58,,,,-0.9046,,NO STICKER,
GDTC,0.89,,,,-0.7582,,NO STICKER,
BLRX,2.216,,,,-0.4647,,NO STICKER,
BIOT,0.379,,,,-0.9924,,NO STICKER,
FMST,0.615,,,,-0.8654,,NO STICKER,
DDC,0.2043,,,,-0.9789,0.0,NO STICKER,
DETX,1.8,,,,-0.7429,,NO STICKER,
NUR,0.7702,,,,-0.9002,,NO STICKER,
MMA,0.342,,,,-0.7988,,NO STICKER,
IMRN,1.08,,,,-0.5481,,NO STICKER,
GIXI,3.89,,,,-0.749,,NO STICKER,
RAIN,0.67,,,,-0.9214,0.0,NO STICKER,
MARPS,4.19,,,,-0.3544,,NO STICKER,
YFOR,1.0,,,,-0.9986,,NO STICKER,
ARBB,4.37,,,,-0.5904,,NO STICKER,
THH,1.37,,,,-0.9975,,NO STICKER,
NVNI,0.5313,,,,-0.8924,,NO STICKER,
TDIC,1.69,,,,-0.9977,,NO STICKER,
FFAI,1.1,,,,-0.9953,0.0,NO STICKER,
EVGN,0.3822,,,,-0.7435,,NO STICKER,
GELS,0.5212,,,,-0.7407,,NO STICKER,
SYNX,0.8523,,,,-0.5629,,NO STICKER,
ADXN,3.219,,,,-0.7311,,NO STICKER,
DFSC,0.905,,,,-0.8492,,NO STICKER,
YMAT,1.29,,,,-0.9008,,NO STICKER,
BMGL,3.75,,,,-0.8273,,NO STICKER,
CHNR,3.99,,,,-0.5134,,NO STICKER,
TRIB,6.855,,,,-0.8694,,NO STICKER,
XTLB,1.98,,,,-0.6827,,NO STICKER,
RDHL,0.539,,,,-0.7481,,NO STICKER,
HKPD,0.112,,,,-0.9348,,NO STICKER,
NCNA,1.1,,,,-0.8214,,NO STICKER,
AKAN,1.76,,,,-0.9777,,NO STICKER,
MRM,0.553,,,,-0.806,,NO STICKER,
SMX,3.79,,,,-0.9993,,NO STICKER,
AMSS,0.3402,,,,-0.98,,NO STICKER,
AGRZ,4.42,,,,-0.9693,,NO STICKER,
VMAR,6.07,,,,-0.9991,,NO STICKER,
MTR,2.071,,,,-0.6448,,NO STICKER,
LCFY,1.74,,,,-0.7194,,NO STICKER,
GP,0.376,,,,-0.8888,,NO STICKER,
MLEC,2.2,,,,-0.9053,,NO STICKER,
CMND,6.58,,,,-0.9983,,NO STICKER,
XRTX,1.41,,,,-0.8,,NO STICKER,
TNMG,3.76,,,,-0.9595,,NO STICKER,
IMCC,1.58,,,,-0.9795,,NO STICKER,
PMAX,0.6898,,,,-0.9867,,NO STICKER,
SVRE,1.15,,,,-0.9423,,NO STICKER,
VRAX,1.87,,,,-0.914,,NO STICKER,
FMFC,0.135,,,,-0.9876,,NO STICKER,
ELPW,2.71,,,,-1.0,0.2,NO STICKER,
NXAT,0.6501,,,,-0.9935,,NO STICKER,
SSM,1.18,,,,-0.888,,NO STICKER,
HUBC,0.99,,,,-1.0,,NO STICKER,
IMTE,0.479,,,,-0.6425,,NO STICKER,
DXF,0.4998,,,,-0.8568,,NO STICKER,
LNKS,0.9523,,,,-0.9977,,NO STICKER,
GCDT,0.5,,,,-0.9858,,NO STICKER,
VCIG,0.51,,,,-0.9999,,NO STICKER,
BDRX,0.4602,,,,-0.9897,,NO STICKER,
FGL,4.68,,,,-0.9993,,NO STICKER,
LGHL,3.1,,,,-0.999,0.0,NO STICKER,C
EAI,18.58,,,,-0.1442,,NO STICKER,
CET,55.87,,,,-0.0265,,NO STICKER,
GPJA,18.68,,,,-0.2115,,NO STICKER,
IMO,123.01,,,,-0.1178,,NO STICKER,
EMP,18.51,,,,-0.1273,,NO STICKER,
NRUC,19.88,,,,-0.2006,0.1667,NO STICKER,C
ENJ,18.02,,,,-0.21,,NO STICKER,
ODC,85.98,,,,-0.1964,0.6667,NO STICKER,C
PHI,18.4,,,,-0.2493,,NO STICKER,
SOR,45.5,,,,-0.0974,,NO STICKER,
SJT,3.8,,,,-0.4198,,NO STICKER,
JHI,12.06,,,,-0.1543,,NO STICKER,
USA,5.92,,,,-0.0807,,NO STICKER,
HQH,19.93,,,,-0.198,,NO STICKER,
CIK,2.34,,,,-0.2014,,NO STICKER,
NNY,7.98,,,,-0.1074,,NO STICKER,
NCA,8.28,,,,-0.1551,,NO STICKER,
CHSCP,26.1,,,,-0.1135,0.0,NO STICKER,C
PPT,3.25,,,,-0.1216,,NO STICKER,
NMI,9.23,,,,-0.1817,,NO STICKER,
FT,7.16,,,,-0.1425,,NO STICKER,
WDS,22.57,,,,-0.104,,NO STICKER,
VLT,9.1,,,,-0.1975,,NO STICKER,
PDT,12.04,,,,-0.1179,,NO STICKER,
JOF,12.43,,,,-0.0327,,NO STICKER,
CEE,18.17,,,,-0.1733,,NO STICKER,
VKQ,8.65,,,,-0.1444,,NO STICKER,
PFO,8.56,,,,-0.1274,,NO STICKER,
NXP,13.12,,,,-0.1044,,NO STICKER,
HQL,18.15,,,,-0.1994,,NO STICKER,
VMO,8.66,,,,-0.1426,,NO STICKER,
SPY,778.57,,,,-0.0039,,NO STICKER,
IQI,8.89,,,,-0.1468,,NO STICKER,
CCU,10.91,,,,-0.2897,,NO STICKER,
NAZ,10.66,,,,-0.2057,,NO STICKER,
VPV,10.605,,,,-0.0778,,NO STICKER,
NMT,10.18,,,,-0.2569,,NO STICKER,
PMO,9.42,,,,-0.1334,,NO STICKER,
HIO,3.27,,,,-0.1594,,NO STICKER,
KOF,109.86,,,,-0.0617,,NO STICKER,
RCG,2.84,,,,-0.142,,NO STICKER,
TEO,12.37,,,,-0.243,,NO STICKER,
CYD,29.82,,,,-0.515,,NO STICKER,
MDY,669.87,,,,-0.0662,,NO STICKER,
ICL,5.02,,,,-0.2798,,NO STICKER,
DIA,516.11,,,,-0.056,,NO STICKER,
TSM,453.31,,,,-0.0701,,NO STICKER,
LTM,50.25,,,,-0.2864,,NO STICKER,
MUJ,11.26,,,,-0.112,,NO STICKER,
NAC,10.17,,,,-0.1698,,NO STICKER,
ASR,231.75,,,,-0.3926,,NO STICKER,
PCQ,7.78,,,,-0.1534,,NO STICKER,
JRS,7.29,,,,-0.1809,,NO STICKER,
BHK,8.21,,,,-0.1815,,NO STICKER,
AFB,9.46,,,,-0.1774,,NO STICKER,
WEA,9.8,,,,-0.1419,,NO STICKER,
BHV,11.57,,,,-0.2363,,NO STICKER,
NBH,8.89,,,,-0.1707,,NO STICKER,
SPCX,162.57,,,,-0.2795,,NO STICKER,
NCV,15.67,,,,-0.1122,,NO STICKER,
AVK,11.65,,,,-0.1227,,NO STICKER,
EVV,8.44,,,,-0.1734,,NO STICKER,
JQC,4.65,,,,-0.1143,,NO STICKER,
EMD,9.31,,,,-0.1761,,NO STICKER,
FTF,5.37,,,,-0.1596,,NO STICKER,
FRA,10.29,,,,-0.2054,,NO STICKER,
IPB,25.0,,,,-0.0832,,NO STICKER,
WIW,7.87,,,,-0.1275,,NO STICKER,
UTF,25.74,,,,-0.0843,,NO STICKER,
JFR,7.42,,,,-0.084,,NO STICKER,
ERH,10.6,,,,-0.1846,,NO STICKER,
KTN,25.68,,,,-0.045,,NO STICKER,
KTH,28.662,,,,-0.0446,,NO STICKER,
JBK,25.5,,,,-0.1207,,NO STICKER,
GJH,9.37,,,,-0.0621,,NO STICKER,
EVG,10.31,,,,-0.0908,,NO STICKER,
EFT,10.65,,,,-0.1043,,NO STICKER,
PYT,23.22,,,,-0.0686,,NO STICKER,
GGN,5.32,,,,-0.0952,,NO STICKER,
BME,43.94,,,,-0.0536,,NO STICKER,
GLQ,7.65,,,,-0.1257,,NO STICKER,
BOE,11.88,,,,-0.0556,,NO STICKER,
IGA,9.97,,,,-0.0743,,NO STICKER,
ETY,14.32,,,,-0.0994,,NO STICKER,
GJO,24.61,,,,-0.0269,,NO STICKER,
TX,58.18,,,,-0.0192,,NO STICKER,
GJP,24.22,,,,-0.0331,,NO STICKER,
ELC,18.37,,,,-0.1569,,NO STICKER,
GLO,5.48,,,,-0.1133,,NO STICKER,
GJR,24.5,,,,-0.0309,,NO STICKER,
GJS,23.14,,,,-0.0624,,NO STICKER,
GJT,23.25,,,,-0.0211,,NO STICKER,
AGD,11.26,,,,-0.1265,,NO STICKER,
BTZ,9.44,,,,-0.1556,,NO STICKER,
EXG,9.5,,,,-0.065,,NO STICKER,
JCE,17.17,,,,-0.016,,NO STICKER,
EDD,5.34,,,,-0.1359,,NO STICKER,
EDN,20.22,,,,-0.449,,NO STICKER,
CHW,8.07,,,,-0.1209,,NO STICKER,
BIPH,15.215,,,,-0.1388,,NO STICKER,
EOT,15.23,,,,-0.1539,,NO STICKER,
GDO,9.58,,,,-0.203,,NO STICKER,
NBB,14.28,,,,-0.1408,,NO STICKER,
BSL,12.985,,,,-0.0725,,NO STICKER,
NHS,5.44,,,,-0.2981,,NO STICKER,
IHD,7.48,,,,-0.0811,,NO STICKER,
LND,3.78,,,,-0.1506,,NO STICKER,
BWG,6.99,,,,-0.203,,NO STICKER,
VOC,3.42,,,,-0.1094,,NO STICKER,
EMO,51.19,,,,-0.0912,,NO STICKER,
MMD,13.93,,,,-0.1195,,NO STICKER,
BGH,13.05,,,,-0.1553,,NO STICKER,
DBL,13.39,,,,-0.152,,NO STICKER,
BPYPP,15.29,,,,-0.0861,,NO STICKER,
BGB,11.12,,,,-0.0741,,NO STICKER,
LDP,19.17,,,,-0.1306,,NO STICKER,
BPRE,13.08,,,,-0.2839,,NO STICKER,
BDRY,13.89,,,,-0.1688,1.0,NO STICKER,
KEN,59.84,,,,-0.3762,,NO STICKER,
BST,50.54,,,,-0.034,,NO STICKER,
GSM,4.235,,,,-0.2622,,NO STICKER,
GDLC,37.23,,,,-0.3407,,NO STICKER,
EIIA,25.2,,,,-0.0125,,NO STICKER,
CTWO,19.2,,,,-0.176,,NO STICKER,
PBM,4.97,,,,-0.966,,NO STICKER,
BBCI,6.91,,,,-0.5542,,NO STICKER,
MRX,71.92,,,,-0.0909,,NO STICKER,
PSUS,37.76,,,,-0.1418,,NO STICKER,
RTSN,10.53,,,,-0.0922,,NO STICKER,
VSOL,14.076,,,,-0.2722,,NO STICKER,
GAVA,24.665,,,,-0.1364,,NO STICKER,
XRPC,14.649,,,,-0.4552,,NO STICKER,
XRP,15.46,,,,-0.4249,,NO STICKER,
SOLC,21.973,,,,-0.2333,,NO STICKER,
BSOL,14.94,,,,-0.4383,,NO STICKER,
BWOW,13.8226,,,,-0.4618,,NO STICKER,
SOEZ,18.7897,,,,-0.2582,,NO STICKER,
XRPZ,15.03,,,,-0.4239,,NO STICKER,
SUIS,27.3225,,,,-0.2037,,NO STICKER,
VAVX,20.944,,,,-0.1622,,NO STICKER,
TSUI,21.13,,,,-0.205,,NO STICKER,
FSOL,12.8,,,,-0.2677,,NO STICKER,
TDOG,16.96,,,,-0.3372,,NO STICKER,
VBNB,28.615,,,,-0.0867,,NO STICKER,
NRR,24.34,,,,-0.1604,,NO STICKER,
AIB,1.39,,,,-0.7787,,NO STICKER,
CLNK,23.222,,,,-0.1727,,NO STICKER,
ADBT,0.124,,,,-0.9906,,NO STICKER,
BAVA,27.5836,,,,-0.1377,,NO STICKER,
BHYP,46.93,,,,-0.14,,NO STICKER,
TKNZ,31.58,,,,-0.0899,,NO STICKER,
BITA,61.663,,,,-0.0584,,NO STICKER,
THYP,48.14,,,,-0.1446,,NO STICKER,
AIOK,8.7,,,,-0.2055,,NO STICKER,
ETHB,31.84,,,,-0.1084,,NO STICKER,
MSOL,29.45,,,,-0.1361,,NO STICKER,
MSBT,23.58,,,,-0.0643,,NO STICKER,
MSSE,26.635,,,,-0.1053,,NO STICKER,
HYPG,29.42,,,,-0.143,,NO STICKER,
SCOP,12.05,,,,-0.1967,,NO STICKER,
SKHY,169.03,,,,-0.1543,,NO STICKER,
FTRA,9.87,,,,-0.011,,NO STICKER,
TRXB,14.0,,,,-0.0968,,NO STICKER,
TRP,60.05,,,,-0.1598,,NO STICKER,
BTA,25.645,,,,-0.0056,,NO STICKER,
WKEY,6.09,,,,-0.6924,0.1429,NO STICKER,C
TVE,23.08,,,,-0.0667,0.3333,NO STICKER,
CTGG,15.2,,,,-0.2083,0.0,NO STICKER,C
TCPA,20.1,,,,-0.1957,,NO STICKER,
DJP,52.31,,,,-0.0244,,NO STICKER,
GLDI,141.55,,,,-0.2291,,NO STICKER,
AMUB,21.9359,,,,-0.1025,,NO STICKER,
BTCK,27.6,,,,-0.1238,0.0,NO STICKER,
YSAG,60.7981,,,,-0.1341,,NO STICKER,
